32 2 2
l1i_u0-0 llc-0b0 1 0 0 0 0
l1i_u0-0 llc-0b1 1 0 0 0 0
l1i_u0-0 llc-0b2 1 0 0 0 0
l1i_u0-0 llc-0b3 1 0 0 0 0
l1i_u0-0 llc-0b4 1 0 0 0 0
l1i_u0-0 llc-0b5 1 0 0 0 0
l1i_u0-0 llc-0b6 1 0 0 0 0
l1i_u0-0 llc-0b7 1 0 0 0 0
l1i_u0-0 llc-0b8 1 0 0 0 0
l1i_u0-0 llc-0b9 1 0 0 0 0
l1i_u0-0 llc-0b10 1 0 0 0 0
l1i_u0-0 llc-0b11 1 0 0 0 0
l1i_u0-0 llc-0b12 1 0 0 0 0
l1i_u0-0 llc-0b13 1 0 0 0 0
l1i_u0-0 llc-0b14 1 0 0 0 0
l1i_u0-0 llc-0b15 1 0 0 0 0
l1i_u0-0 llc-0b16 1 0 0 0 0
l1i_u0-0 llc-0b17 1 0 0 0 0
l1i_u0-0 llc-0b18 1 0 0 0 0
l1i_u0-0 llc-0b19 1 0 0 0 0
l1i_u0-0 llc-0b20 1 0 0 0 0
l1i_u0-0 llc-0b21 1 0 0 0 0
l1i_u0-0 llc-0b22 1 0 0 0 0
l1i_u0-0 llc-0b23 1 0 0 0 0
l1i_u0-0 llc-0b24 1 0 0 0 0
l1i_u0-0 llc-0b25 1 0 0 0 0
l1i_u0-0 llc-0b26 1 0 0 0 0
l1i_u0-0 llc-0b27 1 0 0 0 0
l1i_u0-0 llc-0b28 1 0 0 0 0
l1i_u0-0 llc-0b29 1 0 0 0 0
l1i_u0-0 llc-0b30 1 0 0 0 0
l1i_u0-0 llc-0b31 1 0 0 0 0
l1i_u0-1 llc-0b0 1 0 0 0 0
l1i_u0-1 llc-0b1 1 0 0 0 0
l1i_u0-1 llc-0b2 1 0 0 0 0
l1i_u0-1 llc-0b3 1 0 0 0 0
l1i_u0-1 llc-0b4 1 0 0 0 0
l1i_u0-1 llc-0b5 1 0 0 0 0
l1i_u0-1 llc-0b6 1 0 0 0 0
l1i_u0-1 llc-0b7 1 0 0 0 0
l1i_u0-1 llc-0b8 1 0 0 0 0
l1i_u0-1 llc-0b9 1 0 0 0 0
l1i_u0-1 llc-0b10 1 0 0 0 0
l1i_u0-1 llc-0b11 1 0 0 0 0
l1i_u0-1 llc-0b12 1 0 0 0 0
l1i_u0-1 llc-0b13 1 0 0 0 0
l1i_u0-1 llc-0b14 1 0 0 0 0
l1i_u0-1 llc-0b15 1 0 0 0 0
l1i_u0-1 llc-0b16 1 0 0 0 0
l1i_u0-1 llc-0b17 1 0 0 0 0
l1i_u0-1 llc-0b18 1 0 0 0 0
l1i_u0-1 llc-0b19 1 0 0 0 0
l1i_u0-1 llc-0b20 1 0 0 0 0
l1i_u0-1 llc-0b21 1 0 0 0 0
l1i_u0-1 llc-0b22 1 0 0 0 0
l1i_u0-1 llc-0b23 1 0 0 0 0
l1i_u0-1 llc-0b24 1 0 0 0 0
l1i_u0-1 llc-0b25 1 0 0 0 0
l1i_u0-1 llc-0b26 1 0 0 0 0
l1i_u0-1 llc-0b27 1 0 0 0 0
l1i_u0-1 llc-0b28 1 0 0 0 0
l1i_u0-1 llc-0b29 1 0 0 0 0
l1i_u0-1 llc-0b30 1 0 0 0 0
l1i_u0-1 llc-0b31 1 0 0 0 0
l1i_u0-2 llc-0b0 1 0 0 0 0
l1i_u0-2 llc-0b1 1 0 0 0 0
l1i_u0-2 llc-0b2 1 0 0 0 0
l1i_u0-2 llc-0b3 1 0 0 0 0
l1i_u0-2 llc-0b4 1 0 0 0 0
l1i_u0-2 llc-0b5 1 0 0 0 0
l1i_u0-2 llc-0b6 1 0 0 0 0
l1i_u0-2 llc-0b7 1 0 0 0 0
l1i_u0-2 llc-0b8 1 0 0 0 0
l1i_u0-2 llc-0b9 1 0 0 0 0
l1i_u0-2 llc-0b10 1 0 0 0 0
l1i_u0-2 llc-0b11 1 0 0 0 0
l1i_u0-2 llc-0b12 1 0 0 0 0
l1i_u0-2 llc-0b13 1 0 0 0 0
l1i_u0-2 llc-0b14 1 0 0 0 0
l1i_u0-2 llc-0b15 1 0 0 0 0
l1i_u0-2 llc-0b16 1 0 0 0 0
l1i_u0-2 llc-0b17 1 0 0 0 0
l1i_u0-2 llc-0b18 1 0 0 0 0
l1i_u0-2 llc-0b19 1 0 0 0 0
l1i_u0-2 llc-0b20 1 0 0 0 0
l1i_u0-2 llc-0b21 1 0 0 0 0
l1i_u0-2 llc-0b22 1 0 0 0 0
l1i_u0-2 llc-0b23 1 0 0 0 0
l1i_u0-2 llc-0b24 1 0 0 0 0
l1i_u0-2 llc-0b25 1 0 0 0 0
l1i_u0-2 llc-0b26 1 0 0 0 0
l1i_u0-2 llc-0b27 1 0 0 0 0
l1i_u0-2 llc-0b28 1 0 0 0 0
l1i_u0-2 llc-0b29 1 0 0 0 0
l1i_u0-2 llc-0b30 1 0 0 0 0
l1i_u0-2 llc-0b31 1 0 0 0 0
l1i_u0-3 llc-0b0 1 0 0 0 0
l1i_u0-3 llc-0b1 1 0 0 0 0
l1i_u0-3 llc-0b2 1 0 0 0 0
l1i_u0-3 llc-0b3 1 0 0 0 0
l1i_u0-3 llc-0b4 1 0 0 0 0
l1i_u0-3 llc-0b5 1 0 0 0 0
l1i_u0-3 llc-0b6 1 0 0 0 0
l1i_u0-3 llc-0b7 1 0 0 0 0
l1i_u0-3 llc-0b8 1 0 0 0 0
l1i_u0-3 llc-0b9 1 0 0 0 0
l1i_u0-3 llc-0b10 1 0 0 0 0
l1i_u0-3 llc-0b11 1 0 0 0 0
l1i_u0-3 llc-0b12 1 0 0 0 0
l1i_u0-3 llc-0b13 1 0 0 0 0
l1i_u0-3 llc-0b14 1 0 0 0 0
l1i_u0-3 llc-0b15 1 0 0 0 0
l1i_u0-3 llc-0b16 1 0 0 0 0
l1i_u0-3 llc-0b17 1 0 0 0 0
l1i_u0-3 llc-0b18 1 0 0 0 0
l1i_u0-3 llc-0b19 1 0 0 0 0
l1i_u0-3 llc-0b20 1 0 0 0 0
l1i_u0-3 llc-0b21 1 0 0 0 0
l1i_u0-3 llc-0b22 1 0 0 0 0
l1i_u0-3 llc-0b23 1 0 0 0 0
l1i_u0-3 llc-0b24 1 0 0 0 0
l1i_u0-3 llc-0b25 1 0 0 0 0
l1i_u0-3 llc-0b26 1 0 0 0 0
l1i_u0-3 llc-0b27 1 0 0 0 0
l1i_u0-3 llc-0b28 1 0 0 0 0
l1i_u0-3 llc-0b29 1 0 0 0 0
l1i_u0-3 llc-0b30 1 0 0 0 0
l1i_u0-3 llc-0b31 1 0 0 0 0
l1i_u0-4 llc-0b0 1 0 0 0 0
l1i_u0-4 llc-0b1 1 0 0 0 0
l1i_u0-4 llc-0b2 1 0 0 0 0
l1i_u0-4 llc-0b3 1 0 0 0 0
l1i_u0-4 llc-0b4 1 0 0 0 0
l1i_u0-4 llc-0b5 1 0 0 0 0
l1i_u0-4 llc-0b6 1 0 0 0 0
l1i_u0-4 llc-0b7 1 0 0 0 0
l1i_u0-4 llc-0b8 1 0 0 0 0
l1i_u0-4 llc-0b9 1 0 0 0 0
l1i_u0-4 llc-0b10 1 0 0 0 0
l1i_u0-4 llc-0b11 1 0 0 0 0
l1i_u0-4 llc-0b12 1 0 0 0 0
l1i_u0-4 llc-0b13 1 0 0 0 0
l1i_u0-4 llc-0b14 1 0 0 0 0
l1i_u0-4 llc-0b15 1 0 0 0 0
l1i_u0-4 llc-0b16 1 0 0 0 0
l1i_u0-4 llc-0b17 1 0 0 0 0
l1i_u0-4 llc-0b18 1 0 0 0 0
l1i_u0-4 llc-0b19 1 0 0 0 0
l1i_u0-4 llc-0b20 1 0 0 0 0
l1i_u0-4 llc-0b21 1 0 0 0 0
l1i_u0-4 llc-0b22 1 0 0 0 0
l1i_u0-4 llc-0b23 1 0 0 0 0
l1i_u0-4 llc-0b24 1 0 0 0 0
l1i_u0-4 llc-0b25 1 0 0 0 0
l1i_u0-4 llc-0b26 1 0 0 0 0
l1i_u0-4 llc-0b27 1 0 0 0 0
l1i_u0-4 llc-0b28 1 0 0 0 0
l1i_u0-4 llc-0b29 1 0 0 0 0
l1i_u0-4 llc-0b30 1 0 0 0 0
l1i_u0-4 llc-0b31 1 0 0 0 0
l1i_u0-5 llc-0b0 1 0 0 0 0
l1i_u0-5 llc-0b1 1 0 0 0 0
l1i_u0-5 llc-0b2 1 0 0 0 0
l1i_u0-5 llc-0b3 1 0 0 0 0
l1i_u0-5 llc-0b4 1 0 0 0 0
l1i_u0-5 llc-0b5 1 0 0 0 0
l1i_u0-5 llc-0b6 1 0 0 0 0
l1i_u0-5 llc-0b7 1 0 0 0 0
l1i_u0-5 llc-0b8 1 0 0 0 0
l1i_u0-5 llc-0b9 1 0 0 0 0
l1i_u0-5 llc-0b10 1 0 0 0 0
l1i_u0-5 llc-0b11 1 0 0 0 0
l1i_u0-5 llc-0b12 1 0 0 0 0
l1i_u0-5 llc-0b13 1 0 0 0 0
l1i_u0-5 llc-0b14 1 0 0 0 0
l1i_u0-5 llc-0b15 1 0 0 0 0
l1i_u0-5 llc-0b16 1 0 0 0 0
l1i_u0-5 llc-0b17 1 0 0 0 0
l1i_u0-5 llc-0b18 1 0 0 0 0
l1i_u0-5 llc-0b19 1 0 0 0 0
l1i_u0-5 llc-0b20 1 0 0 0 0
l1i_u0-5 llc-0b21 1 0 0 0 0
l1i_u0-5 llc-0b22 1 0 0 0 0
l1i_u0-5 llc-0b23 1 0 0 0 0
l1i_u0-5 llc-0b24 1 0 0 0 0
l1i_u0-5 llc-0b25 1 0 0 0 0
l1i_u0-5 llc-0b26 1 0 0 0 0
l1i_u0-5 llc-0b27 1 0 0 0 0
l1i_u0-5 llc-0b28 1 0 0 0 0
l1i_u0-5 llc-0b29 1 0 0 0 0
l1i_u0-5 llc-0b30 1 0 0 0 0
l1i_u0-5 llc-0b31 1 0 0 0 0
l1i_u0-6 llc-0b0 1 0 0 0 0
l1i_u0-6 llc-0b1 1 0 0 0 0
l1i_u0-6 llc-0b2 1 0 0 0 0
l1i_u0-6 llc-0b3 1 0 0 0 0
l1i_u0-6 llc-0b4 1 0 0 0 0
l1i_u0-6 llc-0b5 1 0 0 0 0
l1i_u0-6 llc-0b6 1 0 0 0 0
l1i_u0-6 llc-0b7 1 0 0 0 0
l1i_u0-6 llc-0b8 1 0 0 0 0
l1i_u0-6 llc-0b9 1 0 0 0 0
l1i_u0-6 llc-0b10 1 0 0 0 0
l1i_u0-6 llc-0b11 1 0 0 0 0
l1i_u0-6 llc-0b12 1 0 0 0 0
l1i_u0-6 llc-0b13 1 0 0 0 0
l1i_u0-6 llc-0b14 1 0 0 0 0
l1i_u0-6 llc-0b15 1 0 0 0 0
l1i_u0-6 llc-0b16 1 0 0 0 0
l1i_u0-6 llc-0b17 1 0 0 0 0
l1i_u0-6 llc-0b18 1 0 0 0 0
l1i_u0-6 llc-0b19 1 0 0 0 0
l1i_u0-6 llc-0b20 1 0 0 0 0
l1i_u0-6 llc-0b21 1 0 0 0 0
l1i_u0-6 llc-0b22 1 0 0 0 0
l1i_u0-6 llc-0b23 1 0 0 0 0
l1i_u0-6 llc-0b24 1 0 0 0 0
l1i_u0-6 llc-0b25 1 0 0 0 0
l1i_u0-6 llc-0b26 1 0 0 0 0
l1i_u0-6 llc-0b27 1 0 0 0 0
l1i_u0-6 llc-0b28 1 0 0 0 0
l1i_u0-6 llc-0b29 1 0 0 0 0
l1i_u0-6 llc-0b30 1 0 0 0 0
l1i_u0-6 llc-0b31 1 0 0 0 0
l1i_u0-7 llc-0b0 1 0 0 0 0
l1i_u0-7 llc-0b1 1 0 0 0 0
l1i_u0-7 llc-0b2 1 0 0 0 0
l1i_u0-7 llc-0b3 1 0 0 0 0
l1i_u0-7 llc-0b4 1 0 0 0 0
l1i_u0-7 llc-0b5 1 0 0 0 0
l1i_u0-7 llc-0b6 1 0 0 0 0
l1i_u0-7 llc-0b7 1 0 0 0 0
l1i_u0-7 llc-0b8 1 0 0 0 0
l1i_u0-7 llc-0b9 1 0 0 0 0
l1i_u0-7 llc-0b10 1 0 0 0 0
l1i_u0-7 llc-0b11 1 0 0 0 0
l1i_u0-7 llc-0b12 1 0 0 0 0
l1i_u0-7 llc-0b13 1 0 0 0 0
l1i_u0-7 llc-0b14 1 0 0 0 0
l1i_u0-7 llc-0b15 1 0 0 0 0
l1i_u0-7 llc-0b16 1 0 0 0 0
l1i_u0-7 llc-0b17 1 0 0 0 0
l1i_u0-7 llc-0b18 1 0 0 0 0
l1i_u0-7 llc-0b19 1 0 0 0 0
l1i_u0-7 llc-0b20 1 0 0 0 0
l1i_u0-7 llc-0b21 1 0 0 0 0
l1i_u0-7 llc-0b22 1 0 0 0 0
l1i_u0-7 llc-0b23 1 0 0 0 0
l1i_u0-7 llc-0b24 1 0 0 0 0
l1i_u0-7 llc-0b25 1 0 0 0 0
l1i_u0-7 llc-0b26 1 0 0 0 0
l1i_u0-7 llc-0b27 1 0 0 0 0
l1i_u0-7 llc-0b28 1 0 0 0 0
l1i_u0-7 llc-0b29 1 0 0 0 0
l1i_u0-7 llc-0b30 1 0 0 0 0
l1i_u0-7 llc-0b31 1 0 0 0 0
l1i_u0-8 llc-0b0 1 0 0 0 0
l1i_u0-8 llc-0b1 1 0 0 0 0
l1i_u0-8 llc-0b2 1 0 0 0 0
l1i_u0-8 llc-0b3 1 0 0 0 0
l1i_u0-8 llc-0b4 1 0 0 0 0
l1i_u0-8 llc-0b5 1 0 0 0 0
l1i_u0-8 llc-0b6 1 0 0 0 0
l1i_u0-8 llc-0b7 1 0 0 0 0
l1i_u0-8 llc-0b8 1 0 0 0 0
l1i_u0-8 llc-0b9 1 0 0 0 0
l1i_u0-8 llc-0b10 1 0 0 0 0
l1i_u0-8 llc-0b11 1 0 0 0 0
l1i_u0-8 llc-0b12 1 0 0 0 0
l1i_u0-8 llc-0b13 1 0 0 0 0
l1i_u0-8 llc-0b14 1 0 0 0 0
l1i_u0-8 llc-0b15 1 0 0 0 0
l1i_u0-8 llc-0b16 1 0 0 0 0
l1i_u0-8 llc-0b17 1 0 0 0 0
l1i_u0-8 llc-0b18 1 0 0 0 0
l1i_u0-8 llc-0b19 1 0 0 0 0
l1i_u0-8 llc-0b20 1 0 0 0 0
l1i_u0-8 llc-0b21 1 0 0 0 0
l1i_u0-8 llc-0b22 1 0 0 0 0
l1i_u0-8 llc-0b23 1 0 0 0 0
l1i_u0-8 llc-0b24 1 0 0 0 0
l1i_u0-8 llc-0b25 1 0 0 0 0
l1i_u0-8 llc-0b26 1 0 0 0 0
l1i_u0-8 llc-0b27 1 0 0 0 0
l1i_u0-8 llc-0b28 1 0 0 0 0
l1i_u0-8 llc-0b29 1 0 0 0 0
l1i_u0-8 llc-0b30 1 0 0 0 0
l1i_u0-8 llc-0b31 1 0 0 0 0
l1i_u0-9 llc-0b0 1 0 0 0 0
l1i_u0-9 llc-0b1 1 0 0 0 0
l1i_u0-9 llc-0b2 1 0 0 0 0
l1i_u0-9 llc-0b3 1 0 0 0 0
l1i_u0-9 llc-0b4 1 0 0 0 0
l1i_u0-9 llc-0b5 1 0 0 0 0
l1i_u0-9 llc-0b6 1 0 0 0 0
l1i_u0-9 llc-0b7 1 0 0 0 0
l1i_u0-9 llc-0b8 1 0 0 0 0
l1i_u0-9 llc-0b9 1 0 0 0 0
l1i_u0-9 llc-0b10 1 0 0 0 0
l1i_u0-9 llc-0b11 1 0 0 0 0
l1i_u0-9 llc-0b12 1 0 0 0 0
l1i_u0-9 llc-0b13 1 0 0 0 0
l1i_u0-9 llc-0b14 1 0 0 0 0
l1i_u0-9 llc-0b15 1 0 0 0 0
l1i_u0-9 llc-0b16 1 0 0 0 0
l1i_u0-9 llc-0b17 1 0 0 0 0
l1i_u0-9 llc-0b18 1 0 0 0 0
l1i_u0-9 llc-0b19 1 0 0 0 0
l1i_u0-9 llc-0b20 1 0 0 0 0
l1i_u0-9 llc-0b21 1 0 0 0 0
l1i_u0-9 llc-0b22 1 0 0 0 0
l1i_u0-9 llc-0b23 1 0 0 0 0
l1i_u0-9 llc-0b24 1 0 0 0 0
l1i_u0-9 llc-0b25 1 0 0 0 0
l1i_u0-9 llc-0b26 1 0 0 0 0
l1i_u0-9 llc-0b27 1 0 0 0 0
l1i_u0-9 llc-0b28 1 0 0 0 0
l1i_u0-9 llc-0b29 1 0 0 0 0
l1i_u0-9 llc-0b30 1 0 0 0 0
l1i_u0-9 llc-0b31 1 0 0 0 0
l1i_u0-10 llc-0b0 1 0 0 0 0
l1i_u0-10 llc-0b1 1 0 0 0 0
l1i_u0-10 llc-0b2 1 0 0 0 0
l1i_u0-10 llc-0b3 1 0 0 0 0
l1i_u0-10 llc-0b4 1 0 0 0 0
l1i_u0-10 llc-0b5 1 0 0 0 0
l1i_u0-10 llc-0b6 1 0 0 0 0
l1i_u0-10 llc-0b7 1 0 0 0 0
l1i_u0-10 llc-0b8 1 0 0 0 0
l1i_u0-10 llc-0b9 1 0 0 0 0
l1i_u0-10 llc-0b10 1 0 0 0 0
l1i_u0-10 llc-0b11 1 0 0 0 0
l1i_u0-10 llc-0b12 1 0 0 0 0
l1i_u0-10 llc-0b13 1 0 0 0 0
l1i_u0-10 llc-0b14 1 0 0 0 0
l1i_u0-10 llc-0b15 1 0 0 0 0
l1i_u0-10 llc-0b16 1 0 0 0 0
l1i_u0-10 llc-0b17 1 0 0 0 0
l1i_u0-10 llc-0b18 1 0 0 0 0
l1i_u0-10 llc-0b19 1 0 0 0 0
l1i_u0-10 llc-0b20 1 0 0 0 0
l1i_u0-10 llc-0b21 1 0 0 0 0
l1i_u0-10 llc-0b22 1 0 0 0 0
l1i_u0-10 llc-0b23 1 0 0 0 0
l1i_u0-10 llc-0b24 1 0 0 0 0
l1i_u0-10 llc-0b25 1 0 0 0 0
l1i_u0-10 llc-0b26 1 0 0 0 0
l1i_u0-10 llc-0b27 1 0 0 0 0
l1i_u0-10 llc-0b28 1 0 0 0 0
l1i_u0-10 llc-0b29 1 0 0 0 0
l1i_u0-10 llc-0b30 1 0 0 0 0
l1i_u0-10 llc-0b31 1 0 0 0 0
l1i_u0-11 llc-0b0 1 0 0 0 0
l1i_u0-11 llc-0b1 1 0 0 0 0
l1i_u0-11 llc-0b2 1 0 0 0 0
l1i_u0-11 llc-0b3 1 0 0 0 0
l1i_u0-11 llc-0b4 1 0 0 0 0
l1i_u0-11 llc-0b5 1 0 0 0 0
l1i_u0-11 llc-0b6 1 0 0 0 0
l1i_u0-11 llc-0b7 1 0 0 0 0
l1i_u0-11 llc-0b8 1 0 0 0 0
l1i_u0-11 llc-0b9 1 0 0 0 0
l1i_u0-11 llc-0b10 1 0 0 0 0
l1i_u0-11 llc-0b11 1 0 0 0 0
l1i_u0-11 llc-0b12 1 0 0 0 0
l1i_u0-11 llc-0b13 1 0 0 0 0
l1i_u0-11 llc-0b14 1 0 0 0 0
l1i_u0-11 llc-0b15 1 0 0 0 0
l1i_u0-11 llc-0b16 1 0 0 0 0
l1i_u0-11 llc-0b17 1 0 0 0 0
l1i_u0-11 llc-0b18 1 0 0 0 0
l1i_u0-11 llc-0b19 1 0 0 0 0
l1i_u0-11 llc-0b20 1 0 0 0 0
l1i_u0-11 llc-0b21 1 0 0 0 0
l1i_u0-11 llc-0b22 1 0 0 0 0
l1i_u0-11 llc-0b23 1 0 0 0 0
l1i_u0-11 llc-0b24 1 0 0 0 0
l1i_u0-11 llc-0b25 1 0 0 0 0
l1i_u0-11 llc-0b26 1 0 0 0 0
l1i_u0-11 llc-0b27 1 0 0 0 0
l1i_u0-11 llc-0b28 1 0 0 0 0
l1i_u0-11 llc-0b29 1 0 0 0 0
l1i_u0-11 llc-0b30 1 0 0 0 0
l1i_u0-11 llc-0b31 1 0 0 0 0
l1i_u0-12 llc-0b0 1 0 0 0 0
l1i_u0-12 llc-0b1 1 0 0 0 0
l1i_u0-12 llc-0b2 1 0 0 0 0
l1i_u0-12 llc-0b3 1 0 0 0 0
l1i_u0-12 llc-0b4 1 0 0 0 0
l1i_u0-12 llc-0b5 1 0 0 0 0
l1i_u0-12 llc-0b6 1 0 0 0 0
l1i_u0-12 llc-0b7 1 0 0 0 0
l1i_u0-12 llc-0b8 1 0 0 0 0
l1i_u0-12 llc-0b9 1 0 0 0 0
l1i_u0-12 llc-0b10 1 0 0 0 0
l1i_u0-12 llc-0b11 1 0 0 0 0
l1i_u0-12 llc-0b12 1 0 0 0 0
l1i_u0-12 llc-0b13 1 0 0 0 0
l1i_u0-12 llc-0b14 1 0 0 0 0
l1i_u0-12 llc-0b15 1 0 0 0 0
l1i_u0-12 llc-0b16 1 0 0 0 0
l1i_u0-12 llc-0b17 1 0 0 0 0
l1i_u0-12 llc-0b18 1 0 0 0 0
l1i_u0-12 llc-0b19 1 0 0 0 0
l1i_u0-12 llc-0b20 1 0 0 0 0
l1i_u0-12 llc-0b21 1 0 0 0 0
l1i_u0-12 llc-0b22 1 0 0 0 0
l1i_u0-12 llc-0b23 1 0 0 0 0
l1i_u0-12 llc-0b24 1 0 0 0 0
l1i_u0-12 llc-0b25 1 0 0 0 0
l1i_u0-12 llc-0b26 1 0 0 0 0
l1i_u0-12 llc-0b27 1 0 0 0 0
l1i_u0-12 llc-0b28 1 0 0 0 0
l1i_u0-12 llc-0b29 1 0 0 0 0
l1i_u0-12 llc-0b30 1 0 0 0 0
l1i_u0-12 llc-0b31 1 0 0 0 0
l1i_u0-13 llc-0b0 1 0 0 0 0
l1i_u0-13 llc-0b1 1 0 0 0 0
l1i_u0-13 llc-0b2 1 0 0 0 0
l1i_u0-13 llc-0b3 1 0 0 0 0
l1i_u0-13 llc-0b4 1 0 0 0 0
l1i_u0-13 llc-0b5 1 0 0 0 0
l1i_u0-13 llc-0b6 1 0 0 0 0
l1i_u0-13 llc-0b7 1 0 0 0 0
l1i_u0-13 llc-0b8 1 0 0 0 0
l1i_u0-13 llc-0b9 1 0 0 0 0
l1i_u0-13 llc-0b10 1 0 0 0 0
l1i_u0-13 llc-0b11 1 0 0 0 0
l1i_u0-13 llc-0b12 1 0 0 0 0
l1i_u0-13 llc-0b13 1 0 0 0 0
l1i_u0-13 llc-0b14 1 0 0 0 0
l1i_u0-13 llc-0b15 1 0 0 0 0
l1i_u0-13 llc-0b16 1 0 0 0 0
l1i_u0-13 llc-0b17 1 0 0 0 0
l1i_u0-13 llc-0b18 1 0 0 0 0
l1i_u0-13 llc-0b19 1 0 0 0 0
l1i_u0-13 llc-0b20 1 0 0 0 0
l1i_u0-13 llc-0b21 1 0 0 0 0
l1i_u0-13 llc-0b22 1 0 0 0 0
l1i_u0-13 llc-0b23 1 0 0 0 0
l1i_u0-13 llc-0b24 1 0 0 0 0
l1i_u0-13 llc-0b25 1 0 0 0 0
l1i_u0-13 llc-0b26 1 0 0 0 0
l1i_u0-13 llc-0b27 1 0 0 0 0
l1i_u0-13 llc-0b28 1 0 0 0 0
l1i_u0-13 llc-0b29 1 0 0 0 0
l1i_u0-13 llc-0b30 1 0 0 0 0
l1i_u0-13 llc-0b31 1 0 0 0 0
l1i_u0-14 llc-0b0 1 0 0 0 0
l1i_u0-14 llc-0b1 1 0 0 0 0
l1i_u0-14 llc-0b2 1 0 0 0 0
l1i_u0-14 llc-0b3 1 0 0 0 0
l1i_u0-14 llc-0b4 1 0 0 0 0
l1i_u0-14 llc-0b5 1 0 0 0 0
l1i_u0-14 llc-0b6 1 0 0 0 0
l1i_u0-14 llc-0b7 1 0 0 0 0
l1i_u0-14 llc-0b8 1 0 0 0 0
l1i_u0-14 llc-0b9 1 0 0 0 0
l1i_u0-14 llc-0b10 1 0 0 0 0
l1i_u0-14 llc-0b11 1 0 0 0 0
l1i_u0-14 llc-0b12 1 0 0 0 0
l1i_u0-14 llc-0b13 1 0 0 0 0
l1i_u0-14 llc-0b14 1 0 0 0 0
l1i_u0-14 llc-0b15 1 0 0 0 0
l1i_u0-14 llc-0b16 1 0 0 0 0
l1i_u0-14 llc-0b17 1 0 0 0 0
l1i_u0-14 llc-0b18 1 0 0 0 0
l1i_u0-14 llc-0b19 1 0 0 0 0
l1i_u0-14 llc-0b20 1 0 0 0 0
l1i_u0-14 llc-0b21 1 0 0 0 0
l1i_u0-14 llc-0b22 1 0 0 0 0
l1i_u0-14 llc-0b23 1 0 0 0 0
l1i_u0-14 llc-0b24 1 0 0 0 0
l1i_u0-14 llc-0b25 1 0 0 0 0
l1i_u0-14 llc-0b26 1 0 0 0 0
l1i_u0-14 llc-0b27 1 0 0 0 0
l1i_u0-14 llc-0b28 1 0 0 0 0
l1i_u0-14 llc-0b29 1 0 0 0 0
l1i_u0-14 llc-0b30 1 0 0 0 0
l1i_u0-14 llc-0b31 1 0 0 0 0
l1i_u0-15 llc-0b0 1 0 0 0 0
l1i_u0-15 llc-0b1 1 0 0 0 0
l1i_u0-15 llc-0b2 1 0 0 0 0
l1i_u0-15 llc-0b3 1 0 0 0 0
l1i_u0-15 llc-0b4 1 0 0 0 0
l1i_u0-15 llc-0b5 1 0 0 0 0
l1i_u0-15 llc-0b6 1 0 0 0 0
l1i_u0-15 llc-0b7 1 0 0 0 0
l1i_u0-15 llc-0b8 1 0 0 0 0
l1i_u0-15 llc-0b9 1 0 0 0 0
l1i_u0-15 llc-0b10 1 0 0 0 0
l1i_u0-15 llc-0b11 1 0 0 0 0
l1i_u0-15 llc-0b12 1 0 0 0 0
l1i_u0-15 llc-0b13 1 0 0 0 0
l1i_u0-15 llc-0b14 1 0 0 0 0
l1i_u0-15 llc-0b15 1 0 0 0 0
l1i_u0-15 llc-0b16 1 0 0 0 0
l1i_u0-15 llc-0b17 1 0 0 0 0
l1i_u0-15 llc-0b18 1 0 0 0 0
l1i_u0-15 llc-0b19 1 0 0 0 0
l1i_u0-15 llc-0b20 1 0 0 0 0
l1i_u0-15 llc-0b21 1 0 0 0 0
l1i_u0-15 llc-0b22 1 0 0 0 0
l1i_u0-15 llc-0b23 1 0 0 0 0
l1i_u0-15 llc-0b24 1 0 0 0 0
l1i_u0-15 llc-0b25 1 0 0 0 0
l1i_u0-15 llc-0b26 1 0 0 0 0
l1i_u0-15 llc-0b27 1 0 0 0 0
l1i_u0-15 llc-0b28 1 0 0 0 0
l1i_u0-15 llc-0b29 1 0 0 0 0
l1i_u0-15 llc-0b30 1 0 0 0 0
l1i_u0-15 llc-0b31 1 0 0 0 0
l1d_u0-0 llc-0b0 1 0 0 0 0
l1d_u0-0 llc-0b1 1 0 0 0 0
l1d_u0-0 llc-0b2 1 0 0 0 0
l1d_u0-0 llc-0b3 1 0 0 0 0
l1d_u0-0 llc-0b4 1 0 0 0 0
l1d_u0-0 llc-0b5 1 0 0 0 0
l1d_u0-0 llc-0b6 1 0 0 0 0
l1d_u0-0 llc-0b7 1 0 0 0 0
l1d_u0-0 llc-0b8 1 0 0 0 0
l1d_u0-0 llc-0b9 1 0 0 0 0
l1d_u0-0 llc-0b10 1 0 0 0 0
l1d_u0-0 llc-0b11 1 0 0 0 0
l1d_u0-0 llc-0b12 1 0 0 0 0
l1d_u0-0 llc-0b13 1 0 0 0 0
l1d_u0-0 llc-0b14 1 0 0 0 0
l1d_u0-0 llc-0b15 1 0 0 0 0
l1d_u0-0 llc-0b16 1 0 0 0 0
l1d_u0-0 llc-0b17 1 0 0 0 0
l1d_u0-0 llc-0b18 1 0 0 0 0
l1d_u0-0 llc-0b19 1 0 0 0 0
l1d_u0-0 llc-0b20 1 0 0 0 0
l1d_u0-0 llc-0b21 1 0 0 0 0
l1d_u0-0 llc-0b22 1 0 0 0 0
l1d_u0-0 llc-0b23 1 0 0 0 0
l1d_u0-0 llc-0b24 1 0 0 0 0
l1d_u0-0 llc-0b25 1 0 0 0 0
l1d_u0-0 llc-0b26 1 0 0 0 0
l1d_u0-0 llc-0b27 1 0 0 0 0
l1d_u0-0 llc-0b28 1 0 0 0 0
l1d_u0-0 llc-0b29 1 0 0 0 0
l1d_u0-0 llc-0b30 1 0 0 0 0
l1d_u0-0 llc-0b31 1 0 0 0 0
l1d_u0-1 llc-0b0 1 0 0 0 0
l1d_u0-1 llc-0b1 1 0 0 0 0
l1d_u0-1 llc-0b2 1 0 0 0 0
l1d_u0-1 llc-0b3 1 0 0 0 0
l1d_u0-1 llc-0b4 1 0 0 0 0
l1d_u0-1 llc-0b5 1 0 0 0 0
l1d_u0-1 llc-0b6 1 0 0 0 0
l1d_u0-1 llc-0b7 1 0 0 0 0
l1d_u0-1 llc-0b8 1 0 0 0 0
l1d_u0-1 llc-0b9 1 0 0 0 0
l1d_u0-1 llc-0b10 1 0 0 0 0
l1d_u0-1 llc-0b11 1 0 0 0 0
l1d_u0-1 llc-0b12 1 0 0 0 0
l1d_u0-1 llc-0b13 1 0 0 0 0
l1d_u0-1 llc-0b14 1 0 0 0 0
l1d_u0-1 llc-0b15 1 0 0 0 0
l1d_u0-1 llc-0b16 1 0 0 0 0
l1d_u0-1 llc-0b17 1 0 0 0 0
l1d_u0-1 llc-0b18 1 0 0 0 0
l1d_u0-1 llc-0b19 1 0 0 0 0
l1d_u0-1 llc-0b20 1 0 0 0 0
l1d_u0-1 llc-0b21 1 0 0 0 0
l1d_u0-1 llc-0b22 1 0 0 0 0
l1d_u0-1 llc-0b23 1 0 0 0 0
l1d_u0-1 llc-0b24 1 0 0 0 0
l1d_u0-1 llc-0b25 1 0 0 0 0
l1d_u0-1 llc-0b26 1 0 0 0 0
l1d_u0-1 llc-0b27 1 0 0 0 0
l1d_u0-1 llc-0b28 1 0 0 0 0
l1d_u0-1 llc-0b29 1 0 0 0 0
l1d_u0-1 llc-0b30 1 0 0 0 0
l1d_u0-1 llc-0b31 1 0 0 0 0
l1d_u0-2 llc-0b0 1 0 0 0 0
l1d_u0-2 llc-0b1 1 0 0 0 0
l1d_u0-2 llc-0b2 1 0 0 0 0
l1d_u0-2 llc-0b3 1 0 0 0 0
l1d_u0-2 llc-0b4 1 0 0 0 0
l1d_u0-2 llc-0b5 1 0 0 0 0
l1d_u0-2 llc-0b6 1 0 0 0 0
l1d_u0-2 llc-0b7 1 0 0 0 0
l1d_u0-2 llc-0b8 1 0 0 0 0
l1d_u0-2 llc-0b9 1 0 0 0 0
l1d_u0-2 llc-0b10 1 0 0 0 0
l1d_u0-2 llc-0b11 1 0 0 0 0
l1d_u0-2 llc-0b12 1 0 0 0 0
l1d_u0-2 llc-0b13 1 0 0 0 0
l1d_u0-2 llc-0b14 1 0 0 0 0
l1d_u0-2 llc-0b15 1 0 0 0 0
l1d_u0-2 llc-0b16 1 0 0 0 0
l1d_u0-2 llc-0b17 1 0 0 0 0
l1d_u0-2 llc-0b18 1 0 0 0 0
l1d_u0-2 llc-0b19 1 0 0 0 0
l1d_u0-2 llc-0b20 1 0 0 0 0
l1d_u0-2 llc-0b21 1 0 0 0 0
l1d_u0-2 llc-0b22 1 0 0 0 0
l1d_u0-2 llc-0b23 1 0 0 0 0
l1d_u0-2 llc-0b24 1 0 0 0 0
l1d_u0-2 llc-0b25 1 0 0 0 0
l1d_u0-2 llc-0b26 1 0 0 0 0
l1d_u0-2 llc-0b27 1 0 0 0 0
l1d_u0-2 llc-0b28 1 0 0 0 0
l1d_u0-2 llc-0b29 1 0 0 0 0
l1d_u0-2 llc-0b30 1 0 0 0 0
l1d_u0-2 llc-0b31 1 0 0 0 0
l1d_u0-3 llc-0b0 1 0 0 0 0
l1d_u0-3 llc-0b1 1 0 0 0 0
l1d_u0-3 llc-0b2 1 0 0 0 0
l1d_u0-3 llc-0b3 1 0 0 0 0
l1d_u0-3 llc-0b4 1 0 0 0 0
l1d_u0-3 llc-0b5 1 0 0 0 0
l1d_u0-3 llc-0b6 1 0 0 0 0
l1d_u0-3 llc-0b7 1 0 0 0 0
l1d_u0-3 llc-0b8 1 0 0 0 0
l1d_u0-3 llc-0b9 1 0 0 0 0
l1d_u0-3 llc-0b10 1 0 0 0 0
l1d_u0-3 llc-0b11 1 0 0 0 0
l1d_u0-3 llc-0b12 1 0 0 0 0
l1d_u0-3 llc-0b13 1 0 0 0 0
l1d_u0-3 llc-0b14 1 0 0 0 0
l1d_u0-3 llc-0b15 1 0 0 0 0
l1d_u0-3 llc-0b16 1 0 0 0 0
l1d_u0-3 llc-0b17 1 0 0 0 0
l1d_u0-3 llc-0b18 1 0 0 0 0
l1d_u0-3 llc-0b19 1 0 0 0 0
l1d_u0-3 llc-0b20 1 0 0 0 0
l1d_u0-3 llc-0b21 1 0 0 0 0
l1d_u0-3 llc-0b22 1 0 0 0 0
l1d_u0-3 llc-0b23 1 0 0 0 0
l1d_u0-3 llc-0b24 1 0 0 0 0
l1d_u0-3 llc-0b25 1 0 0 0 0
l1d_u0-3 llc-0b26 1 0 0 0 0
l1d_u0-3 llc-0b27 1 0 0 0 0
l1d_u0-3 llc-0b28 1 0 0 0 0
l1d_u0-3 llc-0b29 1 0 0 0 0
l1d_u0-3 llc-0b30 1 0 0 0 0
l1d_u0-3 llc-0b31 1 0 0 0 0
l1d_u0-4 llc-0b0 1 0 0 0 0
l1d_u0-4 llc-0b1 1 0 0 0 0
l1d_u0-4 llc-0b2 1 0 0 0 0
l1d_u0-4 llc-0b3 1 0 0 0 0
l1d_u0-4 llc-0b4 1 0 0 0 0
l1d_u0-4 llc-0b5 1 0 0 0 0
l1d_u0-4 llc-0b6 1 0 0 0 0
l1d_u0-4 llc-0b7 1 0 0 0 0
l1d_u0-4 llc-0b8 1 0 0 0 0
l1d_u0-4 llc-0b9 1 0 0 0 0
l1d_u0-4 llc-0b10 1 0 0 0 0
l1d_u0-4 llc-0b11 1 0 0 0 0
l1d_u0-4 llc-0b12 1 0 0 0 0
l1d_u0-4 llc-0b13 1 0 0 0 0
l1d_u0-4 llc-0b14 1 0 0 0 0
l1d_u0-4 llc-0b15 1 0 0 0 0
l1d_u0-4 llc-0b16 1 0 0 0 0
l1d_u0-4 llc-0b17 1 0 0 0 0
l1d_u0-4 llc-0b18 1 0 0 0 0
l1d_u0-4 llc-0b19 1 0 0 0 0
l1d_u0-4 llc-0b20 1 0 0 0 0
l1d_u0-4 llc-0b21 1 0 0 0 0
l1d_u0-4 llc-0b22 1 0 0 0 0
l1d_u0-4 llc-0b23 1 0 0 0 0
l1d_u0-4 llc-0b24 1 0 0 0 0
l1d_u0-4 llc-0b25 1 0 0 0 0
l1d_u0-4 llc-0b26 1 0 0 0 0
l1d_u0-4 llc-0b27 1 0 0 0 0
l1d_u0-4 llc-0b28 1 0 0 0 0
l1d_u0-4 llc-0b29 1 0 0 0 0
l1d_u0-4 llc-0b30 1 0 0 0 0
l1d_u0-4 llc-0b31 1 0 0 0 0
l1d_u0-5 llc-0b0 1 0 0 0 0
l1d_u0-5 llc-0b1 1 0 0 0 0
l1d_u0-5 llc-0b2 1 0 0 0 0
l1d_u0-5 llc-0b3 1 0 0 0 0
l1d_u0-5 llc-0b4 1 0 0 0 0
l1d_u0-5 llc-0b5 1 0 0 0 0
l1d_u0-5 llc-0b6 1 0 0 0 0
l1d_u0-5 llc-0b7 1 0 0 0 0
l1d_u0-5 llc-0b8 1 0 0 0 0
l1d_u0-5 llc-0b9 1 0 0 0 0
l1d_u0-5 llc-0b10 1 0 0 0 0
l1d_u0-5 llc-0b11 1 0 0 0 0
l1d_u0-5 llc-0b12 1 0 0 0 0
l1d_u0-5 llc-0b13 1 0 0 0 0
l1d_u0-5 llc-0b14 1 0 0 0 0
l1d_u0-5 llc-0b15 1 0 0 0 0
l1d_u0-5 llc-0b16 1 0 0 0 0
l1d_u0-5 llc-0b17 1 0 0 0 0
l1d_u0-5 llc-0b18 1 0 0 0 0
l1d_u0-5 llc-0b19 1 0 0 0 0
l1d_u0-5 llc-0b20 1 0 0 0 0
l1d_u0-5 llc-0b21 1 0 0 0 0
l1d_u0-5 llc-0b22 1 0 0 0 0
l1d_u0-5 llc-0b23 1 0 0 0 0
l1d_u0-5 llc-0b24 1 0 0 0 0
l1d_u0-5 llc-0b25 1 0 0 0 0
l1d_u0-5 llc-0b26 1 0 0 0 0
l1d_u0-5 llc-0b27 1 0 0 0 0
l1d_u0-5 llc-0b28 1 0 0 0 0
l1d_u0-5 llc-0b29 1 0 0 0 0
l1d_u0-5 llc-0b30 1 0 0 0 0
l1d_u0-5 llc-0b31 1 0 0 0 0
l1d_u0-6 llc-0b0 1 0 0 0 0
l1d_u0-6 llc-0b1 1 0 0 0 0
l1d_u0-6 llc-0b2 1 0 0 0 0
l1d_u0-6 llc-0b3 1 0 0 0 0
l1d_u0-6 llc-0b4 1 0 0 0 0
l1d_u0-6 llc-0b5 1 0 0 0 0
l1d_u0-6 llc-0b6 1 0 0 0 0
l1d_u0-6 llc-0b7 1 0 0 0 0
l1d_u0-6 llc-0b8 1 0 0 0 0
l1d_u0-6 llc-0b9 1 0 0 0 0
l1d_u0-6 llc-0b10 1 0 0 0 0
l1d_u0-6 llc-0b11 1 0 0 0 0
l1d_u0-6 llc-0b12 1 0 0 0 0
l1d_u0-6 llc-0b13 1 0 0 0 0
l1d_u0-6 llc-0b14 1 0 0 0 0
l1d_u0-6 llc-0b15 1 0 0 0 0
l1d_u0-6 llc-0b16 1 0 0 0 0
l1d_u0-6 llc-0b17 1 0 0 0 0
l1d_u0-6 llc-0b18 1 0 0 0 0
l1d_u0-6 llc-0b19 1 0 0 0 0
l1d_u0-6 llc-0b20 1 0 0 0 0
l1d_u0-6 llc-0b21 1 0 0 0 0
l1d_u0-6 llc-0b22 1 0 0 0 0
l1d_u0-6 llc-0b23 1 0 0 0 0
l1d_u0-6 llc-0b24 1 0 0 0 0
l1d_u0-6 llc-0b25 1 0 0 0 0
l1d_u0-6 llc-0b26 1 0 0 0 0
l1d_u0-6 llc-0b27 1 0 0 0 0
l1d_u0-6 llc-0b28 1 0 0 0 0
l1d_u0-6 llc-0b29 1 0 0 0 0
l1d_u0-6 llc-0b30 1 0 0 0 0
l1d_u0-6 llc-0b31 1 0 0 0 0
l1d_u0-7 llc-0b0 1 0 0 0 0
l1d_u0-7 llc-0b1 1 0 0 0 0
l1d_u0-7 llc-0b2 1 0 0 0 0
l1d_u0-7 llc-0b3 1 0 0 0 0
l1d_u0-7 llc-0b4 1 0 0 0 0
l1d_u0-7 llc-0b5 1 0 0 0 0
l1d_u0-7 llc-0b6 1 0 0 0 0
l1d_u0-7 llc-0b7 1 0 0 0 0
l1d_u0-7 llc-0b8 1 0 0 0 0
l1d_u0-7 llc-0b9 1 0 0 0 0
l1d_u0-7 llc-0b10 1 0 0 0 0
l1d_u0-7 llc-0b11 1 0 0 0 0
l1d_u0-7 llc-0b12 1 0 0 0 0
l1d_u0-7 llc-0b13 1 0 0 0 0
l1d_u0-7 llc-0b14 1 0 0 0 0
l1d_u0-7 llc-0b15 1 0 0 0 0
l1d_u0-7 llc-0b16 1 0 0 0 0
l1d_u0-7 llc-0b17 1 0 0 0 0
l1d_u0-7 llc-0b18 1 0 0 0 0
l1d_u0-7 llc-0b19 1 0 0 0 0
l1d_u0-7 llc-0b20 1 0 0 0 0
l1d_u0-7 llc-0b21 1 0 0 0 0
l1d_u0-7 llc-0b22 1 0 0 0 0
l1d_u0-7 llc-0b23 1 0 0 0 0
l1d_u0-7 llc-0b24 1 0 0 0 0
l1d_u0-7 llc-0b25 1 0 0 0 0
l1d_u0-7 llc-0b26 1 0 0 0 0
l1d_u0-7 llc-0b27 1 0 0 0 0
l1d_u0-7 llc-0b28 1 0 0 0 0
l1d_u0-7 llc-0b29 1 0 0 0 0
l1d_u0-7 llc-0b30 1 0 0 0 0
l1d_u0-7 llc-0b31 1 0 0 0 0
l1d_u0-8 llc-0b0 1 0 0 0 0
l1d_u0-8 llc-0b1 1 0 0 0 0
l1d_u0-8 llc-0b2 1 0 0 0 0
l1d_u0-8 llc-0b3 1 0 0 0 0
l1d_u0-8 llc-0b4 1 0 0 0 0
l1d_u0-8 llc-0b5 1 0 0 0 0
l1d_u0-8 llc-0b6 1 0 0 0 0
l1d_u0-8 llc-0b7 1 0 0 0 0
l1d_u0-8 llc-0b8 1 0 0 0 0
l1d_u0-8 llc-0b9 1 0 0 0 0
l1d_u0-8 llc-0b10 1 0 0 0 0
l1d_u0-8 llc-0b11 1 0 0 0 0
l1d_u0-8 llc-0b12 1 0 0 0 0
l1d_u0-8 llc-0b13 1 0 0 0 0
l1d_u0-8 llc-0b14 1 0 0 0 0
l1d_u0-8 llc-0b15 1 0 0 0 0
l1d_u0-8 llc-0b16 1 0 0 0 0
l1d_u0-8 llc-0b17 1 0 0 0 0
l1d_u0-8 llc-0b18 1 0 0 0 0
l1d_u0-8 llc-0b19 1 0 0 0 0
l1d_u0-8 llc-0b20 1 0 0 0 0
l1d_u0-8 llc-0b21 1 0 0 0 0
l1d_u0-8 llc-0b22 1 0 0 0 0
l1d_u0-8 llc-0b23 1 0 0 0 0
l1d_u0-8 llc-0b24 1 0 0 0 0
l1d_u0-8 llc-0b25 1 0 0 0 0
l1d_u0-8 llc-0b26 1 0 0 0 0
l1d_u0-8 llc-0b27 1 0 0 0 0
l1d_u0-8 llc-0b28 1 0 0 0 0
l1d_u0-8 llc-0b29 1 0 0 0 0
l1d_u0-8 llc-0b30 1 0 0 0 0
l1d_u0-8 llc-0b31 1 0 0 0 0
l1d_u0-9 llc-0b0 1 0 0 0 0
l1d_u0-9 llc-0b1 1 0 0 0 0
l1d_u0-9 llc-0b2 1 0 0 0 0
l1d_u0-9 llc-0b3 1 0 0 0 0
l1d_u0-9 llc-0b4 1 0 0 0 0
l1d_u0-9 llc-0b5 1 0 0 0 0
l1d_u0-9 llc-0b6 1 0 0 0 0
l1d_u0-9 llc-0b7 1 0 0 0 0
l1d_u0-9 llc-0b8 1 0 0 0 0
l1d_u0-9 llc-0b9 1 0 0 0 0
l1d_u0-9 llc-0b10 1 0 0 0 0
l1d_u0-9 llc-0b11 1 0 0 0 0
l1d_u0-9 llc-0b12 1 0 0 0 0
l1d_u0-9 llc-0b13 1 0 0 0 0
l1d_u0-9 llc-0b14 1 0 0 0 0
l1d_u0-9 llc-0b15 1 0 0 0 0
l1d_u0-9 llc-0b16 1 0 0 0 0
l1d_u0-9 llc-0b17 1 0 0 0 0
l1d_u0-9 llc-0b18 1 0 0 0 0
l1d_u0-9 llc-0b19 1 0 0 0 0
l1d_u0-9 llc-0b20 1 0 0 0 0
l1d_u0-9 llc-0b21 1 0 0 0 0
l1d_u0-9 llc-0b22 1 0 0 0 0
l1d_u0-9 llc-0b23 1 0 0 0 0
l1d_u0-9 llc-0b24 1 0 0 0 0
l1d_u0-9 llc-0b25 1 0 0 0 0
l1d_u0-9 llc-0b26 1 0 0 0 0
l1d_u0-9 llc-0b27 1 0 0 0 0
l1d_u0-9 llc-0b28 1 0 0 0 0
l1d_u0-9 llc-0b29 1 0 0 0 0
l1d_u0-9 llc-0b30 1 0 0 0 0
l1d_u0-9 llc-0b31 1 0 0 0 0
l1d_u0-10 llc-0b0 1 0 0 0 0
l1d_u0-10 llc-0b1 1 0 0 0 0
l1d_u0-10 llc-0b2 1 0 0 0 0
l1d_u0-10 llc-0b3 1 0 0 0 0
l1d_u0-10 llc-0b4 1 0 0 0 0
l1d_u0-10 llc-0b5 1 0 0 0 0
l1d_u0-10 llc-0b6 1 0 0 0 0
l1d_u0-10 llc-0b7 1 0 0 0 0
l1d_u0-10 llc-0b8 1 0 0 0 0
l1d_u0-10 llc-0b9 1 0 0 0 0
l1d_u0-10 llc-0b10 1 0 0 0 0
l1d_u0-10 llc-0b11 1 0 0 0 0
l1d_u0-10 llc-0b12 1 0 0 0 0
l1d_u0-10 llc-0b13 1 0 0 0 0
l1d_u0-10 llc-0b14 1 0 0 0 0
l1d_u0-10 llc-0b15 1 0 0 0 0
l1d_u0-10 llc-0b16 1 0 0 0 0
l1d_u0-10 llc-0b17 1 0 0 0 0
l1d_u0-10 llc-0b18 1 0 0 0 0
l1d_u0-10 llc-0b19 1 0 0 0 0
l1d_u0-10 llc-0b20 1 0 0 0 0
l1d_u0-10 llc-0b21 1 0 0 0 0
l1d_u0-10 llc-0b22 1 0 0 0 0
l1d_u0-10 llc-0b23 1 0 0 0 0
l1d_u0-10 llc-0b24 1 0 0 0 0
l1d_u0-10 llc-0b25 1 0 0 0 0
l1d_u0-10 llc-0b26 1 0 0 0 0
l1d_u0-10 llc-0b27 1 0 0 0 0
l1d_u0-10 llc-0b28 1 0 0 0 0
l1d_u0-10 llc-0b29 1 0 0 0 0
l1d_u0-10 llc-0b30 1 0 0 0 0
l1d_u0-10 llc-0b31 1 0 0 0 0
l1d_u0-11 llc-0b0 1 0 0 0 0
l1d_u0-11 llc-0b1 1 0 0 0 0
l1d_u0-11 llc-0b2 1 0 0 0 0
l1d_u0-11 llc-0b3 1 0 0 0 0
l1d_u0-11 llc-0b4 1 0 0 0 0
l1d_u0-11 llc-0b5 1 0 0 0 0
l1d_u0-11 llc-0b6 1 0 0 0 0
l1d_u0-11 llc-0b7 1 0 0 0 0
l1d_u0-11 llc-0b8 1 0 0 0 0
l1d_u0-11 llc-0b9 1 0 0 0 0
l1d_u0-11 llc-0b10 1 0 0 0 0
l1d_u0-11 llc-0b11 1 0 0 0 0
l1d_u0-11 llc-0b12 1 0 0 0 0
l1d_u0-11 llc-0b13 1 0 0 0 0
l1d_u0-11 llc-0b14 1 0 0 0 0
l1d_u0-11 llc-0b15 1 0 0 0 0
l1d_u0-11 llc-0b16 1 0 0 0 0
l1d_u0-11 llc-0b17 1 0 0 0 0
l1d_u0-11 llc-0b18 1 0 0 0 0
l1d_u0-11 llc-0b19 1 0 0 0 0
l1d_u0-11 llc-0b20 1 0 0 0 0
l1d_u0-11 llc-0b21 1 0 0 0 0
l1d_u0-11 llc-0b22 1 0 0 0 0
l1d_u0-11 llc-0b23 1 0 0 0 0
l1d_u0-11 llc-0b24 1 0 0 0 0
l1d_u0-11 llc-0b25 1 0 0 0 0
l1d_u0-11 llc-0b26 1 0 0 0 0
l1d_u0-11 llc-0b27 1 0 0 0 0
l1d_u0-11 llc-0b28 1 0 0 0 0
l1d_u0-11 llc-0b29 1 0 0 0 0
l1d_u0-11 llc-0b30 1 0 0 0 0
l1d_u0-11 llc-0b31 1 0 0 0 0
l1d_u0-12 llc-0b0 1 0 0 0 0
l1d_u0-12 llc-0b1 1 0 0 0 0
l1d_u0-12 llc-0b2 1 0 0 0 0
l1d_u0-12 llc-0b3 1 0 0 0 0
l1d_u0-12 llc-0b4 1 0 0 0 0
l1d_u0-12 llc-0b5 1 0 0 0 0
l1d_u0-12 llc-0b6 1 0 0 0 0
l1d_u0-12 llc-0b7 1 0 0 0 0
l1d_u0-12 llc-0b8 1 0 0 0 0
l1d_u0-12 llc-0b9 1 0 0 0 0
l1d_u0-12 llc-0b10 1 0 0 0 0
l1d_u0-12 llc-0b11 1 0 0 0 0
l1d_u0-12 llc-0b12 1 0 0 0 0
l1d_u0-12 llc-0b13 1 0 0 0 0
l1d_u0-12 llc-0b14 1 0 0 0 0
l1d_u0-12 llc-0b15 1 0 0 0 0
l1d_u0-12 llc-0b16 1 0 0 0 0
l1d_u0-12 llc-0b17 1 0 0 0 0
l1d_u0-12 llc-0b18 1 0 0 0 0
l1d_u0-12 llc-0b19 1 0 0 0 0
l1d_u0-12 llc-0b20 1 0 0 0 0
l1d_u0-12 llc-0b21 1 0 0 0 0
l1d_u0-12 llc-0b22 1 0 0 0 0
l1d_u0-12 llc-0b23 1 0 0 0 0
l1d_u0-12 llc-0b24 1 0 0 0 0
l1d_u0-12 llc-0b25 1 0 0 0 0
l1d_u0-12 llc-0b26 1 0 0 0 0
l1d_u0-12 llc-0b27 1 0 0 0 0
l1d_u0-12 llc-0b28 1 0 0 0 0
l1d_u0-12 llc-0b29 1 0 0 0 0
l1d_u0-12 llc-0b30 1 0 0 0 0
l1d_u0-12 llc-0b31 1 0 0 0 0
l1d_u0-13 llc-0b0 1 0 0 0 0
l1d_u0-13 llc-0b1 1 0 0 0 0
l1d_u0-13 llc-0b2 1 0 0 0 0
l1d_u0-13 llc-0b3 1 0 0 0 0
l1d_u0-13 llc-0b4 1 0 0 0 0
l1d_u0-13 llc-0b5 1 0 0 0 0
l1d_u0-13 llc-0b6 1 0 0 0 0
l1d_u0-13 llc-0b7 1 0 0 0 0
l1d_u0-13 llc-0b8 1 0 0 0 0
l1d_u0-13 llc-0b9 1 0 0 0 0
l1d_u0-13 llc-0b10 1 0 0 0 0
l1d_u0-13 llc-0b11 1 0 0 0 0
l1d_u0-13 llc-0b12 1 0 0 0 0
l1d_u0-13 llc-0b13 1 0 0 0 0
l1d_u0-13 llc-0b14 1 0 0 0 0
l1d_u0-13 llc-0b15 1 0 0 0 0
l1d_u0-13 llc-0b16 1 0 0 0 0
l1d_u0-13 llc-0b17 1 0 0 0 0
l1d_u0-13 llc-0b18 1 0 0 0 0
l1d_u0-13 llc-0b19 1 0 0 0 0
l1d_u0-13 llc-0b20 1 0 0 0 0
l1d_u0-13 llc-0b21 1 0 0 0 0
l1d_u0-13 llc-0b22 1 0 0 0 0
l1d_u0-13 llc-0b23 1 0 0 0 0
l1d_u0-13 llc-0b24 1 0 0 0 0
l1d_u0-13 llc-0b25 1 0 0 0 0
l1d_u0-13 llc-0b26 1 0 0 0 0
l1d_u0-13 llc-0b27 1 0 0 0 0
l1d_u0-13 llc-0b28 1 0 0 0 0
l1d_u0-13 llc-0b29 1 0 0 0 0
l1d_u0-13 llc-0b30 1 0 0 0 0
l1d_u0-13 llc-0b31 1 0 0 0 0
l1d_u0-14 llc-0b0 1 0 0 0 0
l1d_u0-14 llc-0b1 1 0 0 0 0
l1d_u0-14 llc-0b2 1 0 0 0 0
l1d_u0-14 llc-0b3 1 0 0 0 0
l1d_u0-14 llc-0b4 1 0 0 0 0
l1d_u0-14 llc-0b5 1 0 0 0 0
l1d_u0-14 llc-0b6 1 0 0 0 0
l1d_u0-14 llc-0b7 1 0 0 0 0
l1d_u0-14 llc-0b8 1 0 0 0 0
l1d_u0-14 llc-0b9 1 0 0 0 0
l1d_u0-14 llc-0b10 1 0 0 0 0
l1d_u0-14 llc-0b11 1 0 0 0 0
l1d_u0-14 llc-0b12 1 0 0 0 0
l1d_u0-14 llc-0b13 1 0 0 0 0
l1d_u0-14 llc-0b14 1 0 0 0 0
l1d_u0-14 llc-0b15 1 0 0 0 0
l1d_u0-14 llc-0b16 1 0 0 0 0
l1d_u0-14 llc-0b17 1 0 0 0 0
l1d_u0-14 llc-0b18 1 0 0 0 0
l1d_u0-14 llc-0b19 1 0 0 0 0
l1d_u0-14 llc-0b20 1 0 0 0 0
l1d_u0-14 llc-0b21 1 0 0 0 0
l1d_u0-14 llc-0b22 1 0 0 0 0
l1d_u0-14 llc-0b23 1 0 0 0 0
l1d_u0-14 llc-0b24 1 0 0 0 0
l1d_u0-14 llc-0b25 1 0 0 0 0
l1d_u0-14 llc-0b26 1 0 0 0 0
l1d_u0-14 llc-0b27 1 0 0 0 0
l1d_u0-14 llc-0b28 1 0 0 0 0
l1d_u0-14 llc-0b29 1 0 0 0 0
l1d_u0-14 llc-0b30 1 0 0 0 0
l1d_u0-14 llc-0b31 1 0 0 0 0
l1d_u0-15 llc-0b0 1 0 0 0 0
l1d_u0-15 llc-0b1 1 0 0 0 0
l1d_u0-15 llc-0b2 1 0 0 0 0
l1d_u0-15 llc-0b3 1 0 0 0 0
l1d_u0-15 llc-0b4 1 0 0 0 0
l1d_u0-15 llc-0b5 1 0 0 0 0
l1d_u0-15 llc-0b6 1 0 0 0 0
l1d_u0-15 llc-0b7 1 0 0 0 0
l1d_u0-15 llc-0b8 1 0 0 0 0
l1d_u0-15 llc-0b9 1 0 0 0 0
l1d_u0-15 llc-0b10 1 0 0 0 0
l1d_u0-15 llc-0b11 1 0 0 0 0
l1d_u0-15 llc-0b12 1 0 0 0 0
l1d_u0-15 llc-0b13 1 0 0 0 0
l1d_u0-15 llc-0b14 1 0 0 0 0
l1d_u0-15 llc-0b15 1 0 0 0 0
l1d_u0-15 llc-0b16 1 0 0 0 0
l1d_u0-15 llc-0b17 1 0 0 0 0
l1d_u0-15 llc-0b18 1 0 0 0 0
l1d_u0-15 llc-0b19 1 0 0 0 0
l1d_u0-15 llc-0b20 1 0 0 0 0
l1d_u0-15 llc-0b21 1 0 0 0 0
l1d_u0-15 llc-0b22 1 0 0 0 0
l1d_u0-15 llc-0b23 1 0 0 0 0
l1d_u0-15 llc-0b24 1 0 0 0 0
l1d_u0-15 llc-0b25 1 0 0 0 0
l1d_u0-15 llc-0b26 1 0 0 0 0
l1d_u0-15 llc-0b27 1 0 0 0 0
l1d_u0-15 llc-0b28 1 0 0 0 0
l1d_u0-15 llc-0b29 1 0 0 0 0
l1d_u0-15 llc-0b30 1 0 0 0 0
l1d_u0-15 llc-0b31 1 0 0 0 0
l1i_u1-0 llc-0b0 1 1 0 1 0
l1i_u1-0 llc-0b1 1 1 0 1 0
l1i_u1-0 llc-0b2 1 1 0 1 0
l1i_u1-0 llc-0b3 1 1 0 1 0
l1i_u1-0 llc-0b4 1 1 0 1 0
l1i_u1-0 llc-0b5 1 1 0 1 0
l1i_u1-0 llc-0b6 1 1 0 1 0
l1i_u1-0 llc-0b7 1 1 0 1 0
l1i_u1-0 llc-0b8 1 1 0 1 0
l1i_u1-0 llc-0b9 1 1 0 1 0
l1i_u1-0 llc-0b10 1 1 0 1 0
l1i_u1-0 llc-0b11 1 1 0 1 0
l1i_u1-0 llc-0b12 1 1 0 1 0
l1i_u1-0 llc-0b13 1 1 0 1 0
l1i_u1-0 llc-0b14 1 1 0 1 0
l1i_u1-0 llc-0b15 1 1 0 1 0
l1i_u1-0 llc-0b16 1 1 0 1 0
l1i_u1-0 llc-0b17 1 1 0 1 0
l1i_u1-0 llc-0b18 1 1 0 1 0
l1i_u1-0 llc-0b19 1 1 0 1 0
l1i_u1-0 llc-0b20 1 1 0 1 0
l1i_u1-0 llc-0b21 1 1 0 1 0
l1i_u1-0 llc-0b22 1 1 0 1 0
l1i_u1-0 llc-0b23 1 1 0 1 0
l1i_u1-0 llc-0b24 1 1 0 1 0
l1i_u1-0 llc-0b25 1 1 0 1 0
l1i_u1-0 llc-0b26 1 1 0 1 0
l1i_u1-0 llc-0b27 1 1 0 1 0
l1i_u1-0 llc-0b28 1 1 0 1 0
l1i_u1-0 llc-0b29 1 1 0 1 0
l1i_u1-0 llc-0b30 1 1 0 1 0
l1i_u1-0 llc-0b31 1 1 0 1 0
l1i_u1-1 llc-0b0 1 1 0 1 0
l1i_u1-1 llc-0b1 1 1 0 1 0
l1i_u1-1 llc-0b2 1 1 0 1 0
l1i_u1-1 llc-0b3 1 1 0 1 0
l1i_u1-1 llc-0b4 1 1 0 1 0
l1i_u1-1 llc-0b5 1 1 0 1 0
l1i_u1-1 llc-0b6 1 1 0 1 0
l1i_u1-1 llc-0b7 1 1 0 1 0
l1i_u1-1 llc-0b8 1 1 0 1 0
l1i_u1-1 llc-0b9 1 1 0 1 0
l1i_u1-1 llc-0b10 1 1 0 1 0
l1i_u1-1 llc-0b11 1 1 0 1 0
l1i_u1-1 llc-0b12 1 1 0 1 0
l1i_u1-1 llc-0b13 1 1 0 1 0
l1i_u1-1 llc-0b14 1 1 0 1 0
l1i_u1-1 llc-0b15 1 1 0 1 0
l1i_u1-1 llc-0b16 1 1 0 1 0
l1i_u1-1 llc-0b17 1 1 0 1 0
l1i_u1-1 llc-0b18 1 1 0 1 0
l1i_u1-1 llc-0b19 1 1 0 1 0
l1i_u1-1 llc-0b20 1 1 0 1 0
l1i_u1-1 llc-0b21 1 1 0 1 0
l1i_u1-1 llc-0b22 1 1 0 1 0
l1i_u1-1 llc-0b23 1 1 0 1 0
l1i_u1-1 llc-0b24 1 1 0 1 0
l1i_u1-1 llc-0b25 1 1 0 1 0
l1i_u1-1 llc-0b26 1 1 0 1 0
l1i_u1-1 llc-0b27 1 1 0 1 0
l1i_u1-1 llc-0b28 1 1 0 1 0
l1i_u1-1 llc-0b29 1 1 0 1 0
l1i_u1-1 llc-0b30 1 1 0 1 0
l1i_u1-1 llc-0b31 1 1 0 1 0
l1i_u1-2 llc-0b0 1 1 0 1 0
l1i_u1-2 llc-0b1 1 1 0 1 0
l1i_u1-2 llc-0b2 1 1 0 1 0
l1i_u1-2 llc-0b3 1 1 0 1 0
l1i_u1-2 llc-0b4 1 1 0 1 0
l1i_u1-2 llc-0b5 1 1 0 1 0
l1i_u1-2 llc-0b6 1 1 0 1 0
l1i_u1-2 llc-0b7 1 1 0 1 0
l1i_u1-2 llc-0b8 1 1 0 1 0
l1i_u1-2 llc-0b9 1 1 0 1 0
l1i_u1-2 llc-0b10 1 1 0 1 0
l1i_u1-2 llc-0b11 1 1 0 1 0
l1i_u1-2 llc-0b12 1 1 0 1 0
l1i_u1-2 llc-0b13 1 1 0 1 0
l1i_u1-2 llc-0b14 1 1 0 1 0
l1i_u1-2 llc-0b15 1 1 0 1 0
l1i_u1-2 llc-0b16 1 1 0 1 0
l1i_u1-2 llc-0b17 1 1 0 1 0
l1i_u1-2 llc-0b18 1 1 0 1 0
l1i_u1-2 llc-0b19 1 1 0 1 0
l1i_u1-2 llc-0b20 1 1 0 1 0
l1i_u1-2 llc-0b21 1 1 0 1 0
l1i_u1-2 llc-0b22 1 1 0 1 0
l1i_u1-2 llc-0b23 1 1 0 1 0
l1i_u1-2 llc-0b24 1 1 0 1 0
l1i_u1-2 llc-0b25 1 1 0 1 0
l1i_u1-2 llc-0b26 1 1 0 1 0
l1i_u1-2 llc-0b27 1 1 0 1 0
l1i_u1-2 llc-0b28 1 1 0 1 0
l1i_u1-2 llc-0b29 1 1 0 1 0
l1i_u1-2 llc-0b30 1 1 0 1 0
l1i_u1-2 llc-0b31 1 1 0 1 0
l1i_u1-3 llc-0b0 1 1 0 1 0
l1i_u1-3 llc-0b1 1 1 0 1 0
l1i_u1-3 llc-0b2 1 1 0 1 0
l1i_u1-3 llc-0b3 1 1 0 1 0
l1i_u1-3 llc-0b4 1 1 0 1 0
l1i_u1-3 llc-0b5 1 1 0 1 0
l1i_u1-3 llc-0b6 1 1 0 1 0
l1i_u1-3 llc-0b7 1 1 0 1 0
l1i_u1-3 llc-0b8 1 1 0 1 0
l1i_u1-3 llc-0b9 1 1 0 1 0
l1i_u1-3 llc-0b10 1 1 0 1 0
l1i_u1-3 llc-0b11 1 1 0 1 0
l1i_u1-3 llc-0b12 1 1 0 1 0
l1i_u1-3 llc-0b13 1 1 0 1 0
l1i_u1-3 llc-0b14 1 1 0 1 0
l1i_u1-3 llc-0b15 1 1 0 1 0
l1i_u1-3 llc-0b16 1 1 0 1 0
l1i_u1-3 llc-0b17 1 1 0 1 0
l1i_u1-3 llc-0b18 1 1 0 1 0
l1i_u1-3 llc-0b19 1 1 0 1 0
l1i_u1-3 llc-0b20 1 1 0 1 0
l1i_u1-3 llc-0b21 1 1 0 1 0
l1i_u1-3 llc-0b22 1 1 0 1 0
l1i_u1-3 llc-0b23 1 1 0 1 0
l1i_u1-3 llc-0b24 1 1 0 1 0
l1i_u1-3 llc-0b25 1 1 0 1 0
l1i_u1-3 llc-0b26 1 1 0 1 0
l1i_u1-3 llc-0b27 1 1 0 1 0
l1i_u1-3 llc-0b28 1 1 0 1 0
l1i_u1-3 llc-0b29 1 1 0 1 0
l1i_u1-3 llc-0b30 1 1 0 1 0
l1i_u1-3 llc-0b31 1 1 0 1 0
l1i_u1-4 llc-0b0 1 1 0 1 0
l1i_u1-4 llc-0b1 1 1 0 1 0
l1i_u1-4 llc-0b2 1 1 0 1 0
l1i_u1-4 llc-0b3 1 1 0 1 0
l1i_u1-4 llc-0b4 1 1 0 1 0
l1i_u1-4 llc-0b5 1 1 0 1 0
l1i_u1-4 llc-0b6 1 1 0 1 0
l1i_u1-4 llc-0b7 1 1 0 1 0
l1i_u1-4 llc-0b8 1 1 0 1 0
l1i_u1-4 llc-0b9 1 1 0 1 0
l1i_u1-4 llc-0b10 1 1 0 1 0
l1i_u1-4 llc-0b11 1 1 0 1 0
l1i_u1-4 llc-0b12 1 1 0 1 0
l1i_u1-4 llc-0b13 1 1 0 1 0
l1i_u1-4 llc-0b14 1 1 0 1 0
l1i_u1-4 llc-0b15 1 1 0 1 0
l1i_u1-4 llc-0b16 1 1 0 1 0
l1i_u1-4 llc-0b17 1 1 0 1 0
l1i_u1-4 llc-0b18 1 1 0 1 0
l1i_u1-4 llc-0b19 1 1 0 1 0
l1i_u1-4 llc-0b20 1 1 0 1 0
l1i_u1-4 llc-0b21 1 1 0 1 0
l1i_u1-4 llc-0b22 1 1 0 1 0
l1i_u1-4 llc-0b23 1 1 0 1 0
l1i_u1-4 llc-0b24 1 1 0 1 0
l1i_u1-4 llc-0b25 1 1 0 1 0
l1i_u1-4 llc-0b26 1 1 0 1 0
l1i_u1-4 llc-0b27 1 1 0 1 0
l1i_u1-4 llc-0b28 1 1 0 1 0
l1i_u1-4 llc-0b29 1 1 0 1 0
l1i_u1-4 llc-0b30 1 1 0 1 0
l1i_u1-4 llc-0b31 1 1 0 1 0
l1i_u1-5 llc-0b0 1 1 0 1 0
l1i_u1-5 llc-0b1 1 1 0 1 0
l1i_u1-5 llc-0b2 1 1 0 1 0
l1i_u1-5 llc-0b3 1 1 0 1 0
l1i_u1-5 llc-0b4 1 1 0 1 0
l1i_u1-5 llc-0b5 1 1 0 1 0
l1i_u1-5 llc-0b6 1 1 0 1 0
l1i_u1-5 llc-0b7 1 1 0 1 0
l1i_u1-5 llc-0b8 1 1 0 1 0
l1i_u1-5 llc-0b9 1 1 0 1 0
l1i_u1-5 llc-0b10 1 1 0 1 0
l1i_u1-5 llc-0b11 1 1 0 1 0
l1i_u1-5 llc-0b12 1 1 0 1 0
l1i_u1-5 llc-0b13 1 1 0 1 0
l1i_u1-5 llc-0b14 1 1 0 1 0
l1i_u1-5 llc-0b15 1 1 0 1 0
l1i_u1-5 llc-0b16 1 1 0 1 0
l1i_u1-5 llc-0b17 1 1 0 1 0
l1i_u1-5 llc-0b18 1 1 0 1 0
l1i_u1-5 llc-0b19 1 1 0 1 0
l1i_u1-5 llc-0b20 1 1 0 1 0
l1i_u1-5 llc-0b21 1 1 0 1 0
l1i_u1-5 llc-0b22 1 1 0 1 0
l1i_u1-5 llc-0b23 1 1 0 1 0
l1i_u1-5 llc-0b24 1 1 0 1 0
l1i_u1-5 llc-0b25 1 1 0 1 0
l1i_u1-5 llc-0b26 1 1 0 1 0
l1i_u1-5 llc-0b27 1 1 0 1 0
l1i_u1-5 llc-0b28 1 1 0 1 0
l1i_u1-5 llc-0b29 1 1 0 1 0
l1i_u1-5 llc-0b30 1 1 0 1 0
l1i_u1-5 llc-0b31 1 1 0 1 0
l1i_u1-6 llc-0b0 1 1 0 1 0
l1i_u1-6 llc-0b1 1 1 0 1 0
l1i_u1-6 llc-0b2 1 1 0 1 0
l1i_u1-6 llc-0b3 1 1 0 1 0
l1i_u1-6 llc-0b4 1 1 0 1 0
l1i_u1-6 llc-0b5 1 1 0 1 0
l1i_u1-6 llc-0b6 1 1 0 1 0
l1i_u1-6 llc-0b7 1 1 0 1 0
l1i_u1-6 llc-0b8 1 1 0 1 0
l1i_u1-6 llc-0b9 1 1 0 1 0
l1i_u1-6 llc-0b10 1 1 0 1 0
l1i_u1-6 llc-0b11 1 1 0 1 0
l1i_u1-6 llc-0b12 1 1 0 1 0
l1i_u1-6 llc-0b13 1 1 0 1 0
l1i_u1-6 llc-0b14 1 1 0 1 0
l1i_u1-6 llc-0b15 1 1 0 1 0
l1i_u1-6 llc-0b16 1 1 0 1 0
l1i_u1-6 llc-0b17 1 1 0 1 0
l1i_u1-6 llc-0b18 1 1 0 1 0
l1i_u1-6 llc-0b19 1 1 0 1 0
l1i_u1-6 llc-0b20 1 1 0 1 0
l1i_u1-6 llc-0b21 1 1 0 1 0
l1i_u1-6 llc-0b22 1 1 0 1 0
l1i_u1-6 llc-0b23 1 1 0 1 0
l1i_u1-6 llc-0b24 1 1 0 1 0
l1i_u1-6 llc-0b25 1 1 0 1 0
l1i_u1-6 llc-0b26 1 1 0 1 0
l1i_u1-6 llc-0b27 1 1 0 1 0
l1i_u1-6 llc-0b28 1 1 0 1 0
l1i_u1-6 llc-0b29 1 1 0 1 0
l1i_u1-6 llc-0b30 1 1 0 1 0
l1i_u1-6 llc-0b31 1 1 0 1 0
l1i_u1-7 llc-0b0 1 1 0 1 0
l1i_u1-7 llc-0b1 1 1 0 1 0
l1i_u1-7 llc-0b2 1 1 0 1 0
l1i_u1-7 llc-0b3 1 1 0 1 0
l1i_u1-7 llc-0b4 1 1 0 1 0
l1i_u1-7 llc-0b5 1 1 0 1 0
l1i_u1-7 llc-0b6 1 1 0 1 0
l1i_u1-7 llc-0b7 1 1 0 1 0
l1i_u1-7 llc-0b8 1 1 0 1 0
l1i_u1-7 llc-0b9 1 1 0 1 0
l1i_u1-7 llc-0b10 1 1 0 1 0
l1i_u1-7 llc-0b11 1 1 0 1 0
l1i_u1-7 llc-0b12 1 1 0 1 0
l1i_u1-7 llc-0b13 1 1 0 1 0
l1i_u1-7 llc-0b14 1 1 0 1 0
l1i_u1-7 llc-0b15 1 1 0 1 0
l1i_u1-7 llc-0b16 1 1 0 1 0
l1i_u1-7 llc-0b17 1 1 0 1 0
l1i_u1-7 llc-0b18 1 1 0 1 0
l1i_u1-7 llc-0b19 1 1 0 1 0
l1i_u1-7 llc-0b20 1 1 0 1 0
l1i_u1-7 llc-0b21 1 1 0 1 0
l1i_u1-7 llc-0b22 1 1 0 1 0
l1i_u1-7 llc-0b23 1 1 0 1 0
l1i_u1-7 llc-0b24 1 1 0 1 0
l1i_u1-7 llc-0b25 1 1 0 1 0
l1i_u1-7 llc-0b26 1 1 0 1 0
l1i_u1-7 llc-0b27 1 1 0 1 0
l1i_u1-7 llc-0b28 1 1 0 1 0
l1i_u1-7 llc-0b29 1 1 0 1 0
l1i_u1-7 llc-0b30 1 1 0 1 0
l1i_u1-7 llc-0b31 1 1 0 1 0
l1i_u1-8 llc-0b0 1 1 0 1 0
l1i_u1-8 llc-0b1 1 1 0 1 0
l1i_u1-8 llc-0b2 1 1 0 1 0
l1i_u1-8 llc-0b3 1 1 0 1 0
l1i_u1-8 llc-0b4 1 1 0 1 0
l1i_u1-8 llc-0b5 1 1 0 1 0
l1i_u1-8 llc-0b6 1 1 0 1 0
l1i_u1-8 llc-0b7 1 1 0 1 0
l1i_u1-8 llc-0b8 1 1 0 1 0
l1i_u1-8 llc-0b9 1 1 0 1 0
l1i_u1-8 llc-0b10 1 1 0 1 0
l1i_u1-8 llc-0b11 1 1 0 1 0
l1i_u1-8 llc-0b12 1 1 0 1 0
l1i_u1-8 llc-0b13 1 1 0 1 0
l1i_u1-8 llc-0b14 1 1 0 1 0
l1i_u1-8 llc-0b15 1 1 0 1 0
l1i_u1-8 llc-0b16 1 1 0 1 0
l1i_u1-8 llc-0b17 1 1 0 1 0
l1i_u1-8 llc-0b18 1 1 0 1 0
l1i_u1-8 llc-0b19 1 1 0 1 0
l1i_u1-8 llc-0b20 1 1 0 1 0
l1i_u1-8 llc-0b21 1 1 0 1 0
l1i_u1-8 llc-0b22 1 1 0 1 0
l1i_u1-8 llc-0b23 1 1 0 1 0
l1i_u1-8 llc-0b24 1 1 0 1 0
l1i_u1-8 llc-0b25 1 1 0 1 0
l1i_u1-8 llc-0b26 1 1 0 1 0
l1i_u1-8 llc-0b27 1 1 0 1 0
l1i_u1-8 llc-0b28 1 1 0 1 0
l1i_u1-8 llc-0b29 1 1 0 1 0
l1i_u1-8 llc-0b30 1 1 0 1 0
l1i_u1-8 llc-0b31 1 1 0 1 0
l1i_u1-9 llc-0b0 1 1 0 1 0
l1i_u1-9 llc-0b1 1 1 0 1 0
l1i_u1-9 llc-0b2 1 1 0 1 0
l1i_u1-9 llc-0b3 1 1 0 1 0
l1i_u1-9 llc-0b4 1 1 0 1 0
l1i_u1-9 llc-0b5 1 1 0 1 0
l1i_u1-9 llc-0b6 1 1 0 1 0
l1i_u1-9 llc-0b7 1 1 0 1 0
l1i_u1-9 llc-0b8 1 1 0 1 0
l1i_u1-9 llc-0b9 1 1 0 1 0
l1i_u1-9 llc-0b10 1 1 0 1 0
l1i_u1-9 llc-0b11 1 1 0 1 0
l1i_u1-9 llc-0b12 1 1 0 1 0
l1i_u1-9 llc-0b13 1 1 0 1 0
l1i_u1-9 llc-0b14 1 1 0 1 0
l1i_u1-9 llc-0b15 1 1 0 1 0
l1i_u1-9 llc-0b16 1 1 0 1 0
l1i_u1-9 llc-0b17 1 1 0 1 0
l1i_u1-9 llc-0b18 1 1 0 1 0
l1i_u1-9 llc-0b19 1 1 0 1 0
l1i_u1-9 llc-0b20 1 1 0 1 0
l1i_u1-9 llc-0b21 1 1 0 1 0
l1i_u1-9 llc-0b22 1 1 0 1 0
l1i_u1-9 llc-0b23 1 1 0 1 0
l1i_u1-9 llc-0b24 1 1 0 1 0
l1i_u1-9 llc-0b25 1 1 0 1 0
l1i_u1-9 llc-0b26 1 1 0 1 0
l1i_u1-9 llc-0b27 1 1 0 1 0
l1i_u1-9 llc-0b28 1 1 0 1 0
l1i_u1-9 llc-0b29 1 1 0 1 0
l1i_u1-9 llc-0b30 1 1 0 1 0
l1i_u1-9 llc-0b31 1 1 0 1 0
l1i_u1-10 llc-0b0 1 1 0 1 0
l1i_u1-10 llc-0b1 1 1 0 1 0
l1i_u1-10 llc-0b2 1 1 0 1 0
l1i_u1-10 llc-0b3 1 1 0 1 0
l1i_u1-10 llc-0b4 1 1 0 1 0
l1i_u1-10 llc-0b5 1 1 0 1 0
l1i_u1-10 llc-0b6 1 1 0 1 0
l1i_u1-10 llc-0b7 1 1 0 1 0
l1i_u1-10 llc-0b8 1 1 0 1 0
l1i_u1-10 llc-0b9 1 1 0 1 0
l1i_u1-10 llc-0b10 1 1 0 1 0
l1i_u1-10 llc-0b11 1 1 0 1 0
l1i_u1-10 llc-0b12 1 1 0 1 0
l1i_u1-10 llc-0b13 1 1 0 1 0
l1i_u1-10 llc-0b14 1 1 0 1 0
l1i_u1-10 llc-0b15 1 1 0 1 0
l1i_u1-10 llc-0b16 1 1 0 1 0
l1i_u1-10 llc-0b17 1 1 0 1 0
l1i_u1-10 llc-0b18 1 1 0 1 0
l1i_u1-10 llc-0b19 1 1 0 1 0
l1i_u1-10 llc-0b20 1 1 0 1 0
l1i_u1-10 llc-0b21 1 1 0 1 0
l1i_u1-10 llc-0b22 1 1 0 1 0
l1i_u1-10 llc-0b23 1 1 0 1 0
l1i_u1-10 llc-0b24 1 1 0 1 0
l1i_u1-10 llc-0b25 1 1 0 1 0
l1i_u1-10 llc-0b26 1 1 0 1 0
l1i_u1-10 llc-0b27 1 1 0 1 0
l1i_u1-10 llc-0b28 1 1 0 1 0
l1i_u1-10 llc-0b29 1 1 0 1 0
l1i_u1-10 llc-0b30 1 1 0 1 0
l1i_u1-10 llc-0b31 1 1 0 1 0
l1i_u1-11 llc-0b0 1 1 0 1 0
l1i_u1-11 llc-0b1 1 1 0 1 0
l1i_u1-11 llc-0b2 1 1 0 1 0
l1i_u1-11 llc-0b3 1 1 0 1 0
l1i_u1-11 llc-0b4 1 1 0 1 0
l1i_u1-11 llc-0b5 1 1 0 1 0
l1i_u1-11 llc-0b6 1 1 0 1 0
l1i_u1-11 llc-0b7 1 1 0 1 0
l1i_u1-11 llc-0b8 1 1 0 1 0
l1i_u1-11 llc-0b9 1 1 0 1 0
l1i_u1-11 llc-0b10 1 1 0 1 0
l1i_u1-11 llc-0b11 1 1 0 1 0
l1i_u1-11 llc-0b12 1 1 0 1 0
l1i_u1-11 llc-0b13 1 1 0 1 0
l1i_u1-11 llc-0b14 1 1 0 1 0
l1i_u1-11 llc-0b15 1 1 0 1 0
l1i_u1-11 llc-0b16 1 1 0 1 0
l1i_u1-11 llc-0b17 1 1 0 1 0
l1i_u1-11 llc-0b18 1 1 0 1 0
l1i_u1-11 llc-0b19 1 1 0 1 0
l1i_u1-11 llc-0b20 1 1 0 1 0
l1i_u1-11 llc-0b21 1 1 0 1 0
l1i_u1-11 llc-0b22 1 1 0 1 0
l1i_u1-11 llc-0b23 1 1 0 1 0
l1i_u1-11 llc-0b24 1 1 0 1 0
l1i_u1-11 llc-0b25 1 1 0 1 0
l1i_u1-11 llc-0b26 1 1 0 1 0
l1i_u1-11 llc-0b27 1 1 0 1 0
l1i_u1-11 llc-0b28 1 1 0 1 0
l1i_u1-11 llc-0b29 1 1 0 1 0
l1i_u1-11 llc-0b30 1 1 0 1 0
l1i_u1-11 llc-0b31 1 1 0 1 0
l1i_u1-12 llc-0b0 1 1 0 1 0
l1i_u1-12 llc-0b1 1 1 0 1 0
l1i_u1-12 llc-0b2 1 1 0 1 0
l1i_u1-12 llc-0b3 1 1 0 1 0
l1i_u1-12 llc-0b4 1 1 0 1 0
l1i_u1-12 llc-0b5 1 1 0 1 0
l1i_u1-12 llc-0b6 1 1 0 1 0
l1i_u1-12 llc-0b7 1 1 0 1 0
l1i_u1-12 llc-0b8 1 1 0 1 0
l1i_u1-12 llc-0b9 1 1 0 1 0
l1i_u1-12 llc-0b10 1 1 0 1 0
l1i_u1-12 llc-0b11 1 1 0 1 0
l1i_u1-12 llc-0b12 1 1 0 1 0
l1i_u1-12 llc-0b13 1 1 0 1 0
l1i_u1-12 llc-0b14 1 1 0 1 0
l1i_u1-12 llc-0b15 1 1 0 1 0
l1i_u1-12 llc-0b16 1 1 0 1 0
l1i_u1-12 llc-0b17 1 1 0 1 0
l1i_u1-12 llc-0b18 1 1 0 1 0
l1i_u1-12 llc-0b19 1 1 0 1 0
l1i_u1-12 llc-0b20 1 1 0 1 0
l1i_u1-12 llc-0b21 1 1 0 1 0
l1i_u1-12 llc-0b22 1 1 0 1 0
l1i_u1-12 llc-0b23 1 1 0 1 0
l1i_u1-12 llc-0b24 1 1 0 1 0
l1i_u1-12 llc-0b25 1 1 0 1 0
l1i_u1-12 llc-0b26 1 1 0 1 0
l1i_u1-12 llc-0b27 1 1 0 1 0
l1i_u1-12 llc-0b28 1 1 0 1 0
l1i_u1-12 llc-0b29 1 1 0 1 0
l1i_u1-12 llc-0b30 1 1 0 1 0
l1i_u1-12 llc-0b31 1 1 0 1 0
l1i_u1-13 llc-0b0 1 1 0 1 0
l1i_u1-13 llc-0b1 1 1 0 1 0
l1i_u1-13 llc-0b2 1 1 0 1 0
l1i_u1-13 llc-0b3 1 1 0 1 0
l1i_u1-13 llc-0b4 1 1 0 1 0
l1i_u1-13 llc-0b5 1 1 0 1 0
l1i_u1-13 llc-0b6 1 1 0 1 0
l1i_u1-13 llc-0b7 1 1 0 1 0
l1i_u1-13 llc-0b8 1 1 0 1 0
l1i_u1-13 llc-0b9 1 1 0 1 0
l1i_u1-13 llc-0b10 1 1 0 1 0
l1i_u1-13 llc-0b11 1 1 0 1 0
l1i_u1-13 llc-0b12 1 1 0 1 0
l1i_u1-13 llc-0b13 1 1 0 1 0
l1i_u1-13 llc-0b14 1 1 0 1 0
l1i_u1-13 llc-0b15 1 1 0 1 0
l1i_u1-13 llc-0b16 1 1 0 1 0
l1i_u1-13 llc-0b17 1 1 0 1 0
l1i_u1-13 llc-0b18 1 1 0 1 0
l1i_u1-13 llc-0b19 1 1 0 1 0
l1i_u1-13 llc-0b20 1 1 0 1 0
l1i_u1-13 llc-0b21 1 1 0 1 0
l1i_u1-13 llc-0b22 1 1 0 1 0
l1i_u1-13 llc-0b23 1 1 0 1 0
l1i_u1-13 llc-0b24 1 1 0 1 0
l1i_u1-13 llc-0b25 1 1 0 1 0
l1i_u1-13 llc-0b26 1 1 0 1 0
l1i_u1-13 llc-0b27 1 1 0 1 0
l1i_u1-13 llc-0b28 1 1 0 1 0
l1i_u1-13 llc-0b29 1 1 0 1 0
l1i_u1-13 llc-0b30 1 1 0 1 0
l1i_u1-13 llc-0b31 1 1 0 1 0
l1i_u1-14 llc-0b0 1 1 0 1 0
l1i_u1-14 llc-0b1 1 1 0 1 0
l1i_u1-14 llc-0b2 1 1 0 1 0
l1i_u1-14 llc-0b3 1 1 0 1 0
l1i_u1-14 llc-0b4 1 1 0 1 0
l1i_u1-14 llc-0b5 1 1 0 1 0
l1i_u1-14 llc-0b6 1 1 0 1 0
l1i_u1-14 llc-0b7 1 1 0 1 0
l1i_u1-14 llc-0b8 1 1 0 1 0
l1i_u1-14 llc-0b9 1 1 0 1 0
l1i_u1-14 llc-0b10 1 1 0 1 0
l1i_u1-14 llc-0b11 1 1 0 1 0
l1i_u1-14 llc-0b12 1 1 0 1 0
l1i_u1-14 llc-0b13 1 1 0 1 0
l1i_u1-14 llc-0b14 1 1 0 1 0
l1i_u1-14 llc-0b15 1 1 0 1 0
l1i_u1-14 llc-0b16 1 1 0 1 0
l1i_u1-14 llc-0b17 1 1 0 1 0
l1i_u1-14 llc-0b18 1 1 0 1 0
l1i_u1-14 llc-0b19 1 1 0 1 0
l1i_u1-14 llc-0b20 1 1 0 1 0
l1i_u1-14 llc-0b21 1 1 0 1 0
l1i_u1-14 llc-0b22 1 1 0 1 0
l1i_u1-14 llc-0b23 1 1 0 1 0
l1i_u1-14 llc-0b24 1 1 0 1 0
l1i_u1-14 llc-0b25 1 1 0 1 0
l1i_u1-14 llc-0b26 1 1 0 1 0
l1i_u1-14 llc-0b27 1 1 0 1 0
l1i_u1-14 llc-0b28 1 1 0 1 0
l1i_u1-14 llc-0b29 1 1 0 1 0
l1i_u1-14 llc-0b30 1 1 0 1 0
l1i_u1-14 llc-0b31 1 1 0 1 0
l1i_u1-15 llc-0b0 1 1 0 1 0
l1i_u1-15 llc-0b1 1 1 0 1 0
l1i_u1-15 llc-0b2 1 1 0 1 0
l1i_u1-15 llc-0b3 1 1 0 1 0
l1i_u1-15 llc-0b4 1 1 0 1 0
l1i_u1-15 llc-0b5 1 1 0 1 0
l1i_u1-15 llc-0b6 1 1 0 1 0
l1i_u1-15 llc-0b7 1 1 0 1 0
l1i_u1-15 llc-0b8 1 1 0 1 0
l1i_u1-15 llc-0b9 1 1 0 1 0
l1i_u1-15 llc-0b10 1 1 0 1 0
l1i_u1-15 llc-0b11 1 1 0 1 0
l1i_u1-15 llc-0b12 1 1 0 1 0
l1i_u1-15 llc-0b13 1 1 0 1 0
l1i_u1-15 llc-0b14 1 1 0 1 0
l1i_u1-15 llc-0b15 1 1 0 1 0
l1i_u1-15 llc-0b16 1 1 0 1 0
l1i_u1-15 llc-0b17 1 1 0 1 0
l1i_u1-15 llc-0b18 1 1 0 1 0
l1i_u1-15 llc-0b19 1 1 0 1 0
l1i_u1-15 llc-0b20 1 1 0 1 0
l1i_u1-15 llc-0b21 1 1 0 1 0
l1i_u1-15 llc-0b22 1 1 0 1 0
l1i_u1-15 llc-0b23 1 1 0 1 0
l1i_u1-15 llc-0b24 1 1 0 1 0
l1i_u1-15 llc-0b25 1 1 0 1 0
l1i_u1-15 llc-0b26 1 1 0 1 0
l1i_u1-15 llc-0b27 1 1 0 1 0
l1i_u1-15 llc-0b28 1 1 0 1 0
l1i_u1-15 llc-0b29 1 1 0 1 0
l1i_u1-15 llc-0b30 1 1 0 1 0
l1i_u1-15 llc-0b31 1 1 0 1 0
l1d_u1-0 llc-0b0 1 1 0 1 0
l1d_u1-0 llc-0b1 1 1 0 1 0
l1d_u1-0 llc-0b2 1 1 0 1 0
l1d_u1-0 llc-0b3 1 1 0 1 0
l1d_u1-0 llc-0b4 1 1 0 1 0
l1d_u1-0 llc-0b5 1 1 0 1 0
l1d_u1-0 llc-0b6 1 1 0 1 0
l1d_u1-0 llc-0b7 1 1 0 1 0
l1d_u1-0 llc-0b8 1 1 0 1 0
l1d_u1-0 llc-0b9 1 1 0 1 0
l1d_u1-0 llc-0b10 1 1 0 1 0
l1d_u1-0 llc-0b11 1 1 0 1 0
l1d_u1-0 llc-0b12 1 1 0 1 0
l1d_u1-0 llc-0b13 1 1 0 1 0
l1d_u1-0 llc-0b14 1 1 0 1 0
l1d_u1-0 llc-0b15 1 1 0 1 0
l1d_u1-0 llc-0b16 1 1 0 1 0
l1d_u1-0 llc-0b17 1 1 0 1 0
l1d_u1-0 llc-0b18 1 1 0 1 0
l1d_u1-0 llc-0b19 1 1 0 1 0
l1d_u1-0 llc-0b20 1 1 0 1 0
l1d_u1-0 llc-0b21 1 1 0 1 0
l1d_u1-0 llc-0b22 1 1 0 1 0
l1d_u1-0 llc-0b23 1 1 0 1 0
l1d_u1-0 llc-0b24 1 1 0 1 0
l1d_u1-0 llc-0b25 1 1 0 1 0
l1d_u1-0 llc-0b26 1 1 0 1 0
l1d_u1-0 llc-0b27 1 1 0 1 0
l1d_u1-0 llc-0b28 1 1 0 1 0
l1d_u1-0 llc-0b29 1 1 0 1 0
l1d_u1-0 llc-0b30 1 1 0 1 0
l1d_u1-0 llc-0b31 1 1 0 1 0
l1d_u1-1 llc-0b0 1 1 0 1 0
l1d_u1-1 llc-0b1 1 1 0 1 0
l1d_u1-1 llc-0b2 1 1 0 1 0
l1d_u1-1 llc-0b3 1 1 0 1 0
l1d_u1-1 llc-0b4 1 1 0 1 0
l1d_u1-1 llc-0b5 1 1 0 1 0
l1d_u1-1 llc-0b6 1 1 0 1 0
l1d_u1-1 llc-0b7 1 1 0 1 0
l1d_u1-1 llc-0b8 1 1 0 1 0
l1d_u1-1 llc-0b9 1 1 0 1 0
l1d_u1-1 llc-0b10 1 1 0 1 0
l1d_u1-1 llc-0b11 1 1 0 1 0
l1d_u1-1 llc-0b12 1 1 0 1 0
l1d_u1-1 llc-0b13 1 1 0 1 0
l1d_u1-1 llc-0b14 1 1 0 1 0
l1d_u1-1 llc-0b15 1 1 0 1 0
l1d_u1-1 llc-0b16 1 1 0 1 0
l1d_u1-1 llc-0b17 1 1 0 1 0
l1d_u1-1 llc-0b18 1 1 0 1 0
l1d_u1-1 llc-0b19 1 1 0 1 0
l1d_u1-1 llc-0b20 1 1 0 1 0
l1d_u1-1 llc-0b21 1 1 0 1 0
l1d_u1-1 llc-0b22 1 1 0 1 0
l1d_u1-1 llc-0b23 1 1 0 1 0
l1d_u1-1 llc-0b24 1 1 0 1 0
l1d_u1-1 llc-0b25 1 1 0 1 0
l1d_u1-1 llc-0b26 1 1 0 1 0
l1d_u1-1 llc-0b27 1 1 0 1 0
l1d_u1-1 llc-0b28 1 1 0 1 0
l1d_u1-1 llc-0b29 1 1 0 1 0
l1d_u1-1 llc-0b30 1 1 0 1 0
l1d_u1-1 llc-0b31 1 1 0 1 0
l1d_u1-2 llc-0b0 1 1 0 1 0
l1d_u1-2 llc-0b1 1 1 0 1 0
l1d_u1-2 llc-0b2 1 1 0 1 0
l1d_u1-2 llc-0b3 1 1 0 1 0
l1d_u1-2 llc-0b4 1 1 0 1 0
l1d_u1-2 llc-0b5 1 1 0 1 0
l1d_u1-2 llc-0b6 1 1 0 1 0
l1d_u1-2 llc-0b7 1 1 0 1 0
l1d_u1-2 llc-0b8 1 1 0 1 0
l1d_u1-2 llc-0b9 1 1 0 1 0
l1d_u1-2 llc-0b10 1 1 0 1 0
l1d_u1-2 llc-0b11 1 1 0 1 0
l1d_u1-2 llc-0b12 1 1 0 1 0
l1d_u1-2 llc-0b13 1 1 0 1 0
l1d_u1-2 llc-0b14 1 1 0 1 0
l1d_u1-2 llc-0b15 1 1 0 1 0
l1d_u1-2 llc-0b16 1 1 0 1 0
l1d_u1-2 llc-0b17 1 1 0 1 0
l1d_u1-2 llc-0b18 1 1 0 1 0
l1d_u1-2 llc-0b19 1 1 0 1 0
l1d_u1-2 llc-0b20 1 1 0 1 0
l1d_u1-2 llc-0b21 1 1 0 1 0
l1d_u1-2 llc-0b22 1 1 0 1 0
l1d_u1-2 llc-0b23 1 1 0 1 0
l1d_u1-2 llc-0b24 1 1 0 1 0
l1d_u1-2 llc-0b25 1 1 0 1 0
l1d_u1-2 llc-0b26 1 1 0 1 0
l1d_u1-2 llc-0b27 1 1 0 1 0
l1d_u1-2 llc-0b28 1 1 0 1 0
l1d_u1-2 llc-0b29 1 1 0 1 0
l1d_u1-2 llc-0b30 1 1 0 1 0
l1d_u1-2 llc-0b31 1 1 0 1 0
l1d_u1-3 llc-0b0 1 1 0 1 0
l1d_u1-3 llc-0b1 1 1 0 1 0
l1d_u1-3 llc-0b2 1 1 0 1 0
l1d_u1-3 llc-0b3 1 1 0 1 0
l1d_u1-3 llc-0b4 1 1 0 1 0
l1d_u1-3 llc-0b5 1 1 0 1 0
l1d_u1-3 llc-0b6 1 1 0 1 0
l1d_u1-3 llc-0b7 1 1 0 1 0
l1d_u1-3 llc-0b8 1 1 0 1 0
l1d_u1-3 llc-0b9 1 1 0 1 0
l1d_u1-3 llc-0b10 1 1 0 1 0
l1d_u1-3 llc-0b11 1 1 0 1 0
l1d_u1-3 llc-0b12 1 1 0 1 0
l1d_u1-3 llc-0b13 1 1 0 1 0
l1d_u1-3 llc-0b14 1 1 0 1 0
l1d_u1-3 llc-0b15 1 1 0 1 0
l1d_u1-3 llc-0b16 1 1 0 1 0
l1d_u1-3 llc-0b17 1 1 0 1 0
l1d_u1-3 llc-0b18 1 1 0 1 0
l1d_u1-3 llc-0b19 1 1 0 1 0
l1d_u1-3 llc-0b20 1 1 0 1 0
l1d_u1-3 llc-0b21 1 1 0 1 0
l1d_u1-3 llc-0b22 1 1 0 1 0
l1d_u1-3 llc-0b23 1 1 0 1 0
l1d_u1-3 llc-0b24 1 1 0 1 0
l1d_u1-3 llc-0b25 1 1 0 1 0
l1d_u1-3 llc-0b26 1 1 0 1 0
l1d_u1-3 llc-0b27 1 1 0 1 0
l1d_u1-3 llc-0b28 1 1 0 1 0
l1d_u1-3 llc-0b29 1 1 0 1 0
l1d_u1-3 llc-0b30 1 1 0 1 0
l1d_u1-3 llc-0b31 1 1 0 1 0
l1d_u1-4 llc-0b0 1 1 0 1 0
l1d_u1-4 llc-0b1 1 1 0 1 0
l1d_u1-4 llc-0b2 1 1 0 1 0
l1d_u1-4 llc-0b3 1 1 0 1 0
l1d_u1-4 llc-0b4 1 1 0 1 0
l1d_u1-4 llc-0b5 1 1 0 1 0
l1d_u1-4 llc-0b6 1 1 0 1 0
l1d_u1-4 llc-0b7 1 1 0 1 0
l1d_u1-4 llc-0b8 1 1 0 1 0
l1d_u1-4 llc-0b9 1 1 0 1 0
l1d_u1-4 llc-0b10 1 1 0 1 0
l1d_u1-4 llc-0b11 1 1 0 1 0
l1d_u1-4 llc-0b12 1 1 0 1 0
l1d_u1-4 llc-0b13 1 1 0 1 0
l1d_u1-4 llc-0b14 1 1 0 1 0
l1d_u1-4 llc-0b15 1 1 0 1 0
l1d_u1-4 llc-0b16 1 1 0 1 0
l1d_u1-4 llc-0b17 1 1 0 1 0
l1d_u1-4 llc-0b18 1 1 0 1 0
l1d_u1-4 llc-0b19 1 1 0 1 0
l1d_u1-4 llc-0b20 1 1 0 1 0
l1d_u1-4 llc-0b21 1 1 0 1 0
l1d_u1-4 llc-0b22 1 1 0 1 0
l1d_u1-4 llc-0b23 1 1 0 1 0
l1d_u1-4 llc-0b24 1 1 0 1 0
l1d_u1-4 llc-0b25 1 1 0 1 0
l1d_u1-4 llc-0b26 1 1 0 1 0
l1d_u1-4 llc-0b27 1 1 0 1 0
l1d_u1-4 llc-0b28 1 1 0 1 0
l1d_u1-4 llc-0b29 1 1 0 1 0
l1d_u1-4 llc-0b30 1 1 0 1 0
l1d_u1-4 llc-0b31 1 1 0 1 0
l1d_u1-5 llc-0b0 1 1 0 1 0
l1d_u1-5 llc-0b1 1 1 0 1 0
l1d_u1-5 llc-0b2 1 1 0 1 0
l1d_u1-5 llc-0b3 1 1 0 1 0
l1d_u1-5 llc-0b4 1 1 0 1 0
l1d_u1-5 llc-0b5 1 1 0 1 0
l1d_u1-5 llc-0b6 1 1 0 1 0
l1d_u1-5 llc-0b7 1 1 0 1 0
l1d_u1-5 llc-0b8 1 1 0 1 0
l1d_u1-5 llc-0b9 1 1 0 1 0
l1d_u1-5 llc-0b10 1 1 0 1 0
l1d_u1-5 llc-0b11 1 1 0 1 0
l1d_u1-5 llc-0b12 1 1 0 1 0
l1d_u1-5 llc-0b13 1 1 0 1 0
l1d_u1-5 llc-0b14 1 1 0 1 0
l1d_u1-5 llc-0b15 1 1 0 1 0
l1d_u1-5 llc-0b16 1 1 0 1 0
l1d_u1-5 llc-0b17 1 1 0 1 0
l1d_u1-5 llc-0b18 1 1 0 1 0
l1d_u1-5 llc-0b19 1 1 0 1 0
l1d_u1-5 llc-0b20 1 1 0 1 0
l1d_u1-5 llc-0b21 1 1 0 1 0
l1d_u1-5 llc-0b22 1 1 0 1 0
l1d_u1-5 llc-0b23 1 1 0 1 0
l1d_u1-5 llc-0b24 1 1 0 1 0
l1d_u1-5 llc-0b25 1 1 0 1 0
l1d_u1-5 llc-0b26 1 1 0 1 0
l1d_u1-5 llc-0b27 1 1 0 1 0
l1d_u1-5 llc-0b28 1 1 0 1 0
l1d_u1-5 llc-0b29 1 1 0 1 0
l1d_u1-5 llc-0b30 1 1 0 1 0
l1d_u1-5 llc-0b31 1 1 0 1 0
l1d_u1-6 llc-0b0 1 1 0 1 0
l1d_u1-6 llc-0b1 1 1 0 1 0
l1d_u1-6 llc-0b2 1 1 0 1 0
l1d_u1-6 llc-0b3 1 1 0 1 0
l1d_u1-6 llc-0b4 1 1 0 1 0
l1d_u1-6 llc-0b5 1 1 0 1 0
l1d_u1-6 llc-0b6 1 1 0 1 0
l1d_u1-6 llc-0b7 1 1 0 1 0
l1d_u1-6 llc-0b8 1 1 0 1 0
l1d_u1-6 llc-0b9 1 1 0 1 0
l1d_u1-6 llc-0b10 1 1 0 1 0
l1d_u1-6 llc-0b11 1 1 0 1 0
l1d_u1-6 llc-0b12 1 1 0 1 0
l1d_u1-6 llc-0b13 1 1 0 1 0
l1d_u1-6 llc-0b14 1 1 0 1 0
l1d_u1-6 llc-0b15 1 1 0 1 0
l1d_u1-6 llc-0b16 1 1 0 1 0
l1d_u1-6 llc-0b17 1 1 0 1 0
l1d_u1-6 llc-0b18 1 1 0 1 0
l1d_u1-6 llc-0b19 1 1 0 1 0
l1d_u1-6 llc-0b20 1 1 0 1 0
l1d_u1-6 llc-0b21 1 1 0 1 0
l1d_u1-6 llc-0b22 1 1 0 1 0
l1d_u1-6 llc-0b23 1 1 0 1 0
l1d_u1-6 llc-0b24 1 1 0 1 0
l1d_u1-6 llc-0b25 1 1 0 1 0
l1d_u1-6 llc-0b26 1 1 0 1 0
l1d_u1-6 llc-0b27 1 1 0 1 0
l1d_u1-6 llc-0b28 1 1 0 1 0
l1d_u1-6 llc-0b29 1 1 0 1 0
l1d_u1-6 llc-0b30 1 1 0 1 0
l1d_u1-6 llc-0b31 1 1 0 1 0
l1d_u1-7 llc-0b0 1 1 0 1 0
l1d_u1-7 llc-0b1 1 1 0 1 0
l1d_u1-7 llc-0b2 1 1 0 1 0
l1d_u1-7 llc-0b3 1 1 0 1 0
l1d_u1-7 llc-0b4 1 1 0 1 0
l1d_u1-7 llc-0b5 1 1 0 1 0
l1d_u1-7 llc-0b6 1 1 0 1 0
l1d_u1-7 llc-0b7 1 1 0 1 0
l1d_u1-7 llc-0b8 1 1 0 1 0
l1d_u1-7 llc-0b9 1 1 0 1 0
l1d_u1-7 llc-0b10 1 1 0 1 0
l1d_u1-7 llc-0b11 1 1 0 1 0
l1d_u1-7 llc-0b12 1 1 0 1 0
l1d_u1-7 llc-0b13 1 1 0 1 0
l1d_u1-7 llc-0b14 1 1 0 1 0
l1d_u1-7 llc-0b15 1 1 0 1 0
l1d_u1-7 llc-0b16 1 1 0 1 0
l1d_u1-7 llc-0b17 1 1 0 1 0
l1d_u1-7 llc-0b18 1 1 0 1 0
l1d_u1-7 llc-0b19 1 1 0 1 0
l1d_u1-7 llc-0b20 1 1 0 1 0
l1d_u1-7 llc-0b21 1 1 0 1 0
l1d_u1-7 llc-0b22 1 1 0 1 0
l1d_u1-7 llc-0b23 1 1 0 1 0
l1d_u1-7 llc-0b24 1 1 0 1 0
l1d_u1-7 llc-0b25 1 1 0 1 0
l1d_u1-7 llc-0b26 1 1 0 1 0
l1d_u1-7 llc-0b27 1 1 0 1 0
l1d_u1-7 llc-0b28 1 1 0 1 0
l1d_u1-7 llc-0b29 1 1 0 1 0
l1d_u1-7 llc-0b30 1 1 0 1 0
l1d_u1-7 llc-0b31 1 1 0 1 0
l1d_u1-8 llc-0b0 1 1 0 1 0
l1d_u1-8 llc-0b1 1 1 0 1 0
l1d_u1-8 llc-0b2 1 1 0 1 0
l1d_u1-8 llc-0b3 1 1 0 1 0
l1d_u1-8 llc-0b4 1 1 0 1 0
l1d_u1-8 llc-0b5 1 1 0 1 0
l1d_u1-8 llc-0b6 1 1 0 1 0
l1d_u1-8 llc-0b7 1 1 0 1 0
l1d_u1-8 llc-0b8 1 1 0 1 0
l1d_u1-8 llc-0b9 1 1 0 1 0
l1d_u1-8 llc-0b10 1 1 0 1 0
l1d_u1-8 llc-0b11 1 1 0 1 0
l1d_u1-8 llc-0b12 1 1 0 1 0
l1d_u1-8 llc-0b13 1 1 0 1 0
l1d_u1-8 llc-0b14 1 1 0 1 0
l1d_u1-8 llc-0b15 1 1 0 1 0
l1d_u1-8 llc-0b16 1 1 0 1 0
l1d_u1-8 llc-0b17 1 1 0 1 0
l1d_u1-8 llc-0b18 1 1 0 1 0
l1d_u1-8 llc-0b19 1 1 0 1 0
l1d_u1-8 llc-0b20 1 1 0 1 0
l1d_u1-8 llc-0b21 1 1 0 1 0
l1d_u1-8 llc-0b22 1 1 0 1 0
l1d_u1-8 llc-0b23 1 1 0 1 0
l1d_u1-8 llc-0b24 1 1 0 1 0
l1d_u1-8 llc-0b25 1 1 0 1 0
l1d_u1-8 llc-0b26 1 1 0 1 0
l1d_u1-8 llc-0b27 1 1 0 1 0
l1d_u1-8 llc-0b28 1 1 0 1 0
l1d_u1-8 llc-0b29 1 1 0 1 0
l1d_u1-8 llc-0b30 1 1 0 1 0
l1d_u1-8 llc-0b31 1 1 0 1 0
l1d_u1-9 llc-0b0 1 1 0 1 0
l1d_u1-9 llc-0b1 1 1 0 1 0
l1d_u1-9 llc-0b2 1 1 0 1 0
l1d_u1-9 llc-0b3 1 1 0 1 0
l1d_u1-9 llc-0b4 1 1 0 1 0
l1d_u1-9 llc-0b5 1 1 0 1 0
l1d_u1-9 llc-0b6 1 1 0 1 0
l1d_u1-9 llc-0b7 1 1 0 1 0
l1d_u1-9 llc-0b8 1 1 0 1 0
l1d_u1-9 llc-0b9 1 1 0 1 0
l1d_u1-9 llc-0b10 1 1 0 1 0
l1d_u1-9 llc-0b11 1 1 0 1 0
l1d_u1-9 llc-0b12 1 1 0 1 0
l1d_u1-9 llc-0b13 1 1 0 1 0
l1d_u1-9 llc-0b14 1 1 0 1 0
l1d_u1-9 llc-0b15 1 1 0 1 0
l1d_u1-9 llc-0b16 1 1 0 1 0
l1d_u1-9 llc-0b17 1 1 0 1 0
l1d_u1-9 llc-0b18 1 1 0 1 0
l1d_u1-9 llc-0b19 1 1 0 1 0
l1d_u1-9 llc-0b20 1 1 0 1 0
l1d_u1-9 llc-0b21 1 1 0 1 0
l1d_u1-9 llc-0b22 1 1 0 1 0
l1d_u1-9 llc-0b23 1 1 0 1 0
l1d_u1-9 llc-0b24 1 1 0 1 0
l1d_u1-9 llc-0b25 1 1 0 1 0
l1d_u1-9 llc-0b26 1 1 0 1 0
l1d_u1-9 llc-0b27 1 1 0 1 0
l1d_u1-9 llc-0b28 1 1 0 1 0
l1d_u1-9 llc-0b29 1 1 0 1 0
l1d_u1-9 llc-0b30 1 1 0 1 0
l1d_u1-9 llc-0b31 1 1 0 1 0
l1d_u1-10 llc-0b0 1 1 0 1 0
l1d_u1-10 llc-0b1 1 1 0 1 0
l1d_u1-10 llc-0b2 1 1 0 1 0
l1d_u1-10 llc-0b3 1 1 0 1 0
l1d_u1-10 llc-0b4 1 1 0 1 0
l1d_u1-10 llc-0b5 1 1 0 1 0
l1d_u1-10 llc-0b6 1 1 0 1 0
l1d_u1-10 llc-0b7 1 1 0 1 0
l1d_u1-10 llc-0b8 1 1 0 1 0
l1d_u1-10 llc-0b9 1 1 0 1 0
l1d_u1-10 llc-0b10 1 1 0 1 0
l1d_u1-10 llc-0b11 1 1 0 1 0
l1d_u1-10 llc-0b12 1 1 0 1 0
l1d_u1-10 llc-0b13 1 1 0 1 0
l1d_u1-10 llc-0b14 1 1 0 1 0
l1d_u1-10 llc-0b15 1 1 0 1 0
l1d_u1-10 llc-0b16 1 1 0 1 0
l1d_u1-10 llc-0b17 1 1 0 1 0
l1d_u1-10 llc-0b18 1 1 0 1 0
l1d_u1-10 llc-0b19 1 1 0 1 0
l1d_u1-10 llc-0b20 1 1 0 1 0
l1d_u1-10 llc-0b21 1 1 0 1 0
l1d_u1-10 llc-0b22 1 1 0 1 0
l1d_u1-10 llc-0b23 1 1 0 1 0
l1d_u1-10 llc-0b24 1 1 0 1 0
l1d_u1-10 llc-0b25 1 1 0 1 0
l1d_u1-10 llc-0b26 1 1 0 1 0
l1d_u1-10 llc-0b27 1 1 0 1 0
l1d_u1-10 llc-0b28 1 1 0 1 0
l1d_u1-10 llc-0b29 1 1 0 1 0
l1d_u1-10 llc-0b30 1 1 0 1 0
l1d_u1-10 llc-0b31 1 1 0 1 0
l1d_u1-11 llc-0b0 1 1 0 1 0
l1d_u1-11 llc-0b1 1 1 0 1 0
l1d_u1-11 llc-0b2 1 1 0 1 0
l1d_u1-11 llc-0b3 1 1 0 1 0
l1d_u1-11 llc-0b4 1 1 0 1 0
l1d_u1-11 llc-0b5 1 1 0 1 0
l1d_u1-11 llc-0b6 1 1 0 1 0
l1d_u1-11 llc-0b7 1 1 0 1 0
l1d_u1-11 llc-0b8 1 1 0 1 0
l1d_u1-11 llc-0b9 1 1 0 1 0
l1d_u1-11 llc-0b10 1 1 0 1 0
l1d_u1-11 llc-0b11 1 1 0 1 0
l1d_u1-11 llc-0b12 1 1 0 1 0
l1d_u1-11 llc-0b13 1 1 0 1 0
l1d_u1-11 llc-0b14 1 1 0 1 0
l1d_u1-11 llc-0b15 1 1 0 1 0
l1d_u1-11 llc-0b16 1 1 0 1 0
l1d_u1-11 llc-0b17 1 1 0 1 0
l1d_u1-11 llc-0b18 1 1 0 1 0
l1d_u1-11 llc-0b19 1 1 0 1 0
l1d_u1-11 llc-0b20 1 1 0 1 0
l1d_u1-11 llc-0b21 1 1 0 1 0
l1d_u1-11 llc-0b22 1 1 0 1 0
l1d_u1-11 llc-0b23 1 1 0 1 0
l1d_u1-11 llc-0b24 1 1 0 1 0
l1d_u1-11 llc-0b25 1 1 0 1 0
l1d_u1-11 llc-0b26 1 1 0 1 0
l1d_u1-11 llc-0b27 1 1 0 1 0
l1d_u1-11 llc-0b28 1 1 0 1 0
l1d_u1-11 llc-0b29 1 1 0 1 0
l1d_u1-11 llc-0b30 1 1 0 1 0
l1d_u1-11 llc-0b31 1 1 0 1 0
l1d_u1-12 llc-0b0 1 1 0 1 0
l1d_u1-12 llc-0b1 1 1 0 1 0
l1d_u1-12 llc-0b2 1 1 0 1 0
l1d_u1-12 llc-0b3 1 1 0 1 0
l1d_u1-12 llc-0b4 1 1 0 1 0
l1d_u1-12 llc-0b5 1 1 0 1 0
l1d_u1-12 llc-0b6 1 1 0 1 0
l1d_u1-12 llc-0b7 1 1 0 1 0
l1d_u1-12 llc-0b8 1 1 0 1 0
l1d_u1-12 llc-0b9 1 1 0 1 0
l1d_u1-12 llc-0b10 1 1 0 1 0
l1d_u1-12 llc-0b11 1 1 0 1 0
l1d_u1-12 llc-0b12 1 1 0 1 0
l1d_u1-12 llc-0b13 1 1 0 1 0
l1d_u1-12 llc-0b14 1 1 0 1 0
l1d_u1-12 llc-0b15 1 1 0 1 0
l1d_u1-12 llc-0b16 1 1 0 1 0
l1d_u1-12 llc-0b17 1 1 0 1 0
l1d_u1-12 llc-0b18 1 1 0 1 0
l1d_u1-12 llc-0b19 1 1 0 1 0
l1d_u1-12 llc-0b20 1 1 0 1 0
l1d_u1-12 llc-0b21 1 1 0 1 0
l1d_u1-12 llc-0b22 1 1 0 1 0
l1d_u1-12 llc-0b23 1 1 0 1 0
l1d_u1-12 llc-0b24 1 1 0 1 0
l1d_u1-12 llc-0b25 1 1 0 1 0
l1d_u1-12 llc-0b26 1 1 0 1 0
l1d_u1-12 llc-0b27 1 1 0 1 0
l1d_u1-12 llc-0b28 1 1 0 1 0
l1d_u1-12 llc-0b29 1 1 0 1 0
l1d_u1-12 llc-0b30 1 1 0 1 0
l1d_u1-12 llc-0b31 1 1 0 1 0
l1d_u1-13 llc-0b0 1 1 0 1 0
l1d_u1-13 llc-0b1 1 1 0 1 0
l1d_u1-13 llc-0b2 1 1 0 1 0
l1d_u1-13 llc-0b3 1 1 0 1 0
l1d_u1-13 llc-0b4 1 1 0 1 0
l1d_u1-13 llc-0b5 1 1 0 1 0
l1d_u1-13 llc-0b6 1 1 0 1 0
l1d_u1-13 llc-0b7 1 1 0 1 0
l1d_u1-13 llc-0b8 1 1 0 1 0
l1d_u1-13 llc-0b9 1 1 0 1 0
l1d_u1-13 llc-0b10 1 1 0 1 0
l1d_u1-13 llc-0b11 1 1 0 1 0
l1d_u1-13 llc-0b12 1 1 0 1 0
l1d_u1-13 llc-0b13 1 1 0 1 0
l1d_u1-13 llc-0b14 1 1 0 1 0
l1d_u1-13 llc-0b15 1 1 0 1 0
l1d_u1-13 llc-0b16 1 1 0 1 0
l1d_u1-13 llc-0b17 1 1 0 1 0
l1d_u1-13 llc-0b18 1 1 0 1 0
l1d_u1-13 llc-0b19 1 1 0 1 0
l1d_u1-13 llc-0b20 1 1 0 1 0
l1d_u1-13 llc-0b21 1 1 0 1 0
l1d_u1-13 llc-0b22 1 1 0 1 0
l1d_u1-13 llc-0b23 1 1 0 1 0
l1d_u1-13 llc-0b24 1 1 0 1 0
l1d_u1-13 llc-0b25 1 1 0 1 0
l1d_u1-13 llc-0b26 1 1 0 1 0
l1d_u1-13 llc-0b27 1 1 0 1 0
l1d_u1-13 llc-0b28 1 1 0 1 0
l1d_u1-13 llc-0b29 1 1 0 1 0
l1d_u1-13 llc-0b30 1 1 0 1 0
l1d_u1-13 llc-0b31 1 1 0 1 0
l1d_u1-14 llc-0b0 1 1 0 1 0
l1d_u1-14 llc-0b1 1 1 0 1 0
l1d_u1-14 llc-0b2 1 1 0 1 0
l1d_u1-14 llc-0b3 1 1 0 1 0
l1d_u1-14 llc-0b4 1 1 0 1 0
l1d_u1-14 llc-0b5 1 1 0 1 0
l1d_u1-14 llc-0b6 1 1 0 1 0
l1d_u1-14 llc-0b7 1 1 0 1 0
l1d_u1-14 llc-0b8 1 1 0 1 0
l1d_u1-14 llc-0b9 1 1 0 1 0
l1d_u1-14 llc-0b10 1 1 0 1 0
l1d_u1-14 llc-0b11 1 1 0 1 0
l1d_u1-14 llc-0b12 1 1 0 1 0
l1d_u1-14 llc-0b13 1 1 0 1 0
l1d_u1-14 llc-0b14 1 1 0 1 0
l1d_u1-14 llc-0b15 1 1 0 1 0
l1d_u1-14 llc-0b16 1 1 0 1 0
l1d_u1-14 llc-0b17 1 1 0 1 0
l1d_u1-14 llc-0b18 1 1 0 1 0
l1d_u1-14 llc-0b19 1 1 0 1 0
l1d_u1-14 llc-0b20 1 1 0 1 0
l1d_u1-14 llc-0b21 1 1 0 1 0
l1d_u1-14 llc-0b22 1 1 0 1 0
l1d_u1-14 llc-0b23 1 1 0 1 0
l1d_u1-14 llc-0b24 1 1 0 1 0
l1d_u1-14 llc-0b25 1 1 0 1 0
l1d_u1-14 llc-0b26 1 1 0 1 0
l1d_u1-14 llc-0b27 1 1 0 1 0
l1d_u1-14 llc-0b28 1 1 0 1 0
l1d_u1-14 llc-0b29 1 1 0 1 0
l1d_u1-14 llc-0b30 1 1 0 1 0
l1d_u1-14 llc-0b31 1 1 0 1 0
l1d_u1-15 llc-0b0 1 1 0 1 0
l1d_u1-15 llc-0b1 1 1 0 1 0
l1d_u1-15 llc-0b2 1 1 0 1 0
l1d_u1-15 llc-0b3 1 1 0 1 0
l1d_u1-15 llc-0b4 1 1 0 1 0
l1d_u1-15 llc-0b5 1 1 0 1 0
l1d_u1-15 llc-0b6 1 1 0 1 0
l1d_u1-15 llc-0b7 1 1 0 1 0
l1d_u1-15 llc-0b8 1 1 0 1 0
l1d_u1-15 llc-0b9 1 1 0 1 0
l1d_u1-15 llc-0b10 1 1 0 1 0
l1d_u1-15 llc-0b11 1 1 0 1 0
l1d_u1-15 llc-0b12 1 1 0 1 0
l1d_u1-15 llc-0b13 1 1 0 1 0
l1d_u1-15 llc-0b14 1 1 0 1 0
l1d_u1-15 llc-0b15 1 1 0 1 0
l1d_u1-15 llc-0b16 1 1 0 1 0
l1d_u1-15 llc-0b17 1 1 0 1 0
l1d_u1-15 llc-0b18 1 1 0 1 0
l1d_u1-15 llc-0b19 1 1 0 1 0
l1d_u1-15 llc-0b20 1 1 0 1 0
l1d_u1-15 llc-0b21 1 1 0 1 0
l1d_u1-15 llc-0b22 1 1 0 1 0
l1d_u1-15 llc-0b23 1 1 0 1 0
l1d_u1-15 llc-0b24 1 1 0 1 0
l1d_u1-15 llc-0b25 1 1 0 1 0
l1d_u1-15 llc-0b26 1 1 0 1 0
l1d_u1-15 llc-0b27 1 1 0 1 0
l1d_u1-15 llc-0b28 1 1 0 1 0
l1d_u1-15 llc-0b29 1 1 0 1 0
l1d_u1-15 llc-0b30 1 1 0 1 0
l1d_u1-15 llc-0b31 1 1 0 1 0
l1i_u2-0 llc-0b0 1 2 0 2 0
l1i_u2-0 llc-0b1 1 2 0 2 0
l1i_u2-0 llc-0b2 1 2 0 2 0
l1i_u2-0 llc-0b3 1 2 0 2 0
l1i_u2-0 llc-0b4 1 2 0 2 0
l1i_u2-0 llc-0b5 1 2 0 2 0
l1i_u2-0 llc-0b6 1 2 0 2 0
l1i_u2-0 llc-0b7 1 2 0 2 0
l1i_u2-0 llc-0b8 1 2 0 2 0
l1i_u2-0 llc-0b9 1 2 0 2 0
l1i_u2-0 llc-0b10 1 2 0 2 0
l1i_u2-0 llc-0b11 1 2 0 2 0
l1i_u2-0 llc-0b12 1 2 0 2 0
l1i_u2-0 llc-0b13 1 2 0 2 0
l1i_u2-0 llc-0b14 1 2 0 2 0
l1i_u2-0 llc-0b15 1 2 0 2 0
l1i_u2-0 llc-0b16 1 2 0 2 0
l1i_u2-0 llc-0b17 1 2 0 2 0
l1i_u2-0 llc-0b18 1 2 0 2 0
l1i_u2-0 llc-0b19 1 2 0 2 0
l1i_u2-0 llc-0b20 1 2 0 2 0
l1i_u2-0 llc-0b21 1 2 0 2 0
l1i_u2-0 llc-0b22 1 2 0 2 0
l1i_u2-0 llc-0b23 1 2 0 2 0
l1i_u2-0 llc-0b24 1 2 0 2 0
l1i_u2-0 llc-0b25 1 2 0 2 0
l1i_u2-0 llc-0b26 1 2 0 2 0
l1i_u2-0 llc-0b27 1 2 0 2 0
l1i_u2-0 llc-0b28 1 2 0 2 0
l1i_u2-0 llc-0b29 1 2 0 2 0
l1i_u2-0 llc-0b30 1 2 0 2 0
l1i_u2-0 llc-0b31 1 2 0 2 0
l1i_u2-1 llc-0b0 1 2 0 2 0
l1i_u2-1 llc-0b1 1 2 0 2 0
l1i_u2-1 llc-0b2 1 2 0 2 0
l1i_u2-1 llc-0b3 1 2 0 2 0
l1i_u2-1 llc-0b4 1 2 0 2 0
l1i_u2-1 llc-0b5 1 2 0 2 0
l1i_u2-1 llc-0b6 1 2 0 2 0
l1i_u2-1 llc-0b7 1 2 0 2 0
l1i_u2-1 llc-0b8 1 2 0 2 0
l1i_u2-1 llc-0b9 1 2 0 2 0
l1i_u2-1 llc-0b10 1 2 0 2 0
l1i_u2-1 llc-0b11 1 2 0 2 0
l1i_u2-1 llc-0b12 1 2 0 2 0
l1i_u2-1 llc-0b13 1 2 0 2 0
l1i_u2-1 llc-0b14 1 2 0 2 0
l1i_u2-1 llc-0b15 1 2 0 2 0
l1i_u2-1 llc-0b16 1 2 0 2 0
l1i_u2-1 llc-0b17 1 2 0 2 0
l1i_u2-1 llc-0b18 1 2 0 2 0
l1i_u2-1 llc-0b19 1 2 0 2 0
l1i_u2-1 llc-0b20 1 2 0 2 0
l1i_u2-1 llc-0b21 1 2 0 2 0
l1i_u2-1 llc-0b22 1 2 0 2 0
l1i_u2-1 llc-0b23 1 2 0 2 0
l1i_u2-1 llc-0b24 1 2 0 2 0
l1i_u2-1 llc-0b25 1 2 0 2 0
l1i_u2-1 llc-0b26 1 2 0 2 0
l1i_u2-1 llc-0b27 1 2 0 2 0
l1i_u2-1 llc-0b28 1 2 0 2 0
l1i_u2-1 llc-0b29 1 2 0 2 0
l1i_u2-1 llc-0b30 1 2 0 2 0
l1i_u2-1 llc-0b31 1 2 0 2 0
l1i_u2-2 llc-0b0 1 2 0 2 0
l1i_u2-2 llc-0b1 1 2 0 2 0
l1i_u2-2 llc-0b2 1 2 0 2 0
l1i_u2-2 llc-0b3 1 2 0 2 0
l1i_u2-2 llc-0b4 1 2 0 2 0
l1i_u2-2 llc-0b5 1 2 0 2 0
l1i_u2-2 llc-0b6 1 2 0 2 0
l1i_u2-2 llc-0b7 1 2 0 2 0
l1i_u2-2 llc-0b8 1 2 0 2 0
l1i_u2-2 llc-0b9 1 2 0 2 0
l1i_u2-2 llc-0b10 1 2 0 2 0
l1i_u2-2 llc-0b11 1 2 0 2 0
l1i_u2-2 llc-0b12 1 2 0 2 0
l1i_u2-2 llc-0b13 1 2 0 2 0
l1i_u2-2 llc-0b14 1 2 0 2 0
l1i_u2-2 llc-0b15 1 2 0 2 0
l1i_u2-2 llc-0b16 1 2 0 2 0
l1i_u2-2 llc-0b17 1 2 0 2 0
l1i_u2-2 llc-0b18 1 2 0 2 0
l1i_u2-2 llc-0b19 1 2 0 2 0
l1i_u2-2 llc-0b20 1 2 0 2 0
l1i_u2-2 llc-0b21 1 2 0 2 0
l1i_u2-2 llc-0b22 1 2 0 2 0
l1i_u2-2 llc-0b23 1 2 0 2 0
l1i_u2-2 llc-0b24 1 2 0 2 0
l1i_u2-2 llc-0b25 1 2 0 2 0
l1i_u2-2 llc-0b26 1 2 0 2 0
l1i_u2-2 llc-0b27 1 2 0 2 0
l1i_u2-2 llc-0b28 1 2 0 2 0
l1i_u2-2 llc-0b29 1 2 0 2 0
l1i_u2-2 llc-0b30 1 2 0 2 0
l1i_u2-2 llc-0b31 1 2 0 2 0
l1i_u2-3 llc-0b0 1 2 0 2 0
l1i_u2-3 llc-0b1 1 2 0 2 0
l1i_u2-3 llc-0b2 1 2 0 2 0
l1i_u2-3 llc-0b3 1 2 0 2 0
l1i_u2-3 llc-0b4 1 2 0 2 0
l1i_u2-3 llc-0b5 1 2 0 2 0
l1i_u2-3 llc-0b6 1 2 0 2 0
l1i_u2-3 llc-0b7 1 2 0 2 0
l1i_u2-3 llc-0b8 1 2 0 2 0
l1i_u2-3 llc-0b9 1 2 0 2 0
l1i_u2-3 llc-0b10 1 2 0 2 0
l1i_u2-3 llc-0b11 1 2 0 2 0
l1i_u2-3 llc-0b12 1 2 0 2 0
l1i_u2-3 llc-0b13 1 2 0 2 0
l1i_u2-3 llc-0b14 1 2 0 2 0
l1i_u2-3 llc-0b15 1 2 0 2 0
l1i_u2-3 llc-0b16 1 2 0 2 0
l1i_u2-3 llc-0b17 1 2 0 2 0
l1i_u2-3 llc-0b18 1 2 0 2 0
l1i_u2-3 llc-0b19 1 2 0 2 0
l1i_u2-3 llc-0b20 1 2 0 2 0
l1i_u2-3 llc-0b21 1 2 0 2 0
l1i_u2-3 llc-0b22 1 2 0 2 0
l1i_u2-3 llc-0b23 1 2 0 2 0
l1i_u2-3 llc-0b24 1 2 0 2 0
l1i_u2-3 llc-0b25 1 2 0 2 0
l1i_u2-3 llc-0b26 1 2 0 2 0
l1i_u2-3 llc-0b27 1 2 0 2 0
l1i_u2-3 llc-0b28 1 2 0 2 0
l1i_u2-3 llc-0b29 1 2 0 2 0
l1i_u2-3 llc-0b30 1 2 0 2 0
l1i_u2-3 llc-0b31 1 2 0 2 0
l1i_u2-4 llc-0b0 1 2 0 2 0
l1i_u2-4 llc-0b1 1 2 0 2 0
l1i_u2-4 llc-0b2 1 2 0 2 0
l1i_u2-4 llc-0b3 1 2 0 2 0
l1i_u2-4 llc-0b4 1 2 0 2 0
l1i_u2-4 llc-0b5 1 2 0 2 0
l1i_u2-4 llc-0b6 1 2 0 2 0
l1i_u2-4 llc-0b7 1 2 0 2 0
l1i_u2-4 llc-0b8 1 2 0 2 0
l1i_u2-4 llc-0b9 1 2 0 2 0
l1i_u2-4 llc-0b10 1 2 0 2 0
l1i_u2-4 llc-0b11 1 2 0 2 0
l1i_u2-4 llc-0b12 1 2 0 2 0
l1i_u2-4 llc-0b13 1 2 0 2 0
l1i_u2-4 llc-0b14 1 2 0 2 0
l1i_u2-4 llc-0b15 1 2 0 2 0
l1i_u2-4 llc-0b16 1 2 0 2 0
l1i_u2-4 llc-0b17 1 2 0 2 0
l1i_u2-4 llc-0b18 1 2 0 2 0
l1i_u2-4 llc-0b19 1 2 0 2 0
l1i_u2-4 llc-0b20 1 2 0 2 0
l1i_u2-4 llc-0b21 1 2 0 2 0
l1i_u2-4 llc-0b22 1 2 0 2 0
l1i_u2-4 llc-0b23 1 2 0 2 0
l1i_u2-4 llc-0b24 1 2 0 2 0
l1i_u2-4 llc-0b25 1 2 0 2 0
l1i_u2-4 llc-0b26 1 2 0 2 0
l1i_u2-4 llc-0b27 1 2 0 2 0
l1i_u2-4 llc-0b28 1 2 0 2 0
l1i_u2-4 llc-0b29 1 2 0 2 0
l1i_u2-4 llc-0b30 1 2 0 2 0
l1i_u2-4 llc-0b31 1 2 0 2 0
l1i_u2-5 llc-0b0 1 2 0 2 0
l1i_u2-5 llc-0b1 1 2 0 2 0
l1i_u2-5 llc-0b2 1 2 0 2 0
l1i_u2-5 llc-0b3 1 2 0 2 0
l1i_u2-5 llc-0b4 1 2 0 2 0
l1i_u2-5 llc-0b5 1 2 0 2 0
l1i_u2-5 llc-0b6 1 2 0 2 0
l1i_u2-5 llc-0b7 1 2 0 2 0
l1i_u2-5 llc-0b8 1 2 0 2 0
l1i_u2-5 llc-0b9 1 2 0 2 0
l1i_u2-5 llc-0b10 1 2 0 2 0
l1i_u2-5 llc-0b11 1 2 0 2 0
l1i_u2-5 llc-0b12 1 2 0 2 0
l1i_u2-5 llc-0b13 1 2 0 2 0
l1i_u2-5 llc-0b14 1 2 0 2 0
l1i_u2-5 llc-0b15 1 2 0 2 0
l1i_u2-5 llc-0b16 1 2 0 2 0
l1i_u2-5 llc-0b17 1 2 0 2 0
l1i_u2-5 llc-0b18 1 2 0 2 0
l1i_u2-5 llc-0b19 1 2 0 2 0
l1i_u2-5 llc-0b20 1 2 0 2 0
l1i_u2-5 llc-0b21 1 2 0 2 0
l1i_u2-5 llc-0b22 1 2 0 2 0
l1i_u2-5 llc-0b23 1 2 0 2 0
l1i_u2-5 llc-0b24 1 2 0 2 0
l1i_u2-5 llc-0b25 1 2 0 2 0
l1i_u2-5 llc-0b26 1 2 0 2 0
l1i_u2-5 llc-0b27 1 2 0 2 0
l1i_u2-5 llc-0b28 1 2 0 2 0
l1i_u2-5 llc-0b29 1 2 0 2 0
l1i_u2-5 llc-0b30 1 2 0 2 0
l1i_u2-5 llc-0b31 1 2 0 2 0
l1i_u2-6 llc-0b0 1 2 0 2 0
l1i_u2-6 llc-0b1 1 2 0 2 0
l1i_u2-6 llc-0b2 1 2 0 2 0
l1i_u2-6 llc-0b3 1 2 0 2 0
l1i_u2-6 llc-0b4 1 2 0 2 0
l1i_u2-6 llc-0b5 1 2 0 2 0
l1i_u2-6 llc-0b6 1 2 0 2 0
l1i_u2-6 llc-0b7 1 2 0 2 0
l1i_u2-6 llc-0b8 1 2 0 2 0
l1i_u2-6 llc-0b9 1 2 0 2 0
l1i_u2-6 llc-0b10 1 2 0 2 0
l1i_u2-6 llc-0b11 1 2 0 2 0
l1i_u2-6 llc-0b12 1 2 0 2 0
l1i_u2-6 llc-0b13 1 2 0 2 0
l1i_u2-6 llc-0b14 1 2 0 2 0
l1i_u2-6 llc-0b15 1 2 0 2 0
l1i_u2-6 llc-0b16 1 2 0 2 0
l1i_u2-6 llc-0b17 1 2 0 2 0
l1i_u2-6 llc-0b18 1 2 0 2 0
l1i_u2-6 llc-0b19 1 2 0 2 0
l1i_u2-6 llc-0b20 1 2 0 2 0
l1i_u2-6 llc-0b21 1 2 0 2 0
l1i_u2-6 llc-0b22 1 2 0 2 0
l1i_u2-6 llc-0b23 1 2 0 2 0
l1i_u2-6 llc-0b24 1 2 0 2 0
l1i_u2-6 llc-0b25 1 2 0 2 0
l1i_u2-6 llc-0b26 1 2 0 2 0
l1i_u2-6 llc-0b27 1 2 0 2 0
l1i_u2-6 llc-0b28 1 2 0 2 0
l1i_u2-6 llc-0b29 1 2 0 2 0
l1i_u2-6 llc-0b30 1 2 0 2 0
l1i_u2-6 llc-0b31 1 2 0 2 0
l1i_u2-7 llc-0b0 1 2 0 2 0
l1i_u2-7 llc-0b1 1 2 0 2 0
l1i_u2-7 llc-0b2 1 2 0 2 0
l1i_u2-7 llc-0b3 1 2 0 2 0
l1i_u2-7 llc-0b4 1 2 0 2 0
l1i_u2-7 llc-0b5 1 2 0 2 0
l1i_u2-7 llc-0b6 1 2 0 2 0
l1i_u2-7 llc-0b7 1 2 0 2 0
l1i_u2-7 llc-0b8 1 2 0 2 0
l1i_u2-7 llc-0b9 1 2 0 2 0
l1i_u2-7 llc-0b10 1 2 0 2 0
l1i_u2-7 llc-0b11 1 2 0 2 0
l1i_u2-7 llc-0b12 1 2 0 2 0
l1i_u2-7 llc-0b13 1 2 0 2 0
l1i_u2-7 llc-0b14 1 2 0 2 0
l1i_u2-7 llc-0b15 1 2 0 2 0
l1i_u2-7 llc-0b16 1 2 0 2 0
l1i_u2-7 llc-0b17 1 2 0 2 0
l1i_u2-7 llc-0b18 1 2 0 2 0
l1i_u2-7 llc-0b19 1 2 0 2 0
l1i_u2-7 llc-0b20 1 2 0 2 0
l1i_u2-7 llc-0b21 1 2 0 2 0
l1i_u2-7 llc-0b22 1 2 0 2 0
l1i_u2-7 llc-0b23 1 2 0 2 0
l1i_u2-7 llc-0b24 1 2 0 2 0
l1i_u2-7 llc-0b25 1 2 0 2 0
l1i_u2-7 llc-0b26 1 2 0 2 0
l1i_u2-7 llc-0b27 1 2 0 2 0
l1i_u2-7 llc-0b28 1 2 0 2 0
l1i_u2-7 llc-0b29 1 2 0 2 0
l1i_u2-7 llc-0b30 1 2 0 2 0
l1i_u2-7 llc-0b31 1 2 0 2 0
l1i_u2-8 llc-0b0 1 2 0 2 0
l1i_u2-8 llc-0b1 1 2 0 2 0
l1i_u2-8 llc-0b2 1 2 0 2 0
l1i_u2-8 llc-0b3 1 2 0 2 0
l1i_u2-8 llc-0b4 1 2 0 2 0
l1i_u2-8 llc-0b5 1 2 0 2 0
l1i_u2-8 llc-0b6 1 2 0 2 0
l1i_u2-8 llc-0b7 1 2 0 2 0
l1i_u2-8 llc-0b8 1 2 0 2 0
l1i_u2-8 llc-0b9 1 2 0 2 0
l1i_u2-8 llc-0b10 1 2 0 2 0
l1i_u2-8 llc-0b11 1 2 0 2 0
l1i_u2-8 llc-0b12 1 2 0 2 0
l1i_u2-8 llc-0b13 1 2 0 2 0
l1i_u2-8 llc-0b14 1 2 0 2 0
l1i_u2-8 llc-0b15 1 2 0 2 0
l1i_u2-8 llc-0b16 1 2 0 2 0
l1i_u2-8 llc-0b17 1 2 0 2 0
l1i_u2-8 llc-0b18 1 2 0 2 0
l1i_u2-8 llc-0b19 1 2 0 2 0
l1i_u2-8 llc-0b20 1 2 0 2 0
l1i_u2-8 llc-0b21 1 2 0 2 0
l1i_u2-8 llc-0b22 1 2 0 2 0
l1i_u2-8 llc-0b23 1 2 0 2 0
l1i_u2-8 llc-0b24 1 2 0 2 0
l1i_u2-8 llc-0b25 1 2 0 2 0
l1i_u2-8 llc-0b26 1 2 0 2 0
l1i_u2-8 llc-0b27 1 2 0 2 0
l1i_u2-8 llc-0b28 1 2 0 2 0
l1i_u2-8 llc-0b29 1 2 0 2 0
l1i_u2-8 llc-0b30 1 2 0 2 0
l1i_u2-8 llc-0b31 1 2 0 2 0
l1i_u2-9 llc-0b0 1 2 0 2 0
l1i_u2-9 llc-0b1 1 2 0 2 0
l1i_u2-9 llc-0b2 1 2 0 2 0
l1i_u2-9 llc-0b3 1 2 0 2 0
l1i_u2-9 llc-0b4 1 2 0 2 0
l1i_u2-9 llc-0b5 1 2 0 2 0
l1i_u2-9 llc-0b6 1 2 0 2 0
l1i_u2-9 llc-0b7 1 2 0 2 0
l1i_u2-9 llc-0b8 1 2 0 2 0
l1i_u2-9 llc-0b9 1 2 0 2 0
l1i_u2-9 llc-0b10 1 2 0 2 0
l1i_u2-9 llc-0b11 1 2 0 2 0
l1i_u2-9 llc-0b12 1 2 0 2 0
l1i_u2-9 llc-0b13 1 2 0 2 0
l1i_u2-9 llc-0b14 1 2 0 2 0
l1i_u2-9 llc-0b15 1 2 0 2 0
l1i_u2-9 llc-0b16 1 2 0 2 0
l1i_u2-9 llc-0b17 1 2 0 2 0
l1i_u2-9 llc-0b18 1 2 0 2 0
l1i_u2-9 llc-0b19 1 2 0 2 0
l1i_u2-9 llc-0b20 1 2 0 2 0
l1i_u2-9 llc-0b21 1 2 0 2 0
l1i_u2-9 llc-0b22 1 2 0 2 0
l1i_u2-9 llc-0b23 1 2 0 2 0
l1i_u2-9 llc-0b24 1 2 0 2 0
l1i_u2-9 llc-0b25 1 2 0 2 0
l1i_u2-9 llc-0b26 1 2 0 2 0
l1i_u2-9 llc-0b27 1 2 0 2 0
l1i_u2-9 llc-0b28 1 2 0 2 0
l1i_u2-9 llc-0b29 1 2 0 2 0
l1i_u2-9 llc-0b30 1 2 0 2 0
l1i_u2-9 llc-0b31 1 2 0 2 0
l1i_u2-10 llc-0b0 1 2 0 2 0
l1i_u2-10 llc-0b1 1 2 0 2 0
l1i_u2-10 llc-0b2 1 2 0 2 0
l1i_u2-10 llc-0b3 1 2 0 2 0
l1i_u2-10 llc-0b4 1 2 0 2 0
l1i_u2-10 llc-0b5 1 2 0 2 0
l1i_u2-10 llc-0b6 1 2 0 2 0
l1i_u2-10 llc-0b7 1 2 0 2 0
l1i_u2-10 llc-0b8 1 2 0 2 0
l1i_u2-10 llc-0b9 1 2 0 2 0
l1i_u2-10 llc-0b10 1 2 0 2 0
l1i_u2-10 llc-0b11 1 2 0 2 0
l1i_u2-10 llc-0b12 1 2 0 2 0
l1i_u2-10 llc-0b13 1 2 0 2 0
l1i_u2-10 llc-0b14 1 2 0 2 0
l1i_u2-10 llc-0b15 1 2 0 2 0
l1i_u2-10 llc-0b16 1 2 0 2 0
l1i_u2-10 llc-0b17 1 2 0 2 0
l1i_u2-10 llc-0b18 1 2 0 2 0
l1i_u2-10 llc-0b19 1 2 0 2 0
l1i_u2-10 llc-0b20 1 2 0 2 0
l1i_u2-10 llc-0b21 1 2 0 2 0
l1i_u2-10 llc-0b22 1 2 0 2 0
l1i_u2-10 llc-0b23 1 2 0 2 0
l1i_u2-10 llc-0b24 1 2 0 2 0
l1i_u2-10 llc-0b25 1 2 0 2 0
l1i_u2-10 llc-0b26 1 2 0 2 0
l1i_u2-10 llc-0b27 1 2 0 2 0
l1i_u2-10 llc-0b28 1 2 0 2 0
l1i_u2-10 llc-0b29 1 2 0 2 0
l1i_u2-10 llc-0b30 1 2 0 2 0
l1i_u2-10 llc-0b31 1 2 0 2 0
l1i_u2-11 llc-0b0 1 2 0 2 0
l1i_u2-11 llc-0b1 1 2 0 2 0
l1i_u2-11 llc-0b2 1 2 0 2 0
l1i_u2-11 llc-0b3 1 2 0 2 0
l1i_u2-11 llc-0b4 1 2 0 2 0
l1i_u2-11 llc-0b5 1 2 0 2 0
l1i_u2-11 llc-0b6 1 2 0 2 0
l1i_u2-11 llc-0b7 1 2 0 2 0
l1i_u2-11 llc-0b8 1 2 0 2 0
l1i_u2-11 llc-0b9 1 2 0 2 0
l1i_u2-11 llc-0b10 1 2 0 2 0
l1i_u2-11 llc-0b11 1 2 0 2 0
l1i_u2-11 llc-0b12 1 2 0 2 0
l1i_u2-11 llc-0b13 1 2 0 2 0
l1i_u2-11 llc-0b14 1 2 0 2 0
l1i_u2-11 llc-0b15 1 2 0 2 0
l1i_u2-11 llc-0b16 1 2 0 2 0
l1i_u2-11 llc-0b17 1 2 0 2 0
l1i_u2-11 llc-0b18 1 2 0 2 0
l1i_u2-11 llc-0b19 1 2 0 2 0
l1i_u2-11 llc-0b20 1 2 0 2 0
l1i_u2-11 llc-0b21 1 2 0 2 0
l1i_u2-11 llc-0b22 1 2 0 2 0
l1i_u2-11 llc-0b23 1 2 0 2 0
l1i_u2-11 llc-0b24 1 2 0 2 0
l1i_u2-11 llc-0b25 1 2 0 2 0
l1i_u2-11 llc-0b26 1 2 0 2 0
l1i_u2-11 llc-0b27 1 2 0 2 0
l1i_u2-11 llc-0b28 1 2 0 2 0
l1i_u2-11 llc-0b29 1 2 0 2 0
l1i_u2-11 llc-0b30 1 2 0 2 0
l1i_u2-11 llc-0b31 1 2 0 2 0
l1i_u2-12 llc-0b0 1 2 0 2 0
l1i_u2-12 llc-0b1 1 2 0 2 0
l1i_u2-12 llc-0b2 1 2 0 2 0
l1i_u2-12 llc-0b3 1 2 0 2 0
l1i_u2-12 llc-0b4 1 2 0 2 0
l1i_u2-12 llc-0b5 1 2 0 2 0
l1i_u2-12 llc-0b6 1 2 0 2 0
l1i_u2-12 llc-0b7 1 2 0 2 0
l1i_u2-12 llc-0b8 1 2 0 2 0
l1i_u2-12 llc-0b9 1 2 0 2 0
l1i_u2-12 llc-0b10 1 2 0 2 0
l1i_u2-12 llc-0b11 1 2 0 2 0
l1i_u2-12 llc-0b12 1 2 0 2 0
l1i_u2-12 llc-0b13 1 2 0 2 0
l1i_u2-12 llc-0b14 1 2 0 2 0
l1i_u2-12 llc-0b15 1 2 0 2 0
l1i_u2-12 llc-0b16 1 2 0 2 0
l1i_u2-12 llc-0b17 1 2 0 2 0
l1i_u2-12 llc-0b18 1 2 0 2 0
l1i_u2-12 llc-0b19 1 2 0 2 0
l1i_u2-12 llc-0b20 1 2 0 2 0
l1i_u2-12 llc-0b21 1 2 0 2 0
l1i_u2-12 llc-0b22 1 2 0 2 0
l1i_u2-12 llc-0b23 1 2 0 2 0
l1i_u2-12 llc-0b24 1 2 0 2 0
l1i_u2-12 llc-0b25 1 2 0 2 0
l1i_u2-12 llc-0b26 1 2 0 2 0
l1i_u2-12 llc-0b27 1 2 0 2 0
l1i_u2-12 llc-0b28 1 2 0 2 0
l1i_u2-12 llc-0b29 1 2 0 2 0
l1i_u2-12 llc-0b30 1 2 0 2 0
l1i_u2-12 llc-0b31 1 2 0 2 0
l1i_u2-13 llc-0b0 1 2 0 2 0
l1i_u2-13 llc-0b1 1 2 0 2 0
l1i_u2-13 llc-0b2 1 2 0 2 0
l1i_u2-13 llc-0b3 1 2 0 2 0
l1i_u2-13 llc-0b4 1 2 0 2 0
l1i_u2-13 llc-0b5 1 2 0 2 0
l1i_u2-13 llc-0b6 1 2 0 2 0
l1i_u2-13 llc-0b7 1 2 0 2 0
l1i_u2-13 llc-0b8 1 2 0 2 0
l1i_u2-13 llc-0b9 1 2 0 2 0
l1i_u2-13 llc-0b10 1 2 0 2 0
l1i_u2-13 llc-0b11 1 2 0 2 0
l1i_u2-13 llc-0b12 1 2 0 2 0
l1i_u2-13 llc-0b13 1 2 0 2 0
l1i_u2-13 llc-0b14 1 2 0 2 0
l1i_u2-13 llc-0b15 1 2 0 2 0
l1i_u2-13 llc-0b16 1 2 0 2 0
l1i_u2-13 llc-0b17 1 2 0 2 0
l1i_u2-13 llc-0b18 1 2 0 2 0
l1i_u2-13 llc-0b19 1 2 0 2 0
l1i_u2-13 llc-0b20 1 2 0 2 0
l1i_u2-13 llc-0b21 1 2 0 2 0
l1i_u2-13 llc-0b22 1 2 0 2 0
l1i_u2-13 llc-0b23 1 2 0 2 0
l1i_u2-13 llc-0b24 1 2 0 2 0
l1i_u2-13 llc-0b25 1 2 0 2 0
l1i_u2-13 llc-0b26 1 2 0 2 0
l1i_u2-13 llc-0b27 1 2 0 2 0
l1i_u2-13 llc-0b28 1 2 0 2 0
l1i_u2-13 llc-0b29 1 2 0 2 0
l1i_u2-13 llc-0b30 1 2 0 2 0
l1i_u2-13 llc-0b31 1 2 0 2 0
l1i_u2-14 llc-0b0 1 2 0 2 0
l1i_u2-14 llc-0b1 1 2 0 2 0
l1i_u2-14 llc-0b2 1 2 0 2 0
l1i_u2-14 llc-0b3 1 2 0 2 0
l1i_u2-14 llc-0b4 1 2 0 2 0
l1i_u2-14 llc-0b5 1 2 0 2 0
l1i_u2-14 llc-0b6 1 2 0 2 0
l1i_u2-14 llc-0b7 1 2 0 2 0
l1i_u2-14 llc-0b8 1 2 0 2 0
l1i_u2-14 llc-0b9 1 2 0 2 0
l1i_u2-14 llc-0b10 1 2 0 2 0
l1i_u2-14 llc-0b11 1 2 0 2 0
l1i_u2-14 llc-0b12 1 2 0 2 0
l1i_u2-14 llc-0b13 1 2 0 2 0
l1i_u2-14 llc-0b14 1 2 0 2 0
l1i_u2-14 llc-0b15 1 2 0 2 0
l1i_u2-14 llc-0b16 1 2 0 2 0
l1i_u2-14 llc-0b17 1 2 0 2 0
l1i_u2-14 llc-0b18 1 2 0 2 0
l1i_u2-14 llc-0b19 1 2 0 2 0
l1i_u2-14 llc-0b20 1 2 0 2 0
l1i_u2-14 llc-0b21 1 2 0 2 0
l1i_u2-14 llc-0b22 1 2 0 2 0
l1i_u2-14 llc-0b23 1 2 0 2 0
l1i_u2-14 llc-0b24 1 2 0 2 0
l1i_u2-14 llc-0b25 1 2 0 2 0
l1i_u2-14 llc-0b26 1 2 0 2 0
l1i_u2-14 llc-0b27 1 2 0 2 0
l1i_u2-14 llc-0b28 1 2 0 2 0
l1i_u2-14 llc-0b29 1 2 0 2 0
l1i_u2-14 llc-0b30 1 2 0 2 0
l1i_u2-14 llc-0b31 1 2 0 2 0
l1i_u2-15 llc-0b0 1 2 0 2 0
l1i_u2-15 llc-0b1 1 2 0 2 0
l1i_u2-15 llc-0b2 1 2 0 2 0
l1i_u2-15 llc-0b3 1 2 0 2 0
l1i_u2-15 llc-0b4 1 2 0 2 0
l1i_u2-15 llc-0b5 1 2 0 2 0
l1i_u2-15 llc-0b6 1 2 0 2 0
l1i_u2-15 llc-0b7 1 2 0 2 0
l1i_u2-15 llc-0b8 1 2 0 2 0
l1i_u2-15 llc-0b9 1 2 0 2 0
l1i_u2-15 llc-0b10 1 2 0 2 0
l1i_u2-15 llc-0b11 1 2 0 2 0
l1i_u2-15 llc-0b12 1 2 0 2 0
l1i_u2-15 llc-0b13 1 2 0 2 0
l1i_u2-15 llc-0b14 1 2 0 2 0
l1i_u2-15 llc-0b15 1 2 0 2 0
l1i_u2-15 llc-0b16 1 2 0 2 0
l1i_u2-15 llc-0b17 1 2 0 2 0
l1i_u2-15 llc-0b18 1 2 0 2 0
l1i_u2-15 llc-0b19 1 2 0 2 0
l1i_u2-15 llc-0b20 1 2 0 2 0
l1i_u2-15 llc-0b21 1 2 0 2 0
l1i_u2-15 llc-0b22 1 2 0 2 0
l1i_u2-15 llc-0b23 1 2 0 2 0
l1i_u2-15 llc-0b24 1 2 0 2 0
l1i_u2-15 llc-0b25 1 2 0 2 0
l1i_u2-15 llc-0b26 1 2 0 2 0
l1i_u2-15 llc-0b27 1 2 0 2 0
l1i_u2-15 llc-0b28 1 2 0 2 0
l1i_u2-15 llc-0b29 1 2 0 2 0
l1i_u2-15 llc-0b30 1 2 0 2 0
l1i_u2-15 llc-0b31 1 2 0 2 0
l1d_u2-0 llc-0b0 1 2 0 2 0
l1d_u2-0 llc-0b1 1 2 0 2 0
l1d_u2-0 llc-0b2 1 2 0 2 0
l1d_u2-0 llc-0b3 1 2 0 2 0
l1d_u2-0 llc-0b4 1 2 0 2 0
l1d_u2-0 llc-0b5 1 2 0 2 0
l1d_u2-0 llc-0b6 1 2 0 2 0
l1d_u2-0 llc-0b7 1 2 0 2 0
l1d_u2-0 llc-0b8 1 2 0 2 0
l1d_u2-0 llc-0b9 1 2 0 2 0
l1d_u2-0 llc-0b10 1 2 0 2 0
l1d_u2-0 llc-0b11 1 2 0 2 0
l1d_u2-0 llc-0b12 1 2 0 2 0
l1d_u2-0 llc-0b13 1 2 0 2 0
l1d_u2-0 llc-0b14 1 2 0 2 0
l1d_u2-0 llc-0b15 1 2 0 2 0
l1d_u2-0 llc-0b16 1 2 0 2 0
l1d_u2-0 llc-0b17 1 2 0 2 0
l1d_u2-0 llc-0b18 1 2 0 2 0
l1d_u2-0 llc-0b19 1 2 0 2 0
l1d_u2-0 llc-0b20 1 2 0 2 0
l1d_u2-0 llc-0b21 1 2 0 2 0
l1d_u2-0 llc-0b22 1 2 0 2 0
l1d_u2-0 llc-0b23 1 2 0 2 0
l1d_u2-0 llc-0b24 1 2 0 2 0
l1d_u2-0 llc-0b25 1 2 0 2 0
l1d_u2-0 llc-0b26 1 2 0 2 0
l1d_u2-0 llc-0b27 1 2 0 2 0
l1d_u2-0 llc-0b28 1 2 0 2 0
l1d_u2-0 llc-0b29 1 2 0 2 0
l1d_u2-0 llc-0b30 1 2 0 2 0
l1d_u2-0 llc-0b31 1 2 0 2 0
l1d_u2-1 llc-0b0 1 2 0 2 0
l1d_u2-1 llc-0b1 1 2 0 2 0
l1d_u2-1 llc-0b2 1 2 0 2 0
l1d_u2-1 llc-0b3 1 2 0 2 0
l1d_u2-1 llc-0b4 1 2 0 2 0
l1d_u2-1 llc-0b5 1 2 0 2 0
l1d_u2-1 llc-0b6 1 2 0 2 0
l1d_u2-1 llc-0b7 1 2 0 2 0
l1d_u2-1 llc-0b8 1 2 0 2 0
l1d_u2-1 llc-0b9 1 2 0 2 0
l1d_u2-1 llc-0b10 1 2 0 2 0
l1d_u2-1 llc-0b11 1 2 0 2 0
l1d_u2-1 llc-0b12 1 2 0 2 0
l1d_u2-1 llc-0b13 1 2 0 2 0
l1d_u2-1 llc-0b14 1 2 0 2 0
l1d_u2-1 llc-0b15 1 2 0 2 0
l1d_u2-1 llc-0b16 1 2 0 2 0
l1d_u2-1 llc-0b17 1 2 0 2 0
l1d_u2-1 llc-0b18 1 2 0 2 0
l1d_u2-1 llc-0b19 1 2 0 2 0
l1d_u2-1 llc-0b20 1 2 0 2 0
l1d_u2-1 llc-0b21 1 2 0 2 0
l1d_u2-1 llc-0b22 1 2 0 2 0
l1d_u2-1 llc-0b23 1 2 0 2 0
l1d_u2-1 llc-0b24 1 2 0 2 0
l1d_u2-1 llc-0b25 1 2 0 2 0
l1d_u2-1 llc-0b26 1 2 0 2 0
l1d_u2-1 llc-0b27 1 2 0 2 0
l1d_u2-1 llc-0b28 1 2 0 2 0
l1d_u2-1 llc-0b29 1 2 0 2 0
l1d_u2-1 llc-0b30 1 2 0 2 0
l1d_u2-1 llc-0b31 1 2 0 2 0
l1d_u2-2 llc-0b0 1 2 0 2 0
l1d_u2-2 llc-0b1 1 2 0 2 0
l1d_u2-2 llc-0b2 1 2 0 2 0
l1d_u2-2 llc-0b3 1 2 0 2 0
l1d_u2-2 llc-0b4 1 2 0 2 0
l1d_u2-2 llc-0b5 1 2 0 2 0
l1d_u2-2 llc-0b6 1 2 0 2 0
l1d_u2-2 llc-0b7 1 2 0 2 0
l1d_u2-2 llc-0b8 1 2 0 2 0
l1d_u2-2 llc-0b9 1 2 0 2 0
l1d_u2-2 llc-0b10 1 2 0 2 0
l1d_u2-2 llc-0b11 1 2 0 2 0
l1d_u2-2 llc-0b12 1 2 0 2 0
l1d_u2-2 llc-0b13 1 2 0 2 0
l1d_u2-2 llc-0b14 1 2 0 2 0
l1d_u2-2 llc-0b15 1 2 0 2 0
l1d_u2-2 llc-0b16 1 2 0 2 0
l1d_u2-2 llc-0b17 1 2 0 2 0
l1d_u2-2 llc-0b18 1 2 0 2 0
l1d_u2-2 llc-0b19 1 2 0 2 0
l1d_u2-2 llc-0b20 1 2 0 2 0
l1d_u2-2 llc-0b21 1 2 0 2 0
l1d_u2-2 llc-0b22 1 2 0 2 0
l1d_u2-2 llc-0b23 1 2 0 2 0
l1d_u2-2 llc-0b24 1 2 0 2 0
l1d_u2-2 llc-0b25 1 2 0 2 0
l1d_u2-2 llc-0b26 1 2 0 2 0
l1d_u2-2 llc-0b27 1 2 0 2 0
l1d_u2-2 llc-0b28 1 2 0 2 0
l1d_u2-2 llc-0b29 1 2 0 2 0
l1d_u2-2 llc-0b30 1 2 0 2 0
l1d_u2-2 llc-0b31 1 2 0 2 0
l1d_u2-3 llc-0b0 1 2 0 2 0
l1d_u2-3 llc-0b1 1 2 0 2 0
l1d_u2-3 llc-0b2 1 2 0 2 0
l1d_u2-3 llc-0b3 1 2 0 2 0
l1d_u2-3 llc-0b4 1 2 0 2 0
l1d_u2-3 llc-0b5 1 2 0 2 0
l1d_u2-3 llc-0b6 1 2 0 2 0
l1d_u2-3 llc-0b7 1 2 0 2 0
l1d_u2-3 llc-0b8 1 2 0 2 0
l1d_u2-3 llc-0b9 1 2 0 2 0
l1d_u2-3 llc-0b10 1 2 0 2 0
l1d_u2-3 llc-0b11 1 2 0 2 0
l1d_u2-3 llc-0b12 1 2 0 2 0
l1d_u2-3 llc-0b13 1 2 0 2 0
l1d_u2-3 llc-0b14 1 2 0 2 0
l1d_u2-3 llc-0b15 1 2 0 2 0
l1d_u2-3 llc-0b16 1 2 0 2 0
l1d_u2-3 llc-0b17 1 2 0 2 0
l1d_u2-3 llc-0b18 1 2 0 2 0
l1d_u2-3 llc-0b19 1 2 0 2 0
l1d_u2-3 llc-0b20 1 2 0 2 0
l1d_u2-3 llc-0b21 1 2 0 2 0
l1d_u2-3 llc-0b22 1 2 0 2 0
l1d_u2-3 llc-0b23 1 2 0 2 0
l1d_u2-3 llc-0b24 1 2 0 2 0
l1d_u2-3 llc-0b25 1 2 0 2 0
l1d_u2-3 llc-0b26 1 2 0 2 0
l1d_u2-3 llc-0b27 1 2 0 2 0
l1d_u2-3 llc-0b28 1 2 0 2 0
l1d_u2-3 llc-0b29 1 2 0 2 0
l1d_u2-3 llc-0b30 1 2 0 2 0
l1d_u2-3 llc-0b31 1 2 0 2 0
l1d_u2-4 llc-0b0 1 2 0 2 0
l1d_u2-4 llc-0b1 1 2 0 2 0
l1d_u2-4 llc-0b2 1 2 0 2 0
l1d_u2-4 llc-0b3 1 2 0 2 0
l1d_u2-4 llc-0b4 1 2 0 2 0
l1d_u2-4 llc-0b5 1 2 0 2 0
l1d_u2-4 llc-0b6 1 2 0 2 0
l1d_u2-4 llc-0b7 1 2 0 2 0
l1d_u2-4 llc-0b8 1 2 0 2 0
l1d_u2-4 llc-0b9 1 2 0 2 0
l1d_u2-4 llc-0b10 1 2 0 2 0
l1d_u2-4 llc-0b11 1 2 0 2 0
l1d_u2-4 llc-0b12 1 2 0 2 0
l1d_u2-4 llc-0b13 1 2 0 2 0
l1d_u2-4 llc-0b14 1 2 0 2 0
l1d_u2-4 llc-0b15 1 2 0 2 0
l1d_u2-4 llc-0b16 1 2 0 2 0
l1d_u2-4 llc-0b17 1 2 0 2 0
l1d_u2-4 llc-0b18 1 2 0 2 0
l1d_u2-4 llc-0b19 1 2 0 2 0
l1d_u2-4 llc-0b20 1 2 0 2 0
l1d_u2-4 llc-0b21 1 2 0 2 0
l1d_u2-4 llc-0b22 1 2 0 2 0
l1d_u2-4 llc-0b23 1 2 0 2 0
l1d_u2-4 llc-0b24 1 2 0 2 0
l1d_u2-4 llc-0b25 1 2 0 2 0
l1d_u2-4 llc-0b26 1 2 0 2 0
l1d_u2-4 llc-0b27 1 2 0 2 0
l1d_u2-4 llc-0b28 1 2 0 2 0
l1d_u2-4 llc-0b29 1 2 0 2 0
l1d_u2-4 llc-0b30 1 2 0 2 0
l1d_u2-4 llc-0b31 1 2 0 2 0
l1d_u2-5 llc-0b0 1 2 0 2 0
l1d_u2-5 llc-0b1 1 2 0 2 0
l1d_u2-5 llc-0b2 1 2 0 2 0
l1d_u2-5 llc-0b3 1 2 0 2 0
l1d_u2-5 llc-0b4 1 2 0 2 0
l1d_u2-5 llc-0b5 1 2 0 2 0
l1d_u2-5 llc-0b6 1 2 0 2 0
l1d_u2-5 llc-0b7 1 2 0 2 0
l1d_u2-5 llc-0b8 1 2 0 2 0
l1d_u2-5 llc-0b9 1 2 0 2 0
l1d_u2-5 llc-0b10 1 2 0 2 0
l1d_u2-5 llc-0b11 1 2 0 2 0
l1d_u2-5 llc-0b12 1 2 0 2 0
l1d_u2-5 llc-0b13 1 2 0 2 0
l1d_u2-5 llc-0b14 1 2 0 2 0
l1d_u2-5 llc-0b15 1 2 0 2 0
l1d_u2-5 llc-0b16 1 2 0 2 0
l1d_u2-5 llc-0b17 1 2 0 2 0
l1d_u2-5 llc-0b18 1 2 0 2 0
l1d_u2-5 llc-0b19 1 2 0 2 0
l1d_u2-5 llc-0b20 1 2 0 2 0
l1d_u2-5 llc-0b21 1 2 0 2 0
l1d_u2-5 llc-0b22 1 2 0 2 0
l1d_u2-5 llc-0b23 1 2 0 2 0
l1d_u2-5 llc-0b24 1 2 0 2 0
l1d_u2-5 llc-0b25 1 2 0 2 0
l1d_u2-5 llc-0b26 1 2 0 2 0
l1d_u2-5 llc-0b27 1 2 0 2 0
l1d_u2-5 llc-0b28 1 2 0 2 0
l1d_u2-5 llc-0b29 1 2 0 2 0
l1d_u2-5 llc-0b30 1 2 0 2 0
l1d_u2-5 llc-0b31 1 2 0 2 0
l1d_u2-6 llc-0b0 1 2 0 2 0
l1d_u2-6 llc-0b1 1 2 0 2 0
l1d_u2-6 llc-0b2 1 2 0 2 0
l1d_u2-6 llc-0b3 1 2 0 2 0
l1d_u2-6 llc-0b4 1 2 0 2 0
l1d_u2-6 llc-0b5 1 2 0 2 0
l1d_u2-6 llc-0b6 1 2 0 2 0
l1d_u2-6 llc-0b7 1 2 0 2 0
l1d_u2-6 llc-0b8 1 2 0 2 0
l1d_u2-6 llc-0b9 1 2 0 2 0
l1d_u2-6 llc-0b10 1 2 0 2 0
l1d_u2-6 llc-0b11 1 2 0 2 0
l1d_u2-6 llc-0b12 1 2 0 2 0
l1d_u2-6 llc-0b13 1 2 0 2 0
l1d_u2-6 llc-0b14 1 2 0 2 0
l1d_u2-6 llc-0b15 1 2 0 2 0
l1d_u2-6 llc-0b16 1 2 0 2 0
l1d_u2-6 llc-0b17 1 2 0 2 0
l1d_u2-6 llc-0b18 1 2 0 2 0
l1d_u2-6 llc-0b19 1 2 0 2 0
l1d_u2-6 llc-0b20 1 2 0 2 0
l1d_u2-6 llc-0b21 1 2 0 2 0
l1d_u2-6 llc-0b22 1 2 0 2 0
l1d_u2-6 llc-0b23 1 2 0 2 0
l1d_u2-6 llc-0b24 1 2 0 2 0
l1d_u2-6 llc-0b25 1 2 0 2 0
l1d_u2-6 llc-0b26 1 2 0 2 0
l1d_u2-6 llc-0b27 1 2 0 2 0
l1d_u2-6 llc-0b28 1 2 0 2 0
l1d_u2-6 llc-0b29 1 2 0 2 0
l1d_u2-6 llc-0b30 1 2 0 2 0
l1d_u2-6 llc-0b31 1 2 0 2 0
l1d_u2-7 llc-0b0 1 2 0 2 0
l1d_u2-7 llc-0b1 1 2 0 2 0
l1d_u2-7 llc-0b2 1 2 0 2 0
l1d_u2-7 llc-0b3 1 2 0 2 0
l1d_u2-7 llc-0b4 1 2 0 2 0
l1d_u2-7 llc-0b5 1 2 0 2 0
l1d_u2-7 llc-0b6 1 2 0 2 0
l1d_u2-7 llc-0b7 1 2 0 2 0
l1d_u2-7 llc-0b8 1 2 0 2 0
l1d_u2-7 llc-0b9 1 2 0 2 0
l1d_u2-7 llc-0b10 1 2 0 2 0
l1d_u2-7 llc-0b11 1 2 0 2 0
l1d_u2-7 llc-0b12 1 2 0 2 0
l1d_u2-7 llc-0b13 1 2 0 2 0
l1d_u2-7 llc-0b14 1 2 0 2 0
l1d_u2-7 llc-0b15 1 2 0 2 0
l1d_u2-7 llc-0b16 1 2 0 2 0
l1d_u2-7 llc-0b17 1 2 0 2 0
l1d_u2-7 llc-0b18 1 2 0 2 0
l1d_u2-7 llc-0b19 1 2 0 2 0
l1d_u2-7 llc-0b20 1 2 0 2 0
l1d_u2-7 llc-0b21 1 2 0 2 0
l1d_u2-7 llc-0b22 1 2 0 2 0
l1d_u2-7 llc-0b23 1 2 0 2 0
l1d_u2-7 llc-0b24 1 2 0 2 0
l1d_u2-7 llc-0b25 1 2 0 2 0
l1d_u2-7 llc-0b26 1 2 0 2 0
l1d_u2-7 llc-0b27 1 2 0 2 0
l1d_u2-7 llc-0b28 1 2 0 2 0
l1d_u2-7 llc-0b29 1 2 0 2 0
l1d_u2-7 llc-0b30 1 2 0 2 0
l1d_u2-7 llc-0b31 1 2 0 2 0
l1d_u2-8 llc-0b0 1 2 0 2 0
l1d_u2-8 llc-0b1 1 2 0 2 0
l1d_u2-8 llc-0b2 1 2 0 2 0
l1d_u2-8 llc-0b3 1 2 0 2 0
l1d_u2-8 llc-0b4 1 2 0 2 0
l1d_u2-8 llc-0b5 1 2 0 2 0
l1d_u2-8 llc-0b6 1 2 0 2 0
l1d_u2-8 llc-0b7 1 2 0 2 0
l1d_u2-8 llc-0b8 1 2 0 2 0
l1d_u2-8 llc-0b9 1 2 0 2 0
l1d_u2-8 llc-0b10 1 2 0 2 0
l1d_u2-8 llc-0b11 1 2 0 2 0
l1d_u2-8 llc-0b12 1 2 0 2 0
l1d_u2-8 llc-0b13 1 2 0 2 0
l1d_u2-8 llc-0b14 1 2 0 2 0
l1d_u2-8 llc-0b15 1 2 0 2 0
l1d_u2-8 llc-0b16 1 2 0 2 0
l1d_u2-8 llc-0b17 1 2 0 2 0
l1d_u2-8 llc-0b18 1 2 0 2 0
l1d_u2-8 llc-0b19 1 2 0 2 0
l1d_u2-8 llc-0b20 1 2 0 2 0
l1d_u2-8 llc-0b21 1 2 0 2 0
l1d_u2-8 llc-0b22 1 2 0 2 0
l1d_u2-8 llc-0b23 1 2 0 2 0
l1d_u2-8 llc-0b24 1 2 0 2 0
l1d_u2-8 llc-0b25 1 2 0 2 0
l1d_u2-8 llc-0b26 1 2 0 2 0
l1d_u2-8 llc-0b27 1 2 0 2 0
l1d_u2-8 llc-0b28 1 2 0 2 0
l1d_u2-8 llc-0b29 1 2 0 2 0
l1d_u2-8 llc-0b30 1 2 0 2 0
l1d_u2-8 llc-0b31 1 2 0 2 0
l1d_u2-9 llc-0b0 1 2 0 2 0
l1d_u2-9 llc-0b1 1 2 0 2 0
l1d_u2-9 llc-0b2 1 2 0 2 0
l1d_u2-9 llc-0b3 1 2 0 2 0
l1d_u2-9 llc-0b4 1 2 0 2 0
l1d_u2-9 llc-0b5 1 2 0 2 0
l1d_u2-9 llc-0b6 1 2 0 2 0
l1d_u2-9 llc-0b7 1 2 0 2 0
l1d_u2-9 llc-0b8 1 2 0 2 0
l1d_u2-9 llc-0b9 1 2 0 2 0
l1d_u2-9 llc-0b10 1 2 0 2 0
l1d_u2-9 llc-0b11 1 2 0 2 0
l1d_u2-9 llc-0b12 1 2 0 2 0
l1d_u2-9 llc-0b13 1 2 0 2 0
l1d_u2-9 llc-0b14 1 2 0 2 0
l1d_u2-9 llc-0b15 1 2 0 2 0
l1d_u2-9 llc-0b16 1 2 0 2 0
l1d_u2-9 llc-0b17 1 2 0 2 0
l1d_u2-9 llc-0b18 1 2 0 2 0
l1d_u2-9 llc-0b19 1 2 0 2 0
l1d_u2-9 llc-0b20 1 2 0 2 0
l1d_u2-9 llc-0b21 1 2 0 2 0
l1d_u2-9 llc-0b22 1 2 0 2 0
l1d_u2-9 llc-0b23 1 2 0 2 0
l1d_u2-9 llc-0b24 1 2 0 2 0
l1d_u2-9 llc-0b25 1 2 0 2 0
l1d_u2-9 llc-0b26 1 2 0 2 0
l1d_u2-9 llc-0b27 1 2 0 2 0
l1d_u2-9 llc-0b28 1 2 0 2 0
l1d_u2-9 llc-0b29 1 2 0 2 0
l1d_u2-9 llc-0b30 1 2 0 2 0
l1d_u2-9 llc-0b31 1 2 0 2 0
l1d_u2-10 llc-0b0 1 2 0 2 0
l1d_u2-10 llc-0b1 1 2 0 2 0
l1d_u2-10 llc-0b2 1 2 0 2 0
l1d_u2-10 llc-0b3 1 2 0 2 0
l1d_u2-10 llc-0b4 1 2 0 2 0
l1d_u2-10 llc-0b5 1 2 0 2 0
l1d_u2-10 llc-0b6 1 2 0 2 0
l1d_u2-10 llc-0b7 1 2 0 2 0
l1d_u2-10 llc-0b8 1 2 0 2 0
l1d_u2-10 llc-0b9 1 2 0 2 0
l1d_u2-10 llc-0b10 1 2 0 2 0
l1d_u2-10 llc-0b11 1 2 0 2 0
l1d_u2-10 llc-0b12 1 2 0 2 0
l1d_u2-10 llc-0b13 1 2 0 2 0
l1d_u2-10 llc-0b14 1 2 0 2 0
l1d_u2-10 llc-0b15 1 2 0 2 0
l1d_u2-10 llc-0b16 1 2 0 2 0
l1d_u2-10 llc-0b17 1 2 0 2 0
l1d_u2-10 llc-0b18 1 2 0 2 0
l1d_u2-10 llc-0b19 1 2 0 2 0
l1d_u2-10 llc-0b20 1 2 0 2 0
l1d_u2-10 llc-0b21 1 2 0 2 0
l1d_u2-10 llc-0b22 1 2 0 2 0
l1d_u2-10 llc-0b23 1 2 0 2 0
l1d_u2-10 llc-0b24 1 2 0 2 0
l1d_u2-10 llc-0b25 1 2 0 2 0
l1d_u2-10 llc-0b26 1 2 0 2 0
l1d_u2-10 llc-0b27 1 2 0 2 0
l1d_u2-10 llc-0b28 1 2 0 2 0
l1d_u2-10 llc-0b29 1 2 0 2 0
l1d_u2-10 llc-0b30 1 2 0 2 0
l1d_u2-10 llc-0b31 1 2 0 2 0
l1d_u2-11 llc-0b0 1 2 0 2 0
l1d_u2-11 llc-0b1 1 2 0 2 0
l1d_u2-11 llc-0b2 1 2 0 2 0
l1d_u2-11 llc-0b3 1 2 0 2 0
l1d_u2-11 llc-0b4 1 2 0 2 0
l1d_u2-11 llc-0b5 1 2 0 2 0
l1d_u2-11 llc-0b6 1 2 0 2 0
l1d_u2-11 llc-0b7 1 2 0 2 0
l1d_u2-11 llc-0b8 1 2 0 2 0
l1d_u2-11 llc-0b9 1 2 0 2 0
l1d_u2-11 llc-0b10 1 2 0 2 0
l1d_u2-11 llc-0b11 1 2 0 2 0
l1d_u2-11 llc-0b12 1 2 0 2 0
l1d_u2-11 llc-0b13 1 2 0 2 0
l1d_u2-11 llc-0b14 1 2 0 2 0
l1d_u2-11 llc-0b15 1 2 0 2 0
l1d_u2-11 llc-0b16 1 2 0 2 0
l1d_u2-11 llc-0b17 1 2 0 2 0
l1d_u2-11 llc-0b18 1 2 0 2 0
l1d_u2-11 llc-0b19 1 2 0 2 0
l1d_u2-11 llc-0b20 1 2 0 2 0
l1d_u2-11 llc-0b21 1 2 0 2 0
l1d_u2-11 llc-0b22 1 2 0 2 0
l1d_u2-11 llc-0b23 1 2 0 2 0
l1d_u2-11 llc-0b24 1 2 0 2 0
l1d_u2-11 llc-0b25 1 2 0 2 0
l1d_u2-11 llc-0b26 1 2 0 2 0
l1d_u2-11 llc-0b27 1 2 0 2 0
l1d_u2-11 llc-0b28 1 2 0 2 0
l1d_u2-11 llc-0b29 1 2 0 2 0
l1d_u2-11 llc-0b30 1 2 0 2 0
l1d_u2-11 llc-0b31 1 2 0 2 0
l1d_u2-12 llc-0b0 1 2 0 2 0
l1d_u2-12 llc-0b1 1 2 0 2 0
l1d_u2-12 llc-0b2 1 2 0 2 0
l1d_u2-12 llc-0b3 1 2 0 2 0
l1d_u2-12 llc-0b4 1 2 0 2 0
l1d_u2-12 llc-0b5 1 2 0 2 0
l1d_u2-12 llc-0b6 1 2 0 2 0
l1d_u2-12 llc-0b7 1 2 0 2 0
l1d_u2-12 llc-0b8 1 2 0 2 0
l1d_u2-12 llc-0b9 1 2 0 2 0
l1d_u2-12 llc-0b10 1 2 0 2 0
l1d_u2-12 llc-0b11 1 2 0 2 0
l1d_u2-12 llc-0b12 1 2 0 2 0
l1d_u2-12 llc-0b13 1 2 0 2 0
l1d_u2-12 llc-0b14 1 2 0 2 0
l1d_u2-12 llc-0b15 1 2 0 2 0
l1d_u2-12 llc-0b16 1 2 0 2 0
l1d_u2-12 llc-0b17 1 2 0 2 0
l1d_u2-12 llc-0b18 1 2 0 2 0
l1d_u2-12 llc-0b19 1 2 0 2 0
l1d_u2-12 llc-0b20 1 2 0 2 0
l1d_u2-12 llc-0b21 1 2 0 2 0
l1d_u2-12 llc-0b22 1 2 0 2 0
l1d_u2-12 llc-0b23 1 2 0 2 0
l1d_u2-12 llc-0b24 1 2 0 2 0
l1d_u2-12 llc-0b25 1 2 0 2 0
l1d_u2-12 llc-0b26 1 2 0 2 0
l1d_u2-12 llc-0b27 1 2 0 2 0
l1d_u2-12 llc-0b28 1 2 0 2 0
l1d_u2-12 llc-0b29 1 2 0 2 0
l1d_u2-12 llc-0b30 1 2 0 2 0
l1d_u2-12 llc-0b31 1 2 0 2 0
l1d_u2-13 llc-0b0 1 2 0 2 0
l1d_u2-13 llc-0b1 1 2 0 2 0
l1d_u2-13 llc-0b2 1 2 0 2 0
l1d_u2-13 llc-0b3 1 2 0 2 0
l1d_u2-13 llc-0b4 1 2 0 2 0
l1d_u2-13 llc-0b5 1 2 0 2 0
l1d_u2-13 llc-0b6 1 2 0 2 0
l1d_u2-13 llc-0b7 1 2 0 2 0
l1d_u2-13 llc-0b8 1 2 0 2 0
l1d_u2-13 llc-0b9 1 2 0 2 0
l1d_u2-13 llc-0b10 1 2 0 2 0
l1d_u2-13 llc-0b11 1 2 0 2 0
l1d_u2-13 llc-0b12 1 2 0 2 0
l1d_u2-13 llc-0b13 1 2 0 2 0
l1d_u2-13 llc-0b14 1 2 0 2 0
l1d_u2-13 llc-0b15 1 2 0 2 0
l1d_u2-13 llc-0b16 1 2 0 2 0
l1d_u2-13 llc-0b17 1 2 0 2 0
l1d_u2-13 llc-0b18 1 2 0 2 0
l1d_u2-13 llc-0b19 1 2 0 2 0
l1d_u2-13 llc-0b20 1 2 0 2 0
l1d_u2-13 llc-0b21 1 2 0 2 0
l1d_u2-13 llc-0b22 1 2 0 2 0
l1d_u2-13 llc-0b23 1 2 0 2 0
l1d_u2-13 llc-0b24 1 2 0 2 0
l1d_u2-13 llc-0b25 1 2 0 2 0
l1d_u2-13 llc-0b26 1 2 0 2 0
l1d_u2-13 llc-0b27 1 2 0 2 0
l1d_u2-13 llc-0b28 1 2 0 2 0
l1d_u2-13 llc-0b29 1 2 0 2 0
l1d_u2-13 llc-0b30 1 2 0 2 0
l1d_u2-13 llc-0b31 1 2 0 2 0
l1d_u2-14 llc-0b0 1 2 0 2 0
l1d_u2-14 llc-0b1 1 2 0 2 0
l1d_u2-14 llc-0b2 1 2 0 2 0
l1d_u2-14 llc-0b3 1 2 0 2 0
l1d_u2-14 llc-0b4 1 2 0 2 0
l1d_u2-14 llc-0b5 1 2 0 2 0
l1d_u2-14 llc-0b6 1 2 0 2 0
l1d_u2-14 llc-0b7 1 2 0 2 0
l1d_u2-14 llc-0b8 1 2 0 2 0
l1d_u2-14 llc-0b9 1 2 0 2 0
l1d_u2-14 llc-0b10 1 2 0 2 0
l1d_u2-14 llc-0b11 1 2 0 2 0
l1d_u2-14 llc-0b12 1 2 0 2 0
l1d_u2-14 llc-0b13 1 2 0 2 0
l1d_u2-14 llc-0b14 1 2 0 2 0
l1d_u2-14 llc-0b15 1 2 0 2 0
l1d_u2-14 llc-0b16 1 2 0 2 0
l1d_u2-14 llc-0b17 1 2 0 2 0
l1d_u2-14 llc-0b18 1 2 0 2 0
l1d_u2-14 llc-0b19 1 2 0 2 0
l1d_u2-14 llc-0b20 1 2 0 2 0
l1d_u2-14 llc-0b21 1 2 0 2 0
l1d_u2-14 llc-0b22 1 2 0 2 0
l1d_u2-14 llc-0b23 1 2 0 2 0
l1d_u2-14 llc-0b24 1 2 0 2 0
l1d_u2-14 llc-0b25 1 2 0 2 0
l1d_u2-14 llc-0b26 1 2 0 2 0
l1d_u2-14 llc-0b27 1 2 0 2 0
l1d_u2-14 llc-0b28 1 2 0 2 0
l1d_u2-14 llc-0b29 1 2 0 2 0
l1d_u2-14 llc-0b30 1 2 0 2 0
l1d_u2-14 llc-0b31 1 2 0 2 0
l1d_u2-15 llc-0b0 1 2 0 2 0
l1d_u2-15 llc-0b1 1 2 0 2 0
l1d_u2-15 llc-0b2 1 2 0 2 0
l1d_u2-15 llc-0b3 1 2 0 2 0
l1d_u2-15 llc-0b4 1 2 0 2 0
l1d_u2-15 llc-0b5 1 2 0 2 0
l1d_u2-15 llc-0b6 1 2 0 2 0
l1d_u2-15 llc-0b7 1 2 0 2 0
l1d_u2-15 llc-0b8 1 2 0 2 0
l1d_u2-15 llc-0b9 1 2 0 2 0
l1d_u2-15 llc-0b10 1 2 0 2 0
l1d_u2-15 llc-0b11 1 2 0 2 0
l1d_u2-15 llc-0b12 1 2 0 2 0
l1d_u2-15 llc-0b13 1 2 0 2 0
l1d_u2-15 llc-0b14 1 2 0 2 0
l1d_u2-15 llc-0b15 1 2 0 2 0
l1d_u2-15 llc-0b16 1 2 0 2 0
l1d_u2-15 llc-0b17 1 2 0 2 0
l1d_u2-15 llc-0b18 1 2 0 2 0
l1d_u2-15 llc-0b19 1 2 0 2 0
l1d_u2-15 llc-0b20 1 2 0 2 0
l1d_u2-15 llc-0b21 1 2 0 2 0
l1d_u2-15 llc-0b22 1 2 0 2 0
l1d_u2-15 llc-0b23 1 2 0 2 0
l1d_u2-15 llc-0b24 1 2 0 2 0
l1d_u2-15 llc-0b25 1 2 0 2 0
l1d_u2-15 llc-0b26 1 2 0 2 0
l1d_u2-15 llc-0b27 1 2 0 2 0
l1d_u2-15 llc-0b28 1 2 0 2 0
l1d_u2-15 llc-0b29 1 2 0 2 0
l1d_u2-15 llc-0b30 1 2 0 2 0
l1d_u2-15 llc-0b31 1 2 0 2 0
l1i_u3-0 llc-0b0 1 3 0 3 0
l1i_u3-0 llc-0b1 1 3 0 3 0
l1i_u3-0 llc-0b2 1 3 0 3 0
l1i_u3-0 llc-0b3 1 3 0 3 0
l1i_u3-0 llc-0b4 1 3 0 3 0
l1i_u3-0 llc-0b5 1 3 0 3 0
l1i_u3-0 llc-0b6 1 3 0 3 0
l1i_u3-0 llc-0b7 1 3 0 3 0
l1i_u3-0 llc-0b8 1 3 0 3 0
l1i_u3-0 llc-0b9 1 3 0 3 0
l1i_u3-0 llc-0b10 1 3 0 3 0
l1i_u3-0 llc-0b11 1 3 0 3 0
l1i_u3-0 llc-0b12 1 3 0 3 0
l1i_u3-0 llc-0b13 1 3 0 3 0
l1i_u3-0 llc-0b14 1 3 0 3 0
l1i_u3-0 llc-0b15 1 3 0 3 0
l1i_u3-0 llc-0b16 1 3 0 3 0
l1i_u3-0 llc-0b17 1 3 0 3 0
l1i_u3-0 llc-0b18 1 3 0 3 0
l1i_u3-0 llc-0b19 1 3 0 3 0
l1i_u3-0 llc-0b20 1 3 0 3 0
l1i_u3-0 llc-0b21 1 3 0 3 0
l1i_u3-0 llc-0b22 1 3 0 3 0
l1i_u3-0 llc-0b23 1 3 0 3 0
l1i_u3-0 llc-0b24 1 3 0 3 0
l1i_u3-0 llc-0b25 1 3 0 3 0
l1i_u3-0 llc-0b26 1 3 0 3 0
l1i_u3-0 llc-0b27 1 3 0 3 0
l1i_u3-0 llc-0b28 1 3 0 3 0
l1i_u3-0 llc-0b29 1 3 0 3 0
l1i_u3-0 llc-0b30 1 3 0 3 0
l1i_u3-0 llc-0b31 1 3 0 3 0
l1i_u3-1 llc-0b0 1 3 0 3 0
l1i_u3-1 llc-0b1 1 3 0 3 0
l1i_u3-1 llc-0b2 1 3 0 3 0
l1i_u3-1 llc-0b3 1 3 0 3 0
l1i_u3-1 llc-0b4 1 3 0 3 0
l1i_u3-1 llc-0b5 1 3 0 3 0
l1i_u3-1 llc-0b6 1 3 0 3 0
l1i_u3-1 llc-0b7 1 3 0 3 0
l1i_u3-1 llc-0b8 1 3 0 3 0
l1i_u3-1 llc-0b9 1 3 0 3 0
l1i_u3-1 llc-0b10 1 3 0 3 0
l1i_u3-1 llc-0b11 1 3 0 3 0
l1i_u3-1 llc-0b12 1 3 0 3 0
l1i_u3-1 llc-0b13 1 3 0 3 0
l1i_u3-1 llc-0b14 1 3 0 3 0
l1i_u3-1 llc-0b15 1 3 0 3 0
l1i_u3-1 llc-0b16 1 3 0 3 0
l1i_u3-1 llc-0b17 1 3 0 3 0
l1i_u3-1 llc-0b18 1 3 0 3 0
l1i_u3-1 llc-0b19 1 3 0 3 0
l1i_u3-1 llc-0b20 1 3 0 3 0
l1i_u3-1 llc-0b21 1 3 0 3 0
l1i_u3-1 llc-0b22 1 3 0 3 0
l1i_u3-1 llc-0b23 1 3 0 3 0
l1i_u3-1 llc-0b24 1 3 0 3 0
l1i_u3-1 llc-0b25 1 3 0 3 0
l1i_u3-1 llc-0b26 1 3 0 3 0
l1i_u3-1 llc-0b27 1 3 0 3 0
l1i_u3-1 llc-0b28 1 3 0 3 0
l1i_u3-1 llc-0b29 1 3 0 3 0
l1i_u3-1 llc-0b30 1 3 0 3 0
l1i_u3-1 llc-0b31 1 3 0 3 0
l1i_u3-2 llc-0b0 1 3 0 3 0
l1i_u3-2 llc-0b1 1 3 0 3 0
l1i_u3-2 llc-0b2 1 3 0 3 0
l1i_u3-2 llc-0b3 1 3 0 3 0
l1i_u3-2 llc-0b4 1 3 0 3 0
l1i_u3-2 llc-0b5 1 3 0 3 0
l1i_u3-2 llc-0b6 1 3 0 3 0
l1i_u3-2 llc-0b7 1 3 0 3 0
l1i_u3-2 llc-0b8 1 3 0 3 0
l1i_u3-2 llc-0b9 1 3 0 3 0
l1i_u3-2 llc-0b10 1 3 0 3 0
l1i_u3-2 llc-0b11 1 3 0 3 0
l1i_u3-2 llc-0b12 1 3 0 3 0
l1i_u3-2 llc-0b13 1 3 0 3 0
l1i_u3-2 llc-0b14 1 3 0 3 0
l1i_u3-2 llc-0b15 1 3 0 3 0
l1i_u3-2 llc-0b16 1 3 0 3 0
l1i_u3-2 llc-0b17 1 3 0 3 0
l1i_u3-2 llc-0b18 1 3 0 3 0
l1i_u3-2 llc-0b19 1 3 0 3 0
l1i_u3-2 llc-0b20 1 3 0 3 0
l1i_u3-2 llc-0b21 1 3 0 3 0
l1i_u3-2 llc-0b22 1 3 0 3 0
l1i_u3-2 llc-0b23 1 3 0 3 0
l1i_u3-2 llc-0b24 1 3 0 3 0
l1i_u3-2 llc-0b25 1 3 0 3 0
l1i_u3-2 llc-0b26 1 3 0 3 0
l1i_u3-2 llc-0b27 1 3 0 3 0
l1i_u3-2 llc-0b28 1 3 0 3 0
l1i_u3-2 llc-0b29 1 3 0 3 0
l1i_u3-2 llc-0b30 1 3 0 3 0
l1i_u3-2 llc-0b31 1 3 0 3 0
l1i_u3-3 llc-0b0 1 3 0 3 0
l1i_u3-3 llc-0b1 1 3 0 3 0
l1i_u3-3 llc-0b2 1 3 0 3 0
l1i_u3-3 llc-0b3 1 3 0 3 0
l1i_u3-3 llc-0b4 1 3 0 3 0
l1i_u3-3 llc-0b5 1 3 0 3 0
l1i_u3-3 llc-0b6 1 3 0 3 0
l1i_u3-3 llc-0b7 1 3 0 3 0
l1i_u3-3 llc-0b8 1 3 0 3 0
l1i_u3-3 llc-0b9 1 3 0 3 0
l1i_u3-3 llc-0b10 1 3 0 3 0
l1i_u3-3 llc-0b11 1 3 0 3 0
l1i_u3-3 llc-0b12 1 3 0 3 0
l1i_u3-3 llc-0b13 1 3 0 3 0
l1i_u3-3 llc-0b14 1 3 0 3 0
l1i_u3-3 llc-0b15 1 3 0 3 0
l1i_u3-3 llc-0b16 1 3 0 3 0
l1i_u3-3 llc-0b17 1 3 0 3 0
l1i_u3-3 llc-0b18 1 3 0 3 0
l1i_u3-3 llc-0b19 1 3 0 3 0
l1i_u3-3 llc-0b20 1 3 0 3 0
l1i_u3-3 llc-0b21 1 3 0 3 0
l1i_u3-3 llc-0b22 1 3 0 3 0
l1i_u3-3 llc-0b23 1 3 0 3 0
l1i_u3-3 llc-0b24 1 3 0 3 0
l1i_u3-3 llc-0b25 1 3 0 3 0
l1i_u3-3 llc-0b26 1 3 0 3 0
l1i_u3-3 llc-0b27 1 3 0 3 0
l1i_u3-3 llc-0b28 1 3 0 3 0
l1i_u3-3 llc-0b29 1 3 0 3 0
l1i_u3-3 llc-0b30 1 3 0 3 0
l1i_u3-3 llc-0b31 1 3 0 3 0
l1i_u3-4 llc-0b0 1 3 0 3 0
l1i_u3-4 llc-0b1 1 3 0 3 0
l1i_u3-4 llc-0b2 1 3 0 3 0
l1i_u3-4 llc-0b3 1 3 0 3 0
l1i_u3-4 llc-0b4 1 3 0 3 0
l1i_u3-4 llc-0b5 1 3 0 3 0
l1i_u3-4 llc-0b6 1 3 0 3 0
l1i_u3-4 llc-0b7 1 3 0 3 0
l1i_u3-4 llc-0b8 1 3 0 3 0
l1i_u3-4 llc-0b9 1 3 0 3 0
l1i_u3-4 llc-0b10 1 3 0 3 0
l1i_u3-4 llc-0b11 1 3 0 3 0
l1i_u3-4 llc-0b12 1 3 0 3 0
l1i_u3-4 llc-0b13 1 3 0 3 0
l1i_u3-4 llc-0b14 1 3 0 3 0
l1i_u3-4 llc-0b15 1 3 0 3 0
l1i_u3-4 llc-0b16 1 3 0 3 0
l1i_u3-4 llc-0b17 1 3 0 3 0
l1i_u3-4 llc-0b18 1 3 0 3 0
l1i_u3-4 llc-0b19 1 3 0 3 0
l1i_u3-4 llc-0b20 1 3 0 3 0
l1i_u3-4 llc-0b21 1 3 0 3 0
l1i_u3-4 llc-0b22 1 3 0 3 0
l1i_u3-4 llc-0b23 1 3 0 3 0
l1i_u3-4 llc-0b24 1 3 0 3 0
l1i_u3-4 llc-0b25 1 3 0 3 0
l1i_u3-4 llc-0b26 1 3 0 3 0
l1i_u3-4 llc-0b27 1 3 0 3 0
l1i_u3-4 llc-0b28 1 3 0 3 0
l1i_u3-4 llc-0b29 1 3 0 3 0
l1i_u3-4 llc-0b30 1 3 0 3 0
l1i_u3-4 llc-0b31 1 3 0 3 0
l1i_u3-5 llc-0b0 1 3 0 3 0
l1i_u3-5 llc-0b1 1 3 0 3 0
l1i_u3-5 llc-0b2 1 3 0 3 0
l1i_u3-5 llc-0b3 1 3 0 3 0
l1i_u3-5 llc-0b4 1 3 0 3 0
l1i_u3-5 llc-0b5 1 3 0 3 0
l1i_u3-5 llc-0b6 1 3 0 3 0
l1i_u3-5 llc-0b7 1 3 0 3 0
l1i_u3-5 llc-0b8 1 3 0 3 0
l1i_u3-5 llc-0b9 1 3 0 3 0
l1i_u3-5 llc-0b10 1 3 0 3 0
l1i_u3-5 llc-0b11 1 3 0 3 0
l1i_u3-5 llc-0b12 1 3 0 3 0
l1i_u3-5 llc-0b13 1 3 0 3 0
l1i_u3-5 llc-0b14 1 3 0 3 0
l1i_u3-5 llc-0b15 1 3 0 3 0
l1i_u3-5 llc-0b16 1 3 0 3 0
l1i_u3-5 llc-0b17 1 3 0 3 0
l1i_u3-5 llc-0b18 1 3 0 3 0
l1i_u3-5 llc-0b19 1 3 0 3 0
l1i_u3-5 llc-0b20 1 3 0 3 0
l1i_u3-5 llc-0b21 1 3 0 3 0
l1i_u3-5 llc-0b22 1 3 0 3 0
l1i_u3-5 llc-0b23 1 3 0 3 0
l1i_u3-5 llc-0b24 1 3 0 3 0
l1i_u3-5 llc-0b25 1 3 0 3 0
l1i_u3-5 llc-0b26 1 3 0 3 0
l1i_u3-5 llc-0b27 1 3 0 3 0
l1i_u3-5 llc-0b28 1 3 0 3 0
l1i_u3-5 llc-0b29 1 3 0 3 0
l1i_u3-5 llc-0b30 1 3 0 3 0
l1i_u3-5 llc-0b31 1 3 0 3 0
l1i_u3-6 llc-0b0 1 3 0 3 0
l1i_u3-6 llc-0b1 1 3 0 3 0
l1i_u3-6 llc-0b2 1 3 0 3 0
l1i_u3-6 llc-0b3 1 3 0 3 0
l1i_u3-6 llc-0b4 1 3 0 3 0
l1i_u3-6 llc-0b5 1 3 0 3 0
l1i_u3-6 llc-0b6 1 3 0 3 0
l1i_u3-6 llc-0b7 1 3 0 3 0
l1i_u3-6 llc-0b8 1 3 0 3 0
l1i_u3-6 llc-0b9 1 3 0 3 0
l1i_u3-6 llc-0b10 1 3 0 3 0
l1i_u3-6 llc-0b11 1 3 0 3 0
l1i_u3-6 llc-0b12 1 3 0 3 0
l1i_u3-6 llc-0b13 1 3 0 3 0
l1i_u3-6 llc-0b14 1 3 0 3 0
l1i_u3-6 llc-0b15 1 3 0 3 0
l1i_u3-6 llc-0b16 1 3 0 3 0
l1i_u3-6 llc-0b17 1 3 0 3 0
l1i_u3-6 llc-0b18 1 3 0 3 0
l1i_u3-6 llc-0b19 1 3 0 3 0
l1i_u3-6 llc-0b20 1 3 0 3 0
l1i_u3-6 llc-0b21 1 3 0 3 0
l1i_u3-6 llc-0b22 1 3 0 3 0
l1i_u3-6 llc-0b23 1 3 0 3 0
l1i_u3-6 llc-0b24 1 3 0 3 0
l1i_u3-6 llc-0b25 1 3 0 3 0
l1i_u3-6 llc-0b26 1 3 0 3 0
l1i_u3-6 llc-0b27 1 3 0 3 0
l1i_u3-6 llc-0b28 1 3 0 3 0
l1i_u3-6 llc-0b29 1 3 0 3 0
l1i_u3-6 llc-0b30 1 3 0 3 0
l1i_u3-6 llc-0b31 1 3 0 3 0
l1i_u3-7 llc-0b0 1 3 0 3 0
l1i_u3-7 llc-0b1 1 3 0 3 0
l1i_u3-7 llc-0b2 1 3 0 3 0
l1i_u3-7 llc-0b3 1 3 0 3 0
l1i_u3-7 llc-0b4 1 3 0 3 0
l1i_u3-7 llc-0b5 1 3 0 3 0
l1i_u3-7 llc-0b6 1 3 0 3 0
l1i_u3-7 llc-0b7 1 3 0 3 0
l1i_u3-7 llc-0b8 1 3 0 3 0
l1i_u3-7 llc-0b9 1 3 0 3 0
l1i_u3-7 llc-0b10 1 3 0 3 0
l1i_u3-7 llc-0b11 1 3 0 3 0
l1i_u3-7 llc-0b12 1 3 0 3 0
l1i_u3-7 llc-0b13 1 3 0 3 0
l1i_u3-7 llc-0b14 1 3 0 3 0
l1i_u3-7 llc-0b15 1 3 0 3 0
l1i_u3-7 llc-0b16 1 3 0 3 0
l1i_u3-7 llc-0b17 1 3 0 3 0
l1i_u3-7 llc-0b18 1 3 0 3 0
l1i_u3-7 llc-0b19 1 3 0 3 0
l1i_u3-7 llc-0b20 1 3 0 3 0
l1i_u3-7 llc-0b21 1 3 0 3 0
l1i_u3-7 llc-0b22 1 3 0 3 0
l1i_u3-7 llc-0b23 1 3 0 3 0
l1i_u3-7 llc-0b24 1 3 0 3 0
l1i_u3-7 llc-0b25 1 3 0 3 0
l1i_u3-7 llc-0b26 1 3 0 3 0
l1i_u3-7 llc-0b27 1 3 0 3 0
l1i_u3-7 llc-0b28 1 3 0 3 0
l1i_u3-7 llc-0b29 1 3 0 3 0
l1i_u3-7 llc-0b30 1 3 0 3 0
l1i_u3-7 llc-0b31 1 3 0 3 0
l1i_u3-8 llc-0b0 1 3 0 3 0
l1i_u3-8 llc-0b1 1 3 0 3 0
l1i_u3-8 llc-0b2 1 3 0 3 0
l1i_u3-8 llc-0b3 1 3 0 3 0
l1i_u3-8 llc-0b4 1 3 0 3 0
l1i_u3-8 llc-0b5 1 3 0 3 0
l1i_u3-8 llc-0b6 1 3 0 3 0
l1i_u3-8 llc-0b7 1 3 0 3 0
l1i_u3-8 llc-0b8 1 3 0 3 0
l1i_u3-8 llc-0b9 1 3 0 3 0
l1i_u3-8 llc-0b10 1 3 0 3 0
l1i_u3-8 llc-0b11 1 3 0 3 0
l1i_u3-8 llc-0b12 1 3 0 3 0
l1i_u3-8 llc-0b13 1 3 0 3 0
l1i_u3-8 llc-0b14 1 3 0 3 0
l1i_u3-8 llc-0b15 1 3 0 3 0
l1i_u3-8 llc-0b16 1 3 0 3 0
l1i_u3-8 llc-0b17 1 3 0 3 0
l1i_u3-8 llc-0b18 1 3 0 3 0
l1i_u3-8 llc-0b19 1 3 0 3 0
l1i_u3-8 llc-0b20 1 3 0 3 0
l1i_u3-8 llc-0b21 1 3 0 3 0
l1i_u3-8 llc-0b22 1 3 0 3 0
l1i_u3-8 llc-0b23 1 3 0 3 0
l1i_u3-8 llc-0b24 1 3 0 3 0
l1i_u3-8 llc-0b25 1 3 0 3 0
l1i_u3-8 llc-0b26 1 3 0 3 0
l1i_u3-8 llc-0b27 1 3 0 3 0
l1i_u3-8 llc-0b28 1 3 0 3 0
l1i_u3-8 llc-0b29 1 3 0 3 0
l1i_u3-8 llc-0b30 1 3 0 3 0
l1i_u3-8 llc-0b31 1 3 0 3 0
l1i_u3-9 llc-0b0 1 3 0 3 0
l1i_u3-9 llc-0b1 1 3 0 3 0
l1i_u3-9 llc-0b2 1 3 0 3 0
l1i_u3-9 llc-0b3 1 3 0 3 0
l1i_u3-9 llc-0b4 1 3 0 3 0
l1i_u3-9 llc-0b5 1 3 0 3 0
l1i_u3-9 llc-0b6 1 3 0 3 0
l1i_u3-9 llc-0b7 1 3 0 3 0
l1i_u3-9 llc-0b8 1 3 0 3 0
l1i_u3-9 llc-0b9 1 3 0 3 0
l1i_u3-9 llc-0b10 1 3 0 3 0
l1i_u3-9 llc-0b11 1 3 0 3 0
l1i_u3-9 llc-0b12 1 3 0 3 0
l1i_u3-9 llc-0b13 1 3 0 3 0
l1i_u3-9 llc-0b14 1 3 0 3 0
l1i_u3-9 llc-0b15 1 3 0 3 0
l1i_u3-9 llc-0b16 1 3 0 3 0
l1i_u3-9 llc-0b17 1 3 0 3 0
l1i_u3-9 llc-0b18 1 3 0 3 0
l1i_u3-9 llc-0b19 1 3 0 3 0
l1i_u3-9 llc-0b20 1 3 0 3 0
l1i_u3-9 llc-0b21 1 3 0 3 0
l1i_u3-9 llc-0b22 1 3 0 3 0
l1i_u3-9 llc-0b23 1 3 0 3 0
l1i_u3-9 llc-0b24 1 3 0 3 0
l1i_u3-9 llc-0b25 1 3 0 3 0
l1i_u3-9 llc-0b26 1 3 0 3 0
l1i_u3-9 llc-0b27 1 3 0 3 0
l1i_u3-9 llc-0b28 1 3 0 3 0
l1i_u3-9 llc-0b29 1 3 0 3 0
l1i_u3-9 llc-0b30 1 3 0 3 0
l1i_u3-9 llc-0b31 1 3 0 3 0
l1i_u3-10 llc-0b0 1 3 0 3 0
l1i_u3-10 llc-0b1 1 3 0 3 0
l1i_u3-10 llc-0b2 1 3 0 3 0
l1i_u3-10 llc-0b3 1 3 0 3 0
l1i_u3-10 llc-0b4 1 3 0 3 0
l1i_u3-10 llc-0b5 1 3 0 3 0
l1i_u3-10 llc-0b6 1 3 0 3 0
l1i_u3-10 llc-0b7 1 3 0 3 0
l1i_u3-10 llc-0b8 1 3 0 3 0
l1i_u3-10 llc-0b9 1 3 0 3 0
l1i_u3-10 llc-0b10 1 3 0 3 0
l1i_u3-10 llc-0b11 1 3 0 3 0
l1i_u3-10 llc-0b12 1 3 0 3 0
l1i_u3-10 llc-0b13 1 3 0 3 0
l1i_u3-10 llc-0b14 1 3 0 3 0
l1i_u3-10 llc-0b15 1 3 0 3 0
l1i_u3-10 llc-0b16 1 3 0 3 0
l1i_u3-10 llc-0b17 1 3 0 3 0
l1i_u3-10 llc-0b18 1 3 0 3 0
l1i_u3-10 llc-0b19 1 3 0 3 0
l1i_u3-10 llc-0b20 1 3 0 3 0
l1i_u3-10 llc-0b21 1 3 0 3 0
l1i_u3-10 llc-0b22 1 3 0 3 0
l1i_u3-10 llc-0b23 1 3 0 3 0
l1i_u3-10 llc-0b24 1 3 0 3 0
l1i_u3-10 llc-0b25 1 3 0 3 0
l1i_u3-10 llc-0b26 1 3 0 3 0
l1i_u3-10 llc-0b27 1 3 0 3 0
l1i_u3-10 llc-0b28 1 3 0 3 0
l1i_u3-10 llc-0b29 1 3 0 3 0
l1i_u3-10 llc-0b30 1 3 0 3 0
l1i_u3-10 llc-0b31 1 3 0 3 0
l1i_u3-11 llc-0b0 1 3 0 3 0
l1i_u3-11 llc-0b1 1 3 0 3 0
l1i_u3-11 llc-0b2 1 3 0 3 0
l1i_u3-11 llc-0b3 1 3 0 3 0
l1i_u3-11 llc-0b4 1 3 0 3 0
l1i_u3-11 llc-0b5 1 3 0 3 0
l1i_u3-11 llc-0b6 1 3 0 3 0
l1i_u3-11 llc-0b7 1 3 0 3 0
l1i_u3-11 llc-0b8 1 3 0 3 0
l1i_u3-11 llc-0b9 1 3 0 3 0
l1i_u3-11 llc-0b10 1 3 0 3 0
l1i_u3-11 llc-0b11 1 3 0 3 0
l1i_u3-11 llc-0b12 1 3 0 3 0
l1i_u3-11 llc-0b13 1 3 0 3 0
l1i_u3-11 llc-0b14 1 3 0 3 0
l1i_u3-11 llc-0b15 1 3 0 3 0
l1i_u3-11 llc-0b16 1 3 0 3 0
l1i_u3-11 llc-0b17 1 3 0 3 0
l1i_u3-11 llc-0b18 1 3 0 3 0
l1i_u3-11 llc-0b19 1 3 0 3 0
l1i_u3-11 llc-0b20 1 3 0 3 0
l1i_u3-11 llc-0b21 1 3 0 3 0
l1i_u3-11 llc-0b22 1 3 0 3 0
l1i_u3-11 llc-0b23 1 3 0 3 0
l1i_u3-11 llc-0b24 1 3 0 3 0
l1i_u3-11 llc-0b25 1 3 0 3 0
l1i_u3-11 llc-0b26 1 3 0 3 0
l1i_u3-11 llc-0b27 1 3 0 3 0
l1i_u3-11 llc-0b28 1 3 0 3 0
l1i_u3-11 llc-0b29 1 3 0 3 0
l1i_u3-11 llc-0b30 1 3 0 3 0
l1i_u3-11 llc-0b31 1 3 0 3 0
l1i_u3-12 llc-0b0 1 3 0 3 0
l1i_u3-12 llc-0b1 1 3 0 3 0
l1i_u3-12 llc-0b2 1 3 0 3 0
l1i_u3-12 llc-0b3 1 3 0 3 0
l1i_u3-12 llc-0b4 1 3 0 3 0
l1i_u3-12 llc-0b5 1 3 0 3 0
l1i_u3-12 llc-0b6 1 3 0 3 0
l1i_u3-12 llc-0b7 1 3 0 3 0
l1i_u3-12 llc-0b8 1 3 0 3 0
l1i_u3-12 llc-0b9 1 3 0 3 0
l1i_u3-12 llc-0b10 1 3 0 3 0
l1i_u3-12 llc-0b11 1 3 0 3 0
l1i_u3-12 llc-0b12 1 3 0 3 0
l1i_u3-12 llc-0b13 1 3 0 3 0
l1i_u3-12 llc-0b14 1 3 0 3 0
l1i_u3-12 llc-0b15 1 3 0 3 0
l1i_u3-12 llc-0b16 1 3 0 3 0
l1i_u3-12 llc-0b17 1 3 0 3 0
l1i_u3-12 llc-0b18 1 3 0 3 0
l1i_u3-12 llc-0b19 1 3 0 3 0
l1i_u3-12 llc-0b20 1 3 0 3 0
l1i_u3-12 llc-0b21 1 3 0 3 0
l1i_u3-12 llc-0b22 1 3 0 3 0
l1i_u3-12 llc-0b23 1 3 0 3 0
l1i_u3-12 llc-0b24 1 3 0 3 0
l1i_u3-12 llc-0b25 1 3 0 3 0
l1i_u3-12 llc-0b26 1 3 0 3 0
l1i_u3-12 llc-0b27 1 3 0 3 0
l1i_u3-12 llc-0b28 1 3 0 3 0
l1i_u3-12 llc-0b29 1 3 0 3 0
l1i_u3-12 llc-0b30 1 3 0 3 0
l1i_u3-12 llc-0b31 1 3 0 3 0
l1i_u3-13 llc-0b0 1 3 0 3 0
l1i_u3-13 llc-0b1 1 3 0 3 0
l1i_u3-13 llc-0b2 1 3 0 3 0
l1i_u3-13 llc-0b3 1 3 0 3 0
l1i_u3-13 llc-0b4 1 3 0 3 0
l1i_u3-13 llc-0b5 1 3 0 3 0
l1i_u3-13 llc-0b6 1 3 0 3 0
l1i_u3-13 llc-0b7 1 3 0 3 0
l1i_u3-13 llc-0b8 1 3 0 3 0
l1i_u3-13 llc-0b9 1 3 0 3 0
l1i_u3-13 llc-0b10 1 3 0 3 0
l1i_u3-13 llc-0b11 1 3 0 3 0
l1i_u3-13 llc-0b12 1 3 0 3 0
l1i_u3-13 llc-0b13 1 3 0 3 0
l1i_u3-13 llc-0b14 1 3 0 3 0
l1i_u3-13 llc-0b15 1 3 0 3 0
l1i_u3-13 llc-0b16 1 3 0 3 0
l1i_u3-13 llc-0b17 1 3 0 3 0
l1i_u3-13 llc-0b18 1 3 0 3 0
l1i_u3-13 llc-0b19 1 3 0 3 0
l1i_u3-13 llc-0b20 1 3 0 3 0
l1i_u3-13 llc-0b21 1 3 0 3 0
l1i_u3-13 llc-0b22 1 3 0 3 0
l1i_u3-13 llc-0b23 1 3 0 3 0
l1i_u3-13 llc-0b24 1 3 0 3 0
l1i_u3-13 llc-0b25 1 3 0 3 0
l1i_u3-13 llc-0b26 1 3 0 3 0
l1i_u3-13 llc-0b27 1 3 0 3 0
l1i_u3-13 llc-0b28 1 3 0 3 0
l1i_u3-13 llc-0b29 1 3 0 3 0
l1i_u3-13 llc-0b30 1 3 0 3 0
l1i_u3-13 llc-0b31 1 3 0 3 0
l1i_u3-14 llc-0b0 1 3 0 3 0
l1i_u3-14 llc-0b1 1 3 0 3 0
l1i_u3-14 llc-0b2 1 3 0 3 0
l1i_u3-14 llc-0b3 1 3 0 3 0
l1i_u3-14 llc-0b4 1 3 0 3 0
l1i_u3-14 llc-0b5 1 3 0 3 0
l1i_u3-14 llc-0b6 1 3 0 3 0
l1i_u3-14 llc-0b7 1 3 0 3 0
l1i_u3-14 llc-0b8 1 3 0 3 0
l1i_u3-14 llc-0b9 1 3 0 3 0
l1i_u3-14 llc-0b10 1 3 0 3 0
l1i_u3-14 llc-0b11 1 3 0 3 0
l1i_u3-14 llc-0b12 1 3 0 3 0
l1i_u3-14 llc-0b13 1 3 0 3 0
l1i_u3-14 llc-0b14 1 3 0 3 0
l1i_u3-14 llc-0b15 1 3 0 3 0
l1i_u3-14 llc-0b16 1 3 0 3 0
l1i_u3-14 llc-0b17 1 3 0 3 0
l1i_u3-14 llc-0b18 1 3 0 3 0
l1i_u3-14 llc-0b19 1 3 0 3 0
l1i_u3-14 llc-0b20 1 3 0 3 0
l1i_u3-14 llc-0b21 1 3 0 3 0
l1i_u3-14 llc-0b22 1 3 0 3 0
l1i_u3-14 llc-0b23 1 3 0 3 0
l1i_u3-14 llc-0b24 1 3 0 3 0
l1i_u3-14 llc-0b25 1 3 0 3 0
l1i_u3-14 llc-0b26 1 3 0 3 0
l1i_u3-14 llc-0b27 1 3 0 3 0
l1i_u3-14 llc-0b28 1 3 0 3 0
l1i_u3-14 llc-0b29 1 3 0 3 0
l1i_u3-14 llc-0b30 1 3 0 3 0
l1i_u3-14 llc-0b31 1 3 0 3 0
l1i_u3-15 llc-0b0 1 3 0 3 0
l1i_u3-15 llc-0b1 1 3 0 3 0
l1i_u3-15 llc-0b2 1 3 0 3 0
l1i_u3-15 llc-0b3 1 3 0 3 0
l1i_u3-15 llc-0b4 1 3 0 3 0
l1i_u3-15 llc-0b5 1 3 0 3 0
l1i_u3-15 llc-0b6 1 3 0 3 0
l1i_u3-15 llc-0b7 1 3 0 3 0
l1i_u3-15 llc-0b8 1 3 0 3 0
l1i_u3-15 llc-0b9 1 3 0 3 0
l1i_u3-15 llc-0b10 1 3 0 3 0
l1i_u3-15 llc-0b11 1 3 0 3 0
l1i_u3-15 llc-0b12 1 3 0 3 0
l1i_u3-15 llc-0b13 1 3 0 3 0
l1i_u3-15 llc-0b14 1 3 0 3 0
l1i_u3-15 llc-0b15 1 3 0 3 0
l1i_u3-15 llc-0b16 1 3 0 3 0
l1i_u3-15 llc-0b17 1 3 0 3 0
l1i_u3-15 llc-0b18 1 3 0 3 0
l1i_u3-15 llc-0b19 1 3 0 3 0
l1i_u3-15 llc-0b20 1 3 0 3 0
l1i_u3-15 llc-0b21 1 3 0 3 0
l1i_u3-15 llc-0b22 1 3 0 3 0
l1i_u3-15 llc-0b23 1 3 0 3 0
l1i_u3-15 llc-0b24 1 3 0 3 0
l1i_u3-15 llc-0b25 1 3 0 3 0
l1i_u3-15 llc-0b26 1 3 0 3 0
l1i_u3-15 llc-0b27 1 3 0 3 0
l1i_u3-15 llc-0b28 1 3 0 3 0
l1i_u3-15 llc-0b29 1 3 0 3 0
l1i_u3-15 llc-0b30 1 3 0 3 0
l1i_u3-15 llc-0b31 1 3 0 3 0
l1d_u3-0 llc-0b0 1 3 0 3 0
l1d_u3-0 llc-0b1 1 3 0 3 0
l1d_u3-0 llc-0b2 1 3 0 3 0
l1d_u3-0 llc-0b3 1 3 0 3 0
l1d_u3-0 llc-0b4 1 3 0 3 0
l1d_u3-0 llc-0b5 1 3 0 3 0
l1d_u3-0 llc-0b6 1 3 0 3 0
l1d_u3-0 llc-0b7 1 3 0 3 0
l1d_u3-0 llc-0b8 1 3 0 3 0
l1d_u3-0 llc-0b9 1 3 0 3 0
l1d_u3-0 llc-0b10 1 3 0 3 0
l1d_u3-0 llc-0b11 1 3 0 3 0
l1d_u3-0 llc-0b12 1 3 0 3 0
l1d_u3-0 llc-0b13 1 3 0 3 0
l1d_u3-0 llc-0b14 1 3 0 3 0
l1d_u3-0 llc-0b15 1 3 0 3 0
l1d_u3-0 llc-0b16 1 3 0 3 0
l1d_u3-0 llc-0b17 1 3 0 3 0
l1d_u3-0 llc-0b18 1 3 0 3 0
l1d_u3-0 llc-0b19 1 3 0 3 0
l1d_u3-0 llc-0b20 1 3 0 3 0
l1d_u3-0 llc-0b21 1 3 0 3 0
l1d_u3-0 llc-0b22 1 3 0 3 0
l1d_u3-0 llc-0b23 1 3 0 3 0
l1d_u3-0 llc-0b24 1 3 0 3 0
l1d_u3-0 llc-0b25 1 3 0 3 0
l1d_u3-0 llc-0b26 1 3 0 3 0
l1d_u3-0 llc-0b27 1 3 0 3 0
l1d_u3-0 llc-0b28 1 3 0 3 0
l1d_u3-0 llc-0b29 1 3 0 3 0
l1d_u3-0 llc-0b30 1 3 0 3 0
l1d_u3-0 llc-0b31 1 3 0 3 0
l1d_u3-1 llc-0b0 1 3 0 3 0
l1d_u3-1 llc-0b1 1 3 0 3 0
l1d_u3-1 llc-0b2 1 3 0 3 0
l1d_u3-1 llc-0b3 1 3 0 3 0
l1d_u3-1 llc-0b4 1 3 0 3 0
l1d_u3-1 llc-0b5 1 3 0 3 0
l1d_u3-1 llc-0b6 1 3 0 3 0
l1d_u3-1 llc-0b7 1 3 0 3 0
l1d_u3-1 llc-0b8 1 3 0 3 0
l1d_u3-1 llc-0b9 1 3 0 3 0
l1d_u3-1 llc-0b10 1 3 0 3 0
l1d_u3-1 llc-0b11 1 3 0 3 0
l1d_u3-1 llc-0b12 1 3 0 3 0
l1d_u3-1 llc-0b13 1 3 0 3 0
l1d_u3-1 llc-0b14 1 3 0 3 0
l1d_u3-1 llc-0b15 1 3 0 3 0
l1d_u3-1 llc-0b16 1 3 0 3 0
l1d_u3-1 llc-0b17 1 3 0 3 0
l1d_u3-1 llc-0b18 1 3 0 3 0
l1d_u3-1 llc-0b19 1 3 0 3 0
l1d_u3-1 llc-0b20 1 3 0 3 0
l1d_u3-1 llc-0b21 1 3 0 3 0
l1d_u3-1 llc-0b22 1 3 0 3 0
l1d_u3-1 llc-0b23 1 3 0 3 0
l1d_u3-1 llc-0b24 1 3 0 3 0
l1d_u3-1 llc-0b25 1 3 0 3 0
l1d_u3-1 llc-0b26 1 3 0 3 0
l1d_u3-1 llc-0b27 1 3 0 3 0
l1d_u3-1 llc-0b28 1 3 0 3 0
l1d_u3-1 llc-0b29 1 3 0 3 0
l1d_u3-1 llc-0b30 1 3 0 3 0
l1d_u3-1 llc-0b31 1 3 0 3 0
l1d_u3-2 llc-0b0 1 3 0 3 0
l1d_u3-2 llc-0b1 1 3 0 3 0
l1d_u3-2 llc-0b2 1 3 0 3 0
l1d_u3-2 llc-0b3 1 3 0 3 0
l1d_u3-2 llc-0b4 1 3 0 3 0
l1d_u3-2 llc-0b5 1 3 0 3 0
l1d_u3-2 llc-0b6 1 3 0 3 0
l1d_u3-2 llc-0b7 1 3 0 3 0
l1d_u3-2 llc-0b8 1 3 0 3 0
l1d_u3-2 llc-0b9 1 3 0 3 0
l1d_u3-2 llc-0b10 1 3 0 3 0
l1d_u3-2 llc-0b11 1 3 0 3 0
l1d_u3-2 llc-0b12 1 3 0 3 0
l1d_u3-2 llc-0b13 1 3 0 3 0
l1d_u3-2 llc-0b14 1 3 0 3 0
l1d_u3-2 llc-0b15 1 3 0 3 0
l1d_u3-2 llc-0b16 1 3 0 3 0
l1d_u3-2 llc-0b17 1 3 0 3 0
l1d_u3-2 llc-0b18 1 3 0 3 0
l1d_u3-2 llc-0b19 1 3 0 3 0
l1d_u3-2 llc-0b20 1 3 0 3 0
l1d_u3-2 llc-0b21 1 3 0 3 0
l1d_u3-2 llc-0b22 1 3 0 3 0
l1d_u3-2 llc-0b23 1 3 0 3 0
l1d_u3-2 llc-0b24 1 3 0 3 0
l1d_u3-2 llc-0b25 1 3 0 3 0
l1d_u3-2 llc-0b26 1 3 0 3 0
l1d_u3-2 llc-0b27 1 3 0 3 0
l1d_u3-2 llc-0b28 1 3 0 3 0
l1d_u3-2 llc-0b29 1 3 0 3 0
l1d_u3-2 llc-0b30 1 3 0 3 0
l1d_u3-2 llc-0b31 1 3 0 3 0
l1d_u3-3 llc-0b0 1 3 0 3 0
l1d_u3-3 llc-0b1 1 3 0 3 0
l1d_u3-3 llc-0b2 1 3 0 3 0
l1d_u3-3 llc-0b3 1 3 0 3 0
l1d_u3-3 llc-0b4 1 3 0 3 0
l1d_u3-3 llc-0b5 1 3 0 3 0
l1d_u3-3 llc-0b6 1 3 0 3 0
l1d_u3-3 llc-0b7 1 3 0 3 0
l1d_u3-3 llc-0b8 1 3 0 3 0
l1d_u3-3 llc-0b9 1 3 0 3 0
l1d_u3-3 llc-0b10 1 3 0 3 0
l1d_u3-3 llc-0b11 1 3 0 3 0
l1d_u3-3 llc-0b12 1 3 0 3 0
l1d_u3-3 llc-0b13 1 3 0 3 0
l1d_u3-3 llc-0b14 1 3 0 3 0
l1d_u3-3 llc-0b15 1 3 0 3 0
l1d_u3-3 llc-0b16 1 3 0 3 0
l1d_u3-3 llc-0b17 1 3 0 3 0
l1d_u3-3 llc-0b18 1 3 0 3 0
l1d_u3-3 llc-0b19 1 3 0 3 0
l1d_u3-3 llc-0b20 1 3 0 3 0
l1d_u3-3 llc-0b21 1 3 0 3 0
l1d_u3-3 llc-0b22 1 3 0 3 0
l1d_u3-3 llc-0b23 1 3 0 3 0
l1d_u3-3 llc-0b24 1 3 0 3 0
l1d_u3-3 llc-0b25 1 3 0 3 0
l1d_u3-3 llc-0b26 1 3 0 3 0
l1d_u3-3 llc-0b27 1 3 0 3 0
l1d_u3-3 llc-0b28 1 3 0 3 0
l1d_u3-3 llc-0b29 1 3 0 3 0
l1d_u3-3 llc-0b30 1 3 0 3 0
l1d_u3-3 llc-0b31 1 3 0 3 0
l1d_u3-4 llc-0b0 1 3 0 3 0
l1d_u3-4 llc-0b1 1 3 0 3 0
l1d_u3-4 llc-0b2 1 3 0 3 0
l1d_u3-4 llc-0b3 1 3 0 3 0
l1d_u3-4 llc-0b4 1 3 0 3 0
l1d_u3-4 llc-0b5 1 3 0 3 0
l1d_u3-4 llc-0b6 1 3 0 3 0
l1d_u3-4 llc-0b7 1 3 0 3 0
l1d_u3-4 llc-0b8 1 3 0 3 0
l1d_u3-4 llc-0b9 1 3 0 3 0
l1d_u3-4 llc-0b10 1 3 0 3 0
l1d_u3-4 llc-0b11 1 3 0 3 0
l1d_u3-4 llc-0b12 1 3 0 3 0
l1d_u3-4 llc-0b13 1 3 0 3 0
l1d_u3-4 llc-0b14 1 3 0 3 0
l1d_u3-4 llc-0b15 1 3 0 3 0
l1d_u3-4 llc-0b16 1 3 0 3 0
l1d_u3-4 llc-0b17 1 3 0 3 0
l1d_u3-4 llc-0b18 1 3 0 3 0
l1d_u3-4 llc-0b19 1 3 0 3 0
l1d_u3-4 llc-0b20 1 3 0 3 0
l1d_u3-4 llc-0b21 1 3 0 3 0
l1d_u3-4 llc-0b22 1 3 0 3 0
l1d_u3-4 llc-0b23 1 3 0 3 0
l1d_u3-4 llc-0b24 1 3 0 3 0
l1d_u3-4 llc-0b25 1 3 0 3 0
l1d_u3-4 llc-0b26 1 3 0 3 0
l1d_u3-4 llc-0b27 1 3 0 3 0
l1d_u3-4 llc-0b28 1 3 0 3 0
l1d_u3-4 llc-0b29 1 3 0 3 0
l1d_u3-4 llc-0b30 1 3 0 3 0
l1d_u3-4 llc-0b31 1 3 0 3 0
l1d_u3-5 llc-0b0 1 3 0 3 0
l1d_u3-5 llc-0b1 1 3 0 3 0
l1d_u3-5 llc-0b2 1 3 0 3 0
l1d_u3-5 llc-0b3 1 3 0 3 0
l1d_u3-5 llc-0b4 1 3 0 3 0
l1d_u3-5 llc-0b5 1 3 0 3 0
l1d_u3-5 llc-0b6 1 3 0 3 0
l1d_u3-5 llc-0b7 1 3 0 3 0
l1d_u3-5 llc-0b8 1 3 0 3 0
l1d_u3-5 llc-0b9 1 3 0 3 0
l1d_u3-5 llc-0b10 1 3 0 3 0
l1d_u3-5 llc-0b11 1 3 0 3 0
l1d_u3-5 llc-0b12 1 3 0 3 0
l1d_u3-5 llc-0b13 1 3 0 3 0
l1d_u3-5 llc-0b14 1 3 0 3 0
l1d_u3-5 llc-0b15 1 3 0 3 0
l1d_u3-5 llc-0b16 1 3 0 3 0
l1d_u3-5 llc-0b17 1 3 0 3 0
l1d_u3-5 llc-0b18 1 3 0 3 0
l1d_u3-5 llc-0b19 1 3 0 3 0
l1d_u3-5 llc-0b20 1 3 0 3 0
l1d_u3-5 llc-0b21 1 3 0 3 0
l1d_u3-5 llc-0b22 1 3 0 3 0
l1d_u3-5 llc-0b23 1 3 0 3 0
l1d_u3-5 llc-0b24 1 3 0 3 0
l1d_u3-5 llc-0b25 1 3 0 3 0
l1d_u3-5 llc-0b26 1 3 0 3 0
l1d_u3-5 llc-0b27 1 3 0 3 0
l1d_u3-5 llc-0b28 1 3 0 3 0
l1d_u3-5 llc-0b29 1 3 0 3 0
l1d_u3-5 llc-0b30 1 3 0 3 0
l1d_u3-5 llc-0b31 1 3 0 3 0
l1d_u3-6 llc-0b0 1 3 0 3 0
l1d_u3-6 llc-0b1 1 3 0 3 0
l1d_u3-6 llc-0b2 1 3 0 3 0
l1d_u3-6 llc-0b3 1 3 0 3 0
l1d_u3-6 llc-0b4 1 3 0 3 0
l1d_u3-6 llc-0b5 1 3 0 3 0
l1d_u3-6 llc-0b6 1 3 0 3 0
l1d_u3-6 llc-0b7 1 3 0 3 0
l1d_u3-6 llc-0b8 1 3 0 3 0
l1d_u3-6 llc-0b9 1 3 0 3 0
l1d_u3-6 llc-0b10 1 3 0 3 0
l1d_u3-6 llc-0b11 1 3 0 3 0
l1d_u3-6 llc-0b12 1 3 0 3 0
l1d_u3-6 llc-0b13 1 3 0 3 0
l1d_u3-6 llc-0b14 1 3 0 3 0
l1d_u3-6 llc-0b15 1 3 0 3 0
l1d_u3-6 llc-0b16 1 3 0 3 0
l1d_u3-6 llc-0b17 1 3 0 3 0
l1d_u3-6 llc-0b18 1 3 0 3 0
l1d_u3-6 llc-0b19 1 3 0 3 0
l1d_u3-6 llc-0b20 1 3 0 3 0
l1d_u3-6 llc-0b21 1 3 0 3 0
l1d_u3-6 llc-0b22 1 3 0 3 0
l1d_u3-6 llc-0b23 1 3 0 3 0
l1d_u3-6 llc-0b24 1 3 0 3 0
l1d_u3-6 llc-0b25 1 3 0 3 0
l1d_u3-6 llc-0b26 1 3 0 3 0
l1d_u3-6 llc-0b27 1 3 0 3 0
l1d_u3-6 llc-0b28 1 3 0 3 0
l1d_u3-6 llc-0b29 1 3 0 3 0
l1d_u3-6 llc-0b30 1 3 0 3 0
l1d_u3-6 llc-0b31 1 3 0 3 0
l1d_u3-7 llc-0b0 1 3 0 3 0
l1d_u3-7 llc-0b1 1 3 0 3 0
l1d_u3-7 llc-0b2 1 3 0 3 0
l1d_u3-7 llc-0b3 1 3 0 3 0
l1d_u3-7 llc-0b4 1 3 0 3 0
l1d_u3-7 llc-0b5 1 3 0 3 0
l1d_u3-7 llc-0b6 1 3 0 3 0
l1d_u3-7 llc-0b7 1 3 0 3 0
l1d_u3-7 llc-0b8 1 3 0 3 0
l1d_u3-7 llc-0b9 1 3 0 3 0
l1d_u3-7 llc-0b10 1 3 0 3 0
l1d_u3-7 llc-0b11 1 3 0 3 0
l1d_u3-7 llc-0b12 1 3 0 3 0
l1d_u3-7 llc-0b13 1 3 0 3 0
l1d_u3-7 llc-0b14 1 3 0 3 0
l1d_u3-7 llc-0b15 1 3 0 3 0
l1d_u3-7 llc-0b16 1 3 0 3 0
l1d_u3-7 llc-0b17 1 3 0 3 0
l1d_u3-7 llc-0b18 1 3 0 3 0
l1d_u3-7 llc-0b19 1 3 0 3 0
l1d_u3-7 llc-0b20 1 3 0 3 0
l1d_u3-7 llc-0b21 1 3 0 3 0
l1d_u3-7 llc-0b22 1 3 0 3 0
l1d_u3-7 llc-0b23 1 3 0 3 0
l1d_u3-7 llc-0b24 1 3 0 3 0
l1d_u3-7 llc-0b25 1 3 0 3 0
l1d_u3-7 llc-0b26 1 3 0 3 0
l1d_u3-7 llc-0b27 1 3 0 3 0
l1d_u3-7 llc-0b28 1 3 0 3 0
l1d_u3-7 llc-0b29 1 3 0 3 0
l1d_u3-7 llc-0b30 1 3 0 3 0
l1d_u3-7 llc-0b31 1 3 0 3 0
l1d_u3-8 llc-0b0 1 3 0 3 0
l1d_u3-8 llc-0b1 1 3 0 3 0
l1d_u3-8 llc-0b2 1 3 0 3 0
l1d_u3-8 llc-0b3 1 3 0 3 0
l1d_u3-8 llc-0b4 1 3 0 3 0
l1d_u3-8 llc-0b5 1 3 0 3 0
l1d_u3-8 llc-0b6 1 3 0 3 0
l1d_u3-8 llc-0b7 1 3 0 3 0
l1d_u3-8 llc-0b8 1 3 0 3 0
l1d_u3-8 llc-0b9 1 3 0 3 0
l1d_u3-8 llc-0b10 1 3 0 3 0
l1d_u3-8 llc-0b11 1 3 0 3 0
l1d_u3-8 llc-0b12 1 3 0 3 0
l1d_u3-8 llc-0b13 1 3 0 3 0
l1d_u3-8 llc-0b14 1 3 0 3 0
l1d_u3-8 llc-0b15 1 3 0 3 0
l1d_u3-8 llc-0b16 1 3 0 3 0
l1d_u3-8 llc-0b17 1 3 0 3 0
l1d_u3-8 llc-0b18 1 3 0 3 0
l1d_u3-8 llc-0b19 1 3 0 3 0
l1d_u3-8 llc-0b20 1 3 0 3 0
l1d_u3-8 llc-0b21 1 3 0 3 0
l1d_u3-8 llc-0b22 1 3 0 3 0
l1d_u3-8 llc-0b23 1 3 0 3 0
l1d_u3-8 llc-0b24 1 3 0 3 0
l1d_u3-8 llc-0b25 1 3 0 3 0
l1d_u3-8 llc-0b26 1 3 0 3 0
l1d_u3-8 llc-0b27 1 3 0 3 0
l1d_u3-8 llc-0b28 1 3 0 3 0
l1d_u3-8 llc-0b29 1 3 0 3 0
l1d_u3-8 llc-0b30 1 3 0 3 0
l1d_u3-8 llc-0b31 1 3 0 3 0
l1d_u3-9 llc-0b0 1 3 0 3 0
l1d_u3-9 llc-0b1 1 3 0 3 0
l1d_u3-9 llc-0b2 1 3 0 3 0
l1d_u3-9 llc-0b3 1 3 0 3 0
l1d_u3-9 llc-0b4 1 3 0 3 0
l1d_u3-9 llc-0b5 1 3 0 3 0
l1d_u3-9 llc-0b6 1 3 0 3 0
l1d_u3-9 llc-0b7 1 3 0 3 0
l1d_u3-9 llc-0b8 1 3 0 3 0
l1d_u3-9 llc-0b9 1 3 0 3 0
l1d_u3-9 llc-0b10 1 3 0 3 0
l1d_u3-9 llc-0b11 1 3 0 3 0
l1d_u3-9 llc-0b12 1 3 0 3 0
l1d_u3-9 llc-0b13 1 3 0 3 0
l1d_u3-9 llc-0b14 1 3 0 3 0
l1d_u3-9 llc-0b15 1 3 0 3 0
l1d_u3-9 llc-0b16 1 3 0 3 0
l1d_u3-9 llc-0b17 1 3 0 3 0
l1d_u3-9 llc-0b18 1 3 0 3 0
l1d_u3-9 llc-0b19 1 3 0 3 0
l1d_u3-9 llc-0b20 1 3 0 3 0
l1d_u3-9 llc-0b21 1 3 0 3 0
l1d_u3-9 llc-0b22 1 3 0 3 0
l1d_u3-9 llc-0b23 1 3 0 3 0
l1d_u3-9 llc-0b24 1 3 0 3 0
l1d_u3-9 llc-0b25 1 3 0 3 0
l1d_u3-9 llc-0b26 1 3 0 3 0
l1d_u3-9 llc-0b27 1 3 0 3 0
l1d_u3-9 llc-0b28 1 3 0 3 0
l1d_u3-9 llc-0b29 1 3 0 3 0
l1d_u3-9 llc-0b30 1 3 0 3 0
l1d_u3-9 llc-0b31 1 3 0 3 0
l1d_u3-10 llc-0b0 1 3 0 3 0
l1d_u3-10 llc-0b1 1 3 0 3 0
l1d_u3-10 llc-0b2 1 3 0 3 0
l1d_u3-10 llc-0b3 1 3 0 3 0
l1d_u3-10 llc-0b4 1 3 0 3 0
l1d_u3-10 llc-0b5 1 3 0 3 0
l1d_u3-10 llc-0b6 1 3 0 3 0
l1d_u3-10 llc-0b7 1 3 0 3 0
l1d_u3-10 llc-0b8 1 3 0 3 0
l1d_u3-10 llc-0b9 1 3 0 3 0
l1d_u3-10 llc-0b10 1 3 0 3 0
l1d_u3-10 llc-0b11 1 3 0 3 0
l1d_u3-10 llc-0b12 1 3 0 3 0
l1d_u3-10 llc-0b13 1 3 0 3 0
l1d_u3-10 llc-0b14 1 3 0 3 0
l1d_u3-10 llc-0b15 1 3 0 3 0
l1d_u3-10 llc-0b16 1 3 0 3 0
l1d_u3-10 llc-0b17 1 3 0 3 0
l1d_u3-10 llc-0b18 1 3 0 3 0
l1d_u3-10 llc-0b19 1 3 0 3 0
l1d_u3-10 llc-0b20 1 3 0 3 0
l1d_u3-10 llc-0b21 1 3 0 3 0
l1d_u3-10 llc-0b22 1 3 0 3 0
l1d_u3-10 llc-0b23 1 3 0 3 0
l1d_u3-10 llc-0b24 1 3 0 3 0
l1d_u3-10 llc-0b25 1 3 0 3 0
l1d_u3-10 llc-0b26 1 3 0 3 0
l1d_u3-10 llc-0b27 1 3 0 3 0
l1d_u3-10 llc-0b28 1 3 0 3 0
l1d_u3-10 llc-0b29 1 3 0 3 0
l1d_u3-10 llc-0b30 1 3 0 3 0
l1d_u3-10 llc-0b31 1 3 0 3 0
l1d_u3-11 llc-0b0 1 3 0 3 0
l1d_u3-11 llc-0b1 1 3 0 3 0
l1d_u3-11 llc-0b2 1 3 0 3 0
l1d_u3-11 llc-0b3 1 3 0 3 0
l1d_u3-11 llc-0b4 1 3 0 3 0
l1d_u3-11 llc-0b5 1 3 0 3 0
l1d_u3-11 llc-0b6 1 3 0 3 0
l1d_u3-11 llc-0b7 1 3 0 3 0
l1d_u3-11 llc-0b8 1 3 0 3 0
l1d_u3-11 llc-0b9 1 3 0 3 0
l1d_u3-11 llc-0b10 1 3 0 3 0
l1d_u3-11 llc-0b11 1 3 0 3 0
l1d_u3-11 llc-0b12 1 3 0 3 0
l1d_u3-11 llc-0b13 1 3 0 3 0
l1d_u3-11 llc-0b14 1 3 0 3 0
l1d_u3-11 llc-0b15 1 3 0 3 0
l1d_u3-11 llc-0b16 1 3 0 3 0
l1d_u3-11 llc-0b17 1 3 0 3 0
l1d_u3-11 llc-0b18 1 3 0 3 0
l1d_u3-11 llc-0b19 1 3 0 3 0
l1d_u3-11 llc-0b20 1 3 0 3 0
l1d_u3-11 llc-0b21 1 3 0 3 0
l1d_u3-11 llc-0b22 1 3 0 3 0
l1d_u3-11 llc-0b23 1 3 0 3 0
l1d_u3-11 llc-0b24 1 3 0 3 0
l1d_u3-11 llc-0b25 1 3 0 3 0
l1d_u3-11 llc-0b26 1 3 0 3 0
l1d_u3-11 llc-0b27 1 3 0 3 0
l1d_u3-11 llc-0b28 1 3 0 3 0
l1d_u3-11 llc-0b29 1 3 0 3 0
l1d_u3-11 llc-0b30 1 3 0 3 0
l1d_u3-11 llc-0b31 1 3 0 3 0
l1d_u3-12 llc-0b0 1 3 0 3 0
l1d_u3-12 llc-0b1 1 3 0 3 0
l1d_u3-12 llc-0b2 1 3 0 3 0
l1d_u3-12 llc-0b3 1 3 0 3 0
l1d_u3-12 llc-0b4 1 3 0 3 0
l1d_u3-12 llc-0b5 1 3 0 3 0
l1d_u3-12 llc-0b6 1 3 0 3 0
l1d_u3-12 llc-0b7 1 3 0 3 0
l1d_u3-12 llc-0b8 1 3 0 3 0
l1d_u3-12 llc-0b9 1 3 0 3 0
l1d_u3-12 llc-0b10 1 3 0 3 0
l1d_u3-12 llc-0b11 1 3 0 3 0
l1d_u3-12 llc-0b12 1 3 0 3 0
l1d_u3-12 llc-0b13 1 3 0 3 0
l1d_u3-12 llc-0b14 1 3 0 3 0
l1d_u3-12 llc-0b15 1 3 0 3 0
l1d_u3-12 llc-0b16 1 3 0 3 0
l1d_u3-12 llc-0b17 1 3 0 3 0
l1d_u3-12 llc-0b18 1 3 0 3 0
l1d_u3-12 llc-0b19 1 3 0 3 0
l1d_u3-12 llc-0b20 1 3 0 3 0
l1d_u3-12 llc-0b21 1 3 0 3 0
l1d_u3-12 llc-0b22 1 3 0 3 0
l1d_u3-12 llc-0b23 1 3 0 3 0
l1d_u3-12 llc-0b24 1 3 0 3 0
l1d_u3-12 llc-0b25 1 3 0 3 0
l1d_u3-12 llc-0b26 1 3 0 3 0
l1d_u3-12 llc-0b27 1 3 0 3 0
l1d_u3-12 llc-0b28 1 3 0 3 0
l1d_u3-12 llc-0b29 1 3 0 3 0
l1d_u3-12 llc-0b30 1 3 0 3 0
l1d_u3-12 llc-0b31 1 3 0 3 0
l1d_u3-13 llc-0b0 1 3 0 3 0
l1d_u3-13 llc-0b1 1 3 0 3 0
l1d_u3-13 llc-0b2 1 3 0 3 0
l1d_u3-13 llc-0b3 1 3 0 3 0
l1d_u3-13 llc-0b4 1 3 0 3 0
l1d_u3-13 llc-0b5 1 3 0 3 0
l1d_u3-13 llc-0b6 1 3 0 3 0
l1d_u3-13 llc-0b7 1 3 0 3 0
l1d_u3-13 llc-0b8 1 3 0 3 0
l1d_u3-13 llc-0b9 1 3 0 3 0
l1d_u3-13 llc-0b10 1 3 0 3 0
l1d_u3-13 llc-0b11 1 3 0 3 0
l1d_u3-13 llc-0b12 1 3 0 3 0
l1d_u3-13 llc-0b13 1 3 0 3 0
l1d_u3-13 llc-0b14 1 3 0 3 0
l1d_u3-13 llc-0b15 1 3 0 3 0
l1d_u3-13 llc-0b16 1 3 0 3 0
l1d_u3-13 llc-0b17 1 3 0 3 0
l1d_u3-13 llc-0b18 1 3 0 3 0
l1d_u3-13 llc-0b19 1 3 0 3 0
l1d_u3-13 llc-0b20 1 3 0 3 0
l1d_u3-13 llc-0b21 1 3 0 3 0
l1d_u3-13 llc-0b22 1 3 0 3 0
l1d_u3-13 llc-0b23 1 3 0 3 0
l1d_u3-13 llc-0b24 1 3 0 3 0
l1d_u3-13 llc-0b25 1 3 0 3 0
l1d_u3-13 llc-0b26 1 3 0 3 0
l1d_u3-13 llc-0b27 1 3 0 3 0
l1d_u3-13 llc-0b28 1 3 0 3 0
l1d_u3-13 llc-0b29 1 3 0 3 0
l1d_u3-13 llc-0b30 1 3 0 3 0
l1d_u3-13 llc-0b31 1 3 0 3 0
l1d_u3-14 llc-0b0 1 3 0 3 0
l1d_u3-14 llc-0b1 1 3 0 3 0
l1d_u3-14 llc-0b2 1 3 0 3 0
l1d_u3-14 llc-0b3 1 3 0 3 0
l1d_u3-14 llc-0b4 1 3 0 3 0
l1d_u3-14 llc-0b5 1 3 0 3 0
l1d_u3-14 llc-0b6 1 3 0 3 0
l1d_u3-14 llc-0b7 1 3 0 3 0
l1d_u3-14 llc-0b8 1 3 0 3 0
l1d_u3-14 llc-0b9 1 3 0 3 0
l1d_u3-14 llc-0b10 1 3 0 3 0
l1d_u3-14 llc-0b11 1 3 0 3 0
l1d_u3-14 llc-0b12 1 3 0 3 0
l1d_u3-14 llc-0b13 1 3 0 3 0
l1d_u3-14 llc-0b14 1 3 0 3 0
l1d_u3-14 llc-0b15 1 3 0 3 0
l1d_u3-14 llc-0b16 1 3 0 3 0
l1d_u3-14 llc-0b17 1 3 0 3 0
l1d_u3-14 llc-0b18 1 3 0 3 0
l1d_u3-14 llc-0b19 1 3 0 3 0
l1d_u3-14 llc-0b20 1 3 0 3 0
l1d_u3-14 llc-0b21 1 3 0 3 0
l1d_u3-14 llc-0b22 1 3 0 3 0
l1d_u3-14 llc-0b23 1 3 0 3 0
l1d_u3-14 llc-0b24 1 3 0 3 0
l1d_u3-14 llc-0b25 1 3 0 3 0
l1d_u3-14 llc-0b26 1 3 0 3 0
l1d_u3-14 llc-0b27 1 3 0 3 0
l1d_u3-14 llc-0b28 1 3 0 3 0
l1d_u3-14 llc-0b29 1 3 0 3 0
l1d_u3-14 llc-0b30 1 3 0 3 0
l1d_u3-14 llc-0b31 1 3 0 3 0
l1d_u3-15 llc-0b0 1 3 0 3 0
l1d_u3-15 llc-0b1 1 3 0 3 0
l1d_u3-15 llc-0b2 1 3 0 3 0
l1d_u3-15 llc-0b3 1 3 0 3 0
l1d_u3-15 llc-0b4 1 3 0 3 0
l1d_u3-15 llc-0b5 1 3 0 3 0
l1d_u3-15 llc-0b6 1 3 0 3 0
l1d_u3-15 llc-0b7 1 3 0 3 0
l1d_u3-15 llc-0b8 1 3 0 3 0
l1d_u3-15 llc-0b9 1 3 0 3 0
l1d_u3-15 llc-0b10 1 3 0 3 0
l1d_u3-15 llc-0b11 1 3 0 3 0
l1d_u3-15 llc-0b12 1 3 0 3 0
l1d_u3-15 llc-0b13 1 3 0 3 0
l1d_u3-15 llc-0b14 1 3 0 3 0
l1d_u3-15 llc-0b15 1 3 0 3 0
l1d_u3-15 llc-0b16 1 3 0 3 0
l1d_u3-15 llc-0b17 1 3 0 3 0
l1d_u3-15 llc-0b18 1 3 0 3 0
l1d_u3-15 llc-0b19 1 3 0 3 0
l1d_u3-15 llc-0b20 1 3 0 3 0
l1d_u3-15 llc-0b21 1 3 0 3 0
l1d_u3-15 llc-0b22 1 3 0 3 0
l1d_u3-15 llc-0b23 1 3 0 3 0
l1d_u3-15 llc-0b24 1 3 0 3 0
l1d_u3-15 llc-0b25 1 3 0 3 0
l1d_u3-15 llc-0b26 1 3 0 3 0
l1d_u3-15 llc-0b27 1 3 0 3 0
l1d_u3-15 llc-0b28 1 3 0 3 0
l1d_u3-15 llc-0b29 1 3 0 3 0
l1d_u3-15 llc-0b30 1 3 0 3 0
l1d_u3-15 llc-0b31 1 3 0 3 0
l1i_u4-0 llc-0b0 1 4 0 4 0
l1i_u4-0 llc-0b1 1 4 0 4 0
l1i_u4-0 llc-0b2 1 4 0 4 0
l1i_u4-0 llc-0b3 1 4 0 4 0
l1i_u4-0 llc-0b4 1 4 0 4 0
l1i_u4-0 llc-0b5 1 4 0 4 0
l1i_u4-0 llc-0b6 1 4 0 4 0
l1i_u4-0 llc-0b7 1 4 0 4 0
l1i_u4-0 llc-0b8 1 4 0 4 0
l1i_u4-0 llc-0b9 1 4 0 4 0
l1i_u4-0 llc-0b10 1 4 0 4 0
l1i_u4-0 llc-0b11 1 4 0 4 0
l1i_u4-0 llc-0b12 1 4 0 4 0
l1i_u4-0 llc-0b13 1 4 0 4 0
l1i_u4-0 llc-0b14 1 4 0 4 0
l1i_u4-0 llc-0b15 1 4 0 4 0
l1i_u4-0 llc-0b16 1 4 0 4 0
l1i_u4-0 llc-0b17 1 4 0 4 0
l1i_u4-0 llc-0b18 1 4 0 4 0
l1i_u4-0 llc-0b19 1 4 0 4 0
l1i_u4-0 llc-0b20 1 4 0 4 0
l1i_u4-0 llc-0b21 1 4 0 4 0
l1i_u4-0 llc-0b22 1 4 0 4 0
l1i_u4-0 llc-0b23 1 4 0 4 0
l1i_u4-0 llc-0b24 1 4 0 4 0
l1i_u4-0 llc-0b25 1 4 0 4 0
l1i_u4-0 llc-0b26 1 4 0 4 0
l1i_u4-0 llc-0b27 1 4 0 4 0
l1i_u4-0 llc-0b28 1 4 0 4 0
l1i_u4-0 llc-0b29 1 4 0 4 0
l1i_u4-0 llc-0b30 1 4 0 4 0
l1i_u4-0 llc-0b31 1 4 0 4 0
l1i_u4-1 llc-0b0 1 4 0 4 0
l1i_u4-1 llc-0b1 1 4 0 4 0
l1i_u4-1 llc-0b2 1 4 0 4 0
l1i_u4-1 llc-0b3 1 4 0 4 0
l1i_u4-1 llc-0b4 1 4 0 4 0
l1i_u4-1 llc-0b5 1 4 0 4 0
l1i_u4-1 llc-0b6 1 4 0 4 0
l1i_u4-1 llc-0b7 1 4 0 4 0
l1i_u4-1 llc-0b8 1 4 0 4 0
l1i_u4-1 llc-0b9 1 4 0 4 0
l1i_u4-1 llc-0b10 1 4 0 4 0
l1i_u4-1 llc-0b11 1 4 0 4 0
l1i_u4-1 llc-0b12 1 4 0 4 0
l1i_u4-1 llc-0b13 1 4 0 4 0
l1i_u4-1 llc-0b14 1 4 0 4 0
l1i_u4-1 llc-0b15 1 4 0 4 0
l1i_u4-1 llc-0b16 1 4 0 4 0
l1i_u4-1 llc-0b17 1 4 0 4 0
l1i_u4-1 llc-0b18 1 4 0 4 0
l1i_u4-1 llc-0b19 1 4 0 4 0
l1i_u4-1 llc-0b20 1 4 0 4 0
l1i_u4-1 llc-0b21 1 4 0 4 0
l1i_u4-1 llc-0b22 1 4 0 4 0
l1i_u4-1 llc-0b23 1 4 0 4 0
l1i_u4-1 llc-0b24 1 4 0 4 0
l1i_u4-1 llc-0b25 1 4 0 4 0
l1i_u4-1 llc-0b26 1 4 0 4 0
l1i_u4-1 llc-0b27 1 4 0 4 0
l1i_u4-1 llc-0b28 1 4 0 4 0
l1i_u4-1 llc-0b29 1 4 0 4 0
l1i_u4-1 llc-0b30 1 4 0 4 0
l1i_u4-1 llc-0b31 1 4 0 4 0
l1i_u4-2 llc-0b0 1 4 0 4 0
l1i_u4-2 llc-0b1 1 4 0 4 0
l1i_u4-2 llc-0b2 1 4 0 4 0
l1i_u4-2 llc-0b3 1 4 0 4 0
l1i_u4-2 llc-0b4 1 4 0 4 0
l1i_u4-2 llc-0b5 1 4 0 4 0
l1i_u4-2 llc-0b6 1 4 0 4 0
l1i_u4-2 llc-0b7 1 4 0 4 0
l1i_u4-2 llc-0b8 1 4 0 4 0
l1i_u4-2 llc-0b9 1 4 0 4 0
l1i_u4-2 llc-0b10 1 4 0 4 0
l1i_u4-2 llc-0b11 1 4 0 4 0
l1i_u4-2 llc-0b12 1 4 0 4 0
l1i_u4-2 llc-0b13 1 4 0 4 0
l1i_u4-2 llc-0b14 1 4 0 4 0
l1i_u4-2 llc-0b15 1 4 0 4 0
l1i_u4-2 llc-0b16 1 4 0 4 0
l1i_u4-2 llc-0b17 1 4 0 4 0
l1i_u4-2 llc-0b18 1 4 0 4 0
l1i_u4-2 llc-0b19 1 4 0 4 0
l1i_u4-2 llc-0b20 1 4 0 4 0
l1i_u4-2 llc-0b21 1 4 0 4 0
l1i_u4-2 llc-0b22 1 4 0 4 0
l1i_u4-2 llc-0b23 1 4 0 4 0
l1i_u4-2 llc-0b24 1 4 0 4 0
l1i_u4-2 llc-0b25 1 4 0 4 0
l1i_u4-2 llc-0b26 1 4 0 4 0
l1i_u4-2 llc-0b27 1 4 0 4 0
l1i_u4-2 llc-0b28 1 4 0 4 0
l1i_u4-2 llc-0b29 1 4 0 4 0
l1i_u4-2 llc-0b30 1 4 0 4 0
l1i_u4-2 llc-0b31 1 4 0 4 0
l1i_u4-3 llc-0b0 1 4 0 4 0
l1i_u4-3 llc-0b1 1 4 0 4 0
l1i_u4-3 llc-0b2 1 4 0 4 0
l1i_u4-3 llc-0b3 1 4 0 4 0
l1i_u4-3 llc-0b4 1 4 0 4 0
l1i_u4-3 llc-0b5 1 4 0 4 0
l1i_u4-3 llc-0b6 1 4 0 4 0
l1i_u4-3 llc-0b7 1 4 0 4 0
l1i_u4-3 llc-0b8 1 4 0 4 0
l1i_u4-3 llc-0b9 1 4 0 4 0
l1i_u4-3 llc-0b10 1 4 0 4 0
l1i_u4-3 llc-0b11 1 4 0 4 0
l1i_u4-3 llc-0b12 1 4 0 4 0
l1i_u4-3 llc-0b13 1 4 0 4 0
l1i_u4-3 llc-0b14 1 4 0 4 0
l1i_u4-3 llc-0b15 1 4 0 4 0
l1i_u4-3 llc-0b16 1 4 0 4 0
l1i_u4-3 llc-0b17 1 4 0 4 0
l1i_u4-3 llc-0b18 1 4 0 4 0
l1i_u4-3 llc-0b19 1 4 0 4 0
l1i_u4-3 llc-0b20 1 4 0 4 0
l1i_u4-3 llc-0b21 1 4 0 4 0
l1i_u4-3 llc-0b22 1 4 0 4 0
l1i_u4-3 llc-0b23 1 4 0 4 0
l1i_u4-3 llc-0b24 1 4 0 4 0
l1i_u4-3 llc-0b25 1 4 0 4 0
l1i_u4-3 llc-0b26 1 4 0 4 0
l1i_u4-3 llc-0b27 1 4 0 4 0
l1i_u4-3 llc-0b28 1 4 0 4 0
l1i_u4-3 llc-0b29 1 4 0 4 0
l1i_u4-3 llc-0b30 1 4 0 4 0
l1i_u4-3 llc-0b31 1 4 0 4 0
l1i_u4-4 llc-0b0 1 4 0 4 0
l1i_u4-4 llc-0b1 1 4 0 4 0
l1i_u4-4 llc-0b2 1 4 0 4 0
l1i_u4-4 llc-0b3 1 4 0 4 0
l1i_u4-4 llc-0b4 1 4 0 4 0
l1i_u4-4 llc-0b5 1 4 0 4 0
l1i_u4-4 llc-0b6 1 4 0 4 0
l1i_u4-4 llc-0b7 1 4 0 4 0
l1i_u4-4 llc-0b8 1 4 0 4 0
l1i_u4-4 llc-0b9 1 4 0 4 0
l1i_u4-4 llc-0b10 1 4 0 4 0
l1i_u4-4 llc-0b11 1 4 0 4 0
l1i_u4-4 llc-0b12 1 4 0 4 0
l1i_u4-4 llc-0b13 1 4 0 4 0
l1i_u4-4 llc-0b14 1 4 0 4 0
l1i_u4-4 llc-0b15 1 4 0 4 0
l1i_u4-4 llc-0b16 1 4 0 4 0
l1i_u4-4 llc-0b17 1 4 0 4 0
l1i_u4-4 llc-0b18 1 4 0 4 0
l1i_u4-4 llc-0b19 1 4 0 4 0
l1i_u4-4 llc-0b20 1 4 0 4 0
l1i_u4-4 llc-0b21 1 4 0 4 0
l1i_u4-4 llc-0b22 1 4 0 4 0
l1i_u4-4 llc-0b23 1 4 0 4 0
l1i_u4-4 llc-0b24 1 4 0 4 0
l1i_u4-4 llc-0b25 1 4 0 4 0
l1i_u4-4 llc-0b26 1 4 0 4 0
l1i_u4-4 llc-0b27 1 4 0 4 0
l1i_u4-4 llc-0b28 1 4 0 4 0
l1i_u4-4 llc-0b29 1 4 0 4 0
l1i_u4-4 llc-0b30 1 4 0 4 0
l1i_u4-4 llc-0b31 1 4 0 4 0
l1i_u4-5 llc-0b0 1 4 0 4 0
l1i_u4-5 llc-0b1 1 4 0 4 0
l1i_u4-5 llc-0b2 1 4 0 4 0
l1i_u4-5 llc-0b3 1 4 0 4 0
l1i_u4-5 llc-0b4 1 4 0 4 0
l1i_u4-5 llc-0b5 1 4 0 4 0
l1i_u4-5 llc-0b6 1 4 0 4 0
l1i_u4-5 llc-0b7 1 4 0 4 0
l1i_u4-5 llc-0b8 1 4 0 4 0
l1i_u4-5 llc-0b9 1 4 0 4 0
l1i_u4-5 llc-0b10 1 4 0 4 0
l1i_u4-5 llc-0b11 1 4 0 4 0
l1i_u4-5 llc-0b12 1 4 0 4 0
l1i_u4-5 llc-0b13 1 4 0 4 0
l1i_u4-5 llc-0b14 1 4 0 4 0
l1i_u4-5 llc-0b15 1 4 0 4 0
l1i_u4-5 llc-0b16 1 4 0 4 0
l1i_u4-5 llc-0b17 1 4 0 4 0
l1i_u4-5 llc-0b18 1 4 0 4 0
l1i_u4-5 llc-0b19 1 4 0 4 0
l1i_u4-5 llc-0b20 1 4 0 4 0
l1i_u4-5 llc-0b21 1 4 0 4 0
l1i_u4-5 llc-0b22 1 4 0 4 0
l1i_u4-5 llc-0b23 1 4 0 4 0
l1i_u4-5 llc-0b24 1 4 0 4 0
l1i_u4-5 llc-0b25 1 4 0 4 0
l1i_u4-5 llc-0b26 1 4 0 4 0
l1i_u4-5 llc-0b27 1 4 0 4 0
l1i_u4-5 llc-0b28 1 4 0 4 0
l1i_u4-5 llc-0b29 1 4 0 4 0
l1i_u4-5 llc-0b30 1 4 0 4 0
l1i_u4-5 llc-0b31 1 4 0 4 0
l1i_u4-6 llc-0b0 1 4 0 4 0
l1i_u4-6 llc-0b1 1 4 0 4 0
l1i_u4-6 llc-0b2 1 4 0 4 0
l1i_u4-6 llc-0b3 1 4 0 4 0
l1i_u4-6 llc-0b4 1 4 0 4 0
l1i_u4-6 llc-0b5 1 4 0 4 0
l1i_u4-6 llc-0b6 1 4 0 4 0
l1i_u4-6 llc-0b7 1 4 0 4 0
l1i_u4-6 llc-0b8 1 4 0 4 0
l1i_u4-6 llc-0b9 1 4 0 4 0
l1i_u4-6 llc-0b10 1 4 0 4 0
l1i_u4-6 llc-0b11 1 4 0 4 0
l1i_u4-6 llc-0b12 1 4 0 4 0
l1i_u4-6 llc-0b13 1 4 0 4 0
l1i_u4-6 llc-0b14 1 4 0 4 0
l1i_u4-6 llc-0b15 1 4 0 4 0
l1i_u4-6 llc-0b16 1 4 0 4 0
l1i_u4-6 llc-0b17 1 4 0 4 0
l1i_u4-6 llc-0b18 1 4 0 4 0
l1i_u4-6 llc-0b19 1 4 0 4 0
l1i_u4-6 llc-0b20 1 4 0 4 0
l1i_u4-6 llc-0b21 1 4 0 4 0
l1i_u4-6 llc-0b22 1 4 0 4 0
l1i_u4-6 llc-0b23 1 4 0 4 0
l1i_u4-6 llc-0b24 1 4 0 4 0
l1i_u4-6 llc-0b25 1 4 0 4 0
l1i_u4-6 llc-0b26 1 4 0 4 0
l1i_u4-6 llc-0b27 1 4 0 4 0
l1i_u4-6 llc-0b28 1 4 0 4 0
l1i_u4-6 llc-0b29 1 4 0 4 0
l1i_u4-6 llc-0b30 1 4 0 4 0
l1i_u4-6 llc-0b31 1 4 0 4 0
l1i_u4-7 llc-0b0 1 4 0 4 0
l1i_u4-7 llc-0b1 1 4 0 4 0
l1i_u4-7 llc-0b2 1 4 0 4 0
l1i_u4-7 llc-0b3 1 4 0 4 0
l1i_u4-7 llc-0b4 1 4 0 4 0
l1i_u4-7 llc-0b5 1 4 0 4 0
l1i_u4-7 llc-0b6 1 4 0 4 0
l1i_u4-7 llc-0b7 1 4 0 4 0
l1i_u4-7 llc-0b8 1 4 0 4 0
l1i_u4-7 llc-0b9 1 4 0 4 0
l1i_u4-7 llc-0b10 1 4 0 4 0
l1i_u4-7 llc-0b11 1 4 0 4 0
l1i_u4-7 llc-0b12 1 4 0 4 0
l1i_u4-7 llc-0b13 1 4 0 4 0
l1i_u4-7 llc-0b14 1 4 0 4 0
l1i_u4-7 llc-0b15 1 4 0 4 0
l1i_u4-7 llc-0b16 1 4 0 4 0
l1i_u4-7 llc-0b17 1 4 0 4 0
l1i_u4-7 llc-0b18 1 4 0 4 0
l1i_u4-7 llc-0b19 1 4 0 4 0
l1i_u4-7 llc-0b20 1 4 0 4 0
l1i_u4-7 llc-0b21 1 4 0 4 0
l1i_u4-7 llc-0b22 1 4 0 4 0
l1i_u4-7 llc-0b23 1 4 0 4 0
l1i_u4-7 llc-0b24 1 4 0 4 0
l1i_u4-7 llc-0b25 1 4 0 4 0
l1i_u4-7 llc-0b26 1 4 0 4 0
l1i_u4-7 llc-0b27 1 4 0 4 0
l1i_u4-7 llc-0b28 1 4 0 4 0
l1i_u4-7 llc-0b29 1 4 0 4 0
l1i_u4-7 llc-0b30 1 4 0 4 0
l1i_u4-7 llc-0b31 1 4 0 4 0
l1i_u4-8 llc-0b0 1 4 0 4 0
l1i_u4-8 llc-0b1 1 4 0 4 0
l1i_u4-8 llc-0b2 1 4 0 4 0
l1i_u4-8 llc-0b3 1 4 0 4 0
l1i_u4-8 llc-0b4 1 4 0 4 0
l1i_u4-8 llc-0b5 1 4 0 4 0
l1i_u4-8 llc-0b6 1 4 0 4 0
l1i_u4-8 llc-0b7 1 4 0 4 0
l1i_u4-8 llc-0b8 1 4 0 4 0
l1i_u4-8 llc-0b9 1 4 0 4 0
l1i_u4-8 llc-0b10 1 4 0 4 0
l1i_u4-8 llc-0b11 1 4 0 4 0
l1i_u4-8 llc-0b12 1 4 0 4 0
l1i_u4-8 llc-0b13 1 4 0 4 0
l1i_u4-8 llc-0b14 1 4 0 4 0
l1i_u4-8 llc-0b15 1 4 0 4 0
l1i_u4-8 llc-0b16 1 4 0 4 0
l1i_u4-8 llc-0b17 1 4 0 4 0
l1i_u4-8 llc-0b18 1 4 0 4 0
l1i_u4-8 llc-0b19 1 4 0 4 0
l1i_u4-8 llc-0b20 1 4 0 4 0
l1i_u4-8 llc-0b21 1 4 0 4 0
l1i_u4-8 llc-0b22 1 4 0 4 0
l1i_u4-8 llc-0b23 1 4 0 4 0
l1i_u4-8 llc-0b24 1 4 0 4 0
l1i_u4-8 llc-0b25 1 4 0 4 0
l1i_u4-8 llc-0b26 1 4 0 4 0
l1i_u4-8 llc-0b27 1 4 0 4 0
l1i_u4-8 llc-0b28 1 4 0 4 0
l1i_u4-8 llc-0b29 1 4 0 4 0
l1i_u4-8 llc-0b30 1 4 0 4 0
l1i_u4-8 llc-0b31 1 4 0 4 0
l1i_u4-9 llc-0b0 1 4 0 4 0
l1i_u4-9 llc-0b1 1 4 0 4 0
l1i_u4-9 llc-0b2 1 4 0 4 0
l1i_u4-9 llc-0b3 1 4 0 4 0
l1i_u4-9 llc-0b4 1 4 0 4 0
l1i_u4-9 llc-0b5 1 4 0 4 0
l1i_u4-9 llc-0b6 1 4 0 4 0
l1i_u4-9 llc-0b7 1 4 0 4 0
l1i_u4-9 llc-0b8 1 4 0 4 0
l1i_u4-9 llc-0b9 1 4 0 4 0
l1i_u4-9 llc-0b10 1 4 0 4 0
l1i_u4-9 llc-0b11 1 4 0 4 0
l1i_u4-9 llc-0b12 1 4 0 4 0
l1i_u4-9 llc-0b13 1 4 0 4 0
l1i_u4-9 llc-0b14 1 4 0 4 0
l1i_u4-9 llc-0b15 1 4 0 4 0
l1i_u4-9 llc-0b16 1 4 0 4 0
l1i_u4-9 llc-0b17 1 4 0 4 0
l1i_u4-9 llc-0b18 1 4 0 4 0
l1i_u4-9 llc-0b19 1 4 0 4 0
l1i_u4-9 llc-0b20 1 4 0 4 0
l1i_u4-9 llc-0b21 1 4 0 4 0
l1i_u4-9 llc-0b22 1 4 0 4 0
l1i_u4-9 llc-0b23 1 4 0 4 0
l1i_u4-9 llc-0b24 1 4 0 4 0
l1i_u4-9 llc-0b25 1 4 0 4 0
l1i_u4-9 llc-0b26 1 4 0 4 0
l1i_u4-9 llc-0b27 1 4 0 4 0
l1i_u4-9 llc-0b28 1 4 0 4 0
l1i_u4-9 llc-0b29 1 4 0 4 0
l1i_u4-9 llc-0b30 1 4 0 4 0
l1i_u4-9 llc-0b31 1 4 0 4 0
l1i_u4-10 llc-0b0 1 4 0 4 0
l1i_u4-10 llc-0b1 1 4 0 4 0
l1i_u4-10 llc-0b2 1 4 0 4 0
l1i_u4-10 llc-0b3 1 4 0 4 0
l1i_u4-10 llc-0b4 1 4 0 4 0
l1i_u4-10 llc-0b5 1 4 0 4 0
l1i_u4-10 llc-0b6 1 4 0 4 0
l1i_u4-10 llc-0b7 1 4 0 4 0
l1i_u4-10 llc-0b8 1 4 0 4 0
l1i_u4-10 llc-0b9 1 4 0 4 0
l1i_u4-10 llc-0b10 1 4 0 4 0
l1i_u4-10 llc-0b11 1 4 0 4 0
l1i_u4-10 llc-0b12 1 4 0 4 0
l1i_u4-10 llc-0b13 1 4 0 4 0
l1i_u4-10 llc-0b14 1 4 0 4 0
l1i_u4-10 llc-0b15 1 4 0 4 0
l1i_u4-10 llc-0b16 1 4 0 4 0
l1i_u4-10 llc-0b17 1 4 0 4 0
l1i_u4-10 llc-0b18 1 4 0 4 0
l1i_u4-10 llc-0b19 1 4 0 4 0
l1i_u4-10 llc-0b20 1 4 0 4 0
l1i_u4-10 llc-0b21 1 4 0 4 0
l1i_u4-10 llc-0b22 1 4 0 4 0
l1i_u4-10 llc-0b23 1 4 0 4 0
l1i_u4-10 llc-0b24 1 4 0 4 0
l1i_u4-10 llc-0b25 1 4 0 4 0
l1i_u4-10 llc-0b26 1 4 0 4 0
l1i_u4-10 llc-0b27 1 4 0 4 0
l1i_u4-10 llc-0b28 1 4 0 4 0
l1i_u4-10 llc-0b29 1 4 0 4 0
l1i_u4-10 llc-0b30 1 4 0 4 0
l1i_u4-10 llc-0b31 1 4 0 4 0
l1i_u4-11 llc-0b0 1 4 0 4 0
l1i_u4-11 llc-0b1 1 4 0 4 0
l1i_u4-11 llc-0b2 1 4 0 4 0
l1i_u4-11 llc-0b3 1 4 0 4 0
l1i_u4-11 llc-0b4 1 4 0 4 0
l1i_u4-11 llc-0b5 1 4 0 4 0
l1i_u4-11 llc-0b6 1 4 0 4 0
l1i_u4-11 llc-0b7 1 4 0 4 0
l1i_u4-11 llc-0b8 1 4 0 4 0
l1i_u4-11 llc-0b9 1 4 0 4 0
l1i_u4-11 llc-0b10 1 4 0 4 0
l1i_u4-11 llc-0b11 1 4 0 4 0
l1i_u4-11 llc-0b12 1 4 0 4 0
l1i_u4-11 llc-0b13 1 4 0 4 0
l1i_u4-11 llc-0b14 1 4 0 4 0
l1i_u4-11 llc-0b15 1 4 0 4 0
l1i_u4-11 llc-0b16 1 4 0 4 0
l1i_u4-11 llc-0b17 1 4 0 4 0
l1i_u4-11 llc-0b18 1 4 0 4 0
l1i_u4-11 llc-0b19 1 4 0 4 0
l1i_u4-11 llc-0b20 1 4 0 4 0
l1i_u4-11 llc-0b21 1 4 0 4 0
l1i_u4-11 llc-0b22 1 4 0 4 0
l1i_u4-11 llc-0b23 1 4 0 4 0
l1i_u4-11 llc-0b24 1 4 0 4 0
l1i_u4-11 llc-0b25 1 4 0 4 0
l1i_u4-11 llc-0b26 1 4 0 4 0
l1i_u4-11 llc-0b27 1 4 0 4 0
l1i_u4-11 llc-0b28 1 4 0 4 0
l1i_u4-11 llc-0b29 1 4 0 4 0
l1i_u4-11 llc-0b30 1 4 0 4 0
l1i_u4-11 llc-0b31 1 4 0 4 0
l1i_u4-12 llc-0b0 1 4 0 4 0
l1i_u4-12 llc-0b1 1 4 0 4 0
l1i_u4-12 llc-0b2 1 4 0 4 0
l1i_u4-12 llc-0b3 1 4 0 4 0
l1i_u4-12 llc-0b4 1 4 0 4 0
l1i_u4-12 llc-0b5 1 4 0 4 0
l1i_u4-12 llc-0b6 1 4 0 4 0
l1i_u4-12 llc-0b7 1 4 0 4 0
l1i_u4-12 llc-0b8 1 4 0 4 0
l1i_u4-12 llc-0b9 1 4 0 4 0
l1i_u4-12 llc-0b10 1 4 0 4 0
l1i_u4-12 llc-0b11 1 4 0 4 0
l1i_u4-12 llc-0b12 1 4 0 4 0
l1i_u4-12 llc-0b13 1 4 0 4 0
l1i_u4-12 llc-0b14 1 4 0 4 0
l1i_u4-12 llc-0b15 1 4 0 4 0
l1i_u4-12 llc-0b16 1 4 0 4 0
l1i_u4-12 llc-0b17 1 4 0 4 0
l1i_u4-12 llc-0b18 1 4 0 4 0
l1i_u4-12 llc-0b19 1 4 0 4 0
l1i_u4-12 llc-0b20 1 4 0 4 0
l1i_u4-12 llc-0b21 1 4 0 4 0
l1i_u4-12 llc-0b22 1 4 0 4 0
l1i_u4-12 llc-0b23 1 4 0 4 0
l1i_u4-12 llc-0b24 1 4 0 4 0
l1i_u4-12 llc-0b25 1 4 0 4 0
l1i_u4-12 llc-0b26 1 4 0 4 0
l1i_u4-12 llc-0b27 1 4 0 4 0
l1i_u4-12 llc-0b28 1 4 0 4 0
l1i_u4-12 llc-0b29 1 4 0 4 0
l1i_u4-12 llc-0b30 1 4 0 4 0
l1i_u4-12 llc-0b31 1 4 0 4 0
l1i_u4-13 llc-0b0 1 4 0 4 0
l1i_u4-13 llc-0b1 1 4 0 4 0
l1i_u4-13 llc-0b2 1 4 0 4 0
l1i_u4-13 llc-0b3 1 4 0 4 0
l1i_u4-13 llc-0b4 1 4 0 4 0
l1i_u4-13 llc-0b5 1 4 0 4 0
l1i_u4-13 llc-0b6 1 4 0 4 0
l1i_u4-13 llc-0b7 1 4 0 4 0
l1i_u4-13 llc-0b8 1 4 0 4 0
l1i_u4-13 llc-0b9 1 4 0 4 0
l1i_u4-13 llc-0b10 1 4 0 4 0
l1i_u4-13 llc-0b11 1 4 0 4 0
l1i_u4-13 llc-0b12 1 4 0 4 0
l1i_u4-13 llc-0b13 1 4 0 4 0
l1i_u4-13 llc-0b14 1 4 0 4 0
l1i_u4-13 llc-0b15 1 4 0 4 0
l1i_u4-13 llc-0b16 1 4 0 4 0
l1i_u4-13 llc-0b17 1 4 0 4 0
l1i_u4-13 llc-0b18 1 4 0 4 0
l1i_u4-13 llc-0b19 1 4 0 4 0
l1i_u4-13 llc-0b20 1 4 0 4 0
l1i_u4-13 llc-0b21 1 4 0 4 0
l1i_u4-13 llc-0b22 1 4 0 4 0
l1i_u4-13 llc-0b23 1 4 0 4 0
l1i_u4-13 llc-0b24 1 4 0 4 0
l1i_u4-13 llc-0b25 1 4 0 4 0
l1i_u4-13 llc-0b26 1 4 0 4 0
l1i_u4-13 llc-0b27 1 4 0 4 0
l1i_u4-13 llc-0b28 1 4 0 4 0
l1i_u4-13 llc-0b29 1 4 0 4 0
l1i_u4-13 llc-0b30 1 4 0 4 0
l1i_u4-13 llc-0b31 1 4 0 4 0
l1i_u4-14 llc-0b0 1 4 0 4 0
l1i_u4-14 llc-0b1 1 4 0 4 0
l1i_u4-14 llc-0b2 1 4 0 4 0
l1i_u4-14 llc-0b3 1 4 0 4 0
l1i_u4-14 llc-0b4 1 4 0 4 0
l1i_u4-14 llc-0b5 1 4 0 4 0
l1i_u4-14 llc-0b6 1 4 0 4 0
l1i_u4-14 llc-0b7 1 4 0 4 0
l1i_u4-14 llc-0b8 1 4 0 4 0
l1i_u4-14 llc-0b9 1 4 0 4 0
l1i_u4-14 llc-0b10 1 4 0 4 0
l1i_u4-14 llc-0b11 1 4 0 4 0
l1i_u4-14 llc-0b12 1 4 0 4 0
l1i_u4-14 llc-0b13 1 4 0 4 0
l1i_u4-14 llc-0b14 1 4 0 4 0
l1i_u4-14 llc-0b15 1 4 0 4 0
l1i_u4-14 llc-0b16 1 4 0 4 0
l1i_u4-14 llc-0b17 1 4 0 4 0
l1i_u4-14 llc-0b18 1 4 0 4 0
l1i_u4-14 llc-0b19 1 4 0 4 0
l1i_u4-14 llc-0b20 1 4 0 4 0
l1i_u4-14 llc-0b21 1 4 0 4 0
l1i_u4-14 llc-0b22 1 4 0 4 0
l1i_u4-14 llc-0b23 1 4 0 4 0
l1i_u4-14 llc-0b24 1 4 0 4 0
l1i_u4-14 llc-0b25 1 4 0 4 0
l1i_u4-14 llc-0b26 1 4 0 4 0
l1i_u4-14 llc-0b27 1 4 0 4 0
l1i_u4-14 llc-0b28 1 4 0 4 0
l1i_u4-14 llc-0b29 1 4 0 4 0
l1i_u4-14 llc-0b30 1 4 0 4 0
l1i_u4-14 llc-0b31 1 4 0 4 0
l1i_u4-15 llc-0b0 1 4 0 4 0
l1i_u4-15 llc-0b1 1 4 0 4 0
l1i_u4-15 llc-0b2 1 4 0 4 0
l1i_u4-15 llc-0b3 1 4 0 4 0
l1i_u4-15 llc-0b4 1 4 0 4 0
l1i_u4-15 llc-0b5 1 4 0 4 0
l1i_u4-15 llc-0b6 1 4 0 4 0
l1i_u4-15 llc-0b7 1 4 0 4 0
l1i_u4-15 llc-0b8 1 4 0 4 0
l1i_u4-15 llc-0b9 1 4 0 4 0
l1i_u4-15 llc-0b10 1 4 0 4 0
l1i_u4-15 llc-0b11 1 4 0 4 0
l1i_u4-15 llc-0b12 1 4 0 4 0
l1i_u4-15 llc-0b13 1 4 0 4 0
l1i_u4-15 llc-0b14 1 4 0 4 0
l1i_u4-15 llc-0b15 1 4 0 4 0
l1i_u4-15 llc-0b16 1 4 0 4 0
l1i_u4-15 llc-0b17 1 4 0 4 0
l1i_u4-15 llc-0b18 1 4 0 4 0
l1i_u4-15 llc-0b19 1 4 0 4 0
l1i_u4-15 llc-0b20 1 4 0 4 0
l1i_u4-15 llc-0b21 1 4 0 4 0
l1i_u4-15 llc-0b22 1 4 0 4 0
l1i_u4-15 llc-0b23 1 4 0 4 0
l1i_u4-15 llc-0b24 1 4 0 4 0
l1i_u4-15 llc-0b25 1 4 0 4 0
l1i_u4-15 llc-0b26 1 4 0 4 0
l1i_u4-15 llc-0b27 1 4 0 4 0
l1i_u4-15 llc-0b28 1 4 0 4 0
l1i_u4-15 llc-0b29 1 4 0 4 0
l1i_u4-15 llc-0b30 1 4 0 4 0
l1i_u4-15 llc-0b31 1 4 0 4 0
l1d_u4-0 llc-0b0 1 4 0 4 0
l1d_u4-0 llc-0b1 1 4 0 4 0
l1d_u4-0 llc-0b2 1 4 0 4 0
l1d_u4-0 llc-0b3 1 4 0 4 0
l1d_u4-0 llc-0b4 1 4 0 4 0
l1d_u4-0 llc-0b5 1 4 0 4 0
l1d_u4-0 llc-0b6 1 4 0 4 0
l1d_u4-0 llc-0b7 1 4 0 4 0
l1d_u4-0 llc-0b8 1 4 0 4 0
l1d_u4-0 llc-0b9 1 4 0 4 0
l1d_u4-0 llc-0b10 1 4 0 4 0
l1d_u4-0 llc-0b11 1 4 0 4 0
l1d_u4-0 llc-0b12 1 4 0 4 0
l1d_u4-0 llc-0b13 1 4 0 4 0
l1d_u4-0 llc-0b14 1 4 0 4 0
l1d_u4-0 llc-0b15 1 4 0 4 0
l1d_u4-0 llc-0b16 1 4 0 4 0
l1d_u4-0 llc-0b17 1 4 0 4 0
l1d_u4-0 llc-0b18 1 4 0 4 0
l1d_u4-0 llc-0b19 1 4 0 4 0
l1d_u4-0 llc-0b20 1 4 0 4 0
l1d_u4-0 llc-0b21 1 4 0 4 0
l1d_u4-0 llc-0b22 1 4 0 4 0
l1d_u4-0 llc-0b23 1 4 0 4 0
l1d_u4-0 llc-0b24 1 4 0 4 0
l1d_u4-0 llc-0b25 1 4 0 4 0
l1d_u4-0 llc-0b26 1 4 0 4 0
l1d_u4-0 llc-0b27 1 4 0 4 0
l1d_u4-0 llc-0b28 1 4 0 4 0
l1d_u4-0 llc-0b29 1 4 0 4 0
l1d_u4-0 llc-0b30 1 4 0 4 0
l1d_u4-0 llc-0b31 1 4 0 4 0
l1d_u4-1 llc-0b0 1 4 0 4 0
l1d_u4-1 llc-0b1 1 4 0 4 0
l1d_u4-1 llc-0b2 1 4 0 4 0
l1d_u4-1 llc-0b3 1 4 0 4 0
l1d_u4-1 llc-0b4 1 4 0 4 0
l1d_u4-1 llc-0b5 1 4 0 4 0
l1d_u4-1 llc-0b6 1 4 0 4 0
l1d_u4-1 llc-0b7 1 4 0 4 0
l1d_u4-1 llc-0b8 1 4 0 4 0
l1d_u4-1 llc-0b9 1 4 0 4 0
l1d_u4-1 llc-0b10 1 4 0 4 0
l1d_u4-1 llc-0b11 1 4 0 4 0
l1d_u4-1 llc-0b12 1 4 0 4 0
l1d_u4-1 llc-0b13 1 4 0 4 0
l1d_u4-1 llc-0b14 1 4 0 4 0
l1d_u4-1 llc-0b15 1 4 0 4 0
l1d_u4-1 llc-0b16 1 4 0 4 0
l1d_u4-1 llc-0b17 1 4 0 4 0
l1d_u4-1 llc-0b18 1 4 0 4 0
l1d_u4-1 llc-0b19 1 4 0 4 0
l1d_u4-1 llc-0b20 1 4 0 4 0
l1d_u4-1 llc-0b21 1 4 0 4 0
l1d_u4-1 llc-0b22 1 4 0 4 0
l1d_u4-1 llc-0b23 1 4 0 4 0
l1d_u4-1 llc-0b24 1 4 0 4 0
l1d_u4-1 llc-0b25 1 4 0 4 0
l1d_u4-1 llc-0b26 1 4 0 4 0
l1d_u4-1 llc-0b27 1 4 0 4 0
l1d_u4-1 llc-0b28 1 4 0 4 0
l1d_u4-1 llc-0b29 1 4 0 4 0
l1d_u4-1 llc-0b30 1 4 0 4 0
l1d_u4-1 llc-0b31 1 4 0 4 0
l1d_u4-2 llc-0b0 1 4 0 4 0
l1d_u4-2 llc-0b1 1 4 0 4 0
l1d_u4-2 llc-0b2 1 4 0 4 0
l1d_u4-2 llc-0b3 1 4 0 4 0
l1d_u4-2 llc-0b4 1 4 0 4 0
l1d_u4-2 llc-0b5 1 4 0 4 0
l1d_u4-2 llc-0b6 1 4 0 4 0
l1d_u4-2 llc-0b7 1 4 0 4 0
l1d_u4-2 llc-0b8 1 4 0 4 0
l1d_u4-2 llc-0b9 1 4 0 4 0
l1d_u4-2 llc-0b10 1 4 0 4 0
l1d_u4-2 llc-0b11 1 4 0 4 0
l1d_u4-2 llc-0b12 1 4 0 4 0
l1d_u4-2 llc-0b13 1 4 0 4 0
l1d_u4-2 llc-0b14 1 4 0 4 0
l1d_u4-2 llc-0b15 1 4 0 4 0
l1d_u4-2 llc-0b16 1 4 0 4 0
l1d_u4-2 llc-0b17 1 4 0 4 0
l1d_u4-2 llc-0b18 1 4 0 4 0
l1d_u4-2 llc-0b19 1 4 0 4 0
l1d_u4-2 llc-0b20 1 4 0 4 0
l1d_u4-2 llc-0b21 1 4 0 4 0
l1d_u4-2 llc-0b22 1 4 0 4 0
l1d_u4-2 llc-0b23 1 4 0 4 0
l1d_u4-2 llc-0b24 1 4 0 4 0
l1d_u4-2 llc-0b25 1 4 0 4 0
l1d_u4-2 llc-0b26 1 4 0 4 0
l1d_u4-2 llc-0b27 1 4 0 4 0
l1d_u4-2 llc-0b28 1 4 0 4 0
l1d_u4-2 llc-0b29 1 4 0 4 0
l1d_u4-2 llc-0b30 1 4 0 4 0
l1d_u4-2 llc-0b31 1 4 0 4 0
l1d_u4-3 llc-0b0 1 4 0 4 0
l1d_u4-3 llc-0b1 1 4 0 4 0
l1d_u4-3 llc-0b2 1 4 0 4 0
l1d_u4-3 llc-0b3 1 4 0 4 0
l1d_u4-3 llc-0b4 1 4 0 4 0
l1d_u4-3 llc-0b5 1 4 0 4 0
l1d_u4-3 llc-0b6 1 4 0 4 0
l1d_u4-3 llc-0b7 1 4 0 4 0
l1d_u4-3 llc-0b8 1 4 0 4 0
l1d_u4-3 llc-0b9 1 4 0 4 0
l1d_u4-3 llc-0b10 1 4 0 4 0
l1d_u4-3 llc-0b11 1 4 0 4 0
l1d_u4-3 llc-0b12 1 4 0 4 0
l1d_u4-3 llc-0b13 1 4 0 4 0
l1d_u4-3 llc-0b14 1 4 0 4 0
l1d_u4-3 llc-0b15 1 4 0 4 0
l1d_u4-3 llc-0b16 1 4 0 4 0
l1d_u4-3 llc-0b17 1 4 0 4 0
l1d_u4-3 llc-0b18 1 4 0 4 0
l1d_u4-3 llc-0b19 1 4 0 4 0
l1d_u4-3 llc-0b20 1 4 0 4 0
l1d_u4-3 llc-0b21 1 4 0 4 0
l1d_u4-3 llc-0b22 1 4 0 4 0
l1d_u4-3 llc-0b23 1 4 0 4 0
l1d_u4-3 llc-0b24 1 4 0 4 0
l1d_u4-3 llc-0b25 1 4 0 4 0
l1d_u4-3 llc-0b26 1 4 0 4 0
l1d_u4-3 llc-0b27 1 4 0 4 0
l1d_u4-3 llc-0b28 1 4 0 4 0
l1d_u4-3 llc-0b29 1 4 0 4 0
l1d_u4-3 llc-0b30 1 4 0 4 0
l1d_u4-3 llc-0b31 1 4 0 4 0
l1d_u4-4 llc-0b0 1 4 0 4 0
l1d_u4-4 llc-0b1 1 4 0 4 0
l1d_u4-4 llc-0b2 1 4 0 4 0
l1d_u4-4 llc-0b3 1 4 0 4 0
l1d_u4-4 llc-0b4 1 4 0 4 0
l1d_u4-4 llc-0b5 1 4 0 4 0
l1d_u4-4 llc-0b6 1 4 0 4 0
l1d_u4-4 llc-0b7 1 4 0 4 0
l1d_u4-4 llc-0b8 1 4 0 4 0
l1d_u4-4 llc-0b9 1 4 0 4 0
l1d_u4-4 llc-0b10 1 4 0 4 0
l1d_u4-4 llc-0b11 1 4 0 4 0
l1d_u4-4 llc-0b12 1 4 0 4 0
l1d_u4-4 llc-0b13 1 4 0 4 0
l1d_u4-4 llc-0b14 1 4 0 4 0
l1d_u4-4 llc-0b15 1 4 0 4 0
l1d_u4-4 llc-0b16 1 4 0 4 0
l1d_u4-4 llc-0b17 1 4 0 4 0
l1d_u4-4 llc-0b18 1 4 0 4 0
l1d_u4-4 llc-0b19 1 4 0 4 0
l1d_u4-4 llc-0b20 1 4 0 4 0
l1d_u4-4 llc-0b21 1 4 0 4 0
l1d_u4-4 llc-0b22 1 4 0 4 0
l1d_u4-4 llc-0b23 1 4 0 4 0
l1d_u4-4 llc-0b24 1 4 0 4 0
l1d_u4-4 llc-0b25 1 4 0 4 0
l1d_u4-4 llc-0b26 1 4 0 4 0
l1d_u4-4 llc-0b27 1 4 0 4 0
l1d_u4-4 llc-0b28 1 4 0 4 0
l1d_u4-4 llc-0b29 1 4 0 4 0
l1d_u4-4 llc-0b30 1 4 0 4 0
l1d_u4-4 llc-0b31 1 4 0 4 0
l1d_u4-5 llc-0b0 1 4 0 4 0
l1d_u4-5 llc-0b1 1 4 0 4 0
l1d_u4-5 llc-0b2 1 4 0 4 0
l1d_u4-5 llc-0b3 1 4 0 4 0
l1d_u4-5 llc-0b4 1 4 0 4 0
l1d_u4-5 llc-0b5 1 4 0 4 0
l1d_u4-5 llc-0b6 1 4 0 4 0
l1d_u4-5 llc-0b7 1 4 0 4 0
l1d_u4-5 llc-0b8 1 4 0 4 0
l1d_u4-5 llc-0b9 1 4 0 4 0
l1d_u4-5 llc-0b10 1 4 0 4 0
l1d_u4-5 llc-0b11 1 4 0 4 0
l1d_u4-5 llc-0b12 1 4 0 4 0
l1d_u4-5 llc-0b13 1 4 0 4 0
l1d_u4-5 llc-0b14 1 4 0 4 0
l1d_u4-5 llc-0b15 1 4 0 4 0
l1d_u4-5 llc-0b16 1 4 0 4 0
l1d_u4-5 llc-0b17 1 4 0 4 0
l1d_u4-5 llc-0b18 1 4 0 4 0
l1d_u4-5 llc-0b19 1 4 0 4 0
l1d_u4-5 llc-0b20 1 4 0 4 0
l1d_u4-5 llc-0b21 1 4 0 4 0
l1d_u4-5 llc-0b22 1 4 0 4 0
l1d_u4-5 llc-0b23 1 4 0 4 0
l1d_u4-5 llc-0b24 1 4 0 4 0
l1d_u4-5 llc-0b25 1 4 0 4 0
l1d_u4-5 llc-0b26 1 4 0 4 0
l1d_u4-5 llc-0b27 1 4 0 4 0
l1d_u4-5 llc-0b28 1 4 0 4 0
l1d_u4-5 llc-0b29 1 4 0 4 0
l1d_u4-5 llc-0b30 1 4 0 4 0
l1d_u4-5 llc-0b31 1 4 0 4 0
l1d_u4-6 llc-0b0 1 4 0 4 0
l1d_u4-6 llc-0b1 1 4 0 4 0
l1d_u4-6 llc-0b2 1 4 0 4 0
l1d_u4-6 llc-0b3 1 4 0 4 0
l1d_u4-6 llc-0b4 1 4 0 4 0
l1d_u4-6 llc-0b5 1 4 0 4 0
l1d_u4-6 llc-0b6 1 4 0 4 0
l1d_u4-6 llc-0b7 1 4 0 4 0
l1d_u4-6 llc-0b8 1 4 0 4 0
l1d_u4-6 llc-0b9 1 4 0 4 0
l1d_u4-6 llc-0b10 1 4 0 4 0
l1d_u4-6 llc-0b11 1 4 0 4 0
l1d_u4-6 llc-0b12 1 4 0 4 0
l1d_u4-6 llc-0b13 1 4 0 4 0
l1d_u4-6 llc-0b14 1 4 0 4 0
l1d_u4-6 llc-0b15 1 4 0 4 0
l1d_u4-6 llc-0b16 1 4 0 4 0
l1d_u4-6 llc-0b17 1 4 0 4 0
l1d_u4-6 llc-0b18 1 4 0 4 0
l1d_u4-6 llc-0b19 1 4 0 4 0
l1d_u4-6 llc-0b20 1 4 0 4 0
l1d_u4-6 llc-0b21 1 4 0 4 0
l1d_u4-6 llc-0b22 1 4 0 4 0
l1d_u4-6 llc-0b23 1 4 0 4 0
l1d_u4-6 llc-0b24 1 4 0 4 0
l1d_u4-6 llc-0b25 1 4 0 4 0
l1d_u4-6 llc-0b26 1 4 0 4 0
l1d_u4-6 llc-0b27 1 4 0 4 0
l1d_u4-6 llc-0b28 1 4 0 4 0
l1d_u4-6 llc-0b29 1 4 0 4 0
l1d_u4-6 llc-0b30 1 4 0 4 0
l1d_u4-6 llc-0b31 1 4 0 4 0
l1d_u4-7 llc-0b0 1 4 0 4 0
l1d_u4-7 llc-0b1 1 4 0 4 0
l1d_u4-7 llc-0b2 1 4 0 4 0
l1d_u4-7 llc-0b3 1 4 0 4 0
l1d_u4-7 llc-0b4 1 4 0 4 0
l1d_u4-7 llc-0b5 1 4 0 4 0
l1d_u4-7 llc-0b6 1 4 0 4 0
l1d_u4-7 llc-0b7 1 4 0 4 0
l1d_u4-7 llc-0b8 1 4 0 4 0
l1d_u4-7 llc-0b9 1 4 0 4 0
l1d_u4-7 llc-0b10 1 4 0 4 0
l1d_u4-7 llc-0b11 1 4 0 4 0
l1d_u4-7 llc-0b12 1 4 0 4 0
l1d_u4-7 llc-0b13 1 4 0 4 0
l1d_u4-7 llc-0b14 1 4 0 4 0
l1d_u4-7 llc-0b15 1 4 0 4 0
l1d_u4-7 llc-0b16 1 4 0 4 0
l1d_u4-7 llc-0b17 1 4 0 4 0
l1d_u4-7 llc-0b18 1 4 0 4 0
l1d_u4-7 llc-0b19 1 4 0 4 0
l1d_u4-7 llc-0b20 1 4 0 4 0
l1d_u4-7 llc-0b21 1 4 0 4 0
l1d_u4-7 llc-0b22 1 4 0 4 0
l1d_u4-7 llc-0b23 1 4 0 4 0
l1d_u4-7 llc-0b24 1 4 0 4 0
l1d_u4-7 llc-0b25 1 4 0 4 0
l1d_u4-7 llc-0b26 1 4 0 4 0
l1d_u4-7 llc-0b27 1 4 0 4 0
l1d_u4-7 llc-0b28 1 4 0 4 0
l1d_u4-7 llc-0b29 1 4 0 4 0
l1d_u4-7 llc-0b30 1 4 0 4 0
l1d_u4-7 llc-0b31 1 4 0 4 0
l1d_u4-8 llc-0b0 1 4 0 4 0
l1d_u4-8 llc-0b1 1 4 0 4 0
l1d_u4-8 llc-0b2 1 4 0 4 0
l1d_u4-8 llc-0b3 1 4 0 4 0
l1d_u4-8 llc-0b4 1 4 0 4 0
l1d_u4-8 llc-0b5 1 4 0 4 0
l1d_u4-8 llc-0b6 1 4 0 4 0
l1d_u4-8 llc-0b7 1 4 0 4 0
l1d_u4-8 llc-0b8 1 4 0 4 0
l1d_u4-8 llc-0b9 1 4 0 4 0
l1d_u4-8 llc-0b10 1 4 0 4 0
l1d_u4-8 llc-0b11 1 4 0 4 0
l1d_u4-8 llc-0b12 1 4 0 4 0
l1d_u4-8 llc-0b13 1 4 0 4 0
l1d_u4-8 llc-0b14 1 4 0 4 0
l1d_u4-8 llc-0b15 1 4 0 4 0
l1d_u4-8 llc-0b16 1 4 0 4 0
l1d_u4-8 llc-0b17 1 4 0 4 0
l1d_u4-8 llc-0b18 1 4 0 4 0
l1d_u4-8 llc-0b19 1 4 0 4 0
l1d_u4-8 llc-0b20 1 4 0 4 0
l1d_u4-8 llc-0b21 1 4 0 4 0
l1d_u4-8 llc-0b22 1 4 0 4 0
l1d_u4-8 llc-0b23 1 4 0 4 0
l1d_u4-8 llc-0b24 1 4 0 4 0
l1d_u4-8 llc-0b25 1 4 0 4 0
l1d_u4-8 llc-0b26 1 4 0 4 0
l1d_u4-8 llc-0b27 1 4 0 4 0
l1d_u4-8 llc-0b28 1 4 0 4 0
l1d_u4-8 llc-0b29 1 4 0 4 0
l1d_u4-8 llc-0b30 1 4 0 4 0
l1d_u4-8 llc-0b31 1 4 0 4 0
l1d_u4-9 llc-0b0 1 4 0 4 0
l1d_u4-9 llc-0b1 1 4 0 4 0
l1d_u4-9 llc-0b2 1 4 0 4 0
l1d_u4-9 llc-0b3 1 4 0 4 0
l1d_u4-9 llc-0b4 1 4 0 4 0
l1d_u4-9 llc-0b5 1 4 0 4 0
l1d_u4-9 llc-0b6 1 4 0 4 0
l1d_u4-9 llc-0b7 1 4 0 4 0
l1d_u4-9 llc-0b8 1 4 0 4 0
l1d_u4-9 llc-0b9 1 4 0 4 0
l1d_u4-9 llc-0b10 1 4 0 4 0
l1d_u4-9 llc-0b11 1 4 0 4 0
l1d_u4-9 llc-0b12 1 4 0 4 0
l1d_u4-9 llc-0b13 1 4 0 4 0
l1d_u4-9 llc-0b14 1 4 0 4 0
l1d_u4-9 llc-0b15 1 4 0 4 0
l1d_u4-9 llc-0b16 1 4 0 4 0
l1d_u4-9 llc-0b17 1 4 0 4 0
l1d_u4-9 llc-0b18 1 4 0 4 0
l1d_u4-9 llc-0b19 1 4 0 4 0
l1d_u4-9 llc-0b20 1 4 0 4 0
l1d_u4-9 llc-0b21 1 4 0 4 0
l1d_u4-9 llc-0b22 1 4 0 4 0
l1d_u4-9 llc-0b23 1 4 0 4 0
l1d_u4-9 llc-0b24 1 4 0 4 0
l1d_u4-9 llc-0b25 1 4 0 4 0
l1d_u4-9 llc-0b26 1 4 0 4 0
l1d_u4-9 llc-0b27 1 4 0 4 0
l1d_u4-9 llc-0b28 1 4 0 4 0
l1d_u4-9 llc-0b29 1 4 0 4 0
l1d_u4-9 llc-0b30 1 4 0 4 0
l1d_u4-9 llc-0b31 1 4 0 4 0
l1d_u4-10 llc-0b0 1 4 0 4 0
l1d_u4-10 llc-0b1 1 4 0 4 0
l1d_u4-10 llc-0b2 1 4 0 4 0
l1d_u4-10 llc-0b3 1 4 0 4 0
l1d_u4-10 llc-0b4 1 4 0 4 0
l1d_u4-10 llc-0b5 1 4 0 4 0
l1d_u4-10 llc-0b6 1 4 0 4 0
l1d_u4-10 llc-0b7 1 4 0 4 0
l1d_u4-10 llc-0b8 1 4 0 4 0
l1d_u4-10 llc-0b9 1 4 0 4 0
l1d_u4-10 llc-0b10 1 4 0 4 0
l1d_u4-10 llc-0b11 1 4 0 4 0
l1d_u4-10 llc-0b12 1 4 0 4 0
l1d_u4-10 llc-0b13 1 4 0 4 0
l1d_u4-10 llc-0b14 1 4 0 4 0
l1d_u4-10 llc-0b15 1 4 0 4 0
l1d_u4-10 llc-0b16 1 4 0 4 0
l1d_u4-10 llc-0b17 1 4 0 4 0
l1d_u4-10 llc-0b18 1 4 0 4 0
l1d_u4-10 llc-0b19 1 4 0 4 0
l1d_u4-10 llc-0b20 1 4 0 4 0
l1d_u4-10 llc-0b21 1 4 0 4 0
l1d_u4-10 llc-0b22 1 4 0 4 0
l1d_u4-10 llc-0b23 1 4 0 4 0
l1d_u4-10 llc-0b24 1 4 0 4 0
l1d_u4-10 llc-0b25 1 4 0 4 0
l1d_u4-10 llc-0b26 1 4 0 4 0
l1d_u4-10 llc-0b27 1 4 0 4 0
l1d_u4-10 llc-0b28 1 4 0 4 0
l1d_u4-10 llc-0b29 1 4 0 4 0
l1d_u4-10 llc-0b30 1 4 0 4 0
l1d_u4-10 llc-0b31 1 4 0 4 0
l1d_u4-11 llc-0b0 1 4 0 4 0
l1d_u4-11 llc-0b1 1 4 0 4 0
l1d_u4-11 llc-0b2 1 4 0 4 0
l1d_u4-11 llc-0b3 1 4 0 4 0
l1d_u4-11 llc-0b4 1 4 0 4 0
l1d_u4-11 llc-0b5 1 4 0 4 0
l1d_u4-11 llc-0b6 1 4 0 4 0
l1d_u4-11 llc-0b7 1 4 0 4 0
l1d_u4-11 llc-0b8 1 4 0 4 0
l1d_u4-11 llc-0b9 1 4 0 4 0
l1d_u4-11 llc-0b10 1 4 0 4 0
l1d_u4-11 llc-0b11 1 4 0 4 0
l1d_u4-11 llc-0b12 1 4 0 4 0
l1d_u4-11 llc-0b13 1 4 0 4 0
l1d_u4-11 llc-0b14 1 4 0 4 0
l1d_u4-11 llc-0b15 1 4 0 4 0
l1d_u4-11 llc-0b16 1 4 0 4 0
l1d_u4-11 llc-0b17 1 4 0 4 0
l1d_u4-11 llc-0b18 1 4 0 4 0
l1d_u4-11 llc-0b19 1 4 0 4 0
l1d_u4-11 llc-0b20 1 4 0 4 0
l1d_u4-11 llc-0b21 1 4 0 4 0
l1d_u4-11 llc-0b22 1 4 0 4 0
l1d_u4-11 llc-0b23 1 4 0 4 0
l1d_u4-11 llc-0b24 1 4 0 4 0
l1d_u4-11 llc-0b25 1 4 0 4 0
l1d_u4-11 llc-0b26 1 4 0 4 0
l1d_u4-11 llc-0b27 1 4 0 4 0
l1d_u4-11 llc-0b28 1 4 0 4 0
l1d_u4-11 llc-0b29 1 4 0 4 0
l1d_u4-11 llc-0b30 1 4 0 4 0
l1d_u4-11 llc-0b31 1 4 0 4 0
l1d_u4-12 llc-0b0 1 4 0 4 0
l1d_u4-12 llc-0b1 1 4 0 4 0
l1d_u4-12 llc-0b2 1 4 0 4 0
l1d_u4-12 llc-0b3 1 4 0 4 0
l1d_u4-12 llc-0b4 1 4 0 4 0
l1d_u4-12 llc-0b5 1 4 0 4 0
l1d_u4-12 llc-0b6 1 4 0 4 0
l1d_u4-12 llc-0b7 1 4 0 4 0
l1d_u4-12 llc-0b8 1 4 0 4 0
l1d_u4-12 llc-0b9 1 4 0 4 0
l1d_u4-12 llc-0b10 1 4 0 4 0
l1d_u4-12 llc-0b11 1 4 0 4 0
l1d_u4-12 llc-0b12 1 4 0 4 0
l1d_u4-12 llc-0b13 1 4 0 4 0
l1d_u4-12 llc-0b14 1 4 0 4 0
l1d_u4-12 llc-0b15 1 4 0 4 0
l1d_u4-12 llc-0b16 1 4 0 4 0
l1d_u4-12 llc-0b17 1 4 0 4 0
l1d_u4-12 llc-0b18 1 4 0 4 0
l1d_u4-12 llc-0b19 1 4 0 4 0
l1d_u4-12 llc-0b20 1 4 0 4 0
l1d_u4-12 llc-0b21 1 4 0 4 0
l1d_u4-12 llc-0b22 1 4 0 4 0
l1d_u4-12 llc-0b23 1 4 0 4 0
l1d_u4-12 llc-0b24 1 4 0 4 0
l1d_u4-12 llc-0b25 1 4 0 4 0
l1d_u4-12 llc-0b26 1 4 0 4 0
l1d_u4-12 llc-0b27 1 4 0 4 0
l1d_u4-12 llc-0b28 1 4 0 4 0
l1d_u4-12 llc-0b29 1 4 0 4 0
l1d_u4-12 llc-0b30 1 4 0 4 0
l1d_u4-12 llc-0b31 1 4 0 4 0
l1d_u4-13 llc-0b0 1 4 0 4 0
l1d_u4-13 llc-0b1 1 4 0 4 0
l1d_u4-13 llc-0b2 1 4 0 4 0
l1d_u4-13 llc-0b3 1 4 0 4 0
l1d_u4-13 llc-0b4 1 4 0 4 0
l1d_u4-13 llc-0b5 1 4 0 4 0
l1d_u4-13 llc-0b6 1 4 0 4 0
l1d_u4-13 llc-0b7 1 4 0 4 0
l1d_u4-13 llc-0b8 1 4 0 4 0
l1d_u4-13 llc-0b9 1 4 0 4 0
l1d_u4-13 llc-0b10 1 4 0 4 0
l1d_u4-13 llc-0b11 1 4 0 4 0
l1d_u4-13 llc-0b12 1 4 0 4 0
l1d_u4-13 llc-0b13 1 4 0 4 0
l1d_u4-13 llc-0b14 1 4 0 4 0
l1d_u4-13 llc-0b15 1 4 0 4 0
l1d_u4-13 llc-0b16 1 4 0 4 0
l1d_u4-13 llc-0b17 1 4 0 4 0
l1d_u4-13 llc-0b18 1 4 0 4 0
l1d_u4-13 llc-0b19 1 4 0 4 0
l1d_u4-13 llc-0b20 1 4 0 4 0
l1d_u4-13 llc-0b21 1 4 0 4 0
l1d_u4-13 llc-0b22 1 4 0 4 0
l1d_u4-13 llc-0b23 1 4 0 4 0
l1d_u4-13 llc-0b24 1 4 0 4 0
l1d_u4-13 llc-0b25 1 4 0 4 0
l1d_u4-13 llc-0b26 1 4 0 4 0
l1d_u4-13 llc-0b27 1 4 0 4 0
l1d_u4-13 llc-0b28 1 4 0 4 0
l1d_u4-13 llc-0b29 1 4 0 4 0
l1d_u4-13 llc-0b30 1 4 0 4 0
l1d_u4-13 llc-0b31 1 4 0 4 0
l1d_u4-14 llc-0b0 1 4 0 4 0
l1d_u4-14 llc-0b1 1 4 0 4 0
l1d_u4-14 llc-0b2 1 4 0 4 0
l1d_u4-14 llc-0b3 1 4 0 4 0
l1d_u4-14 llc-0b4 1 4 0 4 0
l1d_u4-14 llc-0b5 1 4 0 4 0
l1d_u4-14 llc-0b6 1 4 0 4 0
l1d_u4-14 llc-0b7 1 4 0 4 0
l1d_u4-14 llc-0b8 1 4 0 4 0
l1d_u4-14 llc-0b9 1 4 0 4 0
l1d_u4-14 llc-0b10 1 4 0 4 0
l1d_u4-14 llc-0b11 1 4 0 4 0
l1d_u4-14 llc-0b12 1 4 0 4 0
l1d_u4-14 llc-0b13 1 4 0 4 0
l1d_u4-14 llc-0b14 1 4 0 4 0
l1d_u4-14 llc-0b15 1 4 0 4 0
l1d_u4-14 llc-0b16 1 4 0 4 0
l1d_u4-14 llc-0b17 1 4 0 4 0
l1d_u4-14 llc-0b18 1 4 0 4 0
l1d_u4-14 llc-0b19 1 4 0 4 0
l1d_u4-14 llc-0b20 1 4 0 4 0
l1d_u4-14 llc-0b21 1 4 0 4 0
l1d_u4-14 llc-0b22 1 4 0 4 0
l1d_u4-14 llc-0b23 1 4 0 4 0
l1d_u4-14 llc-0b24 1 4 0 4 0
l1d_u4-14 llc-0b25 1 4 0 4 0
l1d_u4-14 llc-0b26 1 4 0 4 0
l1d_u4-14 llc-0b27 1 4 0 4 0
l1d_u4-14 llc-0b28 1 4 0 4 0
l1d_u4-14 llc-0b29 1 4 0 4 0
l1d_u4-14 llc-0b30 1 4 0 4 0
l1d_u4-14 llc-0b31 1 4 0 4 0
l1d_u4-15 llc-0b0 1 4 0 4 0
l1d_u4-15 llc-0b1 1 4 0 4 0
l1d_u4-15 llc-0b2 1 4 0 4 0
l1d_u4-15 llc-0b3 1 4 0 4 0
l1d_u4-15 llc-0b4 1 4 0 4 0
l1d_u4-15 llc-0b5 1 4 0 4 0
l1d_u4-15 llc-0b6 1 4 0 4 0
l1d_u4-15 llc-0b7 1 4 0 4 0
l1d_u4-15 llc-0b8 1 4 0 4 0
l1d_u4-15 llc-0b9 1 4 0 4 0
l1d_u4-15 llc-0b10 1 4 0 4 0
l1d_u4-15 llc-0b11 1 4 0 4 0
l1d_u4-15 llc-0b12 1 4 0 4 0
l1d_u4-15 llc-0b13 1 4 0 4 0
l1d_u4-15 llc-0b14 1 4 0 4 0
l1d_u4-15 llc-0b15 1 4 0 4 0
l1d_u4-15 llc-0b16 1 4 0 4 0
l1d_u4-15 llc-0b17 1 4 0 4 0
l1d_u4-15 llc-0b18 1 4 0 4 0
l1d_u4-15 llc-0b19 1 4 0 4 0
l1d_u4-15 llc-0b20 1 4 0 4 0
l1d_u4-15 llc-0b21 1 4 0 4 0
l1d_u4-15 llc-0b22 1 4 0 4 0
l1d_u4-15 llc-0b23 1 4 0 4 0
l1d_u4-15 llc-0b24 1 4 0 4 0
l1d_u4-15 llc-0b25 1 4 0 4 0
l1d_u4-15 llc-0b26 1 4 0 4 0
l1d_u4-15 llc-0b27 1 4 0 4 0
l1d_u4-15 llc-0b28 1 4 0 4 0
l1d_u4-15 llc-0b29 1 4 0 4 0
l1d_u4-15 llc-0b30 1 4 0 4 0
l1d_u4-15 llc-0b31 1 4 0 4 0
l1i_u5-0 llc-0b0 1 5 0 5 0
l1i_u5-0 llc-0b1 1 5 0 5 0
l1i_u5-0 llc-0b2 1 5 0 5 0
l1i_u5-0 llc-0b3 1 5 0 5 0
l1i_u5-0 llc-0b4 1 5 0 5 0
l1i_u5-0 llc-0b5 1 5 0 5 0
l1i_u5-0 llc-0b6 1 5 0 5 0
l1i_u5-0 llc-0b7 1 5 0 5 0
l1i_u5-0 llc-0b8 1 5 0 5 0
l1i_u5-0 llc-0b9 1 5 0 5 0
l1i_u5-0 llc-0b10 1 5 0 5 0
l1i_u5-0 llc-0b11 1 5 0 5 0
l1i_u5-0 llc-0b12 1 5 0 5 0
l1i_u5-0 llc-0b13 1 5 0 5 0
l1i_u5-0 llc-0b14 1 5 0 5 0
l1i_u5-0 llc-0b15 1 5 0 5 0
l1i_u5-0 llc-0b16 1 5 0 5 0
l1i_u5-0 llc-0b17 1 5 0 5 0
l1i_u5-0 llc-0b18 1 5 0 5 0
l1i_u5-0 llc-0b19 1 5 0 5 0
l1i_u5-0 llc-0b20 1 5 0 5 0
l1i_u5-0 llc-0b21 1 5 0 5 0
l1i_u5-0 llc-0b22 1 5 0 5 0
l1i_u5-0 llc-0b23 1 5 0 5 0
l1i_u5-0 llc-0b24 1 5 0 5 0
l1i_u5-0 llc-0b25 1 5 0 5 0
l1i_u5-0 llc-0b26 1 5 0 5 0
l1i_u5-0 llc-0b27 1 5 0 5 0
l1i_u5-0 llc-0b28 1 5 0 5 0
l1i_u5-0 llc-0b29 1 5 0 5 0
l1i_u5-0 llc-0b30 1 5 0 5 0
l1i_u5-0 llc-0b31 1 5 0 5 0
l1i_u5-1 llc-0b0 1 5 0 5 0
l1i_u5-1 llc-0b1 1 5 0 5 0
l1i_u5-1 llc-0b2 1 5 0 5 0
l1i_u5-1 llc-0b3 1 5 0 5 0
l1i_u5-1 llc-0b4 1 5 0 5 0
l1i_u5-1 llc-0b5 1 5 0 5 0
l1i_u5-1 llc-0b6 1 5 0 5 0
l1i_u5-1 llc-0b7 1 5 0 5 0
l1i_u5-1 llc-0b8 1 5 0 5 0
l1i_u5-1 llc-0b9 1 5 0 5 0
l1i_u5-1 llc-0b10 1 5 0 5 0
l1i_u5-1 llc-0b11 1 5 0 5 0
l1i_u5-1 llc-0b12 1 5 0 5 0
l1i_u5-1 llc-0b13 1 5 0 5 0
l1i_u5-1 llc-0b14 1 5 0 5 0
l1i_u5-1 llc-0b15 1 5 0 5 0
l1i_u5-1 llc-0b16 1 5 0 5 0
l1i_u5-1 llc-0b17 1 5 0 5 0
l1i_u5-1 llc-0b18 1 5 0 5 0
l1i_u5-1 llc-0b19 1 5 0 5 0
l1i_u5-1 llc-0b20 1 5 0 5 0
l1i_u5-1 llc-0b21 1 5 0 5 0
l1i_u5-1 llc-0b22 1 5 0 5 0
l1i_u5-1 llc-0b23 1 5 0 5 0
l1i_u5-1 llc-0b24 1 5 0 5 0
l1i_u5-1 llc-0b25 1 5 0 5 0
l1i_u5-1 llc-0b26 1 5 0 5 0
l1i_u5-1 llc-0b27 1 5 0 5 0
l1i_u5-1 llc-0b28 1 5 0 5 0
l1i_u5-1 llc-0b29 1 5 0 5 0
l1i_u5-1 llc-0b30 1 5 0 5 0
l1i_u5-1 llc-0b31 1 5 0 5 0
l1i_u5-2 llc-0b0 1 5 0 5 0
l1i_u5-2 llc-0b1 1 5 0 5 0
l1i_u5-2 llc-0b2 1 5 0 5 0
l1i_u5-2 llc-0b3 1 5 0 5 0
l1i_u5-2 llc-0b4 1 5 0 5 0
l1i_u5-2 llc-0b5 1 5 0 5 0
l1i_u5-2 llc-0b6 1 5 0 5 0
l1i_u5-2 llc-0b7 1 5 0 5 0
l1i_u5-2 llc-0b8 1 5 0 5 0
l1i_u5-2 llc-0b9 1 5 0 5 0
l1i_u5-2 llc-0b10 1 5 0 5 0
l1i_u5-2 llc-0b11 1 5 0 5 0
l1i_u5-2 llc-0b12 1 5 0 5 0
l1i_u5-2 llc-0b13 1 5 0 5 0
l1i_u5-2 llc-0b14 1 5 0 5 0
l1i_u5-2 llc-0b15 1 5 0 5 0
l1i_u5-2 llc-0b16 1 5 0 5 0
l1i_u5-2 llc-0b17 1 5 0 5 0
l1i_u5-2 llc-0b18 1 5 0 5 0
l1i_u5-2 llc-0b19 1 5 0 5 0
l1i_u5-2 llc-0b20 1 5 0 5 0
l1i_u5-2 llc-0b21 1 5 0 5 0
l1i_u5-2 llc-0b22 1 5 0 5 0
l1i_u5-2 llc-0b23 1 5 0 5 0
l1i_u5-2 llc-0b24 1 5 0 5 0
l1i_u5-2 llc-0b25 1 5 0 5 0
l1i_u5-2 llc-0b26 1 5 0 5 0
l1i_u5-2 llc-0b27 1 5 0 5 0
l1i_u5-2 llc-0b28 1 5 0 5 0
l1i_u5-2 llc-0b29 1 5 0 5 0
l1i_u5-2 llc-0b30 1 5 0 5 0
l1i_u5-2 llc-0b31 1 5 0 5 0
l1i_u5-3 llc-0b0 1 5 0 5 0
l1i_u5-3 llc-0b1 1 5 0 5 0
l1i_u5-3 llc-0b2 1 5 0 5 0
l1i_u5-3 llc-0b3 1 5 0 5 0
l1i_u5-3 llc-0b4 1 5 0 5 0
l1i_u5-3 llc-0b5 1 5 0 5 0
l1i_u5-3 llc-0b6 1 5 0 5 0
l1i_u5-3 llc-0b7 1 5 0 5 0
l1i_u5-3 llc-0b8 1 5 0 5 0
l1i_u5-3 llc-0b9 1 5 0 5 0
l1i_u5-3 llc-0b10 1 5 0 5 0
l1i_u5-3 llc-0b11 1 5 0 5 0
l1i_u5-3 llc-0b12 1 5 0 5 0
l1i_u5-3 llc-0b13 1 5 0 5 0
l1i_u5-3 llc-0b14 1 5 0 5 0
l1i_u5-3 llc-0b15 1 5 0 5 0
l1i_u5-3 llc-0b16 1 5 0 5 0
l1i_u5-3 llc-0b17 1 5 0 5 0
l1i_u5-3 llc-0b18 1 5 0 5 0
l1i_u5-3 llc-0b19 1 5 0 5 0
l1i_u5-3 llc-0b20 1 5 0 5 0
l1i_u5-3 llc-0b21 1 5 0 5 0
l1i_u5-3 llc-0b22 1 5 0 5 0
l1i_u5-3 llc-0b23 1 5 0 5 0
l1i_u5-3 llc-0b24 1 5 0 5 0
l1i_u5-3 llc-0b25 1 5 0 5 0
l1i_u5-3 llc-0b26 1 5 0 5 0
l1i_u5-3 llc-0b27 1 5 0 5 0
l1i_u5-3 llc-0b28 1 5 0 5 0
l1i_u5-3 llc-0b29 1 5 0 5 0
l1i_u5-3 llc-0b30 1 5 0 5 0
l1i_u5-3 llc-0b31 1 5 0 5 0
l1i_u5-4 llc-0b0 1 5 0 5 0
l1i_u5-4 llc-0b1 1 5 0 5 0
l1i_u5-4 llc-0b2 1 5 0 5 0
l1i_u5-4 llc-0b3 1 5 0 5 0
l1i_u5-4 llc-0b4 1 5 0 5 0
l1i_u5-4 llc-0b5 1 5 0 5 0
l1i_u5-4 llc-0b6 1 5 0 5 0
l1i_u5-4 llc-0b7 1 5 0 5 0
l1i_u5-4 llc-0b8 1 5 0 5 0
l1i_u5-4 llc-0b9 1 5 0 5 0
l1i_u5-4 llc-0b10 1 5 0 5 0
l1i_u5-4 llc-0b11 1 5 0 5 0
l1i_u5-4 llc-0b12 1 5 0 5 0
l1i_u5-4 llc-0b13 1 5 0 5 0
l1i_u5-4 llc-0b14 1 5 0 5 0
l1i_u5-4 llc-0b15 1 5 0 5 0
l1i_u5-4 llc-0b16 1 5 0 5 0
l1i_u5-4 llc-0b17 1 5 0 5 0
l1i_u5-4 llc-0b18 1 5 0 5 0
l1i_u5-4 llc-0b19 1 5 0 5 0
l1i_u5-4 llc-0b20 1 5 0 5 0
l1i_u5-4 llc-0b21 1 5 0 5 0
l1i_u5-4 llc-0b22 1 5 0 5 0
l1i_u5-4 llc-0b23 1 5 0 5 0
l1i_u5-4 llc-0b24 1 5 0 5 0
l1i_u5-4 llc-0b25 1 5 0 5 0
l1i_u5-4 llc-0b26 1 5 0 5 0
l1i_u5-4 llc-0b27 1 5 0 5 0
l1i_u5-4 llc-0b28 1 5 0 5 0
l1i_u5-4 llc-0b29 1 5 0 5 0
l1i_u5-4 llc-0b30 1 5 0 5 0
l1i_u5-4 llc-0b31 1 5 0 5 0
l1i_u5-5 llc-0b0 1 5 0 5 0
l1i_u5-5 llc-0b1 1 5 0 5 0
l1i_u5-5 llc-0b2 1 5 0 5 0
l1i_u5-5 llc-0b3 1 5 0 5 0
l1i_u5-5 llc-0b4 1 5 0 5 0
l1i_u5-5 llc-0b5 1 5 0 5 0
l1i_u5-5 llc-0b6 1 5 0 5 0
l1i_u5-5 llc-0b7 1 5 0 5 0
l1i_u5-5 llc-0b8 1 5 0 5 0
l1i_u5-5 llc-0b9 1 5 0 5 0
l1i_u5-5 llc-0b10 1 5 0 5 0
l1i_u5-5 llc-0b11 1 5 0 5 0
l1i_u5-5 llc-0b12 1 5 0 5 0
l1i_u5-5 llc-0b13 1 5 0 5 0
l1i_u5-5 llc-0b14 1 5 0 5 0
l1i_u5-5 llc-0b15 1 5 0 5 0
l1i_u5-5 llc-0b16 1 5 0 5 0
l1i_u5-5 llc-0b17 1 5 0 5 0
l1i_u5-5 llc-0b18 1 5 0 5 0
l1i_u5-5 llc-0b19 1 5 0 5 0
l1i_u5-5 llc-0b20 1 5 0 5 0
l1i_u5-5 llc-0b21 1 5 0 5 0
l1i_u5-5 llc-0b22 1 5 0 5 0
l1i_u5-5 llc-0b23 1 5 0 5 0
l1i_u5-5 llc-0b24 1 5 0 5 0
l1i_u5-5 llc-0b25 1 5 0 5 0
l1i_u5-5 llc-0b26 1 5 0 5 0
l1i_u5-5 llc-0b27 1 5 0 5 0
l1i_u5-5 llc-0b28 1 5 0 5 0
l1i_u5-5 llc-0b29 1 5 0 5 0
l1i_u5-5 llc-0b30 1 5 0 5 0
l1i_u5-5 llc-0b31 1 5 0 5 0
l1i_u5-6 llc-0b0 1 5 0 5 0
l1i_u5-6 llc-0b1 1 5 0 5 0
l1i_u5-6 llc-0b2 1 5 0 5 0
l1i_u5-6 llc-0b3 1 5 0 5 0
l1i_u5-6 llc-0b4 1 5 0 5 0
l1i_u5-6 llc-0b5 1 5 0 5 0
l1i_u5-6 llc-0b6 1 5 0 5 0
l1i_u5-6 llc-0b7 1 5 0 5 0
l1i_u5-6 llc-0b8 1 5 0 5 0
l1i_u5-6 llc-0b9 1 5 0 5 0
l1i_u5-6 llc-0b10 1 5 0 5 0
l1i_u5-6 llc-0b11 1 5 0 5 0
l1i_u5-6 llc-0b12 1 5 0 5 0
l1i_u5-6 llc-0b13 1 5 0 5 0
l1i_u5-6 llc-0b14 1 5 0 5 0
l1i_u5-6 llc-0b15 1 5 0 5 0
l1i_u5-6 llc-0b16 1 5 0 5 0
l1i_u5-6 llc-0b17 1 5 0 5 0
l1i_u5-6 llc-0b18 1 5 0 5 0
l1i_u5-6 llc-0b19 1 5 0 5 0
l1i_u5-6 llc-0b20 1 5 0 5 0
l1i_u5-6 llc-0b21 1 5 0 5 0
l1i_u5-6 llc-0b22 1 5 0 5 0
l1i_u5-6 llc-0b23 1 5 0 5 0
l1i_u5-6 llc-0b24 1 5 0 5 0
l1i_u5-6 llc-0b25 1 5 0 5 0
l1i_u5-6 llc-0b26 1 5 0 5 0
l1i_u5-6 llc-0b27 1 5 0 5 0
l1i_u5-6 llc-0b28 1 5 0 5 0
l1i_u5-6 llc-0b29 1 5 0 5 0
l1i_u5-6 llc-0b30 1 5 0 5 0
l1i_u5-6 llc-0b31 1 5 0 5 0
l1i_u5-7 llc-0b0 1 5 0 5 0
l1i_u5-7 llc-0b1 1 5 0 5 0
l1i_u5-7 llc-0b2 1 5 0 5 0
l1i_u5-7 llc-0b3 1 5 0 5 0
l1i_u5-7 llc-0b4 1 5 0 5 0
l1i_u5-7 llc-0b5 1 5 0 5 0
l1i_u5-7 llc-0b6 1 5 0 5 0
l1i_u5-7 llc-0b7 1 5 0 5 0
l1i_u5-7 llc-0b8 1 5 0 5 0
l1i_u5-7 llc-0b9 1 5 0 5 0
l1i_u5-7 llc-0b10 1 5 0 5 0
l1i_u5-7 llc-0b11 1 5 0 5 0
l1i_u5-7 llc-0b12 1 5 0 5 0
l1i_u5-7 llc-0b13 1 5 0 5 0
l1i_u5-7 llc-0b14 1 5 0 5 0
l1i_u5-7 llc-0b15 1 5 0 5 0
l1i_u5-7 llc-0b16 1 5 0 5 0
l1i_u5-7 llc-0b17 1 5 0 5 0
l1i_u5-7 llc-0b18 1 5 0 5 0
l1i_u5-7 llc-0b19 1 5 0 5 0
l1i_u5-7 llc-0b20 1 5 0 5 0
l1i_u5-7 llc-0b21 1 5 0 5 0
l1i_u5-7 llc-0b22 1 5 0 5 0
l1i_u5-7 llc-0b23 1 5 0 5 0
l1i_u5-7 llc-0b24 1 5 0 5 0
l1i_u5-7 llc-0b25 1 5 0 5 0
l1i_u5-7 llc-0b26 1 5 0 5 0
l1i_u5-7 llc-0b27 1 5 0 5 0
l1i_u5-7 llc-0b28 1 5 0 5 0
l1i_u5-7 llc-0b29 1 5 0 5 0
l1i_u5-7 llc-0b30 1 5 0 5 0
l1i_u5-7 llc-0b31 1 5 0 5 0
l1i_u5-8 llc-0b0 1 5 0 5 0
l1i_u5-8 llc-0b1 1 5 0 5 0
l1i_u5-8 llc-0b2 1 5 0 5 0
l1i_u5-8 llc-0b3 1 5 0 5 0
l1i_u5-8 llc-0b4 1 5 0 5 0
l1i_u5-8 llc-0b5 1 5 0 5 0
l1i_u5-8 llc-0b6 1 5 0 5 0
l1i_u5-8 llc-0b7 1 5 0 5 0
l1i_u5-8 llc-0b8 1 5 0 5 0
l1i_u5-8 llc-0b9 1 5 0 5 0
l1i_u5-8 llc-0b10 1 5 0 5 0
l1i_u5-8 llc-0b11 1 5 0 5 0
l1i_u5-8 llc-0b12 1 5 0 5 0
l1i_u5-8 llc-0b13 1 5 0 5 0
l1i_u5-8 llc-0b14 1 5 0 5 0
l1i_u5-8 llc-0b15 1 5 0 5 0
l1i_u5-8 llc-0b16 1 5 0 5 0
l1i_u5-8 llc-0b17 1 5 0 5 0
l1i_u5-8 llc-0b18 1 5 0 5 0
l1i_u5-8 llc-0b19 1 5 0 5 0
l1i_u5-8 llc-0b20 1 5 0 5 0
l1i_u5-8 llc-0b21 1 5 0 5 0
l1i_u5-8 llc-0b22 1 5 0 5 0
l1i_u5-8 llc-0b23 1 5 0 5 0
l1i_u5-8 llc-0b24 1 5 0 5 0
l1i_u5-8 llc-0b25 1 5 0 5 0
l1i_u5-8 llc-0b26 1 5 0 5 0
l1i_u5-8 llc-0b27 1 5 0 5 0
l1i_u5-8 llc-0b28 1 5 0 5 0
l1i_u5-8 llc-0b29 1 5 0 5 0
l1i_u5-8 llc-0b30 1 5 0 5 0
l1i_u5-8 llc-0b31 1 5 0 5 0
l1i_u5-9 llc-0b0 1 5 0 5 0
l1i_u5-9 llc-0b1 1 5 0 5 0
l1i_u5-9 llc-0b2 1 5 0 5 0
l1i_u5-9 llc-0b3 1 5 0 5 0
l1i_u5-9 llc-0b4 1 5 0 5 0
l1i_u5-9 llc-0b5 1 5 0 5 0
l1i_u5-9 llc-0b6 1 5 0 5 0
l1i_u5-9 llc-0b7 1 5 0 5 0
l1i_u5-9 llc-0b8 1 5 0 5 0
l1i_u5-9 llc-0b9 1 5 0 5 0
l1i_u5-9 llc-0b10 1 5 0 5 0
l1i_u5-9 llc-0b11 1 5 0 5 0
l1i_u5-9 llc-0b12 1 5 0 5 0
l1i_u5-9 llc-0b13 1 5 0 5 0
l1i_u5-9 llc-0b14 1 5 0 5 0
l1i_u5-9 llc-0b15 1 5 0 5 0
l1i_u5-9 llc-0b16 1 5 0 5 0
l1i_u5-9 llc-0b17 1 5 0 5 0
l1i_u5-9 llc-0b18 1 5 0 5 0
l1i_u5-9 llc-0b19 1 5 0 5 0
l1i_u5-9 llc-0b20 1 5 0 5 0
l1i_u5-9 llc-0b21 1 5 0 5 0
l1i_u5-9 llc-0b22 1 5 0 5 0
l1i_u5-9 llc-0b23 1 5 0 5 0
l1i_u5-9 llc-0b24 1 5 0 5 0
l1i_u5-9 llc-0b25 1 5 0 5 0
l1i_u5-9 llc-0b26 1 5 0 5 0
l1i_u5-9 llc-0b27 1 5 0 5 0
l1i_u5-9 llc-0b28 1 5 0 5 0
l1i_u5-9 llc-0b29 1 5 0 5 0
l1i_u5-9 llc-0b30 1 5 0 5 0
l1i_u5-9 llc-0b31 1 5 0 5 0
l1i_u5-10 llc-0b0 1 5 0 5 0
l1i_u5-10 llc-0b1 1 5 0 5 0
l1i_u5-10 llc-0b2 1 5 0 5 0
l1i_u5-10 llc-0b3 1 5 0 5 0
l1i_u5-10 llc-0b4 1 5 0 5 0
l1i_u5-10 llc-0b5 1 5 0 5 0
l1i_u5-10 llc-0b6 1 5 0 5 0
l1i_u5-10 llc-0b7 1 5 0 5 0
l1i_u5-10 llc-0b8 1 5 0 5 0
l1i_u5-10 llc-0b9 1 5 0 5 0
l1i_u5-10 llc-0b10 1 5 0 5 0
l1i_u5-10 llc-0b11 1 5 0 5 0
l1i_u5-10 llc-0b12 1 5 0 5 0
l1i_u5-10 llc-0b13 1 5 0 5 0
l1i_u5-10 llc-0b14 1 5 0 5 0
l1i_u5-10 llc-0b15 1 5 0 5 0
l1i_u5-10 llc-0b16 1 5 0 5 0
l1i_u5-10 llc-0b17 1 5 0 5 0
l1i_u5-10 llc-0b18 1 5 0 5 0
l1i_u5-10 llc-0b19 1 5 0 5 0
l1i_u5-10 llc-0b20 1 5 0 5 0
l1i_u5-10 llc-0b21 1 5 0 5 0
l1i_u5-10 llc-0b22 1 5 0 5 0
l1i_u5-10 llc-0b23 1 5 0 5 0
l1i_u5-10 llc-0b24 1 5 0 5 0
l1i_u5-10 llc-0b25 1 5 0 5 0
l1i_u5-10 llc-0b26 1 5 0 5 0
l1i_u5-10 llc-0b27 1 5 0 5 0
l1i_u5-10 llc-0b28 1 5 0 5 0
l1i_u5-10 llc-0b29 1 5 0 5 0
l1i_u5-10 llc-0b30 1 5 0 5 0
l1i_u5-10 llc-0b31 1 5 0 5 0
l1i_u5-11 llc-0b0 1 5 0 5 0
l1i_u5-11 llc-0b1 1 5 0 5 0
l1i_u5-11 llc-0b2 1 5 0 5 0
l1i_u5-11 llc-0b3 1 5 0 5 0
l1i_u5-11 llc-0b4 1 5 0 5 0
l1i_u5-11 llc-0b5 1 5 0 5 0
l1i_u5-11 llc-0b6 1 5 0 5 0
l1i_u5-11 llc-0b7 1 5 0 5 0
l1i_u5-11 llc-0b8 1 5 0 5 0
l1i_u5-11 llc-0b9 1 5 0 5 0
l1i_u5-11 llc-0b10 1 5 0 5 0
l1i_u5-11 llc-0b11 1 5 0 5 0
l1i_u5-11 llc-0b12 1 5 0 5 0
l1i_u5-11 llc-0b13 1 5 0 5 0
l1i_u5-11 llc-0b14 1 5 0 5 0
l1i_u5-11 llc-0b15 1 5 0 5 0
l1i_u5-11 llc-0b16 1 5 0 5 0
l1i_u5-11 llc-0b17 1 5 0 5 0
l1i_u5-11 llc-0b18 1 5 0 5 0
l1i_u5-11 llc-0b19 1 5 0 5 0
l1i_u5-11 llc-0b20 1 5 0 5 0
l1i_u5-11 llc-0b21 1 5 0 5 0
l1i_u5-11 llc-0b22 1 5 0 5 0
l1i_u5-11 llc-0b23 1 5 0 5 0
l1i_u5-11 llc-0b24 1 5 0 5 0
l1i_u5-11 llc-0b25 1 5 0 5 0
l1i_u5-11 llc-0b26 1 5 0 5 0
l1i_u5-11 llc-0b27 1 5 0 5 0
l1i_u5-11 llc-0b28 1 5 0 5 0
l1i_u5-11 llc-0b29 1 5 0 5 0
l1i_u5-11 llc-0b30 1 5 0 5 0
l1i_u5-11 llc-0b31 1 5 0 5 0
l1i_u5-12 llc-0b0 1 5 0 5 0
l1i_u5-12 llc-0b1 1 5 0 5 0
l1i_u5-12 llc-0b2 1 5 0 5 0
l1i_u5-12 llc-0b3 1 5 0 5 0
l1i_u5-12 llc-0b4 1 5 0 5 0
l1i_u5-12 llc-0b5 1 5 0 5 0
l1i_u5-12 llc-0b6 1 5 0 5 0
l1i_u5-12 llc-0b7 1 5 0 5 0
l1i_u5-12 llc-0b8 1 5 0 5 0
l1i_u5-12 llc-0b9 1 5 0 5 0
l1i_u5-12 llc-0b10 1 5 0 5 0
l1i_u5-12 llc-0b11 1 5 0 5 0
l1i_u5-12 llc-0b12 1 5 0 5 0
l1i_u5-12 llc-0b13 1 5 0 5 0
l1i_u5-12 llc-0b14 1 5 0 5 0
l1i_u5-12 llc-0b15 1 5 0 5 0
l1i_u5-12 llc-0b16 1 5 0 5 0
l1i_u5-12 llc-0b17 1 5 0 5 0
l1i_u5-12 llc-0b18 1 5 0 5 0
l1i_u5-12 llc-0b19 1 5 0 5 0
l1i_u5-12 llc-0b20 1 5 0 5 0
l1i_u5-12 llc-0b21 1 5 0 5 0
l1i_u5-12 llc-0b22 1 5 0 5 0
l1i_u5-12 llc-0b23 1 5 0 5 0
l1i_u5-12 llc-0b24 1 5 0 5 0
l1i_u5-12 llc-0b25 1 5 0 5 0
l1i_u5-12 llc-0b26 1 5 0 5 0
l1i_u5-12 llc-0b27 1 5 0 5 0
l1i_u5-12 llc-0b28 1 5 0 5 0
l1i_u5-12 llc-0b29 1 5 0 5 0
l1i_u5-12 llc-0b30 1 5 0 5 0
l1i_u5-12 llc-0b31 1 5 0 5 0
l1i_u5-13 llc-0b0 1 5 0 5 0
l1i_u5-13 llc-0b1 1 5 0 5 0
l1i_u5-13 llc-0b2 1 5 0 5 0
l1i_u5-13 llc-0b3 1 5 0 5 0
l1i_u5-13 llc-0b4 1 5 0 5 0
l1i_u5-13 llc-0b5 1 5 0 5 0
l1i_u5-13 llc-0b6 1 5 0 5 0
l1i_u5-13 llc-0b7 1 5 0 5 0
l1i_u5-13 llc-0b8 1 5 0 5 0
l1i_u5-13 llc-0b9 1 5 0 5 0
l1i_u5-13 llc-0b10 1 5 0 5 0
l1i_u5-13 llc-0b11 1 5 0 5 0
l1i_u5-13 llc-0b12 1 5 0 5 0
l1i_u5-13 llc-0b13 1 5 0 5 0
l1i_u5-13 llc-0b14 1 5 0 5 0
l1i_u5-13 llc-0b15 1 5 0 5 0
l1i_u5-13 llc-0b16 1 5 0 5 0
l1i_u5-13 llc-0b17 1 5 0 5 0
l1i_u5-13 llc-0b18 1 5 0 5 0
l1i_u5-13 llc-0b19 1 5 0 5 0
l1i_u5-13 llc-0b20 1 5 0 5 0
l1i_u5-13 llc-0b21 1 5 0 5 0
l1i_u5-13 llc-0b22 1 5 0 5 0
l1i_u5-13 llc-0b23 1 5 0 5 0
l1i_u5-13 llc-0b24 1 5 0 5 0
l1i_u5-13 llc-0b25 1 5 0 5 0
l1i_u5-13 llc-0b26 1 5 0 5 0
l1i_u5-13 llc-0b27 1 5 0 5 0
l1i_u5-13 llc-0b28 1 5 0 5 0
l1i_u5-13 llc-0b29 1 5 0 5 0
l1i_u5-13 llc-0b30 1 5 0 5 0
l1i_u5-13 llc-0b31 1 5 0 5 0
l1i_u5-14 llc-0b0 1 5 0 5 0
l1i_u5-14 llc-0b1 1 5 0 5 0
l1i_u5-14 llc-0b2 1 5 0 5 0
l1i_u5-14 llc-0b3 1 5 0 5 0
l1i_u5-14 llc-0b4 1 5 0 5 0
l1i_u5-14 llc-0b5 1 5 0 5 0
l1i_u5-14 llc-0b6 1 5 0 5 0
l1i_u5-14 llc-0b7 1 5 0 5 0
l1i_u5-14 llc-0b8 1 5 0 5 0
l1i_u5-14 llc-0b9 1 5 0 5 0
l1i_u5-14 llc-0b10 1 5 0 5 0
l1i_u5-14 llc-0b11 1 5 0 5 0
l1i_u5-14 llc-0b12 1 5 0 5 0
l1i_u5-14 llc-0b13 1 5 0 5 0
l1i_u5-14 llc-0b14 1 5 0 5 0
l1i_u5-14 llc-0b15 1 5 0 5 0
l1i_u5-14 llc-0b16 1 5 0 5 0
l1i_u5-14 llc-0b17 1 5 0 5 0
l1i_u5-14 llc-0b18 1 5 0 5 0
l1i_u5-14 llc-0b19 1 5 0 5 0
l1i_u5-14 llc-0b20 1 5 0 5 0
l1i_u5-14 llc-0b21 1 5 0 5 0
l1i_u5-14 llc-0b22 1 5 0 5 0
l1i_u5-14 llc-0b23 1 5 0 5 0
l1i_u5-14 llc-0b24 1 5 0 5 0
l1i_u5-14 llc-0b25 1 5 0 5 0
l1i_u5-14 llc-0b26 1 5 0 5 0
l1i_u5-14 llc-0b27 1 5 0 5 0
l1i_u5-14 llc-0b28 1 5 0 5 0
l1i_u5-14 llc-0b29 1 5 0 5 0
l1i_u5-14 llc-0b30 1 5 0 5 0
l1i_u5-14 llc-0b31 1 5 0 5 0
l1i_u5-15 llc-0b0 1 5 0 5 0
l1i_u5-15 llc-0b1 1 5 0 5 0
l1i_u5-15 llc-0b2 1 5 0 5 0
l1i_u5-15 llc-0b3 1 5 0 5 0
l1i_u5-15 llc-0b4 1 5 0 5 0
l1i_u5-15 llc-0b5 1 5 0 5 0
l1i_u5-15 llc-0b6 1 5 0 5 0
l1i_u5-15 llc-0b7 1 5 0 5 0
l1i_u5-15 llc-0b8 1 5 0 5 0
l1i_u5-15 llc-0b9 1 5 0 5 0
l1i_u5-15 llc-0b10 1 5 0 5 0
l1i_u5-15 llc-0b11 1 5 0 5 0
l1i_u5-15 llc-0b12 1 5 0 5 0
l1i_u5-15 llc-0b13 1 5 0 5 0
l1i_u5-15 llc-0b14 1 5 0 5 0
l1i_u5-15 llc-0b15 1 5 0 5 0
l1i_u5-15 llc-0b16 1 5 0 5 0
l1i_u5-15 llc-0b17 1 5 0 5 0
l1i_u5-15 llc-0b18 1 5 0 5 0
l1i_u5-15 llc-0b19 1 5 0 5 0
l1i_u5-15 llc-0b20 1 5 0 5 0
l1i_u5-15 llc-0b21 1 5 0 5 0
l1i_u5-15 llc-0b22 1 5 0 5 0
l1i_u5-15 llc-0b23 1 5 0 5 0
l1i_u5-15 llc-0b24 1 5 0 5 0
l1i_u5-15 llc-0b25 1 5 0 5 0
l1i_u5-15 llc-0b26 1 5 0 5 0
l1i_u5-15 llc-0b27 1 5 0 5 0
l1i_u5-15 llc-0b28 1 5 0 5 0
l1i_u5-15 llc-0b29 1 5 0 5 0
l1i_u5-15 llc-0b30 1 5 0 5 0
l1i_u5-15 llc-0b31 1 5 0 5 0
l1d_u5-0 llc-0b0 1 5 0 5 0
l1d_u5-0 llc-0b1 1 5 0 5 0
l1d_u5-0 llc-0b2 1 5 0 5 0
l1d_u5-0 llc-0b3 1 5 0 5 0
l1d_u5-0 llc-0b4 1 5 0 5 0
l1d_u5-0 llc-0b5 1 5 0 5 0
l1d_u5-0 llc-0b6 1 5 0 5 0
l1d_u5-0 llc-0b7 1 5 0 5 0
l1d_u5-0 llc-0b8 1 5 0 5 0
l1d_u5-0 llc-0b9 1 5 0 5 0
l1d_u5-0 llc-0b10 1 5 0 5 0
l1d_u5-0 llc-0b11 1 5 0 5 0
l1d_u5-0 llc-0b12 1 5 0 5 0
l1d_u5-0 llc-0b13 1 5 0 5 0
l1d_u5-0 llc-0b14 1 5 0 5 0
l1d_u5-0 llc-0b15 1 5 0 5 0
l1d_u5-0 llc-0b16 1 5 0 5 0
l1d_u5-0 llc-0b17 1 5 0 5 0
l1d_u5-0 llc-0b18 1 5 0 5 0
l1d_u5-0 llc-0b19 1 5 0 5 0
l1d_u5-0 llc-0b20 1 5 0 5 0
l1d_u5-0 llc-0b21 1 5 0 5 0
l1d_u5-0 llc-0b22 1 5 0 5 0
l1d_u5-0 llc-0b23 1 5 0 5 0
l1d_u5-0 llc-0b24 1 5 0 5 0
l1d_u5-0 llc-0b25 1 5 0 5 0
l1d_u5-0 llc-0b26 1 5 0 5 0
l1d_u5-0 llc-0b27 1 5 0 5 0
l1d_u5-0 llc-0b28 1 5 0 5 0
l1d_u5-0 llc-0b29 1 5 0 5 0
l1d_u5-0 llc-0b30 1 5 0 5 0
l1d_u5-0 llc-0b31 1 5 0 5 0
l1d_u5-1 llc-0b0 1 5 0 5 0
l1d_u5-1 llc-0b1 1 5 0 5 0
l1d_u5-1 llc-0b2 1 5 0 5 0
l1d_u5-1 llc-0b3 1 5 0 5 0
l1d_u5-1 llc-0b4 1 5 0 5 0
l1d_u5-1 llc-0b5 1 5 0 5 0
l1d_u5-1 llc-0b6 1 5 0 5 0
l1d_u5-1 llc-0b7 1 5 0 5 0
l1d_u5-1 llc-0b8 1 5 0 5 0
l1d_u5-1 llc-0b9 1 5 0 5 0
l1d_u5-1 llc-0b10 1 5 0 5 0
l1d_u5-1 llc-0b11 1 5 0 5 0
l1d_u5-1 llc-0b12 1 5 0 5 0
l1d_u5-1 llc-0b13 1 5 0 5 0
l1d_u5-1 llc-0b14 1 5 0 5 0
l1d_u5-1 llc-0b15 1 5 0 5 0
l1d_u5-1 llc-0b16 1 5 0 5 0
l1d_u5-1 llc-0b17 1 5 0 5 0
l1d_u5-1 llc-0b18 1 5 0 5 0
l1d_u5-1 llc-0b19 1 5 0 5 0
l1d_u5-1 llc-0b20 1 5 0 5 0
l1d_u5-1 llc-0b21 1 5 0 5 0
l1d_u5-1 llc-0b22 1 5 0 5 0
l1d_u5-1 llc-0b23 1 5 0 5 0
l1d_u5-1 llc-0b24 1 5 0 5 0
l1d_u5-1 llc-0b25 1 5 0 5 0
l1d_u5-1 llc-0b26 1 5 0 5 0
l1d_u5-1 llc-0b27 1 5 0 5 0
l1d_u5-1 llc-0b28 1 5 0 5 0
l1d_u5-1 llc-0b29 1 5 0 5 0
l1d_u5-1 llc-0b30 1 5 0 5 0
l1d_u5-1 llc-0b31 1 5 0 5 0
l1d_u5-2 llc-0b0 1 5 0 5 0
l1d_u5-2 llc-0b1 1 5 0 5 0
l1d_u5-2 llc-0b2 1 5 0 5 0
l1d_u5-2 llc-0b3 1 5 0 5 0
l1d_u5-2 llc-0b4 1 5 0 5 0
l1d_u5-2 llc-0b5 1 5 0 5 0
l1d_u5-2 llc-0b6 1 5 0 5 0
l1d_u5-2 llc-0b7 1 5 0 5 0
l1d_u5-2 llc-0b8 1 5 0 5 0
l1d_u5-2 llc-0b9 1 5 0 5 0
l1d_u5-2 llc-0b10 1 5 0 5 0
l1d_u5-2 llc-0b11 1 5 0 5 0
l1d_u5-2 llc-0b12 1 5 0 5 0
l1d_u5-2 llc-0b13 1 5 0 5 0
l1d_u5-2 llc-0b14 1 5 0 5 0
l1d_u5-2 llc-0b15 1 5 0 5 0
l1d_u5-2 llc-0b16 1 5 0 5 0
l1d_u5-2 llc-0b17 1 5 0 5 0
l1d_u5-2 llc-0b18 1 5 0 5 0
l1d_u5-2 llc-0b19 1 5 0 5 0
l1d_u5-2 llc-0b20 1 5 0 5 0
l1d_u5-2 llc-0b21 1 5 0 5 0
l1d_u5-2 llc-0b22 1 5 0 5 0
l1d_u5-2 llc-0b23 1 5 0 5 0
l1d_u5-2 llc-0b24 1 5 0 5 0
l1d_u5-2 llc-0b25 1 5 0 5 0
l1d_u5-2 llc-0b26 1 5 0 5 0
l1d_u5-2 llc-0b27 1 5 0 5 0
l1d_u5-2 llc-0b28 1 5 0 5 0
l1d_u5-2 llc-0b29 1 5 0 5 0
l1d_u5-2 llc-0b30 1 5 0 5 0
l1d_u5-2 llc-0b31 1 5 0 5 0
l1d_u5-3 llc-0b0 1 5 0 5 0
l1d_u5-3 llc-0b1 1 5 0 5 0
l1d_u5-3 llc-0b2 1 5 0 5 0
l1d_u5-3 llc-0b3 1 5 0 5 0
l1d_u5-3 llc-0b4 1 5 0 5 0
l1d_u5-3 llc-0b5 1 5 0 5 0
l1d_u5-3 llc-0b6 1 5 0 5 0
l1d_u5-3 llc-0b7 1 5 0 5 0
l1d_u5-3 llc-0b8 1 5 0 5 0
l1d_u5-3 llc-0b9 1 5 0 5 0
l1d_u5-3 llc-0b10 1 5 0 5 0
l1d_u5-3 llc-0b11 1 5 0 5 0
l1d_u5-3 llc-0b12 1 5 0 5 0
l1d_u5-3 llc-0b13 1 5 0 5 0
l1d_u5-3 llc-0b14 1 5 0 5 0
l1d_u5-3 llc-0b15 1 5 0 5 0
l1d_u5-3 llc-0b16 1 5 0 5 0
l1d_u5-3 llc-0b17 1 5 0 5 0
l1d_u5-3 llc-0b18 1 5 0 5 0
l1d_u5-3 llc-0b19 1 5 0 5 0
l1d_u5-3 llc-0b20 1 5 0 5 0
l1d_u5-3 llc-0b21 1 5 0 5 0
l1d_u5-3 llc-0b22 1 5 0 5 0
l1d_u5-3 llc-0b23 1 5 0 5 0
l1d_u5-3 llc-0b24 1 5 0 5 0
l1d_u5-3 llc-0b25 1 5 0 5 0
l1d_u5-3 llc-0b26 1 5 0 5 0
l1d_u5-3 llc-0b27 1 5 0 5 0
l1d_u5-3 llc-0b28 1 5 0 5 0
l1d_u5-3 llc-0b29 1 5 0 5 0
l1d_u5-3 llc-0b30 1 5 0 5 0
l1d_u5-3 llc-0b31 1 5 0 5 0
l1d_u5-4 llc-0b0 1 5 0 5 0
l1d_u5-4 llc-0b1 1 5 0 5 0
l1d_u5-4 llc-0b2 1 5 0 5 0
l1d_u5-4 llc-0b3 1 5 0 5 0
l1d_u5-4 llc-0b4 1 5 0 5 0
l1d_u5-4 llc-0b5 1 5 0 5 0
l1d_u5-4 llc-0b6 1 5 0 5 0
l1d_u5-4 llc-0b7 1 5 0 5 0
l1d_u5-4 llc-0b8 1 5 0 5 0
l1d_u5-4 llc-0b9 1 5 0 5 0
l1d_u5-4 llc-0b10 1 5 0 5 0
l1d_u5-4 llc-0b11 1 5 0 5 0
l1d_u5-4 llc-0b12 1 5 0 5 0
l1d_u5-4 llc-0b13 1 5 0 5 0
l1d_u5-4 llc-0b14 1 5 0 5 0
l1d_u5-4 llc-0b15 1 5 0 5 0
l1d_u5-4 llc-0b16 1 5 0 5 0
l1d_u5-4 llc-0b17 1 5 0 5 0
l1d_u5-4 llc-0b18 1 5 0 5 0
l1d_u5-4 llc-0b19 1 5 0 5 0
l1d_u5-4 llc-0b20 1 5 0 5 0
l1d_u5-4 llc-0b21 1 5 0 5 0
l1d_u5-4 llc-0b22 1 5 0 5 0
l1d_u5-4 llc-0b23 1 5 0 5 0
l1d_u5-4 llc-0b24 1 5 0 5 0
l1d_u5-4 llc-0b25 1 5 0 5 0
l1d_u5-4 llc-0b26 1 5 0 5 0
l1d_u5-4 llc-0b27 1 5 0 5 0
l1d_u5-4 llc-0b28 1 5 0 5 0
l1d_u5-4 llc-0b29 1 5 0 5 0
l1d_u5-4 llc-0b30 1 5 0 5 0
l1d_u5-4 llc-0b31 1 5 0 5 0
l1d_u5-5 llc-0b0 1 5 0 5 0
l1d_u5-5 llc-0b1 1 5 0 5 0
l1d_u5-5 llc-0b2 1 5 0 5 0
l1d_u5-5 llc-0b3 1 5 0 5 0
l1d_u5-5 llc-0b4 1 5 0 5 0
l1d_u5-5 llc-0b5 1 5 0 5 0
l1d_u5-5 llc-0b6 1 5 0 5 0
l1d_u5-5 llc-0b7 1 5 0 5 0
l1d_u5-5 llc-0b8 1 5 0 5 0
l1d_u5-5 llc-0b9 1 5 0 5 0
l1d_u5-5 llc-0b10 1 5 0 5 0
l1d_u5-5 llc-0b11 1 5 0 5 0
l1d_u5-5 llc-0b12 1 5 0 5 0
l1d_u5-5 llc-0b13 1 5 0 5 0
l1d_u5-5 llc-0b14 1 5 0 5 0
l1d_u5-5 llc-0b15 1 5 0 5 0
l1d_u5-5 llc-0b16 1 5 0 5 0
l1d_u5-5 llc-0b17 1 5 0 5 0
l1d_u5-5 llc-0b18 1 5 0 5 0
l1d_u5-5 llc-0b19 1 5 0 5 0
l1d_u5-5 llc-0b20 1 5 0 5 0
l1d_u5-5 llc-0b21 1 5 0 5 0
l1d_u5-5 llc-0b22 1 5 0 5 0
l1d_u5-5 llc-0b23 1 5 0 5 0
l1d_u5-5 llc-0b24 1 5 0 5 0
l1d_u5-5 llc-0b25 1 5 0 5 0
l1d_u5-5 llc-0b26 1 5 0 5 0
l1d_u5-5 llc-0b27 1 5 0 5 0
l1d_u5-5 llc-0b28 1 5 0 5 0
l1d_u5-5 llc-0b29 1 5 0 5 0
l1d_u5-5 llc-0b30 1 5 0 5 0
l1d_u5-5 llc-0b31 1 5 0 5 0
l1d_u5-6 llc-0b0 1 5 0 5 0
l1d_u5-6 llc-0b1 1 5 0 5 0
l1d_u5-6 llc-0b2 1 5 0 5 0
l1d_u5-6 llc-0b3 1 5 0 5 0
l1d_u5-6 llc-0b4 1 5 0 5 0
l1d_u5-6 llc-0b5 1 5 0 5 0
l1d_u5-6 llc-0b6 1 5 0 5 0
l1d_u5-6 llc-0b7 1 5 0 5 0
l1d_u5-6 llc-0b8 1 5 0 5 0
l1d_u5-6 llc-0b9 1 5 0 5 0
l1d_u5-6 llc-0b10 1 5 0 5 0
l1d_u5-6 llc-0b11 1 5 0 5 0
l1d_u5-6 llc-0b12 1 5 0 5 0
l1d_u5-6 llc-0b13 1 5 0 5 0
l1d_u5-6 llc-0b14 1 5 0 5 0
l1d_u5-6 llc-0b15 1 5 0 5 0
l1d_u5-6 llc-0b16 1 5 0 5 0
l1d_u5-6 llc-0b17 1 5 0 5 0
l1d_u5-6 llc-0b18 1 5 0 5 0
l1d_u5-6 llc-0b19 1 5 0 5 0
l1d_u5-6 llc-0b20 1 5 0 5 0
l1d_u5-6 llc-0b21 1 5 0 5 0
l1d_u5-6 llc-0b22 1 5 0 5 0
l1d_u5-6 llc-0b23 1 5 0 5 0
l1d_u5-6 llc-0b24 1 5 0 5 0
l1d_u5-6 llc-0b25 1 5 0 5 0
l1d_u5-6 llc-0b26 1 5 0 5 0
l1d_u5-6 llc-0b27 1 5 0 5 0
l1d_u5-6 llc-0b28 1 5 0 5 0
l1d_u5-6 llc-0b29 1 5 0 5 0
l1d_u5-6 llc-0b30 1 5 0 5 0
l1d_u5-6 llc-0b31 1 5 0 5 0
l1d_u5-7 llc-0b0 1 5 0 5 0
l1d_u5-7 llc-0b1 1 5 0 5 0
l1d_u5-7 llc-0b2 1 5 0 5 0
l1d_u5-7 llc-0b3 1 5 0 5 0
l1d_u5-7 llc-0b4 1 5 0 5 0
l1d_u5-7 llc-0b5 1 5 0 5 0
l1d_u5-7 llc-0b6 1 5 0 5 0
l1d_u5-7 llc-0b7 1 5 0 5 0
l1d_u5-7 llc-0b8 1 5 0 5 0
l1d_u5-7 llc-0b9 1 5 0 5 0
l1d_u5-7 llc-0b10 1 5 0 5 0
l1d_u5-7 llc-0b11 1 5 0 5 0
l1d_u5-7 llc-0b12 1 5 0 5 0
l1d_u5-7 llc-0b13 1 5 0 5 0
l1d_u5-7 llc-0b14 1 5 0 5 0
l1d_u5-7 llc-0b15 1 5 0 5 0
l1d_u5-7 llc-0b16 1 5 0 5 0
l1d_u5-7 llc-0b17 1 5 0 5 0
l1d_u5-7 llc-0b18 1 5 0 5 0
l1d_u5-7 llc-0b19 1 5 0 5 0
l1d_u5-7 llc-0b20 1 5 0 5 0
l1d_u5-7 llc-0b21 1 5 0 5 0
l1d_u5-7 llc-0b22 1 5 0 5 0
l1d_u5-7 llc-0b23 1 5 0 5 0
l1d_u5-7 llc-0b24 1 5 0 5 0
l1d_u5-7 llc-0b25 1 5 0 5 0
l1d_u5-7 llc-0b26 1 5 0 5 0
l1d_u5-7 llc-0b27 1 5 0 5 0
l1d_u5-7 llc-0b28 1 5 0 5 0
l1d_u5-7 llc-0b29 1 5 0 5 0
l1d_u5-7 llc-0b30 1 5 0 5 0
l1d_u5-7 llc-0b31 1 5 0 5 0
l1d_u5-8 llc-0b0 1 5 0 5 0
l1d_u5-8 llc-0b1 1 5 0 5 0
l1d_u5-8 llc-0b2 1 5 0 5 0
l1d_u5-8 llc-0b3 1 5 0 5 0
l1d_u5-8 llc-0b4 1 5 0 5 0
l1d_u5-8 llc-0b5 1 5 0 5 0
l1d_u5-8 llc-0b6 1 5 0 5 0
l1d_u5-8 llc-0b7 1 5 0 5 0
l1d_u5-8 llc-0b8 1 5 0 5 0
l1d_u5-8 llc-0b9 1 5 0 5 0
l1d_u5-8 llc-0b10 1 5 0 5 0
l1d_u5-8 llc-0b11 1 5 0 5 0
l1d_u5-8 llc-0b12 1 5 0 5 0
l1d_u5-8 llc-0b13 1 5 0 5 0
l1d_u5-8 llc-0b14 1 5 0 5 0
l1d_u5-8 llc-0b15 1 5 0 5 0
l1d_u5-8 llc-0b16 1 5 0 5 0
l1d_u5-8 llc-0b17 1 5 0 5 0
l1d_u5-8 llc-0b18 1 5 0 5 0
l1d_u5-8 llc-0b19 1 5 0 5 0
l1d_u5-8 llc-0b20 1 5 0 5 0
l1d_u5-8 llc-0b21 1 5 0 5 0
l1d_u5-8 llc-0b22 1 5 0 5 0
l1d_u5-8 llc-0b23 1 5 0 5 0
l1d_u5-8 llc-0b24 1 5 0 5 0
l1d_u5-8 llc-0b25 1 5 0 5 0
l1d_u5-8 llc-0b26 1 5 0 5 0
l1d_u5-8 llc-0b27 1 5 0 5 0
l1d_u5-8 llc-0b28 1 5 0 5 0
l1d_u5-8 llc-0b29 1 5 0 5 0
l1d_u5-8 llc-0b30 1 5 0 5 0
l1d_u5-8 llc-0b31 1 5 0 5 0
l1d_u5-9 llc-0b0 1 5 0 5 0
l1d_u5-9 llc-0b1 1 5 0 5 0
l1d_u5-9 llc-0b2 1 5 0 5 0
l1d_u5-9 llc-0b3 1 5 0 5 0
l1d_u5-9 llc-0b4 1 5 0 5 0
l1d_u5-9 llc-0b5 1 5 0 5 0
l1d_u5-9 llc-0b6 1 5 0 5 0
l1d_u5-9 llc-0b7 1 5 0 5 0
l1d_u5-9 llc-0b8 1 5 0 5 0
l1d_u5-9 llc-0b9 1 5 0 5 0
l1d_u5-9 llc-0b10 1 5 0 5 0
l1d_u5-9 llc-0b11 1 5 0 5 0
l1d_u5-9 llc-0b12 1 5 0 5 0
l1d_u5-9 llc-0b13 1 5 0 5 0
l1d_u5-9 llc-0b14 1 5 0 5 0
l1d_u5-9 llc-0b15 1 5 0 5 0
l1d_u5-9 llc-0b16 1 5 0 5 0
l1d_u5-9 llc-0b17 1 5 0 5 0
l1d_u5-9 llc-0b18 1 5 0 5 0
l1d_u5-9 llc-0b19 1 5 0 5 0
l1d_u5-9 llc-0b20 1 5 0 5 0
l1d_u5-9 llc-0b21 1 5 0 5 0
l1d_u5-9 llc-0b22 1 5 0 5 0
l1d_u5-9 llc-0b23 1 5 0 5 0
l1d_u5-9 llc-0b24 1 5 0 5 0
l1d_u5-9 llc-0b25 1 5 0 5 0
l1d_u5-9 llc-0b26 1 5 0 5 0
l1d_u5-9 llc-0b27 1 5 0 5 0
l1d_u5-9 llc-0b28 1 5 0 5 0
l1d_u5-9 llc-0b29 1 5 0 5 0
l1d_u5-9 llc-0b30 1 5 0 5 0
l1d_u5-9 llc-0b31 1 5 0 5 0
l1d_u5-10 llc-0b0 1 5 0 5 0
l1d_u5-10 llc-0b1 1 5 0 5 0
l1d_u5-10 llc-0b2 1 5 0 5 0
l1d_u5-10 llc-0b3 1 5 0 5 0
l1d_u5-10 llc-0b4 1 5 0 5 0
l1d_u5-10 llc-0b5 1 5 0 5 0
l1d_u5-10 llc-0b6 1 5 0 5 0
l1d_u5-10 llc-0b7 1 5 0 5 0
l1d_u5-10 llc-0b8 1 5 0 5 0
l1d_u5-10 llc-0b9 1 5 0 5 0
l1d_u5-10 llc-0b10 1 5 0 5 0
l1d_u5-10 llc-0b11 1 5 0 5 0
l1d_u5-10 llc-0b12 1 5 0 5 0
l1d_u5-10 llc-0b13 1 5 0 5 0
l1d_u5-10 llc-0b14 1 5 0 5 0
l1d_u5-10 llc-0b15 1 5 0 5 0
l1d_u5-10 llc-0b16 1 5 0 5 0
l1d_u5-10 llc-0b17 1 5 0 5 0
l1d_u5-10 llc-0b18 1 5 0 5 0
l1d_u5-10 llc-0b19 1 5 0 5 0
l1d_u5-10 llc-0b20 1 5 0 5 0
l1d_u5-10 llc-0b21 1 5 0 5 0
l1d_u5-10 llc-0b22 1 5 0 5 0
l1d_u5-10 llc-0b23 1 5 0 5 0
l1d_u5-10 llc-0b24 1 5 0 5 0
l1d_u5-10 llc-0b25 1 5 0 5 0
l1d_u5-10 llc-0b26 1 5 0 5 0
l1d_u5-10 llc-0b27 1 5 0 5 0
l1d_u5-10 llc-0b28 1 5 0 5 0
l1d_u5-10 llc-0b29 1 5 0 5 0
l1d_u5-10 llc-0b30 1 5 0 5 0
l1d_u5-10 llc-0b31 1 5 0 5 0
l1d_u5-11 llc-0b0 1 5 0 5 0
l1d_u5-11 llc-0b1 1 5 0 5 0
l1d_u5-11 llc-0b2 1 5 0 5 0
l1d_u5-11 llc-0b3 1 5 0 5 0
l1d_u5-11 llc-0b4 1 5 0 5 0
l1d_u5-11 llc-0b5 1 5 0 5 0
l1d_u5-11 llc-0b6 1 5 0 5 0
l1d_u5-11 llc-0b7 1 5 0 5 0
l1d_u5-11 llc-0b8 1 5 0 5 0
l1d_u5-11 llc-0b9 1 5 0 5 0
l1d_u5-11 llc-0b10 1 5 0 5 0
l1d_u5-11 llc-0b11 1 5 0 5 0
l1d_u5-11 llc-0b12 1 5 0 5 0
l1d_u5-11 llc-0b13 1 5 0 5 0
l1d_u5-11 llc-0b14 1 5 0 5 0
l1d_u5-11 llc-0b15 1 5 0 5 0
l1d_u5-11 llc-0b16 1 5 0 5 0
l1d_u5-11 llc-0b17 1 5 0 5 0
l1d_u5-11 llc-0b18 1 5 0 5 0
l1d_u5-11 llc-0b19 1 5 0 5 0
l1d_u5-11 llc-0b20 1 5 0 5 0
l1d_u5-11 llc-0b21 1 5 0 5 0
l1d_u5-11 llc-0b22 1 5 0 5 0
l1d_u5-11 llc-0b23 1 5 0 5 0
l1d_u5-11 llc-0b24 1 5 0 5 0
l1d_u5-11 llc-0b25 1 5 0 5 0
l1d_u5-11 llc-0b26 1 5 0 5 0
l1d_u5-11 llc-0b27 1 5 0 5 0
l1d_u5-11 llc-0b28 1 5 0 5 0
l1d_u5-11 llc-0b29 1 5 0 5 0
l1d_u5-11 llc-0b30 1 5 0 5 0
l1d_u5-11 llc-0b31 1 5 0 5 0
l1d_u5-12 llc-0b0 1 5 0 5 0
l1d_u5-12 llc-0b1 1 5 0 5 0
l1d_u5-12 llc-0b2 1 5 0 5 0
l1d_u5-12 llc-0b3 1 5 0 5 0
l1d_u5-12 llc-0b4 1 5 0 5 0
l1d_u5-12 llc-0b5 1 5 0 5 0
l1d_u5-12 llc-0b6 1 5 0 5 0
l1d_u5-12 llc-0b7 1 5 0 5 0
l1d_u5-12 llc-0b8 1 5 0 5 0
l1d_u5-12 llc-0b9 1 5 0 5 0
l1d_u5-12 llc-0b10 1 5 0 5 0
l1d_u5-12 llc-0b11 1 5 0 5 0
l1d_u5-12 llc-0b12 1 5 0 5 0
l1d_u5-12 llc-0b13 1 5 0 5 0
l1d_u5-12 llc-0b14 1 5 0 5 0
l1d_u5-12 llc-0b15 1 5 0 5 0
l1d_u5-12 llc-0b16 1 5 0 5 0
l1d_u5-12 llc-0b17 1 5 0 5 0
l1d_u5-12 llc-0b18 1 5 0 5 0
l1d_u5-12 llc-0b19 1 5 0 5 0
l1d_u5-12 llc-0b20 1 5 0 5 0
l1d_u5-12 llc-0b21 1 5 0 5 0
l1d_u5-12 llc-0b22 1 5 0 5 0
l1d_u5-12 llc-0b23 1 5 0 5 0
l1d_u5-12 llc-0b24 1 5 0 5 0
l1d_u5-12 llc-0b25 1 5 0 5 0
l1d_u5-12 llc-0b26 1 5 0 5 0
l1d_u5-12 llc-0b27 1 5 0 5 0
l1d_u5-12 llc-0b28 1 5 0 5 0
l1d_u5-12 llc-0b29 1 5 0 5 0
l1d_u5-12 llc-0b30 1 5 0 5 0
l1d_u5-12 llc-0b31 1 5 0 5 0
l1d_u5-13 llc-0b0 1 5 0 5 0
l1d_u5-13 llc-0b1 1 5 0 5 0
l1d_u5-13 llc-0b2 1 5 0 5 0
l1d_u5-13 llc-0b3 1 5 0 5 0
l1d_u5-13 llc-0b4 1 5 0 5 0
l1d_u5-13 llc-0b5 1 5 0 5 0
l1d_u5-13 llc-0b6 1 5 0 5 0
l1d_u5-13 llc-0b7 1 5 0 5 0
l1d_u5-13 llc-0b8 1 5 0 5 0
l1d_u5-13 llc-0b9 1 5 0 5 0
l1d_u5-13 llc-0b10 1 5 0 5 0
l1d_u5-13 llc-0b11 1 5 0 5 0
l1d_u5-13 llc-0b12 1 5 0 5 0
l1d_u5-13 llc-0b13 1 5 0 5 0
l1d_u5-13 llc-0b14 1 5 0 5 0
l1d_u5-13 llc-0b15 1 5 0 5 0
l1d_u5-13 llc-0b16 1 5 0 5 0
l1d_u5-13 llc-0b17 1 5 0 5 0
l1d_u5-13 llc-0b18 1 5 0 5 0
l1d_u5-13 llc-0b19 1 5 0 5 0
l1d_u5-13 llc-0b20 1 5 0 5 0
l1d_u5-13 llc-0b21 1 5 0 5 0
l1d_u5-13 llc-0b22 1 5 0 5 0
l1d_u5-13 llc-0b23 1 5 0 5 0
l1d_u5-13 llc-0b24 1 5 0 5 0
l1d_u5-13 llc-0b25 1 5 0 5 0
l1d_u5-13 llc-0b26 1 5 0 5 0
l1d_u5-13 llc-0b27 1 5 0 5 0
l1d_u5-13 llc-0b28 1 5 0 5 0
l1d_u5-13 llc-0b29 1 5 0 5 0
l1d_u5-13 llc-0b30 1 5 0 5 0
l1d_u5-13 llc-0b31 1 5 0 5 0
l1d_u5-14 llc-0b0 1 5 0 5 0
l1d_u5-14 llc-0b1 1 5 0 5 0
l1d_u5-14 llc-0b2 1 5 0 5 0
l1d_u5-14 llc-0b3 1 5 0 5 0
l1d_u5-14 llc-0b4 1 5 0 5 0
l1d_u5-14 llc-0b5 1 5 0 5 0
l1d_u5-14 llc-0b6 1 5 0 5 0
l1d_u5-14 llc-0b7 1 5 0 5 0
l1d_u5-14 llc-0b8 1 5 0 5 0
l1d_u5-14 llc-0b9 1 5 0 5 0
l1d_u5-14 llc-0b10 1 5 0 5 0
l1d_u5-14 llc-0b11 1 5 0 5 0
l1d_u5-14 llc-0b12 1 5 0 5 0
l1d_u5-14 llc-0b13 1 5 0 5 0
l1d_u5-14 llc-0b14 1 5 0 5 0
l1d_u5-14 llc-0b15 1 5 0 5 0
l1d_u5-14 llc-0b16 1 5 0 5 0
l1d_u5-14 llc-0b17 1 5 0 5 0
l1d_u5-14 llc-0b18 1 5 0 5 0
l1d_u5-14 llc-0b19 1 5 0 5 0
l1d_u5-14 llc-0b20 1 5 0 5 0
l1d_u5-14 llc-0b21 1 5 0 5 0
l1d_u5-14 llc-0b22 1 5 0 5 0
l1d_u5-14 llc-0b23 1 5 0 5 0
l1d_u5-14 llc-0b24 1 5 0 5 0
l1d_u5-14 llc-0b25 1 5 0 5 0
l1d_u5-14 llc-0b26 1 5 0 5 0
l1d_u5-14 llc-0b27 1 5 0 5 0
l1d_u5-14 llc-0b28 1 5 0 5 0
l1d_u5-14 llc-0b29 1 5 0 5 0
l1d_u5-14 llc-0b30 1 5 0 5 0
l1d_u5-14 llc-0b31 1 5 0 5 0
l1d_u5-15 llc-0b0 1 5 0 5 0
l1d_u5-15 llc-0b1 1 5 0 5 0
l1d_u5-15 llc-0b2 1 5 0 5 0
l1d_u5-15 llc-0b3 1 5 0 5 0
l1d_u5-15 llc-0b4 1 5 0 5 0
l1d_u5-15 llc-0b5 1 5 0 5 0
l1d_u5-15 llc-0b6 1 5 0 5 0
l1d_u5-15 llc-0b7 1 5 0 5 0
l1d_u5-15 llc-0b8 1 5 0 5 0
l1d_u5-15 llc-0b9 1 5 0 5 0
l1d_u5-15 llc-0b10 1 5 0 5 0
l1d_u5-15 llc-0b11 1 5 0 5 0
l1d_u5-15 llc-0b12 1 5 0 5 0
l1d_u5-15 llc-0b13 1 5 0 5 0
l1d_u5-15 llc-0b14 1 5 0 5 0
l1d_u5-15 llc-0b15 1 5 0 5 0
l1d_u5-15 llc-0b16 1 5 0 5 0
l1d_u5-15 llc-0b17 1 5 0 5 0
l1d_u5-15 llc-0b18 1 5 0 5 0
l1d_u5-15 llc-0b19 1 5 0 5 0
l1d_u5-15 llc-0b20 1 5 0 5 0
l1d_u5-15 llc-0b21 1 5 0 5 0
l1d_u5-15 llc-0b22 1 5 0 5 0
l1d_u5-15 llc-0b23 1 5 0 5 0
l1d_u5-15 llc-0b24 1 5 0 5 0
l1d_u5-15 llc-0b25 1 5 0 5 0
l1d_u5-15 llc-0b26 1 5 0 5 0
l1d_u5-15 llc-0b27 1 5 0 5 0
l1d_u5-15 llc-0b28 1 5 0 5 0
l1d_u5-15 llc-0b29 1 5 0 5 0
l1d_u5-15 llc-0b30 1 5 0 5 0
l1d_u5-15 llc-0b31 1 5 0 5 0
l1i_u6-0 llc-0b0 1 6 0 6 0
l1i_u6-0 llc-0b1 1 6 0 6 0
l1i_u6-0 llc-0b2 1 6 0 6 0
l1i_u6-0 llc-0b3 1 6 0 6 0
l1i_u6-0 llc-0b4 1 6 0 6 0
l1i_u6-0 llc-0b5 1 6 0 6 0
l1i_u6-0 llc-0b6 1 6 0 6 0
l1i_u6-0 llc-0b7 1 6 0 6 0
l1i_u6-0 llc-0b8 1 6 0 6 0
l1i_u6-0 llc-0b9 1 6 0 6 0
l1i_u6-0 llc-0b10 1 6 0 6 0
l1i_u6-0 llc-0b11 1 6 0 6 0
l1i_u6-0 llc-0b12 1 6 0 6 0
l1i_u6-0 llc-0b13 1 6 0 6 0
l1i_u6-0 llc-0b14 1 6 0 6 0
l1i_u6-0 llc-0b15 1 6 0 6 0
l1i_u6-0 llc-0b16 1 6 0 6 0
l1i_u6-0 llc-0b17 1 6 0 6 0
l1i_u6-0 llc-0b18 1 6 0 6 0
l1i_u6-0 llc-0b19 1 6 0 6 0
l1i_u6-0 llc-0b20 1 6 0 6 0
l1i_u6-0 llc-0b21 1 6 0 6 0
l1i_u6-0 llc-0b22 1 6 0 6 0
l1i_u6-0 llc-0b23 1 6 0 6 0
l1i_u6-0 llc-0b24 1 6 0 6 0
l1i_u6-0 llc-0b25 1 6 0 6 0
l1i_u6-0 llc-0b26 1 6 0 6 0
l1i_u6-0 llc-0b27 1 6 0 6 0
l1i_u6-0 llc-0b28 1 6 0 6 0
l1i_u6-0 llc-0b29 1 6 0 6 0
l1i_u6-0 llc-0b30 1 6 0 6 0
l1i_u6-0 llc-0b31 1 6 0 6 0
l1i_u6-1 llc-0b0 1 6 0 6 0
l1i_u6-1 llc-0b1 1 6 0 6 0
l1i_u6-1 llc-0b2 1 6 0 6 0
l1i_u6-1 llc-0b3 1 6 0 6 0
l1i_u6-1 llc-0b4 1 6 0 6 0
l1i_u6-1 llc-0b5 1 6 0 6 0
l1i_u6-1 llc-0b6 1 6 0 6 0
l1i_u6-1 llc-0b7 1 6 0 6 0
l1i_u6-1 llc-0b8 1 6 0 6 0
l1i_u6-1 llc-0b9 1 6 0 6 0
l1i_u6-1 llc-0b10 1 6 0 6 0
l1i_u6-1 llc-0b11 1 6 0 6 0
l1i_u6-1 llc-0b12 1 6 0 6 0
l1i_u6-1 llc-0b13 1 6 0 6 0
l1i_u6-1 llc-0b14 1 6 0 6 0
l1i_u6-1 llc-0b15 1 6 0 6 0
l1i_u6-1 llc-0b16 1 6 0 6 0
l1i_u6-1 llc-0b17 1 6 0 6 0
l1i_u6-1 llc-0b18 1 6 0 6 0
l1i_u6-1 llc-0b19 1 6 0 6 0
l1i_u6-1 llc-0b20 1 6 0 6 0
l1i_u6-1 llc-0b21 1 6 0 6 0
l1i_u6-1 llc-0b22 1 6 0 6 0
l1i_u6-1 llc-0b23 1 6 0 6 0
l1i_u6-1 llc-0b24 1 6 0 6 0
l1i_u6-1 llc-0b25 1 6 0 6 0
l1i_u6-1 llc-0b26 1 6 0 6 0
l1i_u6-1 llc-0b27 1 6 0 6 0
l1i_u6-1 llc-0b28 1 6 0 6 0
l1i_u6-1 llc-0b29 1 6 0 6 0
l1i_u6-1 llc-0b30 1 6 0 6 0
l1i_u6-1 llc-0b31 1 6 0 6 0
l1i_u6-2 llc-0b0 1 6 0 6 0
l1i_u6-2 llc-0b1 1 6 0 6 0
l1i_u6-2 llc-0b2 1 6 0 6 0
l1i_u6-2 llc-0b3 1 6 0 6 0
l1i_u6-2 llc-0b4 1 6 0 6 0
l1i_u6-2 llc-0b5 1 6 0 6 0
l1i_u6-2 llc-0b6 1 6 0 6 0
l1i_u6-2 llc-0b7 1 6 0 6 0
l1i_u6-2 llc-0b8 1 6 0 6 0
l1i_u6-2 llc-0b9 1 6 0 6 0
l1i_u6-2 llc-0b10 1 6 0 6 0
l1i_u6-2 llc-0b11 1 6 0 6 0
l1i_u6-2 llc-0b12 1 6 0 6 0
l1i_u6-2 llc-0b13 1 6 0 6 0
l1i_u6-2 llc-0b14 1 6 0 6 0
l1i_u6-2 llc-0b15 1 6 0 6 0
l1i_u6-2 llc-0b16 1 6 0 6 0
l1i_u6-2 llc-0b17 1 6 0 6 0
l1i_u6-2 llc-0b18 1 6 0 6 0
l1i_u6-2 llc-0b19 1 6 0 6 0
l1i_u6-2 llc-0b20 1 6 0 6 0
l1i_u6-2 llc-0b21 1 6 0 6 0
l1i_u6-2 llc-0b22 1 6 0 6 0
l1i_u6-2 llc-0b23 1 6 0 6 0
l1i_u6-2 llc-0b24 1 6 0 6 0
l1i_u6-2 llc-0b25 1 6 0 6 0
l1i_u6-2 llc-0b26 1 6 0 6 0
l1i_u6-2 llc-0b27 1 6 0 6 0
l1i_u6-2 llc-0b28 1 6 0 6 0
l1i_u6-2 llc-0b29 1 6 0 6 0
l1i_u6-2 llc-0b30 1 6 0 6 0
l1i_u6-2 llc-0b31 1 6 0 6 0
l1i_u6-3 llc-0b0 1 6 0 6 0
l1i_u6-3 llc-0b1 1 6 0 6 0
l1i_u6-3 llc-0b2 1 6 0 6 0
l1i_u6-3 llc-0b3 1 6 0 6 0
l1i_u6-3 llc-0b4 1 6 0 6 0
l1i_u6-3 llc-0b5 1 6 0 6 0
l1i_u6-3 llc-0b6 1 6 0 6 0
l1i_u6-3 llc-0b7 1 6 0 6 0
l1i_u6-3 llc-0b8 1 6 0 6 0
l1i_u6-3 llc-0b9 1 6 0 6 0
l1i_u6-3 llc-0b10 1 6 0 6 0
l1i_u6-3 llc-0b11 1 6 0 6 0
l1i_u6-3 llc-0b12 1 6 0 6 0
l1i_u6-3 llc-0b13 1 6 0 6 0
l1i_u6-3 llc-0b14 1 6 0 6 0
l1i_u6-3 llc-0b15 1 6 0 6 0
l1i_u6-3 llc-0b16 1 6 0 6 0
l1i_u6-3 llc-0b17 1 6 0 6 0
l1i_u6-3 llc-0b18 1 6 0 6 0
l1i_u6-3 llc-0b19 1 6 0 6 0
l1i_u6-3 llc-0b20 1 6 0 6 0
l1i_u6-3 llc-0b21 1 6 0 6 0
l1i_u6-3 llc-0b22 1 6 0 6 0
l1i_u6-3 llc-0b23 1 6 0 6 0
l1i_u6-3 llc-0b24 1 6 0 6 0
l1i_u6-3 llc-0b25 1 6 0 6 0
l1i_u6-3 llc-0b26 1 6 0 6 0
l1i_u6-3 llc-0b27 1 6 0 6 0
l1i_u6-3 llc-0b28 1 6 0 6 0
l1i_u6-3 llc-0b29 1 6 0 6 0
l1i_u6-3 llc-0b30 1 6 0 6 0
l1i_u6-3 llc-0b31 1 6 0 6 0
l1i_u6-4 llc-0b0 1 6 0 6 0
l1i_u6-4 llc-0b1 1 6 0 6 0
l1i_u6-4 llc-0b2 1 6 0 6 0
l1i_u6-4 llc-0b3 1 6 0 6 0
l1i_u6-4 llc-0b4 1 6 0 6 0
l1i_u6-4 llc-0b5 1 6 0 6 0
l1i_u6-4 llc-0b6 1 6 0 6 0
l1i_u6-4 llc-0b7 1 6 0 6 0
l1i_u6-4 llc-0b8 1 6 0 6 0
l1i_u6-4 llc-0b9 1 6 0 6 0
l1i_u6-4 llc-0b10 1 6 0 6 0
l1i_u6-4 llc-0b11 1 6 0 6 0
l1i_u6-4 llc-0b12 1 6 0 6 0
l1i_u6-4 llc-0b13 1 6 0 6 0
l1i_u6-4 llc-0b14 1 6 0 6 0
l1i_u6-4 llc-0b15 1 6 0 6 0
l1i_u6-4 llc-0b16 1 6 0 6 0
l1i_u6-4 llc-0b17 1 6 0 6 0
l1i_u6-4 llc-0b18 1 6 0 6 0
l1i_u6-4 llc-0b19 1 6 0 6 0
l1i_u6-4 llc-0b20 1 6 0 6 0
l1i_u6-4 llc-0b21 1 6 0 6 0
l1i_u6-4 llc-0b22 1 6 0 6 0
l1i_u6-4 llc-0b23 1 6 0 6 0
l1i_u6-4 llc-0b24 1 6 0 6 0
l1i_u6-4 llc-0b25 1 6 0 6 0
l1i_u6-4 llc-0b26 1 6 0 6 0
l1i_u6-4 llc-0b27 1 6 0 6 0
l1i_u6-4 llc-0b28 1 6 0 6 0
l1i_u6-4 llc-0b29 1 6 0 6 0
l1i_u6-4 llc-0b30 1 6 0 6 0
l1i_u6-4 llc-0b31 1 6 0 6 0
l1i_u6-5 llc-0b0 1 6 0 6 0
l1i_u6-5 llc-0b1 1 6 0 6 0
l1i_u6-5 llc-0b2 1 6 0 6 0
l1i_u6-5 llc-0b3 1 6 0 6 0
l1i_u6-5 llc-0b4 1 6 0 6 0
l1i_u6-5 llc-0b5 1 6 0 6 0
l1i_u6-5 llc-0b6 1 6 0 6 0
l1i_u6-5 llc-0b7 1 6 0 6 0
l1i_u6-5 llc-0b8 1 6 0 6 0
l1i_u6-5 llc-0b9 1 6 0 6 0
l1i_u6-5 llc-0b10 1 6 0 6 0
l1i_u6-5 llc-0b11 1 6 0 6 0
l1i_u6-5 llc-0b12 1 6 0 6 0
l1i_u6-5 llc-0b13 1 6 0 6 0
l1i_u6-5 llc-0b14 1 6 0 6 0
l1i_u6-5 llc-0b15 1 6 0 6 0
l1i_u6-5 llc-0b16 1 6 0 6 0
l1i_u6-5 llc-0b17 1 6 0 6 0
l1i_u6-5 llc-0b18 1 6 0 6 0
l1i_u6-5 llc-0b19 1 6 0 6 0
l1i_u6-5 llc-0b20 1 6 0 6 0
l1i_u6-5 llc-0b21 1 6 0 6 0
l1i_u6-5 llc-0b22 1 6 0 6 0
l1i_u6-5 llc-0b23 1 6 0 6 0
l1i_u6-5 llc-0b24 1 6 0 6 0
l1i_u6-5 llc-0b25 1 6 0 6 0
l1i_u6-5 llc-0b26 1 6 0 6 0
l1i_u6-5 llc-0b27 1 6 0 6 0
l1i_u6-5 llc-0b28 1 6 0 6 0
l1i_u6-5 llc-0b29 1 6 0 6 0
l1i_u6-5 llc-0b30 1 6 0 6 0
l1i_u6-5 llc-0b31 1 6 0 6 0
l1i_u6-6 llc-0b0 1 6 0 6 0
l1i_u6-6 llc-0b1 1 6 0 6 0
l1i_u6-6 llc-0b2 1 6 0 6 0
l1i_u6-6 llc-0b3 1 6 0 6 0
l1i_u6-6 llc-0b4 1 6 0 6 0
l1i_u6-6 llc-0b5 1 6 0 6 0
l1i_u6-6 llc-0b6 1 6 0 6 0
l1i_u6-6 llc-0b7 1 6 0 6 0
l1i_u6-6 llc-0b8 1 6 0 6 0
l1i_u6-6 llc-0b9 1 6 0 6 0
l1i_u6-6 llc-0b10 1 6 0 6 0
l1i_u6-6 llc-0b11 1 6 0 6 0
l1i_u6-6 llc-0b12 1 6 0 6 0
l1i_u6-6 llc-0b13 1 6 0 6 0
l1i_u6-6 llc-0b14 1 6 0 6 0
l1i_u6-6 llc-0b15 1 6 0 6 0
l1i_u6-6 llc-0b16 1 6 0 6 0
l1i_u6-6 llc-0b17 1 6 0 6 0
l1i_u6-6 llc-0b18 1 6 0 6 0
l1i_u6-6 llc-0b19 1 6 0 6 0
l1i_u6-6 llc-0b20 1 6 0 6 0
l1i_u6-6 llc-0b21 1 6 0 6 0
l1i_u6-6 llc-0b22 1 6 0 6 0
l1i_u6-6 llc-0b23 1 6 0 6 0
l1i_u6-6 llc-0b24 1 6 0 6 0
l1i_u6-6 llc-0b25 1 6 0 6 0
l1i_u6-6 llc-0b26 1 6 0 6 0
l1i_u6-6 llc-0b27 1 6 0 6 0
l1i_u6-6 llc-0b28 1 6 0 6 0
l1i_u6-6 llc-0b29 1 6 0 6 0
l1i_u6-6 llc-0b30 1 6 0 6 0
l1i_u6-6 llc-0b31 1 6 0 6 0
l1i_u6-7 llc-0b0 1 6 0 6 0
l1i_u6-7 llc-0b1 1 6 0 6 0
l1i_u6-7 llc-0b2 1 6 0 6 0
l1i_u6-7 llc-0b3 1 6 0 6 0
l1i_u6-7 llc-0b4 1 6 0 6 0
l1i_u6-7 llc-0b5 1 6 0 6 0
l1i_u6-7 llc-0b6 1 6 0 6 0
l1i_u6-7 llc-0b7 1 6 0 6 0
l1i_u6-7 llc-0b8 1 6 0 6 0
l1i_u6-7 llc-0b9 1 6 0 6 0
l1i_u6-7 llc-0b10 1 6 0 6 0
l1i_u6-7 llc-0b11 1 6 0 6 0
l1i_u6-7 llc-0b12 1 6 0 6 0
l1i_u6-7 llc-0b13 1 6 0 6 0
l1i_u6-7 llc-0b14 1 6 0 6 0
l1i_u6-7 llc-0b15 1 6 0 6 0
l1i_u6-7 llc-0b16 1 6 0 6 0
l1i_u6-7 llc-0b17 1 6 0 6 0
l1i_u6-7 llc-0b18 1 6 0 6 0
l1i_u6-7 llc-0b19 1 6 0 6 0
l1i_u6-7 llc-0b20 1 6 0 6 0
l1i_u6-7 llc-0b21 1 6 0 6 0
l1i_u6-7 llc-0b22 1 6 0 6 0
l1i_u6-7 llc-0b23 1 6 0 6 0
l1i_u6-7 llc-0b24 1 6 0 6 0
l1i_u6-7 llc-0b25 1 6 0 6 0
l1i_u6-7 llc-0b26 1 6 0 6 0
l1i_u6-7 llc-0b27 1 6 0 6 0
l1i_u6-7 llc-0b28 1 6 0 6 0
l1i_u6-7 llc-0b29 1 6 0 6 0
l1i_u6-7 llc-0b30 1 6 0 6 0
l1i_u6-7 llc-0b31 1 6 0 6 0
l1i_u6-8 llc-0b0 1 6 0 6 0
l1i_u6-8 llc-0b1 1 6 0 6 0
l1i_u6-8 llc-0b2 1 6 0 6 0
l1i_u6-8 llc-0b3 1 6 0 6 0
l1i_u6-8 llc-0b4 1 6 0 6 0
l1i_u6-8 llc-0b5 1 6 0 6 0
l1i_u6-8 llc-0b6 1 6 0 6 0
l1i_u6-8 llc-0b7 1 6 0 6 0
l1i_u6-8 llc-0b8 1 6 0 6 0
l1i_u6-8 llc-0b9 1 6 0 6 0
l1i_u6-8 llc-0b10 1 6 0 6 0
l1i_u6-8 llc-0b11 1 6 0 6 0
l1i_u6-8 llc-0b12 1 6 0 6 0
l1i_u6-8 llc-0b13 1 6 0 6 0
l1i_u6-8 llc-0b14 1 6 0 6 0
l1i_u6-8 llc-0b15 1 6 0 6 0
l1i_u6-8 llc-0b16 1 6 0 6 0
l1i_u6-8 llc-0b17 1 6 0 6 0
l1i_u6-8 llc-0b18 1 6 0 6 0
l1i_u6-8 llc-0b19 1 6 0 6 0
l1i_u6-8 llc-0b20 1 6 0 6 0
l1i_u6-8 llc-0b21 1 6 0 6 0
l1i_u6-8 llc-0b22 1 6 0 6 0
l1i_u6-8 llc-0b23 1 6 0 6 0
l1i_u6-8 llc-0b24 1 6 0 6 0
l1i_u6-8 llc-0b25 1 6 0 6 0
l1i_u6-8 llc-0b26 1 6 0 6 0
l1i_u6-8 llc-0b27 1 6 0 6 0
l1i_u6-8 llc-0b28 1 6 0 6 0
l1i_u6-8 llc-0b29 1 6 0 6 0
l1i_u6-8 llc-0b30 1 6 0 6 0
l1i_u6-8 llc-0b31 1 6 0 6 0
l1i_u6-9 llc-0b0 1 6 0 6 0
l1i_u6-9 llc-0b1 1 6 0 6 0
l1i_u6-9 llc-0b2 1 6 0 6 0
l1i_u6-9 llc-0b3 1 6 0 6 0
l1i_u6-9 llc-0b4 1 6 0 6 0
l1i_u6-9 llc-0b5 1 6 0 6 0
l1i_u6-9 llc-0b6 1 6 0 6 0
l1i_u6-9 llc-0b7 1 6 0 6 0
l1i_u6-9 llc-0b8 1 6 0 6 0
l1i_u6-9 llc-0b9 1 6 0 6 0
l1i_u6-9 llc-0b10 1 6 0 6 0
l1i_u6-9 llc-0b11 1 6 0 6 0
l1i_u6-9 llc-0b12 1 6 0 6 0
l1i_u6-9 llc-0b13 1 6 0 6 0
l1i_u6-9 llc-0b14 1 6 0 6 0
l1i_u6-9 llc-0b15 1 6 0 6 0
l1i_u6-9 llc-0b16 1 6 0 6 0
l1i_u6-9 llc-0b17 1 6 0 6 0
l1i_u6-9 llc-0b18 1 6 0 6 0
l1i_u6-9 llc-0b19 1 6 0 6 0
l1i_u6-9 llc-0b20 1 6 0 6 0
l1i_u6-9 llc-0b21 1 6 0 6 0
l1i_u6-9 llc-0b22 1 6 0 6 0
l1i_u6-9 llc-0b23 1 6 0 6 0
l1i_u6-9 llc-0b24 1 6 0 6 0
l1i_u6-9 llc-0b25 1 6 0 6 0
l1i_u6-9 llc-0b26 1 6 0 6 0
l1i_u6-9 llc-0b27 1 6 0 6 0
l1i_u6-9 llc-0b28 1 6 0 6 0
l1i_u6-9 llc-0b29 1 6 0 6 0
l1i_u6-9 llc-0b30 1 6 0 6 0
l1i_u6-9 llc-0b31 1 6 0 6 0
l1i_u6-10 llc-0b0 1 6 0 6 0
l1i_u6-10 llc-0b1 1 6 0 6 0
l1i_u6-10 llc-0b2 1 6 0 6 0
l1i_u6-10 llc-0b3 1 6 0 6 0
l1i_u6-10 llc-0b4 1 6 0 6 0
l1i_u6-10 llc-0b5 1 6 0 6 0
l1i_u6-10 llc-0b6 1 6 0 6 0
l1i_u6-10 llc-0b7 1 6 0 6 0
l1i_u6-10 llc-0b8 1 6 0 6 0
l1i_u6-10 llc-0b9 1 6 0 6 0
l1i_u6-10 llc-0b10 1 6 0 6 0
l1i_u6-10 llc-0b11 1 6 0 6 0
l1i_u6-10 llc-0b12 1 6 0 6 0
l1i_u6-10 llc-0b13 1 6 0 6 0
l1i_u6-10 llc-0b14 1 6 0 6 0
l1i_u6-10 llc-0b15 1 6 0 6 0
l1i_u6-10 llc-0b16 1 6 0 6 0
l1i_u6-10 llc-0b17 1 6 0 6 0
l1i_u6-10 llc-0b18 1 6 0 6 0
l1i_u6-10 llc-0b19 1 6 0 6 0
l1i_u6-10 llc-0b20 1 6 0 6 0
l1i_u6-10 llc-0b21 1 6 0 6 0
l1i_u6-10 llc-0b22 1 6 0 6 0
l1i_u6-10 llc-0b23 1 6 0 6 0
l1i_u6-10 llc-0b24 1 6 0 6 0
l1i_u6-10 llc-0b25 1 6 0 6 0
l1i_u6-10 llc-0b26 1 6 0 6 0
l1i_u6-10 llc-0b27 1 6 0 6 0
l1i_u6-10 llc-0b28 1 6 0 6 0
l1i_u6-10 llc-0b29 1 6 0 6 0
l1i_u6-10 llc-0b30 1 6 0 6 0
l1i_u6-10 llc-0b31 1 6 0 6 0
l1i_u6-11 llc-0b0 1 6 0 6 0
l1i_u6-11 llc-0b1 1 6 0 6 0
l1i_u6-11 llc-0b2 1 6 0 6 0
l1i_u6-11 llc-0b3 1 6 0 6 0
l1i_u6-11 llc-0b4 1 6 0 6 0
l1i_u6-11 llc-0b5 1 6 0 6 0
l1i_u6-11 llc-0b6 1 6 0 6 0
l1i_u6-11 llc-0b7 1 6 0 6 0
l1i_u6-11 llc-0b8 1 6 0 6 0
l1i_u6-11 llc-0b9 1 6 0 6 0
l1i_u6-11 llc-0b10 1 6 0 6 0
l1i_u6-11 llc-0b11 1 6 0 6 0
l1i_u6-11 llc-0b12 1 6 0 6 0
l1i_u6-11 llc-0b13 1 6 0 6 0
l1i_u6-11 llc-0b14 1 6 0 6 0
l1i_u6-11 llc-0b15 1 6 0 6 0
l1i_u6-11 llc-0b16 1 6 0 6 0
l1i_u6-11 llc-0b17 1 6 0 6 0
l1i_u6-11 llc-0b18 1 6 0 6 0
l1i_u6-11 llc-0b19 1 6 0 6 0
l1i_u6-11 llc-0b20 1 6 0 6 0
l1i_u6-11 llc-0b21 1 6 0 6 0
l1i_u6-11 llc-0b22 1 6 0 6 0
l1i_u6-11 llc-0b23 1 6 0 6 0
l1i_u6-11 llc-0b24 1 6 0 6 0
l1i_u6-11 llc-0b25 1 6 0 6 0
l1i_u6-11 llc-0b26 1 6 0 6 0
l1i_u6-11 llc-0b27 1 6 0 6 0
l1i_u6-11 llc-0b28 1 6 0 6 0
l1i_u6-11 llc-0b29 1 6 0 6 0
l1i_u6-11 llc-0b30 1 6 0 6 0
l1i_u6-11 llc-0b31 1 6 0 6 0
l1i_u6-12 llc-0b0 1 6 0 6 0
l1i_u6-12 llc-0b1 1 6 0 6 0
l1i_u6-12 llc-0b2 1 6 0 6 0
l1i_u6-12 llc-0b3 1 6 0 6 0
l1i_u6-12 llc-0b4 1 6 0 6 0
l1i_u6-12 llc-0b5 1 6 0 6 0
l1i_u6-12 llc-0b6 1 6 0 6 0
l1i_u6-12 llc-0b7 1 6 0 6 0
l1i_u6-12 llc-0b8 1 6 0 6 0
l1i_u6-12 llc-0b9 1 6 0 6 0
l1i_u6-12 llc-0b10 1 6 0 6 0
l1i_u6-12 llc-0b11 1 6 0 6 0
l1i_u6-12 llc-0b12 1 6 0 6 0
l1i_u6-12 llc-0b13 1 6 0 6 0
l1i_u6-12 llc-0b14 1 6 0 6 0
l1i_u6-12 llc-0b15 1 6 0 6 0
l1i_u6-12 llc-0b16 1 6 0 6 0
l1i_u6-12 llc-0b17 1 6 0 6 0
l1i_u6-12 llc-0b18 1 6 0 6 0
l1i_u6-12 llc-0b19 1 6 0 6 0
l1i_u6-12 llc-0b20 1 6 0 6 0
l1i_u6-12 llc-0b21 1 6 0 6 0
l1i_u6-12 llc-0b22 1 6 0 6 0
l1i_u6-12 llc-0b23 1 6 0 6 0
l1i_u6-12 llc-0b24 1 6 0 6 0
l1i_u6-12 llc-0b25 1 6 0 6 0
l1i_u6-12 llc-0b26 1 6 0 6 0
l1i_u6-12 llc-0b27 1 6 0 6 0
l1i_u6-12 llc-0b28 1 6 0 6 0
l1i_u6-12 llc-0b29 1 6 0 6 0
l1i_u6-12 llc-0b30 1 6 0 6 0
l1i_u6-12 llc-0b31 1 6 0 6 0
l1i_u6-13 llc-0b0 1 6 0 6 0
l1i_u6-13 llc-0b1 1 6 0 6 0
l1i_u6-13 llc-0b2 1 6 0 6 0
l1i_u6-13 llc-0b3 1 6 0 6 0
l1i_u6-13 llc-0b4 1 6 0 6 0
l1i_u6-13 llc-0b5 1 6 0 6 0
l1i_u6-13 llc-0b6 1 6 0 6 0
l1i_u6-13 llc-0b7 1 6 0 6 0
l1i_u6-13 llc-0b8 1 6 0 6 0
l1i_u6-13 llc-0b9 1 6 0 6 0
l1i_u6-13 llc-0b10 1 6 0 6 0
l1i_u6-13 llc-0b11 1 6 0 6 0
l1i_u6-13 llc-0b12 1 6 0 6 0
l1i_u6-13 llc-0b13 1 6 0 6 0
l1i_u6-13 llc-0b14 1 6 0 6 0
l1i_u6-13 llc-0b15 1 6 0 6 0
l1i_u6-13 llc-0b16 1 6 0 6 0
l1i_u6-13 llc-0b17 1 6 0 6 0
l1i_u6-13 llc-0b18 1 6 0 6 0
l1i_u6-13 llc-0b19 1 6 0 6 0
l1i_u6-13 llc-0b20 1 6 0 6 0
l1i_u6-13 llc-0b21 1 6 0 6 0
l1i_u6-13 llc-0b22 1 6 0 6 0
l1i_u6-13 llc-0b23 1 6 0 6 0
l1i_u6-13 llc-0b24 1 6 0 6 0
l1i_u6-13 llc-0b25 1 6 0 6 0
l1i_u6-13 llc-0b26 1 6 0 6 0
l1i_u6-13 llc-0b27 1 6 0 6 0
l1i_u6-13 llc-0b28 1 6 0 6 0
l1i_u6-13 llc-0b29 1 6 0 6 0
l1i_u6-13 llc-0b30 1 6 0 6 0
l1i_u6-13 llc-0b31 1 6 0 6 0
l1i_u6-14 llc-0b0 1 6 0 6 0
l1i_u6-14 llc-0b1 1 6 0 6 0
l1i_u6-14 llc-0b2 1 6 0 6 0
l1i_u6-14 llc-0b3 1 6 0 6 0
l1i_u6-14 llc-0b4 1 6 0 6 0
l1i_u6-14 llc-0b5 1 6 0 6 0
l1i_u6-14 llc-0b6 1 6 0 6 0
l1i_u6-14 llc-0b7 1 6 0 6 0
l1i_u6-14 llc-0b8 1 6 0 6 0
l1i_u6-14 llc-0b9 1 6 0 6 0
l1i_u6-14 llc-0b10 1 6 0 6 0
l1i_u6-14 llc-0b11 1 6 0 6 0
l1i_u6-14 llc-0b12 1 6 0 6 0
l1i_u6-14 llc-0b13 1 6 0 6 0
l1i_u6-14 llc-0b14 1 6 0 6 0
l1i_u6-14 llc-0b15 1 6 0 6 0
l1i_u6-14 llc-0b16 1 6 0 6 0
l1i_u6-14 llc-0b17 1 6 0 6 0
l1i_u6-14 llc-0b18 1 6 0 6 0
l1i_u6-14 llc-0b19 1 6 0 6 0
l1i_u6-14 llc-0b20 1 6 0 6 0
l1i_u6-14 llc-0b21 1 6 0 6 0
l1i_u6-14 llc-0b22 1 6 0 6 0
l1i_u6-14 llc-0b23 1 6 0 6 0
l1i_u6-14 llc-0b24 1 6 0 6 0
l1i_u6-14 llc-0b25 1 6 0 6 0
l1i_u6-14 llc-0b26 1 6 0 6 0
l1i_u6-14 llc-0b27 1 6 0 6 0
l1i_u6-14 llc-0b28 1 6 0 6 0
l1i_u6-14 llc-0b29 1 6 0 6 0
l1i_u6-14 llc-0b30 1 6 0 6 0
l1i_u6-14 llc-0b31 1 6 0 6 0
l1i_u6-15 llc-0b0 1 6 0 6 0
l1i_u6-15 llc-0b1 1 6 0 6 0
l1i_u6-15 llc-0b2 1 6 0 6 0
l1i_u6-15 llc-0b3 1 6 0 6 0
l1i_u6-15 llc-0b4 1 6 0 6 0
l1i_u6-15 llc-0b5 1 6 0 6 0
l1i_u6-15 llc-0b6 1 6 0 6 0
l1i_u6-15 llc-0b7 1 6 0 6 0
l1i_u6-15 llc-0b8 1 6 0 6 0
l1i_u6-15 llc-0b9 1 6 0 6 0
l1i_u6-15 llc-0b10 1 6 0 6 0
l1i_u6-15 llc-0b11 1 6 0 6 0
l1i_u6-15 llc-0b12 1 6 0 6 0
l1i_u6-15 llc-0b13 1 6 0 6 0
l1i_u6-15 llc-0b14 1 6 0 6 0
l1i_u6-15 llc-0b15 1 6 0 6 0
l1i_u6-15 llc-0b16 1 6 0 6 0
l1i_u6-15 llc-0b17 1 6 0 6 0
l1i_u6-15 llc-0b18 1 6 0 6 0
l1i_u6-15 llc-0b19 1 6 0 6 0
l1i_u6-15 llc-0b20 1 6 0 6 0
l1i_u6-15 llc-0b21 1 6 0 6 0
l1i_u6-15 llc-0b22 1 6 0 6 0
l1i_u6-15 llc-0b23 1 6 0 6 0
l1i_u6-15 llc-0b24 1 6 0 6 0
l1i_u6-15 llc-0b25 1 6 0 6 0
l1i_u6-15 llc-0b26 1 6 0 6 0
l1i_u6-15 llc-0b27 1 6 0 6 0
l1i_u6-15 llc-0b28 1 6 0 6 0
l1i_u6-15 llc-0b29 1 6 0 6 0
l1i_u6-15 llc-0b30 1 6 0 6 0
l1i_u6-15 llc-0b31 1 6 0 6 0
l1d_u6-0 llc-0b0 1 6 0 6 0
l1d_u6-0 llc-0b1 1 6 0 6 0
l1d_u6-0 llc-0b2 1 6 0 6 0
l1d_u6-0 llc-0b3 1 6 0 6 0
l1d_u6-0 llc-0b4 1 6 0 6 0
l1d_u6-0 llc-0b5 1 6 0 6 0
l1d_u6-0 llc-0b6 1 6 0 6 0
l1d_u6-0 llc-0b7 1 6 0 6 0
l1d_u6-0 llc-0b8 1 6 0 6 0
l1d_u6-0 llc-0b9 1 6 0 6 0
l1d_u6-0 llc-0b10 1 6 0 6 0
l1d_u6-0 llc-0b11 1 6 0 6 0
l1d_u6-0 llc-0b12 1 6 0 6 0
l1d_u6-0 llc-0b13 1 6 0 6 0
l1d_u6-0 llc-0b14 1 6 0 6 0
l1d_u6-0 llc-0b15 1 6 0 6 0
l1d_u6-0 llc-0b16 1 6 0 6 0
l1d_u6-0 llc-0b17 1 6 0 6 0
l1d_u6-0 llc-0b18 1 6 0 6 0
l1d_u6-0 llc-0b19 1 6 0 6 0
l1d_u6-0 llc-0b20 1 6 0 6 0
l1d_u6-0 llc-0b21 1 6 0 6 0
l1d_u6-0 llc-0b22 1 6 0 6 0
l1d_u6-0 llc-0b23 1 6 0 6 0
l1d_u6-0 llc-0b24 1 6 0 6 0
l1d_u6-0 llc-0b25 1 6 0 6 0
l1d_u6-0 llc-0b26 1 6 0 6 0
l1d_u6-0 llc-0b27 1 6 0 6 0
l1d_u6-0 llc-0b28 1 6 0 6 0
l1d_u6-0 llc-0b29 1 6 0 6 0
l1d_u6-0 llc-0b30 1 6 0 6 0
l1d_u6-0 llc-0b31 1 6 0 6 0
l1d_u6-1 llc-0b0 1 6 0 6 0
l1d_u6-1 llc-0b1 1 6 0 6 0
l1d_u6-1 llc-0b2 1 6 0 6 0
l1d_u6-1 llc-0b3 1 6 0 6 0
l1d_u6-1 llc-0b4 1 6 0 6 0
l1d_u6-1 llc-0b5 1 6 0 6 0
l1d_u6-1 llc-0b6 1 6 0 6 0
l1d_u6-1 llc-0b7 1 6 0 6 0
l1d_u6-1 llc-0b8 1 6 0 6 0
l1d_u6-1 llc-0b9 1 6 0 6 0
l1d_u6-1 llc-0b10 1 6 0 6 0
l1d_u6-1 llc-0b11 1 6 0 6 0
l1d_u6-1 llc-0b12 1 6 0 6 0
l1d_u6-1 llc-0b13 1 6 0 6 0
l1d_u6-1 llc-0b14 1 6 0 6 0
l1d_u6-1 llc-0b15 1 6 0 6 0
l1d_u6-1 llc-0b16 1 6 0 6 0
l1d_u6-1 llc-0b17 1 6 0 6 0
l1d_u6-1 llc-0b18 1 6 0 6 0
l1d_u6-1 llc-0b19 1 6 0 6 0
l1d_u6-1 llc-0b20 1 6 0 6 0
l1d_u6-1 llc-0b21 1 6 0 6 0
l1d_u6-1 llc-0b22 1 6 0 6 0
l1d_u6-1 llc-0b23 1 6 0 6 0
l1d_u6-1 llc-0b24 1 6 0 6 0
l1d_u6-1 llc-0b25 1 6 0 6 0
l1d_u6-1 llc-0b26 1 6 0 6 0
l1d_u6-1 llc-0b27 1 6 0 6 0
l1d_u6-1 llc-0b28 1 6 0 6 0
l1d_u6-1 llc-0b29 1 6 0 6 0
l1d_u6-1 llc-0b30 1 6 0 6 0
l1d_u6-1 llc-0b31 1 6 0 6 0
l1d_u6-2 llc-0b0 1 6 0 6 0
l1d_u6-2 llc-0b1 1 6 0 6 0
l1d_u6-2 llc-0b2 1 6 0 6 0
l1d_u6-2 llc-0b3 1 6 0 6 0
l1d_u6-2 llc-0b4 1 6 0 6 0
l1d_u6-2 llc-0b5 1 6 0 6 0
l1d_u6-2 llc-0b6 1 6 0 6 0
l1d_u6-2 llc-0b7 1 6 0 6 0
l1d_u6-2 llc-0b8 1 6 0 6 0
l1d_u6-2 llc-0b9 1 6 0 6 0
l1d_u6-2 llc-0b10 1 6 0 6 0
l1d_u6-2 llc-0b11 1 6 0 6 0
l1d_u6-2 llc-0b12 1 6 0 6 0
l1d_u6-2 llc-0b13 1 6 0 6 0
l1d_u6-2 llc-0b14 1 6 0 6 0
l1d_u6-2 llc-0b15 1 6 0 6 0
l1d_u6-2 llc-0b16 1 6 0 6 0
l1d_u6-2 llc-0b17 1 6 0 6 0
l1d_u6-2 llc-0b18 1 6 0 6 0
l1d_u6-2 llc-0b19 1 6 0 6 0
l1d_u6-2 llc-0b20 1 6 0 6 0
l1d_u6-2 llc-0b21 1 6 0 6 0
l1d_u6-2 llc-0b22 1 6 0 6 0
l1d_u6-2 llc-0b23 1 6 0 6 0
l1d_u6-2 llc-0b24 1 6 0 6 0
l1d_u6-2 llc-0b25 1 6 0 6 0
l1d_u6-2 llc-0b26 1 6 0 6 0
l1d_u6-2 llc-0b27 1 6 0 6 0
l1d_u6-2 llc-0b28 1 6 0 6 0
l1d_u6-2 llc-0b29 1 6 0 6 0
l1d_u6-2 llc-0b30 1 6 0 6 0
l1d_u6-2 llc-0b31 1 6 0 6 0
l1d_u6-3 llc-0b0 1 6 0 6 0
l1d_u6-3 llc-0b1 1 6 0 6 0
l1d_u6-3 llc-0b2 1 6 0 6 0
l1d_u6-3 llc-0b3 1 6 0 6 0
l1d_u6-3 llc-0b4 1 6 0 6 0
l1d_u6-3 llc-0b5 1 6 0 6 0
l1d_u6-3 llc-0b6 1 6 0 6 0
l1d_u6-3 llc-0b7 1 6 0 6 0
l1d_u6-3 llc-0b8 1 6 0 6 0
l1d_u6-3 llc-0b9 1 6 0 6 0
l1d_u6-3 llc-0b10 1 6 0 6 0
l1d_u6-3 llc-0b11 1 6 0 6 0
l1d_u6-3 llc-0b12 1 6 0 6 0
l1d_u6-3 llc-0b13 1 6 0 6 0
l1d_u6-3 llc-0b14 1 6 0 6 0
l1d_u6-3 llc-0b15 1 6 0 6 0
l1d_u6-3 llc-0b16 1 6 0 6 0
l1d_u6-3 llc-0b17 1 6 0 6 0
l1d_u6-3 llc-0b18 1 6 0 6 0
l1d_u6-3 llc-0b19 1 6 0 6 0
l1d_u6-3 llc-0b20 1 6 0 6 0
l1d_u6-3 llc-0b21 1 6 0 6 0
l1d_u6-3 llc-0b22 1 6 0 6 0
l1d_u6-3 llc-0b23 1 6 0 6 0
l1d_u6-3 llc-0b24 1 6 0 6 0
l1d_u6-3 llc-0b25 1 6 0 6 0
l1d_u6-3 llc-0b26 1 6 0 6 0
l1d_u6-3 llc-0b27 1 6 0 6 0
l1d_u6-3 llc-0b28 1 6 0 6 0
l1d_u6-3 llc-0b29 1 6 0 6 0
l1d_u6-3 llc-0b30 1 6 0 6 0
l1d_u6-3 llc-0b31 1 6 0 6 0
l1d_u6-4 llc-0b0 1 6 0 6 0
l1d_u6-4 llc-0b1 1 6 0 6 0
l1d_u6-4 llc-0b2 1 6 0 6 0
l1d_u6-4 llc-0b3 1 6 0 6 0
l1d_u6-4 llc-0b4 1 6 0 6 0
l1d_u6-4 llc-0b5 1 6 0 6 0
l1d_u6-4 llc-0b6 1 6 0 6 0
l1d_u6-4 llc-0b7 1 6 0 6 0
l1d_u6-4 llc-0b8 1 6 0 6 0
l1d_u6-4 llc-0b9 1 6 0 6 0
l1d_u6-4 llc-0b10 1 6 0 6 0
l1d_u6-4 llc-0b11 1 6 0 6 0
l1d_u6-4 llc-0b12 1 6 0 6 0
l1d_u6-4 llc-0b13 1 6 0 6 0
l1d_u6-4 llc-0b14 1 6 0 6 0
l1d_u6-4 llc-0b15 1 6 0 6 0
l1d_u6-4 llc-0b16 1 6 0 6 0
l1d_u6-4 llc-0b17 1 6 0 6 0
l1d_u6-4 llc-0b18 1 6 0 6 0
l1d_u6-4 llc-0b19 1 6 0 6 0
l1d_u6-4 llc-0b20 1 6 0 6 0
l1d_u6-4 llc-0b21 1 6 0 6 0
l1d_u6-4 llc-0b22 1 6 0 6 0
l1d_u6-4 llc-0b23 1 6 0 6 0
l1d_u6-4 llc-0b24 1 6 0 6 0
l1d_u6-4 llc-0b25 1 6 0 6 0
l1d_u6-4 llc-0b26 1 6 0 6 0
l1d_u6-4 llc-0b27 1 6 0 6 0
l1d_u6-4 llc-0b28 1 6 0 6 0
l1d_u6-4 llc-0b29 1 6 0 6 0
l1d_u6-4 llc-0b30 1 6 0 6 0
l1d_u6-4 llc-0b31 1 6 0 6 0
l1d_u6-5 llc-0b0 1 6 0 6 0
l1d_u6-5 llc-0b1 1 6 0 6 0
l1d_u6-5 llc-0b2 1 6 0 6 0
l1d_u6-5 llc-0b3 1 6 0 6 0
l1d_u6-5 llc-0b4 1 6 0 6 0
l1d_u6-5 llc-0b5 1 6 0 6 0
l1d_u6-5 llc-0b6 1 6 0 6 0
l1d_u6-5 llc-0b7 1 6 0 6 0
l1d_u6-5 llc-0b8 1 6 0 6 0
l1d_u6-5 llc-0b9 1 6 0 6 0
l1d_u6-5 llc-0b10 1 6 0 6 0
l1d_u6-5 llc-0b11 1 6 0 6 0
l1d_u6-5 llc-0b12 1 6 0 6 0
l1d_u6-5 llc-0b13 1 6 0 6 0
l1d_u6-5 llc-0b14 1 6 0 6 0
l1d_u6-5 llc-0b15 1 6 0 6 0
l1d_u6-5 llc-0b16 1 6 0 6 0
l1d_u6-5 llc-0b17 1 6 0 6 0
l1d_u6-5 llc-0b18 1 6 0 6 0
l1d_u6-5 llc-0b19 1 6 0 6 0
l1d_u6-5 llc-0b20 1 6 0 6 0
l1d_u6-5 llc-0b21 1 6 0 6 0
l1d_u6-5 llc-0b22 1 6 0 6 0
l1d_u6-5 llc-0b23 1 6 0 6 0
l1d_u6-5 llc-0b24 1 6 0 6 0
l1d_u6-5 llc-0b25 1 6 0 6 0
l1d_u6-5 llc-0b26 1 6 0 6 0
l1d_u6-5 llc-0b27 1 6 0 6 0
l1d_u6-5 llc-0b28 1 6 0 6 0
l1d_u6-5 llc-0b29 1 6 0 6 0
l1d_u6-5 llc-0b30 1 6 0 6 0
l1d_u6-5 llc-0b31 1 6 0 6 0
l1d_u6-6 llc-0b0 1 6 0 6 0
l1d_u6-6 llc-0b1 1 6 0 6 0
l1d_u6-6 llc-0b2 1 6 0 6 0
l1d_u6-6 llc-0b3 1 6 0 6 0
l1d_u6-6 llc-0b4 1 6 0 6 0
l1d_u6-6 llc-0b5 1 6 0 6 0
l1d_u6-6 llc-0b6 1 6 0 6 0
l1d_u6-6 llc-0b7 1 6 0 6 0
l1d_u6-6 llc-0b8 1 6 0 6 0
l1d_u6-6 llc-0b9 1 6 0 6 0
l1d_u6-6 llc-0b10 1 6 0 6 0
l1d_u6-6 llc-0b11 1 6 0 6 0
l1d_u6-6 llc-0b12 1 6 0 6 0
l1d_u6-6 llc-0b13 1 6 0 6 0
l1d_u6-6 llc-0b14 1 6 0 6 0
l1d_u6-6 llc-0b15 1 6 0 6 0
l1d_u6-6 llc-0b16 1 6 0 6 0
l1d_u6-6 llc-0b17 1 6 0 6 0
l1d_u6-6 llc-0b18 1 6 0 6 0
l1d_u6-6 llc-0b19 1 6 0 6 0
l1d_u6-6 llc-0b20 1 6 0 6 0
l1d_u6-6 llc-0b21 1 6 0 6 0
l1d_u6-6 llc-0b22 1 6 0 6 0
l1d_u6-6 llc-0b23 1 6 0 6 0
l1d_u6-6 llc-0b24 1 6 0 6 0
l1d_u6-6 llc-0b25 1 6 0 6 0
l1d_u6-6 llc-0b26 1 6 0 6 0
l1d_u6-6 llc-0b27 1 6 0 6 0
l1d_u6-6 llc-0b28 1 6 0 6 0
l1d_u6-6 llc-0b29 1 6 0 6 0
l1d_u6-6 llc-0b30 1 6 0 6 0
l1d_u6-6 llc-0b31 1 6 0 6 0
l1d_u6-7 llc-0b0 1 6 0 6 0
l1d_u6-7 llc-0b1 1 6 0 6 0
l1d_u6-7 llc-0b2 1 6 0 6 0
l1d_u6-7 llc-0b3 1 6 0 6 0
l1d_u6-7 llc-0b4 1 6 0 6 0
l1d_u6-7 llc-0b5 1 6 0 6 0
l1d_u6-7 llc-0b6 1 6 0 6 0
l1d_u6-7 llc-0b7 1 6 0 6 0
l1d_u6-7 llc-0b8 1 6 0 6 0
l1d_u6-7 llc-0b9 1 6 0 6 0
l1d_u6-7 llc-0b10 1 6 0 6 0
l1d_u6-7 llc-0b11 1 6 0 6 0
l1d_u6-7 llc-0b12 1 6 0 6 0
l1d_u6-7 llc-0b13 1 6 0 6 0
l1d_u6-7 llc-0b14 1 6 0 6 0
l1d_u6-7 llc-0b15 1 6 0 6 0
l1d_u6-7 llc-0b16 1 6 0 6 0
l1d_u6-7 llc-0b17 1 6 0 6 0
l1d_u6-7 llc-0b18 1 6 0 6 0
l1d_u6-7 llc-0b19 1 6 0 6 0
l1d_u6-7 llc-0b20 1 6 0 6 0
l1d_u6-7 llc-0b21 1 6 0 6 0
l1d_u6-7 llc-0b22 1 6 0 6 0
l1d_u6-7 llc-0b23 1 6 0 6 0
l1d_u6-7 llc-0b24 1 6 0 6 0
l1d_u6-7 llc-0b25 1 6 0 6 0
l1d_u6-7 llc-0b26 1 6 0 6 0
l1d_u6-7 llc-0b27 1 6 0 6 0
l1d_u6-7 llc-0b28 1 6 0 6 0
l1d_u6-7 llc-0b29 1 6 0 6 0
l1d_u6-7 llc-0b30 1 6 0 6 0
l1d_u6-7 llc-0b31 1 6 0 6 0
l1d_u6-8 llc-0b0 1 6 0 6 0
l1d_u6-8 llc-0b1 1 6 0 6 0
l1d_u6-8 llc-0b2 1 6 0 6 0
l1d_u6-8 llc-0b3 1 6 0 6 0
l1d_u6-8 llc-0b4 1 6 0 6 0
l1d_u6-8 llc-0b5 1 6 0 6 0
l1d_u6-8 llc-0b6 1 6 0 6 0
l1d_u6-8 llc-0b7 1 6 0 6 0
l1d_u6-8 llc-0b8 1 6 0 6 0
l1d_u6-8 llc-0b9 1 6 0 6 0
l1d_u6-8 llc-0b10 1 6 0 6 0
l1d_u6-8 llc-0b11 1 6 0 6 0
l1d_u6-8 llc-0b12 1 6 0 6 0
l1d_u6-8 llc-0b13 1 6 0 6 0
l1d_u6-8 llc-0b14 1 6 0 6 0
l1d_u6-8 llc-0b15 1 6 0 6 0
l1d_u6-8 llc-0b16 1 6 0 6 0
l1d_u6-8 llc-0b17 1 6 0 6 0
l1d_u6-8 llc-0b18 1 6 0 6 0
l1d_u6-8 llc-0b19 1 6 0 6 0
l1d_u6-8 llc-0b20 1 6 0 6 0
l1d_u6-8 llc-0b21 1 6 0 6 0
l1d_u6-8 llc-0b22 1 6 0 6 0
l1d_u6-8 llc-0b23 1 6 0 6 0
l1d_u6-8 llc-0b24 1 6 0 6 0
l1d_u6-8 llc-0b25 1 6 0 6 0
l1d_u6-8 llc-0b26 1 6 0 6 0
l1d_u6-8 llc-0b27 1 6 0 6 0
l1d_u6-8 llc-0b28 1 6 0 6 0
l1d_u6-8 llc-0b29 1 6 0 6 0
l1d_u6-8 llc-0b30 1 6 0 6 0
l1d_u6-8 llc-0b31 1 6 0 6 0
l1d_u6-9 llc-0b0 1 6 0 6 0
l1d_u6-9 llc-0b1 1 6 0 6 0
l1d_u6-9 llc-0b2 1 6 0 6 0
l1d_u6-9 llc-0b3 1 6 0 6 0
l1d_u6-9 llc-0b4 1 6 0 6 0
l1d_u6-9 llc-0b5 1 6 0 6 0
l1d_u6-9 llc-0b6 1 6 0 6 0
l1d_u6-9 llc-0b7 1 6 0 6 0
l1d_u6-9 llc-0b8 1 6 0 6 0
l1d_u6-9 llc-0b9 1 6 0 6 0
l1d_u6-9 llc-0b10 1 6 0 6 0
l1d_u6-9 llc-0b11 1 6 0 6 0
l1d_u6-9 llc-0b12 1 6 0 6 0
l1d_u6-9 llc-0b13 1 6 0 6 0
l1d_u6-9 llc-0b14 1 6 0 6 0
l1d_u6-9 llc-0b15 1 6 0 6 0
l1d_u6-9 llc-0b16 1 6 0 6 0
l1d_u6-9 llc-0b17 1 6 0 6 0
l1d_u6-9 llc-0b18 1 6 0 6 0
l1d_u6-9 llc-0b19 1 6 0 6 0
l1d_u6-9 llc-0b20 1 6 0 6 0
l1d_u6-9 llc-0b21 1 6 0 6 0
l1d_u6-9 llc-0b22 1 6 0 6 0
l1d_u6-9 llc-0b23 1 6 0 6 0
l1d_u6-9 llc-0b24 1 6 0 6 0
l1d_u6-9 llc-0b25 1 6 0 6 0
l1d_u6-9 llc-0b26 1 6 0 6 0
l1d_u6-9 llc-0b27 1 6 0 6 0
l1d_u6-9 llc-0b28 1 6 0 6 0
l1d_u6-9 llc-0b29 1 6 0 6 0
l1d_u6-9 llc-0b30 1 6 0 6 0
l1d_u6-9 llc-0b31 1 6 0 6 0
l1d_u6-10 llc-0b0 1 6 0 6 0
l1d_u6-10 llc-0b1 1 6 0 6 0
l1d_u6-10 llc-0b2 1 6 0 6 0
l1d_u6-10 llc-0b3 1 6 0 6 0
l1d_u6-10 llc-0b4 1 6 0 6 0
l1d_u6-10 llc-0b5 1 6 0 6 0
l1d_u6-10 llc-0b6 1 6 0 6 0
l1d_u6-10 llc-0b7 1 6 0 6 0
l1d_u6-10 llc-0b8 1 6 0 6 0
l1d_u6-10 llc-0b9 1 6 0 6 0
l1d_u6-10 llc-0b10 1 6 0 6 0
l1d_u6-10 llc-0b11 1 6 0 6 0
l1d_u6-10 llc-0b12 1 6 0 6 0
l1d_u6-10 llc-0b13 1 6 0 6 0
l1d_u6-10 llc-0b14 1 6 0 6 0
l1d_u6-10 llc-0b15 1 6 0 6 0
l1d_u6-10 llc-0b16 1 6 0 6 0
l1d_u6-10 llc-0b17 1 6 0 6 0
l1d_u6-10 llc-0b18 1 6 0 6 0
l1d_u6-10 llc-0b19 1 6 0 6 0
l1d_u6-10 llc-0b20 1 6 0 6 0
l1d_u6-10 llc-0b21 1 6 0 6 0
l1d_u6-10 llc-0b22 1 6 0 6 0
l1d_u6-10 llc-0b23 1 6 0 6 0
l1d_u6-10 llc-0b24 1 6 0 6 0
l1d_u6-10 llc-0b25 1 6 0 6 0
l1d_u6-10 llc-0b26 1 6 0 6 0
l1d_u6-10 llc-0b27 1 6 0 6 0
l1d_u6-10 llc-0b28 1 6 0 6 0
l1d_u6-10 llc-0b29 1 6 0 6 0
l1d_u6-10 llc-0b30 1 6 0 6 0
l1d_u6-10 llc-0b31 1 6 0 6 0
l1d_u6-11 llc-0b0 1 6 0 6 0
l1d_u6-11 llc-0b1 1 6 0 6 0
l1d_u6-11 llc-0b2 1 6 0 6 0
l1d_u6-11 llc-0b3 1 6 0 6 0
l1d_u6-11 llc-0b4 1 6 0 6 0
l1d_u6-11 llc-0b5 1 6 0 6 0
l1d_u6-11 llc-0b6 1 6 0 6 0
l1d_u6-11 llc-0b7 1 6 0 6 0
l1d_u6-11 llc-0b8 1 6 0 6 0
l1d_u6-11 llc-0b9 1 6 0 6 0
l1d_u6-11 llc-0b10 1 6 0 6 0
l1d_u6-11 llc-0b11 1 6 0 6 0
l1d_u6-11 llc-0b12 1 6 0 6 0
l1d_u6-11 llc-0b13 1 6 0 6 0
l1d_u6-11 llc-0b14 1 6 0 6 0
l1d_u6-11 llc-0b15 1 6 0 6 0
l1d_u6-11 llc-0b16 1 6 0 6 0
l1d_u6-11 llc-0b17 1 6 0 6 0
l1d_u6-11 llc-0b18 1 6 0 6 0
l1d_u6-11 llc-0b19 1 6 0 6 0
l1d_u6-11 llc-0b20 1 6 0 6 0
l1d_u6-11 llc-0b21 1 6 0 6 0
l1d_u6-11 llc-0b22 1 6 0 6 0
l1d_u6-11 llc-0b23 1 6 0 6 0
l1d_u6-11 llc-0b24 1 6 0 6 0
l1d_u6-11 llc-0b25 1 6 0 6 0
l1d_u6-11 llc-0b26 1 6 0 6 0
l1d_u6-11 llc-0b27 1 6 0 6 0
l1d_u6-11 llc-0b28 1 6 0 6 0
l1d_u6-11 llc-0b29 1 6 0 6 0
l1d_u6-11 llc-0b30 1 6 0 6 0
l1d_u6-11 llc-0b31 1 6 0 6 0
l1d_u6-12 llc-0b0 1 6 0 6 0
l1d_u6-12 llc-0b1 1 6 0 6 0
l1d_u6-12 llc-0b2 1 6 0 6 0
l1d_u6-12 llc-0b3 1 6 0 6 0
l1d_u6-12 llc-0b4 1 6 0 6 0
l1d_u6-12 llc-0b5 1 6 0 6 0
l1d_u6-12 llc-0b6 1 6 0 6 0
l1d_u6-12 llc-0b7 1 6 0 6 0
l1d_u6-12 llc-0b8 1 6 0 6 0
l1d_u6-12 llc-0b9 1 6 0 6 0
l1d_u6-12 llc-0b10 1 6 0 6 0
l1d_u6-12 llc-0b11 1 6 0 6 0
l1d_u6-12 llc-0b12 1 6 0 6 0
l1d_u6-12 llc-0b13 1 6 0 6 0
l1d_u6-12 llc-0b14 1 6 0 6 0
l1d_u6-12 llc-0b15 1 6 0 6 0
l1d_u6-12 llc-0b16 1 6 0 6 0
l1d_u6-12 llc-0b17 1 6 0 6 0
l1d_u6-12 llc-0b18 1 6 0 6 0
l1d_u6-12 llc-0b19 1 6 0 6 0
l1d_u6-12 llc-0b20 1 6 0 6 0
l1d_u6-12 llc-0b21 1 6 0 6 0
l1d_u6-12 llc-0b22 1 6 0 6 0
l1d_u6-12 llc-0b23 1 6 0 6 0
l1d_u6-12 llc-0b24 1 6 0 6 0
l1d_u6-12 llc-0b25 1 6 0 6 0
l1d_u6-12 llc-0b26 1 6 0 6 0
l1d_u6-12 llc-0b27 1 6 0 6 0
l1d_u6-12 llc-0b28 1 6 0 6 0
l1d_u6-12 llc-0b29 1 6 0 6 0
l1d_u6-12 llc-0b30 1 6 0 6 0
l1d_u6-12 llc-0b31 1 6 0 6 0
l1d_u6-13 llc-0b0 1 6 0 6 0
l1d_u6-13 llc-0b1 1 6 0 6 0
l1d_u6-13 llc-0b2 1 6 0 6 0
l1d_u6-13 llc-0b3 1 6 0 6 0
l1d_u6-13 llc-0b4 1 6 0 6 0
l1d_u6-13 llc-0b5 1 6 0 6 0
l1d_u6-13 llc-0b6 1 6 0 6 0
l1d_u6-13 llc-0b7 1 6 0 6 0
l1d_u6-13 llc-0b8 1 6 0 6 0
l1d_u6-13 llc-0b9 1 6 0 6 0
l1d_u6-13 llc-0b10 1 6 0 6 0
l1d_u6-13 llc-0b11 1 6 0 6 0
l1d_u6-13 llc-0b12 1 6 0 6 0
l1d_u6-13 llc-0b13 1 6 0 6 0
l1d_u6-13 llc-0b14 1 6 0 6 0
l1d_u6-13 llc-0b15 1 6 0 6 0
l1d_u6-13 llc-0b16 1 6 0 6 0
l1d_u6-13 llc-0b17 1 6 0 6 0
l1d_u6-13 llc-0b18 1 6 0 6 0
l1d_u6-13 llc-0b19 1 6 0 6 0
l1d_u6-13 llc-0b20 1 6 0 6 0
l1d_u6-13 llc-0b21 1 6 0 6 0
l1d_u6-13 llc-0b22 1 6 0 6 0
l1d_u6-13 llc-0b23 1 6 0 6 0
l1d_u6-13 llc-0b24 1 6 0 6 0
l1d_u6-13 llc-0b25 1 6 0 6 0
l1d_u6-13 llc-0b26 1 6 0 6 0
l1d_u6-13 llc-0b27 1 6 0 6 0
l1d_u6-13 llc-0b28 1 6 0 6 0
l1d_u6-13 llc-0b29 1 6 0 6 0
l1d_u6-13 llc-0b30 1 6 0 6 0
l1d_u6-13 llc-0b31 1 6 0 6 0
l1d_u6-14 llc-0b0 1 6 0 6 0
l1d_u6-14 llc-0b1 1 6 0 6 0
l1d_u6-14 llc-0b2 1 6 0 6 0
l1d_u6-14 llc-0b3 1 6 0 6 0
l1d_u6-14 llc-0b4 1 6 0 6 0
l1d_u6-14 llc-0b5 1 6 0 6 0
l1d_u6-14 llc-0b6 1 6 0 6 0
l1d_u6-14 llc-0b7 1 6 0 6 0
l1d_u6-14 llc-0b8 1 6 0 6 0
l1d_u6-14 llc-0b9 1 6 0 6 0
l1d_u6-14 llc-0b10 1 6 0 6 0
l1d_u6-14 llc-0b11 1 6 0 6 0
l1d_u6-14 llc-0b12 1 6 0 6 0
l1d_u6-14 llc-0b13 1 6 0 6 0
l1d_u6-14 llc-0b14 1 6 0 6 0
l1d_u6-14 llc-0b15 1 6 0 6 0
l1d_u6-14 llc-0b16 1 6 0 6 0
l1d_u6-14 llc-0b17 1 6 0 6 0
l1d_u6-14 llc-0b18 1 6 0 6 0
l1d_u6-14 llc-0b19 1 6 0 6 0
l1d_u6-14 llc-0b20 1 6 0 6 0
l1d_u6-14 llc-0b21 1 6 0 6 0
l1d_u6-14 llc-0b22 1 6 0 6 0
l1d_u6-14 llc-0b23 1 6 0 6 0
l1d_u6-14 llc-0b24 1 6 0 6 0
l1d_u6-14 llc-0b25 1 6 0 6 0
l1d_u6-14 llc-0b26 1 6 0 6 0
l1d_u6-14 llc-0b27 1 6 0 6 0
l1d_u6-14 llc-0b28 1 6 0 6 0
l1d_u6-14 llc-0b29 1 6 0 6 0
l1d_u6-14 llc-0b30 1 6 0 6 0
l1d_u6-14 llc-0b31 1 6 0 6 0
l1d_u6-15 llc-0b0 1 6 0 6 0
l1d_u6-15 llc-0b1 1 6 0 6 0
l1d_u6-15 llc-0b2 1 6 0 6 0
l1d_u6-15 llc-0b3 1 6 0 6 0
l1d_u6-15 llc-0b4 1 6 0 6 0
l1d_u6-15 llc-0b5 1 6 0 6 0
l1d_u6-15 llc-0b6 1 6 0 6 0
l1d_u6-15 llc-0b7 1 6 0 6 0
l1d_u6-15 llc-0b8 1 6 0 6 0
l1d_u6-15 llc-0b9 1 6 0 6 0
l1d_u6-15 llc-0b10 1 6 0 6 0
l1d_u6-15 llc-0b11 1 6 0 6 0
l1d_u6-15 llc-0b12 1 6 0 6 0
l1d_u6-15 llc-0b13 1 6 0 6 0
l1d_u6-15 llc-0b14 1 6 0 6 0
l1d_u6-15 llc-0b15 1 6 0 6 0
l1d_u6-15 llc-0b16 1 6 0 6 0
l1d_u6-15 llc-0b17 1 6 0 6 0
l1d_u6-15 llc-0b18 1 6 0 6 0
l1d_u6-15 llc-0b19 1 6 0 6 0
l1d_u6-15 llc-0b20 1 6 0 6 0
l1d_u6-15 llc-0b21 1 6 0 6 0
l1d_u6-15 llc-0b22 1 6 0 6 0
l1d_u6-15 llc-0b23 1 6 0 6 0
l1d_u6-15 llc-0b24 1 6 0 6 0
l1d_u6-15 llc-0b25 1 6 0 6 0
l1d_u6-15 llc-0b26 1 6 0 6 0
l1d_u6-15 llc-0b27 1 6 0 6 0
l1d_u6-15 llc-0b28 1 6 0 6 0
l1d_u6-15 llc-0b29 1 6 0 6 0
l1d_u6-15 llc-0b30 1 6 0 6 0
l1d_u6-15 llc-0b31 1 6 0 6 0
l1i_u7-0 llc-0b0 1 7 0 7 0
l1i_u7-0 llc-0b1 1 7 0 7 0
l1i_u7-0 llc-0b2 1 7 0 7 0
l1i_u7-0 llc-0b3 1 7 0 7 0
l1i_u7-0 llc-0b4 1 7 0 7 0
l1i_u7-0 llc-0b5 1 7 0 7 0
l1i_u7-0 llc-0b6 1 7 0 7 0
l1i_u7-0 llc-0b7 1 7 0 7 0
l1i_u7-0 llc-0b8 1 7 0 7 0
l1i_u7-0 llc-0b9 1 7 0 7 0
l1i_u7-0 llc-0b10 1 7 0 7 0
l1i_u7-0 llc-0b11 1 7 0 7 0
l1i_u7-0 llc-0b12 1 7 0 7 0
l1i_u7-0 llc-0b13 1 7 0 7 0
l1i_u7-0 llc-0b14 1 7 0 7 0
l1i_u7-0 llc-0b15 1 7 0 7 0
l1i_u7-0 llc-0b16 1 7 0 7 0
l1i_u7-0 llc-0b17 1 7 0 7 0
l1i_u7-0 llc-0b18 1 7 0 7 0
l1i_u7-0 llc-0b19 1 7 0 7 0
l1i_u7-0 llc-0b20 1 7 0 7 0
l1i_u7-0 llc-0b21 1 7 0 7 0
l1i_u7-0 llc-0b22 1 7 0 7 0
l1i_u7-0 llc-0b23 1 7 0 7 0
l1i_u7-0 llc-0b24 1 7 0 7 0
l1i_u7-0 llc-0b25 1 7 0 7 0
l1i_u7-0 llc-0b26 1 7 0 7 0
l1i_u7-0 llc-0b27 1 7 0 7 0
l1i_u7-0 llc-0b28 1 7 0 7 0
l1i_u7-0 llc-0b29 1 7 0 7 0
l1i_u7-0 llc-0b30 1 7 0 7 0
l1i_u7-0 llc-0b31 1 7 0 7 0
l1i_u7-1 llc-0b0 1 7 0 7 0
l1i_u7-1 llc-0b1 1 7 0 7 0
l1i_u7-1 llc-0b2 1 7 0 7 0
l1i_u7-1 llc-0b3 1 7 0 7 0
l1i_u7-1 llc-0b4 1 7 0 7 0
l1i_u7-1 llc-0b5 1 7 0 7 0
l1i_u7-1 llc-0b6 1 7 0 7 0
l1i_u7-1 llc-0b7 1 7 0 7 0
l1i_u7-1 llc-0b8 1 7 0 7 0
l1i_u7-1 llc-0b9 1 7 0 7 0
l1i_u7-1 llc-0b10 1 7 0 7 0
l1i_u7-1 llc-0b11 1 7 0 7 0
l1i_u7-1 llc-0b12 1 7 0 7 0
l1i_u7-1 llc-0b13 1 7 0 7 0
l1i_u7-1 llc-0b14 1 7 0 7 0
l1i_u7-1 llc-0b15 1 7 0 7 0
l1i_u7-1 llc-0b16 1 7 0 7 0
l1i_u7-1 llc-0b17 1 7 0 7 0
l1i_u7-1 llc-0b18 1 7 0 7 0
l1i_u7-1 llc-0b19 1 7 0 7 0
l1i_u7-1 llc-0b20 1 7 0 7 0
l1i_u7-1 llc-0b21 1 7 0 7 0
l1i_u7-1 llc-0b22 1 7 0 7 0
l1i_u7-1 llc-0b23 1 7 0 7 0
l1i_u7-1 llc-0b24 1 7 0 7 0
l1i_u7-1 llc-0b25 1 7 0 7 0
l1i_u7-1 llc-0b26 1 7 0 7 0
l1i_u7-1 llc-0b27 1 7 0 7 0
l1i_u7-1 llc-0b28 1 7 0 7 0
l1i_u7-1 llc-0b29 1 7 0 7 0
l1i_u7-1 llc-0b30 1 7 0 7 0
l1i_u7-1 llc-0b31 1 7 0 7 0
l1i_u7-2 llc-0b0 1 7 0 7 0
l1i_u7-2 llc-0b1 1 7 0 7 0
l1i_u7-2 llc-0b2 1 7 0 7 0
l1i_u7-2 llc-0b3 1 7 0 7 0
l1i_u7-2 llc-0b4 1 7 0 7 0
l1i_u7-2 llc-0b5 1 7 0 7 0
l1i_u7-2 llc-0b6 1 7 0 7 0
l1i_u7-2 llc-0b7 1 7 0 7 0
l1i_u7-2 llc-0b8 1 7 0 7 0
l1i_u7-2 llc-0b9 1 7 0 7 0
l1i_u7-2 llc-0b10 1 7 0 7 0
l1i_u7-2 llc-0b11 1 7 0 7 0
l1i_u7-2 llc-0b12 1 7 0 7 0
l1i_u7-2 llc-0b13 1 7 0 7 0
l1i_u7-2 llc-0b14 1 7 0 7 0
l1i_u7-2 llc-0b15 1 7 0 7 0
l1i_u7-2 llc-0b16 1 7 0 7 0
l1i_u7-2 llc-0b17 1 7 0 7 0
l1i_u7-2 llc-0b18 1 7 0 7 0
l1i_u7-2 llc-0b19 1 7 0 7 0
l1i_u7-2 llc-0b20 1 7 0 7 0
l1i_u7-2 llc-0b21 1 7 0 7 0
l1i_u7-2 llc-0b22 1 7 0 7 0
l1i_u7-2 llc-0b23 1 7 0 7 0
l1i_u7-2 llc-0b24 1 7 0 7 0
l1i_u7-2 llc-0b25 1 7 0 7 0
l1i_u7-2 llc-0b26 1 7 0 7 0
l1i_u7-2 llc-0b27 1 7 0 7 0
l1i_u7-2 llc-0b28 1 7 0 7 0
l1i_u7-2 llc-0b29 1 7 0 7 0
l1i_u7-2 llc-0b30 1 7 0 7 0
l1i_u7-2 llc-0b31 1 7 0 7 0
l1i_u7-3 llc-0b0 1 7 0 7 0
l1i_u7-3 llc-0b1 1 7 0 7 0
l1i_u7-3 llc-0b2 1 7 0 7 0
l1i_u7-3 llc-0b3 1 7 0 7 0
l1i_u7-3 llc-0b4 1 7 0 7 0
l1i_u7-3 llc-0b5 1 7 0 7 0
l1i_u7-3 llc-0b6 1 7 0 7 0
l1i_u7-3 llc-0b7 1 7 0 7 0
l1i_u7-3 llc-0b8 1 7 0 7 0
l1i_u7-3 llc-0b9 1 7 0 7 0
l1i_u7-3 llc-0b10 1 7 0 7 0
l1i_u7-3 llc-0b11 1 7 0 7 0
l1i_u7-3 llc-0b12 1 7 0 7 0
l1i_u7-3 llc-0b13 1 7 0 7 0
l1i_u7-3 llc-0b14 1 7 0 7 0
l1i_u7-3 llc-0b15 1 7 0 7 0
l1i_u7-3 llc-0b16 1 7 0 7 0
l1i_u7-3 llc-0b17 1 7 0 7 0
l1i_u7-3 llc-0b18 1 7 0 7 0
l1i_u7-3 llc-0b19 1 7 0 7 0
l1i_u7-3 llc-0b20 1 7 0 7 0
l1i_u7-3 llc-0b21 1 7 0 7 0
l1i_u7-3 llc-0b22 1 7 0 7 0
l1i_u7-3 llc-0b23 1 7 0 7 0
l1i_u7-3 llc-0b24 1 7 0 7 0
l1i_u7-3 llc-0b25 1 7 0 7 0
l1i_u7-3 llc-0b26 1 7 0 7 0
l1i_u7-3 llc-0b27 1 7 0 7 0
l1i_u7-3 llc-0b28 1 7 0 7 0
l1i_u7-3 llc-0b29 1 7 0 7 0
l1i_u7-3 llc-0b30 1 7 0 7 0
l1i_u7-3 llc-0b31 1 7 0 7 0
l1i_u7-4 llc-0b0 1 7 0 7 0
l1i_u7-4 llc-0b1 1 7 0 7 0
l1i_u7-4 llc-0b2 1 7 0 7 0
l1i_u7-4 llc-0b3 1 7 0 7 0
l1i_u7-4 llc-0b4 1 7 0 7 0
l1i_u7-4 llc-0b5 1 7 0 7 0
l1i_u7-4 llc-0b6 1 7 0 7 0
l1i_u7-4 llc-0b7 1 7 0 7 0
l1i_u7-4 llc-0b8 1 7 0 7 0
l1i_u7-4 llc-0b9 1 7 0 7 0
l1i_u7-4 llc-0b10 1 7 0 7 0
l1i_u7-4 llc-0b11 1 7 0 7 0
l1i_u7-4 llc-0b12 1 7 0 7 0
l1i_u7-4 llc-0b13 1 7 0 7 0
l1i_u7-4 llc-0b14 1 7 0 7 0
l1i_u7-4 llc-0b15 1 7 0 7 0
l1i_u7-4 llc-0b16 1 7 0 7 0
l1i_u7-4 llc-0b17 1 7 0 7 0
l1i_u7-4 llc-0b18 1 7 0 7 0
l1i_u7-4 llc-0b19 1 7 0 7 0
l1i_u7-4 llc-0b20 1 7 0 7 0
l1i_u7-4 llc-0b21 1 7 0 7 0
l1i_u7-4 llc-0b22 1 7 0 7 0
l1i_u7-4 llc-0b23 1 7 0 7 0
l1i_u7-4 llc-0b24 1 7 0 7 0
l1i_u7-4 llc-0b25 1 7 0 7 0
l1i_u7-4 llc-0b26 1 7 0 7 0
l1i_u7-4 llc-0b27 1 7 0 7 0
l1i_u7-4 llc-0b28 1 7 0 7 0
l1i_u7-4 llc-0b29 1 7 0 7 0
l1i_u7-4 llc-0b30 1 7 0 7 0
l1i_u7-4 llc-0b31 1 7 0 7 0
l1i_u7-5 llc-0b0 1 7 0 7 0
l1i_u7-5 llc-0b1 1 7 0 7 0
l1i_u7-5 llc-0b2 1 7 0 7 0
l1i_u7-5 llc-0b3 1 7 0 7 0
l1i_u7-5 llc-0b4 1 7 0 7 0
l1i_u7-5 llc-0b5 1 7 0 7 0
l1i_u7-5 llc-0b6 1 7 0 7 0
l1i_u7-5 llc-0b7 1 7 0 7 0
l1i_u7-5 llc-0b8 1 7 0 7 0
l1i_u7-5 llc-0b9 1 7 0 7 0
l1i_u7-5 llc-0b10 1 7 0 7 0
l1i_u7-5 llc-0b11 1 7 0 7 0
l1i_u7-5 llc-0b12 1 7 0 7 0
l1i_u7-5 llc-0b13 1 7 0 7 0
l1i_u7-5 llc-0b14 1 7 0 7 0
l1i_u7-5 llc-0b15 1 7 0 7 0
l1i_u7-5 llc-0b16 1 7 0 7 0
l1i_u7-5 llc-0b17 1 7 0 7 0
l1i_u7-5 llc-0b18 1 7 0 7 0
l1i_u7-5 llc-0b19 1 7 0 7 0
l1i_u7-5 llc-0b20 1 7 0 7 0
l1i_u7-5 llc-0b21 1 7 0 7 0
l1i_u7-5 llc-0b22 1 7 0 7 0
l1i_u7-5 llc-0b23 1 7 0 7 0
l1i_u7-5 llc-0b24 1 7 0 7 0
l1i_u7-5 llc-0b25 1 7 0 7 0
l1i_u7-5 llc-0b26 1 7 0 7 0
l1i_u7-5 llc-0b27 1 7 0 7 0
l1i_u7-5 llc-0b28 1 7 0 7 0
l1i_u7-5 llc-0b29 1 7 0 7 0
l1i_u7-5 llc-0b30 1 7 0 7 0
l1i_u7-5 llc-0b31 1 7 0 7 0
l1i_u7-6 llc-0b0 1 7 0 7 0
l1i_u7-6 llc-0b1 1 7 0 7 0
l1i_u7-6 llc-0b2 1 7 0 7 0
l1i_u7-6 llc-0b3 1 7 0 7 0
l1i_u7-6 llc-0b4 1 7 0 7 0
l1i_u7-6 llc-0b5 1 7 0 7 0
l1i_u7-6 llc-0b6 1 7 0 7 0
l1i_u7-6 llc-0b7 1 7 0 7 0
l1i_u7-6 llc-0b8 1 7 0 7 0
l1i_u7-6 llc-0b9 1 7 0 7 0
l1i_u7-6 llc-0b10 1 7 0 7 0
l1i_u7-6 llc-0b11 1 7 0 7 0
l1i_u7-6 llc-0b12 1 7 0 7 0
l1i_u7-6 llc-0b13 1 7 0 7 0
l1i_u7-6 llc-0b14 1 7 0 7 0
l1i_u7-6 llc-0b15 1 7 0 7 0
l1i_u7-6 llc-0b16 1 7 0 7 0
l1i_u7-6 llc-0b17 1 7 0 7 0
l1i_u7-6 llc-0b18 1 7 0 7 0
l1i_u7-6 llc-0b19 1 7 0 7 0
l1i_u7-6 llc-0b20 1 7 0 7 0
l1i_u7-6 llc-0b21 1 7 0 7 0
l1i_u7-6 llc-0b22 1 7 0 7 0
l1i_u7-6 llc-0b23 1 7 0 7 0
l1i_u7-6 llc-0b24 1 7 0 7 0
l1i_u7-6 llc-0b25 1 7 0 7 0
l1i_u7-6 llc-0b26 1 7 0 7 0
l1i_u7-6 llc-0b27 1 7 0 7 0
l1i_u7-6 llc-0b28 1 7 0 7 0
l1i_u7-6 llc-0b29 1 7 0 7 0
l1i_u7-6 llc-0b30 1 7 0 7 0
l1i_u7-6 llc-0b31 1 7 0 7 0
l1i_u7-7 llc-0b0 1 7 0 7 0
l1i_u7-7 llc-0b1 1 7 0 7 0
l1i_u7-7 llc-0b2 1 7 0 7 0
l1i_u7-7 llc-0b3 1 7 0 7 0
l1i_u7-7 llc-0b4 1 7 0 7 0
l1i_u7-7 llc-0b5 1 7 0 7 0
l1i_u7-7 llc-0b6 1 7 0 7 0
l1i_u7-7 llc-0b7 1 7 0 7 0
l1i_u7-7 llc-0b8 1 7 0 7 0
l1i_u7-7 llc-0b9 1 7 0 7 0
l1i_u7-7 llc-0b10 1 7 0 7 0
l1i_u7-7 llc-0b11 1 7 0 7 0
l1i_u7-7 llc-0b12 1 7 0 7 0
l1i_u7-7 llc-0b13 1 7 0 7 0
l1i_u7-7 llc-0b14 1 7 0 7 0
l1i_u7-7 llc-0b15 1 7 0 7 0
l1i_u7-7 llc-0b16 1 7 0 7 0
l1i_u7-7 llc-0b17 1 7 0 7 0
l1i_u7-7 llc-0b18 1 7 0 7 0
l1i_u7-7 llc-0b19 1 7 0 7 0
l1i_u7-7 llc-0b20 1 7 0 7 0
l1i_u7-7 llc-0b21 1 7 0 7 0
l1i_u7-7 llc-0b22 1 7 0 7 0
l1i_u7-7 llc-0b23 1 7 0 7 0
l1i_u7-7 llc-0b24 1 7 0 7 0
l1i_u7-7 llc-0b25 1 7 0 7 0
l1i_u7-7 llc-0b26 1 7 0 7 0
l1i_u7-7 llc-0b27 1 7 0 7 0
l1i_u7-7 llc-0b28 1 7 0 7 0
l1i_u7-7 llc-0b29 1 7 0 7 0
l1i_u7-7 llc-0b30 1 7 0 7 0
l1i_u7-7 llc-0b31 1 7 0 7 0
l1i_u7-8 llc-0b0 1 7 0 7 0
l1i_u7-8 llc-0b1 1 7 0 7 0
l1i_u7-8 llc-0b2 1 7 0 7 0
l1i_u7-8 llc-0b3 1 7 0 7 0
l1i_u7-8 llc-0b4 1 7 0 7 0
l1i_u7-8 llc-0b5 1 7 0 7 0
l1i_u7-8 llc-0b6 1 7 0 7 0
l1i_u7-8 llc-0b7 1 7 0 7 0
l1i_u7-8 llc-0b8 1 7 0 7 0
l1i_u7-8 llc-0b9 1 7 0 7 0
l1i_u7-8 llc-0b10 1 7 0 7 0
l1i_u7-8 llc-0b11 1 7 0 7 0
l1i_u7-8 llc-0b12 1 7 0 7 0
l1i_u7-8 llc-0b13 1 7 0 7 0
l1i_u7-8 llc-0b14 1 7 0 7 0
l1i_u7-8 llc-0b15 1 7 0 7 0
l1i_u7-8 llc-0b16 1 7 0 7 0
l1i_u7-8 llc-0b17 1 7 0 7 0
l1i_u7-8 llc-0b18 1 7 0 7 0
l1i_u7-8 llc-0b19 1 7 0 7 0
l1i_u7-8 llc-0b20 1 7 0 7 0
l1i_u7-8 llc-0b21 1 7 0 7 0
l1i_u7-8 llc-0b22 1 7 0 7 0
l1i_u7-8 llc-0b23 1 7 0 7 0
l1i_u7-8 llc-0b24 1 7 0 7 0
l1i_u7-8 llc-0b25 1 7 0 7 0
l1i_u7-8 llc-0b26 1 7 0 7 0
l1i_u7-8 llc-0b27 1 7 0 7 0
l1i_u7-8 llc-0b28 1 7 0 7 0
l1i_u7-8 llc-0b29 1 7 0 7 0
l1i_u7-8 llc-0b30 1 7 0 7 0
l1i_u7-8 llc-0b31 1 7 0 7 0
l1i_u7-9 llc-0b0 1 7 0 7 0
l1i_u7-9 llc-0b1 1 7 0 7 0
l1i_u7-9 llc-0b2 1 7 0 7 0
l1i_u7-9 llc-0b3 1 7 0 7 0
l1i_u7-9 llc-0b4 1 7 0 7 0
l1i_u7-9 llc-0b5 1 7 0 7 0
l1i_u7-9 llc-0b6 1 7 0 7 0
l1i_u7-9 llc-0b7 1 7 0 7 0
l1i_u7-9 llc-0b8 1 7 0 7 0
l1i_u7-9 llc-0b9 1 7 0 7 0
l1i_u7-9 llc-0b10 1 7 0 7 0
l1i_u7-9 llc-0b11 1 7 0 7 0
l1i_u7-9 llc-0b12 1 7 0 7 0
l1i_u7-9 llc-0b13 1 7 0 7 0
l1i_u7-9 llc-0b14 1 7 0 7 0
l1i_u7-9 llc-0b15 1 7 0 7 0
l1i_u7-9 llc-0b16 1 7 0 7 0
l1i_u7-9 llc-0b17 1 7 0 7 0
l1i_u7-9 llc-0b18 1 7 0 7 0
l1i_u7-9 llc-0b19 1 7 0 7 0
l1i_u7-9 llc-0b20 1 7 0 7 0
l1i_u7-9 llc-0b21 1 7 0 7 0
l1i_u7-9 llc-0b22 1 7 0 7 0
l1i_u7-9 llc-0b23 1 7 0 7 0
l1i_u7-9 llc-0b24 1 7 0 7 0
l1i_u7-9 llc-0b25 1 7 0 7 0
l1i_u7-9 llc-0b26 1 7 0 7 0
l1i_u7-9 llc-0b27 1 7 0 7 0
l1i_u7-9 llc-0b28 1 7 0 7 0
l1i_u7-9 llc-0b29 1 7 0 7 0
l1i_u7-9 llc-0b30 1 7 0 7 0
l1i_u7-9 llc-0b31 1 7 0 7 0
l1i_u7-10 llc-0b0 1 7 0 7 0
l1i_u7-10 llc-0b1 1 7 0 7 0
l1i_u7-10 llc-0b2 1 7 0 7 0
l1i_u7-10 llc-0b3 1 7 0 7 0
l1i_u7-10 llc-0b4 1 7 0 7 0
l1i_u7-10 llc-0b5 1 7 0 7 0
l1i_u7-10 llc-0b6 1 7 0 7 0
l1i_u7-10 llc-0b7 1 7 0 7 0
l1i_u7-10 llc-0b8 1 7 0 7 0
l1i_u7-10 llc-0b9 1 7 0 7 0
l1i_u7-10 llc-0b10 1 7 0 7 0
l1i_u7-10 llc-0b11 1 7 0 7 0
l1i_u7-10 llc-0b12 1 7 0 7 0
l1i_u7-10 llc-0b13 1 7 0 7 0
l1i_u7-10 llc-0b14 1 7 0 7 0
l1i_u7-10 llc-0b15 1 7 0 7 0
l1i_u7-10 llc-0b16 1 7 0 7 0
l1i_u7-10 llc-0b17 1 7 0 7 0
l1i_u7-10 llc-0b18 1 7 0 7 0
l1i_u7-10 llc-0b19 1 7 0 7 0
l1i_u7-10 llc-0b20 1 7 0 7 0
l1i_u7-10 llc-0b21 1 7 0 7 0
l1i_u7-10 llc-0b22 1 7 0 7 0
l1i_u7-10 llc-0b23 1 7 0 7 0
l1i_u7-10 llc-0b24 1 7 0 7 0
l1i_u7-10 llc-0b25 1 7 0 7 0
l1i_u7-10 llc-0b26 1 7 0 7 0
l1i_u7-10 llc-0b27 1 7 0 7 0
l1i_u7-10 llc-0b28 1 7 0 7 0
l1i_u7-10 llc-0b29 1 7 0 7 0
l1i_u7-10 llc-0b30 1 7 0 7 0
l1i_u7-10 llc-0b31 1 7 0 7 0
l1i_u7-11 llc-0b0 1 7 0 7 0
l1i_u7-11 llc-0b1 1 7 0 7 0
l1i_u7-11 llc-0b2 1 7 0 7 0
l1i_u7-11 llc-0b3 1 7 0 7 0
l1i_u7-11 llc-0b4 1 7 0 7 0
l1i_u7-11 llc-0b5 1 7 0 7 0
l1i_u7-11 llc-0b6 1 7 0 7 0
l1i_u7-11 llc-0b7 1 7 0 7 0
l1i_u7-11 llc-0b8 1 7 0 7 0
l1i_u7-11 llc-0b9 1 7 0 7 0
l1i_u7-11 llc-0b10 1 7 0 7 0
l1i_u7-11 llc-0b11 1 7 0 7 0
l1i_u7-11 llc-0b12 1 7 0 7 0
l1i_u7-11 llc-0b13 1 7 0 7 0
l1i_u7-11 llc-0b14 1 7 0 7 0
l1i_u7-11 llc-0b15 1 7 0 7 0
l1i_u7-11 llc-0b16 1 7 0 7 0
l1i_u7-11 llc-0b17 1 7 0 7 0
l1i_u7-11 llc-0b18 1 7 0 7 0
l1i_u7-11 llc-0b19 1 7 0 7 0
l1i_u7-11 llc-0b20 1 7 0 7 0
l1i_u7-11 llc-0b21 1 7 0 7 0
l1i_u7-11 llc-0b22 1 7 0 7 0
l1i_u7-11 llc-0b23 1 7 0 7 0
l1i_u7-11 llc-0b24 1 7 0 7 0
l1i_u7-11 llc-0b25 1 7 0 7 0
l1i_u7-11 llc-0b26 1 7 0 7 0
l1i_u7-11 llc-0b27 1 7 0 7 0
l1i_u7-11 llc-0b28 1 7 0 7 0
l1i_u7-11 llc-0b29 1 7 0 7 0
l1i_u7-11 llc-0b30 1 7 0 7 0
l1i_u7-11 llc-0b31 1 7 0 7 0
l1i_u7-12 llc-0b0 1 7 0 7 0
l1i_u7-12 llc-0b1 1 7 0 7 0
l1i_u7-12 llc-0b2 1 7 0 7 0
l1i_u7-12 llc-0b3 1 7 0 7 0
l1i_u7-12 llc-0b4 1 7 0 7 0
l1i_u7-12 llc-0b5 1 7 0 7 0
l1i_u7-12 llc-0b6 1 7 0 7 0
l1i_u7-12 llc-0b7 1 7 0 7 0
l1i_u7-12 llc-0b8 1 7 0 7 0
l1i_u7-12 llc-0b9 1 7 0 7 0
l1i_u7-12 llc-0b10 1 7 0 7 0
l1i_u7-12 llc-0b11 1 7 0 7 0
l1i_u7-12 llc-0b12 1 7 0 7 0
l1i_u7-12 llc-0b13 1 7 0 7 0
l1i_u7-12 llc-0b14 1 7 0 7 0
l1i_u7-12 llc-0b15 1 7 0 7 0
l1i_u7-12 llc-0b16 1 7 0 7 0
l1i_u7-12 llc-0b17 1 7 0 7 0
l1i_u7-12 llc-0b18 1 7 0 7 0
l1i_u7-12 llc-0b19 1 7 0 7 0
l1i_u7-12 llc-0b20 1 7 0 7 0
l1i_u7-12 llc-0b21 1 7 0 7 0
l1i_u7-12 llc-0b22 1 7 0 7 0
l1i_u7-12 llc-0b23 1 7 0 7 0
l1i_u7-12 llc-0b24 1 7 0 7 0
l1i_u7-12 llc-0b25 1 7 0 7 0
l1i_u7-12 llc-0b26 1 7 0 7 0
l1i_u7-12 llc-0b27 1 7 0 7 0
l1i_u7-12 llc-0b28 1 7 0 7 0
l1i_u7-12 llc-0b29 1 7 0 7 0
l1i_u7-12 llc-0b30 1 7 0 7 0
l1i_u7-12 llc-0b31 1 7 0 7 0
l1i_u7-13 llc-0b0 1 7 0 7 0
l1i_u7-13 llc-0b1 1 7 0 7 0
l1i_u7-13 llc-0b2 1 7 0 7 0
l1i_u7-13 llc-0b3 1 7 0 7 0
l1i_u7-13 llc-0b4 1 7 0 7 0
l1i_u7-13 llc-0b5 1 7 0 7 0
l1i_u7-13 llc-0b6 1 7 0 7 0
l1i_u7-13 llc-0b7 1 7 0 7 0
l1i_u7-13 llc-0b8 1 7 0 7 0
l1i_u7-13 llc-0b9 1 7 0 7 0
l1i_u7-13 llc-0b10 1 7 0 7 0
l1i_u7-13 llc-0b11 1 7 0 7 0
l1i_u7-13 llc-0b12 1 7 0 7 0
l1i_u7-13 llc-0b13 1 7 0 7 0
l1i_u7-13 llc-0b14 1 7 0 7 0
l1i_u7-13 llc-0b15 1 7 0 7 0
l1i_u7-13 llc-0b16 1 7 0 7 0
l1i_u7-13 llc-0b17 1 7 0 7 0
l1i_u7-13 llc-0b18 1 7 0 7 0
l1i_u7-13 llc-0b19 1 7 0 7 0
l1i_u7-13 llc-0b20 1 7 0 7 0
l1i_u7-13 llc-0b21 1 7 0 7 0
l1i_u7-13 llc-0b22 1 7 0 7 0
l1i_u7-13 llc-0b23 1 7 0 7 0
l1i_u7-13 llc-0b24 1 7 0 7 0
l1i_u7-13 llc-0b25 1 7 0 7 0
l1i_u7-13 llc-0b26 1 7 0 7 0
l1i_u7-13 llc-0b27 1 7 0 7 0
l1i_u7-13 llc-0b28 1 7 0 7 0
l1i_u7-13 llc-0b29 1 7 0 7 0
l1i_u7-13 llc-0b30 1 7 0 7 0
l1i_u7-13 llc-0b31 1 7 0 7 0
l1i_u7-14 llc-0b0 1 7 0 7 0
l1i_u7-14 llc-0b1 1 7 0 7 0
l1i_u7-14 llc-0b2 1 7 0 7 0
l1i_u7-14 llc-0b3 1 7 0 7 0
l1i_u7-14 llc-0b4 1 7 0 7 0
l1i_u7-14 llc-0b5 1 7 0 7 0
l1i_u7-14 llc-0b6 1 7 0 7 0
l1i_u7-14 llc-0b7 1 7 0 7 0
l1i_u7-14 llc-0b8 1 7 0 7 0
l1i_u7-14 llc-0b9 1 7 0 7 0
l1i_u7-14 llc-0b10 1 7 0 7 0
l1i_u7-14 llc-0b11 1 7 0 7 0
l1i_u7-14 llc-0b12 1 7 0 7 0
l1i_u7-14 llc-0b13 1 7 0 7 0
l1i_u7-14 llc-0b14 1 7 0 7 0
l1i_u7-14 llc-0b15 1 7 0 7 0
l1i_u7-14 llc-0b16 1 7 0 7 0
l1i_u7-14 llc-0b17 1 7 0 7 0
l1i_u7-14 llc-0b18 1 7 0 7 0
l1i_u7-14 llc-0b19 1 7 0 7 0
l1i_u7-14 llc-0b20 1 7 0 7 0
l1i_u7-14 llc-0b21 1 7 0 7 0
l1i_u7-14 llc-0b22 1 7 0 7 0
l1i_u7-14 llc-0b23 1 7 0 7 0
l1i_u7-14 llc-0b24 1 7 0 7 0
l1i_u7-14 llc-0b25 1 7 0 7 0
l1i_u7-14 llc-0b26 1 7 0 7 0
l1i_u7-14 llc-0b27 1 7 0 7 0
l1i_u7-14 llc-0b28 1 7 0 7 0
l1i_u7-14 llc-0b29 1 7 0 7 0
l1i_u7-14 llc-0b30 1 7 0 7 0
l1i_u7-14 llc-0b31 1 7 0 7 0
l1i_u7-15 llc-0b0 1 7 0 7 0
l1i_u7-15 llc-0b1 1 7 0 7 0
l1i_u7-15 llc-0b2 1 7 0 7 0
l1i_u7-15 llc-0b3 1 7 0 7 0
l1i_u7-15 llc-0b4 1 7 0 7 0
l1i_u7-15 llc-0b5 1 7 0 7 0
l1i_u7-15 llc-0b6 1 7 0 7 0
l1i_u7-15 llc-0b7 1 7 0 7 0
l1i_u7-15 llc-0b8 1 7 0 7 0
l1i_u7-15 llc-0b9 1 7 0 7 0
l1i_u7-15 llc-0b10 1 7 0 7 0
l1i_u7-15 llc-0b11 1 7 0 7 0
l1i_u7-15 llc-0b12 1 7 0 7 0
l1i_u7-15 llc-0b13 1 7 0 7 0
l1i_u7-15 llc-0b14 1 7 0 7 0
l1i_u7-15 llc-0b15 1 7 0 7 0
l1i_u7-15 llc-0b16 1 7 0 7 0
l1i_u7-15 llc-0b17 1 7 0 7 0
l1i_u7-15 llc-0b18 1 7 0 7 0
l1i_u7-15 llc-0b19 1 7 0 7 0
l1i_u7-15 llc-0b20 1 7 0 7 0
l1i_u7-15 llc-0b21 1 7 0 7 0
l1i_u7-15 llc-0b22 1 7 0 7 0
l1i_u7-15 llc-0b23 1 7 0 7 0
l1i_u7-15 llc-0b24 1 7 0 7 0
l1i_u7-15 llc-0b25 1 7 0 7 0
l1i_u7-15 llc-0b26 1 7 0 7 0
l1i_u7-15 llc-0b27 1 7 0 7 0
l1i_u7-15 llc-0b28 1 7 0 7 0
l1i_u7-15 llc-0b29 1 7 0 7 0
l1i_u7-15 llc-0b30 1 7 0 7 0
l1i_u7-15 llc-0b31 1 7 0 7 0
l1d_u7-0 llc-0b0 1 7 0 7 0
l1d_u7-0 llc-0b1 1 7 0 7 0
l1d_u7-0 llc-0b2 1 7 0 7 0
l1d_u7-0 llc-0b3 1 7 0 7 0
l1d_u7-0 llc-0b4 1 7 0 7 0
l1d_u7-0 llc-0b5 1 7 0 7 0
l1d_u7-0 llc-0b6 1 7 0 7 0
l1d_u7-0 llc-0b7 1 7 0 7 0
l1d_u7-0 llc-0b8 1 7 0 7 0
l1d_u7-0 llc-0b9 1 7 0 7 0
l1d_u7-0 llc-0b10 1 7 0 7 0
l1d_u7-0 llc-0b11 1 7 0 7 0
l1d_u7-0 llc-0b12 1 7 0 7 0
l1d_u7-0 llc-0b13 1 7 0 7 0
l1d_u7-0 llc-0b14 1 7 0 7 0
l1d_u7-0 llc-0b15 1 7 0 7 0
l1d_u7-0 llc-0b16 1 7 0 7 0
l1d_u7-0 llc-0b17 1 7 0 7 0
l1d_u7-0 llc-0b18 1 7 0 7 0
l1d_u7-0 llc-0b19 1 7 0 7 0
l1d_u7-0 llc-0b20 1 7 0 7 0
l1d_u7-0 llc-0b21 1 7 0 7 0
l1d_u7-0 llc-0b22 1 7 0 7 0
l1d_u7-0 llc-0b23 1 7 0 7 0
l1d_u7-0 llc-0b24 1 7 0 7 0
l1d_u7-0 llc-0b25 1 7 0 7 0
l1d_u7-0 llc-0b26 1 7 0 7 0
l1d_u7-0 llc-0b27 1 7 0 7 0
l1d_u7-0 llc-0b28 1 7 0 7 0
l1d_u7-0 llc-0b29 1 7 0 7 0
l1d_u7-0 llc-0b30 1 7 0 7 0
l1d_u7-0 llc-0b31 1 7 0 7 0
l1d_u7-1 llc-0b0 1 7 0 7 0
l1d_u7-1 llc-0b1 1 7 0 7 0
l1d_u7-1 llc-0b2 1 7 0 7 0
l1d_u7-1 llc-0b3 1 7 0 7 0
l1d_u7-1 llc-0b4 1 7 0 7 0
l1d_u7-1 llc-0b5 1 7 0 7 0
l1d_u7-1 llc-0b6 1 7 0 7 0
l1d_u7-1 llc-0b7 1 7 0 7 0
l1d_u7-1 llc-0b8 1 7 0 7 0
l1d_u7-1 llc-0b9 1 7 0 7 0
l1d_u7-1 llc-0b10 1 7 0 7 0
l1d_u7-1 llc-0b11 1 7 0 7 0
l1d_u7-1 llc-0b12 1 7 0 7 0
l1d_u7-1 llc-0b13 1 7 0 7 0
l1d_u7-1 llc-0b14 1 7 0 7 0
l1d_u7-1 llc-0b15 1 7 0 7 0
l1d_u7-1 llc-0b16 1 7 0 7 0
l1d_u7-1 llc-0b17 1 7 0 7 0
l1d_u7-1 llc-0b18 1 7 0 7 0
l1d_u7-1 llc-0b19 1 7 0 7 0
l1d_u7-1 llc-0b20 1 7 0 7 0
l1d_u7-1 llc-0b21 1 7 0 7 0
l1d_u7-1 llc-0b22 1 7 0 7 0
l1d_u7-1 llc-0b23 1 7 0 7 0
l1d_u7-1 llc-0b24 1 7 0 7 0
l1d_u7-1 llc-0b25 1 7 0 7 0
l1d_u7-1 llc-0b26 1 7 0 7 0
l1d_u7-1 llc-0b27 1 7 0 7 0
l1d_u7-1 llc-0b28 1 7 0 7 0
l1d_u7-1 llc-0b29 1 7 0 7 0
l1d_u7-1 llc-0b30 1 7 0 7 0
l1d_u7-1 llc-0b31 1 7 0 7 0
l1d_u7-2 llc-0b0 1 7 0 7 0
l1d_u7-2 llc-0b1 1 7 0 7 0
l1d_u7-2 llc-0b2 1 7 0 7 0
l1d_u7-2 llc-0b3 1 7 0 7 0
l1d_u7-2 llc-0b4 1 7 0 7 0
l1d_u7-2 llc-0b5 1 7 0 7 0
l1d_u7-2 llc-0b6 1 7 0 7 0
l1d_u7-2 llc-0b7 1 7 0 7 0
l1d_u7-2 llc-0b8 1 7 0 7 0
l1d_u7-2 llc-0b9 1 7 0 7 0
l1d_u7-2 llc-0b10 1 7 0 7 0
l1d_u7-2 llc-0b11 1 7 0 7 0
l1d_u7-2 llc-0b12 1 7 0 7 0
l1d_u7-2 llc-0b13 1 7 0 7 0
l1d_u7-2 llc-0b14 1 7 0 7 0
l1d_u7-2 llc-0b15 1 7 0 7 0
l1d_u7-2 llc-0b16 1 7 0 7 0
l1d_u7-2 llc-0b17 1 7 0 7 0
l1d_u7-2 llc-0b18 1 7 0 7 0
l1d_u7-2 llc-0b19 1 7 0 7 0
l1d_u7-2 llc-0b20 1 7 0 7 0
l1d_u7-2 llc-0b21 1 7 0 7 0
l1d_u7-2 llc-0b22 1 7 0 7 0
l1d_u7-2 llc-0b23 1 7 0 7 0
l1d_u7-2 llc-0b24 1 7 0 7 0
l1d_u7-2 llc-0b25 1 7 0 7 0
l1d_u7-2 llc-0b26 1 7 0 7 0
l1d_u7-2 llc-0b27 1 7 0 7 0
l1d_u7-2 llc-0b28 1 7 0 7 0
l1d_u7-2 llc-0b29 1 7 0 7 0
l1d_u7-2 llc-0b30 1 7 0 7 0
l1d_u7-2 llc-0b31 1 7 0 7 0
l1d_u7-3 llc-0b0 1 7 0 7 0
l1d_u7-3 llc-0b1 1 7 0 7 0
l1d_u7-3 llc-0b2 1 7 0 7 0
l1d_u7-3 llc-0b3 1 7 0 7 0
l1d_u7-3 llc-0b4 1 7 0 7 0
l1d_u7-3 llc-0b5 1 7 0 7 0
l1d_u7-3 llc-0b6 1 7 0 7 0
l1d_u7-3 llc-0b7 1 7 0 7 0
l1d_u7-3 llc-0b8 1 7 0 7 0
l1d_u7-3 llc-0b9 1 7 0 7 0
l1d_u7-3 llc-0b10 1 7 0 7 0
l1d_u7-3 llc-0b11 1 7 0 7 0
l1d_u7-3 llc-0b12 1 7 0 7 0
l1d_u7-3 llc-0b13 1 7 0 7 0
l1d_u7-3 llc-0b14 1 7 0 7 0
l1d_u7-3 llc-0b15 1 7 0 7 0
l1d_u7-3 llc-0b16 1 7 0 7 0
l1d_u7-3 llc-0b17 1 7 0 7 0
l1d_u7-3 llc-0b18 1 7 0 7 0
l1d_u7-3 llc-0b19 1 7 0 7 0
l1d_u7-3 llc-0b20 1 7 0 7 0
l1d_u7-3 llc-0b21 1 7 0 7 0
l1d_u7-3 llc-0b22 1 7 0 7 0
l1d_u7-3 llc-0b23 1 7 0 7 0
l1d_u7-3 llc-0b24 1 7 0 7 0
l1d_u7-3 llc-0b25 1 7 0 7 0
l1d_u7-3 llc-0b26 1 7 0 7 0
l1d_u7-3 llc-0b27 1 7 0 7 0
l1d_u7-3 llc-0b28 1 7 0 7 0
l1d_u7-3 llc-0b29 1 7 0 7 0
l1d_u7-3 llc-0b30 1 7 0 7 0
l1d_u7-3 llc-0b31 1 7 0 7 0
l1d_u7-4 llc-0b0 1 7 0 7 0
l1d_u7-4 llc-0b1 1 7 0 7 0
l1d_u7-4 llc-0b2 1 7 0 7 0
l1d_u7-4 llc-0b3 1 7 0 7 0
l1d_u7-4 llc-0b4 1 7 0 7 0
l1d_u7-4 llc-0b5 1 7 0 7 0
l1d_u7-4 llc-0b6 1 7 0 7 0
l1d_u7-4 llc-0b7 1 7 0 7 0
l1d_u7-4 llc-0b8 1 7 0 7 0
l1d_u7-4 llc-0b9 1 7 0 7 0
l1d_u7-4 llc-0b10 1 7 0 7 0
l1d_u7-4 llc-0b11 1 7 0 7 0
l1d_u7-4 llc-0b12 1 7 0 7 0
l1d_u7-4 llc-0b13 1 7 0 7 0
l1d_u7-4 llc-0b14 1 7 0 7 0
l1d_u7-4 llc-0b15 1 7 0 7 0
l1d_u7-4 llc-0b16 1 7 0 7 0
l1d_u7-4 llc-0b17 1 7 0 7 0
l1d_u7-4 llc-0b18 1 7 0 7 0
l1d_u7-4 llc-0b19 1 7 0 7 0
l1d_u7-4 llc-0b20 1 7 0 7 0
l1d_u7-4 llc-0b21 1 7 0 7 0
l1d_u7-4 llc-0b22 1 7 0 7 0
l1d_u7-4 llc-0b23 1 7 0 7 0
l1d_u7-4 llc-0b24 1 7 0 7 0
l1d_u7-4 llc-0b25 1 7 0 7 0
l1d_u7-4 llc-0b26 1 7 0 7 0
l1d_u7-4 llc-0b27 1 7 0 7 0
l1d_u7-4 llc-0b28 1 7 0 7 0
l1d_u7-4 llc-0b29 1 7 0 7 0
l1d_u7-4 llc-0b30 1 7 0 7 0
l1d_u7-4 llc-0b31 1 7 0 7 0
l1d_u7-5 llc-0b0 1 7 0 7 0
l1d_u7-5 llc-0b1 1 7 0 7 0
l1d_u7-5 llc-0b2 1 7 0 7 0
l1d_u7-5 llc-0b3 1 7 0 7 0
l1d_u7-5 llc-0b4 1 7 0 7 0
l1d_u7-5 llc-0b5 1 7 0 7 0
l1d_u7-5 llc-0b6 1 7 0 7 0
l1d_u7-5 llc-0b7 1 7 0 7 0
l1d_u7-5 llc-0b8 1 7 0 7 0
l1d_u7-5 llc-0b9 1 7 0 7 0
l1d_u7-5 llc-0b10 1 7 0 7 0
l1d_u7-5 llc-0b11 1 7 0 7 0
l1d_u7-5 llc-0b12 1 7 0 7 0
l1d_u7-5 llc-0b13 1 7 0 7 0
l1d_u7-5 llc-0b14 1 7 0 7 0
l1d_u7-5 llc-0b15 1 7 0 7 0
l1d_u7-5 llc-0b16 1 7 0 7 0
l1d_u7-5 llc-0b17 1 7 0 7 0
l1d_u7-5 llc-0b18 1 7 0 7 0
l1d_u7-5 llc-0b19 1 7 0 7 0
l1d_u7-5 llc-0b20 1 7 0 7 0
l1d_u7-5 llc-0b21 1 7 0 7 0
l1d_u7-5 llc-0b22 1 7 0 7 0
l1d_u7-5 llc-0b23 1 7 0 7 0
l1d_u7-5 llc-0b24 1 7 0 7 0
l1d_u7-5 llc-0b25 1 7 0 7 0
l1d_u7-5 llc-0b26 1 7 0 7 0
l1d_u7-5 llc-0b27 1 7 0 7 0
l1d_u7-5 llc-0b28 1 7 0 7 0
l1d_u7-5 llc-0b29 1 7 0 7 0
l1d_u7-5 llc-0b30 1 7 0 7 0
l1d_u7-5 llc-0b31 1 7 0 7 0
l1d_u7-6 llc-0b0 1 7 0 7 0
l1d_u7-6 llc-0b1 1 7 0 7 0
l1d_u7-6 llc-0b2 1 7 0 7 0
l1d_u7-6 llc-0b3 1 7 0 7 0
l1d_u7-6 llc-0b4 1 7 0 7 0
l1d_u7-6 llc-0b5 1 7 0 7 0
l1d_u7-6 llc-0b6 1 7 0 7 0
l1d_u7-6 llc-0b7 1 7 0 7 0
l1d_u7-6 llc-0b8 1 7 0 7 0
l1d_u7-6 llc-0b9 1 7 0 7 0
l1d_u7-6 llc-0b10 1 7 0 7 0
l1d_u7-6 llc-0b11 1 7 0 7 0
l1d_u7-6 llc-0b12 1 7 0 7 0
l1d_u7-6 llc-0b13 1 7 0 7 0
l1d_u7-6 llc-0b14 1 7 0 7 0
l1d_u7-6 llc-0b15 1 7 0 7 0
l1d_u7-6 llc-0b16 1 7 0 7 0
l1d_u7-6 llc-0b17 1 7 0 7 0
l1d_u7-6 llc-0b18 1 7 0 7 0
l1d_u7-6 llc-0b19 1 7 0 7 0
l1d_u7-6 llc-0b20 1 7 0 7 0
l1d_u7-6 llc-0b21 1 7 0 7 0
l1d_u7-6 llc-0b22 1 7 0 7 0
l1d_u7-6 llc-0b23 1 7 0 7 0
l1d_u7-6 llc-0b24 1 7 0 7 0
l1d_u7-6 llc-0b25 1 7 0 7 0
l1d_u7-6 llc-0b26 1 7 0 7 0
l1d_u7-6 llc-0b27 1 7 0 7 0
l1d_u7-6 llc-0b28 1 7 0 7 0
l1d_u7-6 llc-0b29 1 7 0 7 0
l1d_u7-6 llc-0b30 1 7 0 7 0
l1d_u7-6 llc-0b31 1 7 0 7 0
l1d_u7-7 llc-0b0 1 7 0 7 0
l1d_u7-7 llc-0b1 1 7 0 7 0
l1d_u7-7 llc-0b2 1 7 0 7 0
l1d_u7-7 llc-0b3 1 7 0 7 0
l1d_u7-7 llc-0b4 1 7 0 7 0
l1d_u7-7 llc-0b5 1 7 0 7 0
l1d_u7-7 llc-0b6 1 7 0 7 0
l1d_u7-7 llc-0b7 1 7 0 7 0
l1d_u7-7 llc-0b8 1 7 0 7 0
l1d_u7-7 llc-0b9 1 7 0 7 0
l1d_u7-7 llc-0b10 1 7 0 7 0
l1d_u7-7 llc-0b11 1 7 0 7 0
l1d_u7-7 llc-0b12 1 7 0 7 0
l1d_u7-7 llc-0b13 1 7 0 7 0
l1d_u7-7 llc-0b14 1 7 0 7 0
l1d_u7-7 llc-0b15 1 7 0 7 0
l1d_u7-7 llc-0b16 1 7 0 7 0
l1d_u7-7 llc-0b17 1 7 0 7 0
l1d_u7-7 llc-0b18 1 7 0 7 0
l1d_u7-7 llc-0b19 1 7 0 7 0
l1d_u7-7 llc-0b20 1 7 0 7 0
l1d_u7-7 llc-0b21 1 7 0 7 0
l1d_u7-7 llc-0b22 1 7 0 7 0
l1d_u7-7 llc-0b23 1 7 0 7 0
l1d_u7-7 llc-0b24 1 7 0 7 0
l1d_u7-7 llc-0b25 1 7 0 7 0
l1d_u7-7 llc-0b26 1 7 0 7 0
l1d_u7-7 llc-0b27 1 7 0 7 0
l1d_u7-7 llc-0b28 1 7 0 7 0
l1d_u7-7 llc-0b29 1 7 0 7 0
l1d_u7-7 llc-0b30 1 7 0 7 0
l1d_u7-7 llc-0b31 1 7 0 7 0
l1d_u7-8 llc-0b0 1 7 0 7 0
l1d_u7-8 llc-0b1 1 7 0 7 0
l1d_u7-8 llc-0b2 1 7 0 7 0
l1d_u7-8 llc-0b3 1 7 0 7 0
l1d_u7-8 llc-0b4 1 7 0 7 0
l1d_u7-8 llc-0b5 1 7 0 7 0
l1d_u7-8 llc-0b6 1 7 0 7 0
l1d_u7-8 llc-0b7 1 7 0 7 0
l1d_u7-8 llc-0b8 1 7 0 7 0
l1d_u7-8 llc-0b9 1 7 0 7 0
l1d_u7-8 llc-0b10 1 7 0 7 0
l1d_u7-8 llc-0b11 1 7 0 7 0
l1d_u7-8 llc-0b12 1 7 0 7 0
l1d_u7-8 llc-0b13 1 7 0 7 0
l1d_u7-8 llc-0b14 1 7 0 7 0
l1d_u7-8 llc-0b15 1 7 0 7 0
l1d_u7-8 llc-0b16 1 7 0 7 0
l1d_u7-8 llc-0b17 1 7 0 7 0
l1d_u7-8 llc-0b18 1 7 0 7 0
l1d_u7-8 llc-0b19 1 7 0 7 0
l1d_u7-8 llc-0b20 1 7 0 7 0
l1d_u7-8 llc-0b21 1 7 0 7 0
l1d_u7-8 llc-0b22 1 7 0 7 0
l1d_u7-8 llc-0b23 1 7 0 7 0
l1d_u7-8 llc-0b24 1 7 0 7 0
l1d_u7-8 llc-0b25 1 7 0 7 0
l1d_u7-8 llc-0b26 1 7 0 7 0
l1d_u7-8 llc-0b27 1 7 0 7 0
l1d_u7-8 llc-0b28 1 7 0 7 0
l1d_u7-8 llc-0b29 1 7 0 7 0
l1d_u7-8 llc-0b30 1 7 0 7 0
l1d_u7-8 llc-0b31 1 7 0 7 0
l1d_u7-9 llc-0b0 1 7 0 7 0
l1d_u7-9 llc-0b1 1 7 0 7 0
l1d_u7-9 llc-0b2 1 7 0 7 0
l1d_u7-9 llc-0b3 1 7 0 7 0
l1d_u7-9 llc-0b4 1 7 0 7 0
l1d_u7-9 llc-0b5 1 7 0 7 0
l1d_u7-9 llc-0b6 1 7 0 7 0
l1d_u7-9 llc-0b7 1 7 0 7 0
l1d_u7-9 llc-0b8 1 7 0 7 0
l1d_u7-9 llc-0b9 1 7 0 7 0
l1d_u7-9 llc-0b10 1 7 0 7 0
l1d_u7-9 llc-0b11 1 7 0 7 0
l1d_u7-9 llc-0b12 1 7 0 7 0
l1d_u7-9 llc-0b13 1 7 0 7 0
l1d_u7-9 llc-0b14 1 7 0 7 0
l1d_u7-9 llc-0b15 1 7 0 7 0
l1d_u7-9 llc-0b16 1 7 0 7 0
l1d_u7-9 llc-0b17 1 7 0 7 0
l1d_u7-9 llc-0b18 1 7 0 7 0
l1d_u7-9 llc-0b19 1 7 0 7 0
l1d_u7-9 llc-0b20 1 7 0 7 0
l1d_u7-9 llc-0b21 1 7 0 7 0
l1d_u7-9 llc-0b22 1 7 0 7 0
l1d_u7-9 llc-0b23 1 7 0 7 0
l1d_u7-9 llc-0b24 1 7 0 7 0
l1d_u7-9 llc-0b25 1 7 0 7 0
l1d_u7-9 llc-0b26 1 7 0 7 0
l1d_u7-9 llc-0b27 1 7 0 7 0
l1d_u7-9 llc-0b28 1 7 0 7 0
l1d_u7-9 llc-0b29 1 7 0 7 0
l1d_u7-9 llc-0b30 1 7 0 7 0
l1d_u7-9 llc-0b31 1 7 0 7 0
l1d_u7-10 llc-0b0 1 7 0 7 0
l1d_u7-10 llc-0b1 1 7 0 7 0
l1d_u7-10 llc-0b2 1 7 0 7 0
l1d_u7-10 llc-0b3 1 7 0 7 0
l1d_u7-10 llc-0b4 1 7 0 7 0
l1d_u7-10 llc-0b5 1 7 0 7 0
l1d_u7-10 llc-0b6 1 7 0 7 0
l1d_u7-10 llc-0b7 1 7 0 7 0
l1d_u7-10 llc-0b8 1 7 0 7 0
l1d_u7-10 llc-0b9 1 7 0 7 0
l1d_u7-10 llc-0b10 1 7 0 7 0
l1d_u7-10 llc-0b11 1 7 0 7 0
l1d_u7-10 llc-0b12 1 7 0 7 0
l1d_u7-10 llc-0b13 1 7 0 7 0
l1d_u7-10 llc-0b14 1 7 0 7 0
l1d_u7-10 llc-0b15 1 7 0 7 0
l1d_u7-10 llc-0b16 1 7 0 7 0
l1d_u7-10 llc-0b17 1 7 0 7 0
l1d_u7-10 llc-0b18 1 7 0 7 0
l1d_u7-10 llc-0b19 1 7 0 7 0
l1d_u7-10 llc-0b20 1 7 0 7 0
l1d_u7-10 llc-0b21 1 7 0 7 0
l1d_u7-10 llc-0b22 1 7 0 7 0
l1d_u7-10 llc-0b23 1 7 0 7 0
l1d_u7-10 llc-0b24 1 7 0 7 0
l1d_u7-10 llc-0b25 1 7 0 7 0
l1d_u7-10 llc-0b26 1 7 0 7 0
l1d_u7-10 llc-0b27 1 7 0 7 0
l1d_u7-10 llc-0b28 1 7 0 7 0
l1d_u7-10 llc-0b29 1 7 0 7 0
l1d_u7-10 llc-0b30 1 7 0 7 0
l1d_u7-10 llc-0b31 1 7 0 7 0
l1d_u7-11 llc-0b0 1 7 0 7 0
l1d_u7-11 llc-0b1 1 7 0 7 0
l1d_u7-11 llc-0b2 1 7 0 7 0
l1d_u7-11 llc-0b3 1 7 0 7 0
l1d_u7-11 llc-0b4 1 7 0 7 0
l1d_u7-11 llc-0b5 1 7 0 7 0
l1d_u7-11 llc-0b6 1 7 0 7 0
l1d_u7-11 llc-0b7 1 7 0 7 0
l1d_u7-11 llc-0b8 1 7 0 7 0
l1d_u7-11 llc-0b9 1 7 0 7 0
l1d_u7-11 llc-0b10 1 7 0 7 0
l1d_u7-11 llc-0b11 1 7 0 7 0
l1d_u7-11 llc-0b12 1 7 0 7 0
l1d_u7-11 llc-0b13 1 7 0 7 0
l1d_u7-11 llc-0b14 1 7 0 7 0
l1d_u7-11 llc-0b15 1 7 0 7 0
l1d_u7-11 llc-0b16 1 7 0 7 0
l1d_u7-11 llc-0b17 1 7 0 7 0
l1d_u7-11 llc-0b18 1 7 0 7 0
l1d_u7-11 llc-0b19 1 7 0 7 0
l1d_u7-11 llc-0b20 1 7 0 7 0
l1d_u7-11 llc-0b21 1 7 0 7 0
l1d_u7-11 llc-0b22 1 7 0 7 0
l1d_u7-11 llc-0b23 1 7 0 7 0
l1d_u7-11 llc-0b24 1 7 0 7 0
l1d_u7-11 llc-0b25 1 7 0 7 0
l1d_u7-11 llc-0b26 1 7 0 7 0
l1d_u7-11 llc-0b27 1 7 0 7 0
l1d_u7-11 llc-0b28 1 7 0 7 0
l1d_u7-11 llc-0b29 1 7 0 7 0
l1d_u7-11 llc-0b30 1 7 0 7 0
l1d_u7-11 llc-0b31 1 7 0 7 0
l1d_u7-12 llc-0b0 1 7 0 7 0
l1d_u7-12 llc-0b1 1 7 0 7 0
l1d_u7-12 llc-0b2 1 7 0 7 0
l1d_u7-12 llc-0b3 1 7 0 7 0
l1d_u7-12 llc-0b4 1 7 0 7 0
l1d_u7-12 llc-0b5 1 7 0 7 0
l1d_u7-12 llc-0b6 1 7 0 7 0
l1d_u7-12 llc-0b7 1 7 0 7 0
l1d_u7-12 llc-0b8 1 7 0 7 0
l1d_u7-12 llc-0b9 1 7 0 7 0
l1d_u7-12 llc-0b10 1 7 0 7 0
l1d_u7-12 llc-0b11 1 7 0 7 0
l1d_u7-12 llc-0b12 1 7 0 7 0
l1d_u7-12 llc-0b13 1 7 0 7 0
l1d_u7-12 llc-0b14 1 7 0 7 0
l1d_u7-12 llc-0b15 1 7 0 7 0
l1d_u7-12 llc-0b16 1 7 0 7 0
l1d_u7-12 llc-0b17 1 7 0 7 0
l1d_u7-12 llc-0b18 1 7 0 7 0
l1d_u7-12 llc-0b19 1 7 0 7 0
l1d_u7-12 llc-0b20 1 7 0 7 0
l1d_u7-12 llc-0b21 1 7 0 7 0
l1d_u7-12 llc-0b22 1 7 0 7 0
l1d_u7-12 llc-0b23 1 7 0 7 0
l1d_u7-12 llc-0b24 1 7 0 7 0
l1d_u7-12 llc-0b25 1 7 0 7 0
l1d_u7-12 llc-0b26 1 7 0 7 0
l1d_u7-12 llc-0b27 1 7 0 7 0
l1d_u7-12 llc-0b28 1 7 0 7 0
l1d_u7-12 llc-0b29 1 7 0 7 0
l1d_u7-12 llc-0b30 1 7 0 7 0
l1d_u7-12 llc-0b31 1 7 0 7 0
l1d_u7-13 llc-0b0 1 7 0 7 0
l1d_u7-13 llc-0b1 1 7 0 7 0
l1d_u7-13 llc-0b2 1 7 0 7 0
l1d_u7-13 llc-0b3 1 7 0 7 0
l1d_u7-13 llc-0b4 1 7 0 7 0
l1d_u7-13 llc-0b5 1 7 0 7 0
l1d_u7-13 llc-0b6 1 7 0 7 0
l1d_u7-13 llc-0b7 1 7 0 7 0
l1d_u7-13 llc-0b8 1 7 0 7 0
l1d_u7-13 llc-0b9 1 7 0 7 0
l1d_u7-13 llc-0b10 1 7 0 7 0
l1d_u7-13 llc-0b11 1 7 0 7 0
l1d_u7-13 llc-0b12 1 7 0 7 0
l1d_u7-13 llc-0b13 1 7 0 7 0
l1d_u7-13 llc-0b14 1 7 0 7 0
l1d_u7-13 llc-0b15 1 7 0 7 0
l1d_u7-13 llc-0b16 1 7 0 7 0
l1d_u7-13 llc-0b17 1 7 0 7 0
l1d_u7-13 llc-0b18 1 7 0 7 0
l1d_u7-13 llc-0b19 1 7 0 7 0
l1d_u7-13 llc-0b20 1 7 0 7 0
l1d_u7-13 llc-0b21 1 7 0 7 0
l1d_u7-13 llc-0b22 1 7 0 7 0
l1d_u7-13 llc-0b23 1 7 0 7 0
l1d_u7-13 llc-0b24 1 7 0 7 0
l1d_u7-13 llc-0b25 1 7 0 7 0
l1d_u7-13 llc-0b26 1 7 0 7 0
l1d_u7-13 llc-0b27 1 7 0 7 0
l1d_u7-13 llc-0b28 1 7 0 7 0
l1d_u7-13 llc-0b29 1 7 0 7 0
l1d_u7-13 llc-0b30 1 7 0 7 0
l1d_u7-13 llc-0b31 1 7 0 7 0
l1d_u7-14 llc-0b0 1 7 0 7 0
l1d_u7-14 llc-0b1 1 7 0 7 0
l1d_u7-14 llc-0b2 1 7 0 7 0
l1d_u7-14 llc-0b3 1 7 0 7 0
l1d_u7-14 llc-0b4 1 7 0 7 0
l1d_u7-14 llc-0b5 1 7 0 7 0
l1d_u7-14 llc-0b6 1 7 0 7 0
l1d_u7-14 llc-0b7 1 7 0 7 0
l1d_u7-14 llc-0b8 1 7 0 7 0
l1d_u7-14 llc-0b9 1 7 0 7 0
l1d_u7-14 llc-0b10 1 7 0 7 0
l1d_u7-14 llc-0b11 1 7 0 7 0
l1d_u7-14 llc-0b12 1 7 0 7 0
l1d_u7-14 llc-0b13 1 7 0 7 0
l1d_u7-14 llc-0b14 1 7 0 7 0
l1d_u7-14 llc-0b15 1 7 0 7 0
l1d_u7-14 llc-0b16 1 7 0 7 0
l1d_u7-14 llc-0b17 1 7 0 7 0
l1d_u7-14 llc-0b18 1 7 0 7 0
l1d_u7-14 llc-0b19 1 7 0 7 0
l1d_u7-14 llc-0b20 1 7 0 7 0
l1d_u7-14 llc-0b21 1 7 0 7 0
l1d_u7-14 llc-0b22 1 7 0 7 0
l1d_u7-14 llc-0b23 1 7 0 7 0
l1d_u7-14 llc-0b24 1 7 0 7 0
l1d_u7-14 llc-0b25 1 7 0 7 0
l1d_u7-14 llc-0b26 1 7 0 7 0
l1d_u7-14 llc-0b27 1 7 0 7 0
l1d_u7-14 llc-0b28 1 7 0 7 0
l1d_u7-14 llc-0b29 1 7 0 7 0
l1d_u7-14 llc-0b30 1 7 0 7 0
l1d_u7-14 llc-0b31 1 7 0 7 0
l1d_u7-15 llc-0b0 1 7 0 7 0
l1d_u7-15 llc-0b1 1 7 0 7 0
l1d_u7-15 llc-0b2 1 7 0 7 0
l1d_u7-15 llc-0b3 1 7 0 7 0
l1d_u7-15 llc-0b4 1 7 0 7 0
l1d_u7-15 llc-0b5 1 7 0 7 0
l1d_u7-15 llc-0b6 1 7 0 7 0
l1d_u7-15 llc-0b7 1 7 0 7 0
l1d_u7-15 llc-0b8 1 7 0 7 0
l1d_u7-15 llc-0b9 1 7 0 7 0
l1d_u7-15 llc-0b10 1 7 0 7 0
l1d_u7-15 llc-0b11 1 7 0 7 0
l1d_u7-15 llc-0b12 1 7 0 7 0
l1d_u7-15 llc-0b13 1 7 0 7 0
l1d_u7-15 llc-0b14 1 7 0 7 0
l1d_u7-15 llc-0b15 1 7 0 7 0
l1d_u7-15 llc-0b16 1 7 0 7 0
l1d_u7-15 llc-0b17 1 7 0 7 0
l1d_u7-15 llc-0b18 1 7 0 7 0
l1d_u7-15 llc-0b19 1 7 0 7 0
l1d_u7-15 llc-0b20 1 7 0 7 0
l1d_u7-15 llc-0b21 1 7 0 7 0
l1d_u7-15 llc-0b22 1 7 0 7 0
l1d_u7-15 llc-0b23 1 7 0 7 0
l1d_u7-15 llc-0b24 1 7 0 7 0
l1d_u7-15 llc-0b25 1 7 0 7 0
l1d_u7-15 llc-0b26 1 7 0 7 0
l1d_u7-15 llc-0b27 1 7 0 7 0
l1d_u7-15 llc-0b28 1 7 0 7 0
l1d_u7-15 llc-0b29 1 7 0 7 0
l1d_u7-15 llc-0b30 1 7 0 7 0
l1d_u7-15 llc-0b31 1 7 0 7 0
l1i_u8-0 llc-0b0 1 8 0 8 0
l1i_u8-0 llc-0b1 1 8 0 8 0
l1i_u8-0 llc-0b2 1 8 0 8 0
l1i_u8-0 llc-0b3 1 8 0 8 0
l1i_u8-0 llc-0b4 1 8 0 8 0
l1i_u8-0 llc-0b5 1 8 0 8 0
l1i_u8-0 llc-0b6 1 8 0 8 0
l1i_u8-0 llc-0b7 1 8 0 8 0
l1i_u8-0 llc-0b8 1 8 0 8 0
l1i_u8-0 llc-0b9 1 8 0 8 0
l1i_u8-0 llc-0b10 1 8 0 8 0
l1i_u8-0 llc-0b11 1 8 0 8 0
l1i_u8-0 llc-0b12 1 8 0 8 0
l1i_u8-0 llc-0b13 1 8 0 8 0
l1i_u8-0 llc-0b14 1 8 0 8 0
l1i_u8-0 llc-0b15 1 8 0 8 0
l1i_u8-0 llc-0b16 1 8 0 8 0
l1i_u8-0 llc-0b17 1 8 0 8 0
l1i_u8-0 llc-0b18 1 8 0 8 0
l1i_u8-0 llc-0b19 1 8 0 8 0
l1i_u8-0 llc-0b20 1 8 0 8 0
l1i_u8-0 llc-0b21 1 8 0 8 0
l1i_u8-0 llc-0b22 1 8 0 8 0
l1i_u8-0 llc-0b23 1 8 0 8 0
l1i_u8-0 llc-0b24 1 8 0 8 0
l1i_u8-0 llc-0b25 1 8 0 8 0
l1i_u8-0 llc-0b26 1 8 0 8 0
l1i_u8-0 llc-0b27 1 8 0 8 0
l1i_u8-0 llc-0b28 1 8 0 8 0
l1i_u8-0 llc-0b29 1 8 0 8 0
l1i_u8-0 llc-0b30 1 8 0 8 0
l1i_u8-0 llc-0b31 1 8 0 8 0
l1i_u8-1 llc-0b0 1 8 0 8 0
l1i_u8-1 llc-0b1 1 8 0 8 0
l1i_u8-1 llc-0b2 1 8 0 8 0
l1i_u8-1 llc-0b3 1 8 0 8 0
l1i_u8-1 llc-0b4 1 8 0 8 0
l1i_u8-1 llc-0b5 1 8 0 8 0
l1i_u8-1 llc-0b6 1 8 0 8 0
l1i_u8-1 llc-0b7 1 8 0 8 0
l1i_u8-1 llc-0b8 1 8 0 8 0
l1i_u8-1 llc-0b9 1 8 0 8 0
l1i_u8-1 llc-0b10 1 8 0 8 0
l1i_u8-1 llc-0b11 1 8 0 8 0
l1i_u8-1 llc-0b12 1 8 0 8 0
l1i_u8-1 llc-0b13 1 8 0 8 0
l1i_u8-1 llc-0b14 1 8 0 8 0
l1i_u8-1 llc-0b15 1 8 0 8 0
l1i_u8-1 llc-0b16 1 8 0 8 0
l1i_u8-1 llc-0b17 1 8 0 8 0
l1i_u8-1 llc-0b18 1 8 0 8 0
l1i_u8-1 llc-0b19 1 8 0 8 0
l1i_u8-1 llc-0b20 1 8 0 8 0
l1i_u8-1 llc-0b21 1 8 0 8 0
l1i_u8-1 llc-0b22 1 8 0 8 0
l1i_u8-1 llc-0b23 1 8 0 8 0
l1i_u8-1 llc-0b24 1 8 0 8 0
l1i_u8-1 llc-0b25 1 8 0 8 0
l1i_u8-1 llc-0b26 1 8 0 8 0
l1i_u8-1 llc-0b27 1 8 0 8 0
l1i_u8-1 llc-0b28 1 8 0 8 0
l1i_u8-1 llc-0b29 1 8 0 8 0
l1i_u8-1 llc-0b30 1 8 0 8 0
l1i_u8-1 llc-0b31 1 8 0 8 0
l1i_u8-2 llc-0b0 1 8 0 8 0
l1i_u8-2 llc-0b1 1 8 0 8 0
l1i_u8-2 llc-0b2 1 8 0 8 0
l1i_u8-2 llc-0b3 1 8 0 8 0
l1i_u8-2 llc-0b4 1 8 0 8 0
l1i_u8-2 llc-0b5 1 8 0 8 0
l1i_u8-2 llc-0b6 1 8 0 8 0
l1i_u8-2 llc-0b7 1 8 0 8 0
l1i_u8-2 llc-0b8 1 8 0 8 0
l1i_u8-2 llc-0b9 1 8 0 8 0
l1i_u8-2 llc-0b10 1 8 0 8 0
l1i_u8-2 llc-0b11 1 8 0 8 0
l1i_u8-2 llc-0b12 1 8 0 8 0
l1i_u8-2 llc-0b13 1 8 0 8 0
l1i_u8-2 llc-0b14 1 8 0 8 0
l1i_u8-2 llc-0b15 1 8 0 8 0
l1i_u8-2 llc-0b16 1 8 0 8 0
l1i_u8-2 llc-0b17 1 8 0 8 0
l1i_u8-2 llc-0b18 1 8 0 8 0
l1i_u8-2 llc-0b19 1 8 0 8 0
l1i_u8-2 llc-0b20 1 8 0 8 0
l1i_u8-2 llc-0b21 1 8 0 8 0
l1i_u8-2 llc-0b22 1 8 0 8 0
l1i_u8-2 llc-0b23 1 8 0 8 0
l1i_u8-2 llc-0b24 1 8 0 8 0
l1i_u8-2 llc-0b25 1 8 0 8 0
l1i_u8-2 llc-0b26 1 8 0 8 0
l1i_u8-2 llc-0b27 1 8 0 8 0
l1i_u8-2 llc-0b28 1 8 0 8 0
l1i_u8-2 llc-0b29 1 8 0 8 0
l1i_u8-2 llc-0b30 1 8 0 8 0
l1i_u8-2 llc-0b31 1 8 0 8 0
l1i_u8-3 llc-0b0 1 8 0 8 0
l1i_u8-3 llc-0b1 1 8 0 8 0
l1i_u8-3 llc-0b2 1 8 0 8 0
l1i_u8-3 llc-0b3 1 8 0 8 0
l1i_u8-3 llc-0b4 1 8 0 8 0
l1i_u8-3 llc-0b5 1 8 0 8 0
l1i_u8-3 llc-0b6 1 8 0 8 0
l1i_u8-3 llc-0b7 1 8 0 8 0
l1i_u8-3 llc-0b8 1 8 0 8 0
l1i_u8-3 llc-0b9 1 8 0 8 0
l1i_u8-3 llc-0b10 1 8 0 8 0
l1i_u8-3 llc-0b11 1 8 0 8 0
l1i_u8-3 llc-0b12 1 8 0 8 0
l1i_u8-3 llc-0b13 1 8 0 8 0
l1i_u8-3 llc-0b14 1 8 0 8 0
l1i_u8-3 llc-0b15 1 8 0 8 0
l1i_u8-3 llc-0b16 1 8 0 8 0
l1i_u8-3 llc-0b17 1 8 0 8 0
l1i_u8-3 llc-0b18 1 8 0 8 0
l1i_u8-3 llc-0b19 1 8 0 8 0
l1i_u8-3 llc-0b20 1 8 0 8 0
l1i_u8-3 llc-0b21 1 8 0 8 0
l1i_u8-3 llc-0b22 1 8 0 8 0
l1i_u8-3 llc-0b23 1 8 0 8 0
l1i_u8-3 llc-0b24 1 8 0 8 0
l1i_u8-3 llc-0b25 1 8 0 8 0
l1i_u8-3 llc-0b26 1 8 0 8 0
l1i_u8-3 llc-0b27 1 8 0 8 0
l1i_u8-3 llc-0b28 1 8 0 8 0
l1i_u8-3 llc-0b29 1 8 0 8 0
l1i_u8-3 llc-0b30 1 8 0 8 0
l1i_u8-3 llc-0b31 1 8 0 8 0
l1i_u8-4 llc-0b0 1 8 0 8 0
l1i_u8-4 llc-0b1 1 8 0 8 0
l1i_u8-4 llc-0b2 1 8 0 8 0
l1i_u8-4 llc-0b3 1 8 0 8 0
l1i_u8-4 llc-0b4 1 8 0 8 0
l1i_u8-4 llc-0b5 1 8 0 8 0
l1i_u8-4 llc-0b6 1 8 0 8 0
l1i_u8-4 llc-0b7 1 8 0 8 0
l1i_u8-4 llc-0b8 1 8 0 8 0
l1i_u8-4 llc-0b9 1 8 0 8 0
l1i_u8-4 llc-0b10 1 8 0 8 0
l1i_u8-4 llc-0b11 1 8 0 8 0
l1i_u8-4 llc-0b12 1 8 0 8 0
l1i_u8-4 llc-0b13 1 8 0 8 0
l1i_u8-4 llc-0b14 1 8 0 8 0
l1i_u8-4 llc-0b15 1 8 0 8 0
l1i_u8-4 llc-0b16 1 8 0 8 0
l1i_u8-4 llc-0b17 1 8 0 8 0
l1i_u8-4 llc-0b18 1 8 0 8 0
l1i_u8-4 llc-0b19 1 8 0 8 0
l1i_u8-4 llc-0b20 1 8 0 8 0
l1i_u8-4 llc-0b21 1 8 0 8 0
l1i_u8-4 llc-0b22 1 8 0 8 0
l1i_u8-4 llc-0b23 1 8 0 8 0
l1i_u8-4 llc-0b24 1 8 0 8 0
l1i_u8-4 llc-0b25 1 8 0 8 0
l1i_u8-4 llc-0b26 1 8 0 8 0
l1i_u8-4 llc-0b27 1 8 0 8 0
l1i_u8-4 llc-0b28 1 8 0 8 0
l1i_u8-4 llc-0b29 1 8 0 8 0
l1i_u8-4 llc-0b30 1 8 0 8 0
l1i_u8-4 llc-0b31 1 8 0 8 0
l1i_u8-5 llc-0b0 1 8 0 8 0
l1i_u8-5 llc-0b1 1 8 0 8 0
l1i_u8-5 llc-0b2 1 8 0 8 0
l1i_u8-5 llc-0b3 1 8 0 8 0
l1i_u8-5 llc-0b4 1 8 0 8 0
l1i_u8-5 llc-0b5 1 8 0 8 0
l1i_u8-5 llc-0b6 1 8 0 8 0
l1i_u8-5 llc-0b7 1 8 0 8 0
l1i_u8-5 llc-0b8 1 8 0 8 0
l1i_u8-5 llc-0b9 1 8 0 8 0
l1i_u8-5 llc-0b10 1 8 0 8 0
l1i_u8-5 llc-0b11 1 8 0 8 0
l1i_u8-5 llc-0b12 1 8 0 8 0
l1i_u8-5 llc-0b13 1 8 0 8 0
l1i_u8-5 llc-0b14 1 8 0 8 0
l1i_u8-5 llc-0b15 1 8 0 8 0
l1i_u8-5 llc-0b16 1 8 0 8 0
l1i_u8-5 llc-0b17 1 8 0 8 0
l1i_u8-5 llc-0b18 1 8 0 8 0
l1i_u8-5 llc-0b19 1 8 0 8 0
l1i_u8-5 llc-0b20 1 8 0 8 0
l1i_u8-5 llc-0b21 1 8 0 8 0
l1i_u8-5 llc-0b22 1 8 0 8 0
l1i_u8-5 llc-0b23 1 8 0 8 0
l1i_u8-5 llc-0b24 1 8 0 8 0
l1i_u8-5 llc-0b25 1 8 0 8 0
l1i_u8-5 llc-0b26 1 8 0 8 0
l1i_u8-5 llc-0b27 1 8 0 8 0
l1i_u8-5 llc-0b28 1 8 0 8 0
l1i_u8-5 llc-0b29 1 8 0 8 0
l1i_u8-5 llc-0b30 1 8 0 8 0
l1i_u8-5 llc-0b31 1 8 0 8 0
l1i_u8-6 llc-0b0 1 8 0 8 0
l1i_u8-6 llc-0b1 1 8 0 8 0
l1i_u8-6 llc-0b2 1 8 0 8 0
l1i_u8-6 llc-0b3 1 8 0 8 0
l1i_u8-6 llc-0b4 1 8 0 8 0
l1i_u8-6 llc-0b5 1 8 0 8 0
l1i_u8-6 llc-0b6 1 8 0 8 0
l1i_u8-6 llc-0b7 1 8 0 8 0
l1i_u8-6 llc-0b8 1 8 0 8 0
l1i_u8-6 llc-0b9 1 8 0 8 0
l1i_u8-6 llc-0b10 1 8 0 8 0
l1i_u8-6 llc-0b11 1 8 0 8 0
l1i_u8-6 llc-0b12 1 8 0 8 0
l1i_u8-6 llc-0b13 1 8 0 8 0
l1i_u8-6 llc-0b14 1 8 0 8 0
l1i_u8-6 llc-0b15 1 8 0 8 0
l1i_u8-6 llc-0b16 1 8 0 8 0
l1i_u8-6 llc-0b17 1 8 0 8 0
l1i_u8-6 llc-0b18 1 8 0 8 0
l1i_u8-6 llc-0b19 1 8 0 8 0
l1i_u8-6 llc-0b20 1 8 0 8 0
l1i_u8-6 llc-0b21 1 8 0 8 0
l1i_u8-6 llc-0b22 1 8 0 8 0
l1i_u8-6 llc-0b23 1 8 0 8 0
l1i_u8-6 llc-0b24 1 8 0 8 0
l1i_u8-6 llc-0b25 1 8 0 8 0
l1i_u8-6 llc-0b26 1 8 0 8 0
l1i_u8-6 llc-0b27 1 8 0 8 0
l1i_u8-6 llc-0b28 1 8 0 8 0
l1i_u8-6 llc-0b29 1 8 0 8 0
l1i_u8-6 llc-0b30 1 8 0 8 0
l1i_u8-6 llc-0b31 1 8 0 8 0
l1i_u8-7 llc-0b0 1 8 0 8 0
l1i_u8-7 llc-0b1 1 8 0 8 0
l1i_u8-7 llc-0b2 1 8 0 8 0
l1i_u8-7 llc-0b3 1 8 0 8 0
l1i_u8-7 llc-0b4 1 8 0 8 0
l1i_u8-7 llc-0b5 1 8 0 8 0
l1i_u8-7 llc-0b6 1 8 0 8 0
l1i_u8-7 llc-0b7 1 8 0 8 0
l1i_u8-7 llc-0b8 1 8 0 8 0
l1i_u8-7 llc-0b9 1 8 0 8 0
l1i_u8-7 llc-0b10 1 8 0 8 0
l1i_u8-7 llc-0b11 1 8 0 8 0
l1i_u8-7 llc-0b12 1 8 0 8 0
l1i_u8-7 llc-0b13 1 8 0 8 0
l1i_u8-7 llc-0b14 1 8 0 8 0
l1i_u8-7 llc-0b15 1 8 0 8 0
l1i_u8-7 llc-0b16 1 8 0 8 0
l1i_u8-7 llc-0b17 1 8 0 8 0
l1i_u8-7 llc-0b18 1 8 0 8 0
l1i_u8-7 llc-0b19 1 8 0 8 0
l1i_u8-7 llc-0b20 1 8 0 8 0
l1i_u8-7 llc-0b21 1 8 0 8 0
l1i_u8-7 llc-0b22 1 8 0 8 0
l1i_u8-7 llc-0b23 1 8 0 8 0
l1i_u8-7 llc-0b24 1 8 0 8 0
l1i_u8-7 llc-0b25 1 8 0 8 0
l1i_u8-7 llc-0b26 1 8 0 8 0
l1i_u8-7 llc-0b27 1 8 0 8 0
l1i_u8-7 llc-0b28 1 8 0 8 0
l1i_u8-7 llc-0b29 1 8 0 8 0
l1i_u8-7 llc-0b30 1 8 0 8 0
l1i_u8-7 llc-0b31 1 8 0 8 0
l1i_u8-8 llc-0b0 1 8 0 8 0
l1i_u8-8 llc-0b1 1 8 0 8 0
l1i_u8-8 llc-0b2 1 8 0 8 0
l1i_u8-8 llc-0b3 1 8 0 8 0
l1i_u8-8 llc-0b4 1 8 0 8 0
l1i_u8-8 llc-0b5 1 8 0 8 0
l1i_u8-8 llc-0b6 1 8 0 8 0
l1i_u8-8 llc-0b7 1 8 0 8 0
l1i_u8-8 llc-0b8 1 8 0 8 0
l1i_u8-8 llc-0b9 1 8 0 8 0
l1i_u8-8 llc-0b10 1 8 0 8 0
l1i_u8-8 llc-0b11 1 8 0 8 0
l1i_u8-8 llc-0b12 1 8 0 8 0
l1i_u8-8 llc-0b13 1 8 0 8 0
l1i_u8-8 llc-0b14 1 8 0 8 0
l1i_u8-8 llc-0b15 1 8 0 8 0
l1i_u8-8 llc-0b16 1 8 0 8 0
l1i_u8-8 llc-0b17 1 8 0 8 0
l1i_u8-8 llc-0b18 1 8 0 8 0
l1i_u8-8 llc-0b19 1 8 0 8 0
l1i_u8-8 llc-0b20 1 8 0 8 0
l1i_u8-8 llc-0b21 1 8 0 8 0
l1i_u8-8 llc-0b22 1 8 0 8 0
l1i_u8-8 llc-0b23 1 8 0 8 0
l1i_u8-8 llc-0b24 1 8 0 8 0
l1i_u8-8 llc-0b25 1 8 0 8 0
l1i_u8-8 llc-0b26 1 8 0 8 0
l1i_u8-8 llc-0b27 1 8 0 8 0
l1i_u8-8 llc-0b28 1 8 0 8 0
l1i_u8-8 llc-0b29 1 8 0 8 0
l1i_u8-8 llc-0b30 1 8 0 8 0
l1i_u8-8 llc-0b31 1 8 0 8 0
l1i_u8-9 llc-0b0 1 8 0 8 0
l1i_u8-9 llc-0b1 1 8 0 8 0
l1i_u8-9 llc-0b2 1 8 0 8 0
l1i_u8-9 llc-0b3 1 8 0 8 0
l1i_u8-9 llc-0b4 1 8 0 8 0
l1i_u8-9 llc-0b5 1 8 0 8 0
l1i_u8-9 llc-0b6 1 8 0 8 0
l1i_u8-9 llc-0b7 1 8 0 8 0
l1i_u8-9 llc-0b8 1 8 0 8 0
l1i_u8-9 llc-0b9 1 8 0 8 0
l1i_u8-9 llc-0b10 1 8 0 8 0
l1i_u8-9 llc-0b11 1 8 0 8 0
l1i_u8-9 llc-0b12 1 8 0 8 0
l1i_u8-9 llc-0b13 1 8 0 8 0
l1i_u8-9 llc-0b14 1 8 0 8 0
l1i_u8-9 llc-0b15 1 8 0 8 0
l1i_u8-9 llc-0b16 1 8 0 8 0
l1i_u8-9 llc-0b17 1 8 0 8 0
l1i_u8-9 llc-0b18 1 8 0 8 0
l1i_u8-9 llc-0b19 1 8 0 8 0
l1i_u8-9 llc-0b20 1 8 0 8 0
l1i_u8-9 llc-0b21 1 8 0 8 0
l1i_u8-9 llc-0b22 1 8 0 8 0
l1i_u8-9 llc-0b23 1 8 0 8 0
l1i_u8-9 llc-0b24 1 8 0 8 0
l1i_u8-9 llc-0b25 1 8 0 8 0
l1i_u8-9 llc-0b26 1 8 0 8 0
l1i_u8-9 llc-0b27 1 8 0 8 0
l1i_u8-9 llc-0b28 1 8 0 8 0
l1i_u8-9 llc-0b29 1 8 0 8 0
l1i_u8-9 llc-0b30 1 8 0 8 0
l1i_u8-9 llc-0b31 1 8 0 8 0
l1i_u8-10 llc-0b0 1 8 0 8 0
l1i_u8-10 llc-0b1 1 8 0 8 0
l1i_u8-10 llc-0b2 1 8 0 8 0
l1i_u8-10 llc-0b3 1 8 0 8 0
l1i_u8-10 llc-0b4 1 8 0 8 0
l1i_u8-10 llc-0b5 1 8 0 8 0
l1i_u8-10 llc-0b6 1 8 0 8 0
l1i_u8-10 llc-0b7 1 8 0 8 0
l1i_u8-10 llc-0b8 1 8 0 8 0
l1i_u8-10 llc-0b9 1 8 0 8 0
l1i_u8-10 llc-0b10 1 8 0 8 0
l1i_u8-10 llc-0b11 1 8 0 8 0
l1i_u8-10 llc-0b12 1 8 0 8 0
l1i_u8-10 llc-0b13 1 8 0 8 0
l1i_u8-10 llc-0b14 1 8 0 8 0
l1i_u8-10 llc-0b15 1 8 0 8 0
l1i_u8-10 llc-0b16 1 8 0 8 0
l1i_u8-10 llc-0b17 1 8 0 8 0
l1i_u8-10 llc-0b18 1 8 0 8 0
l1i_u8-10 llc-0b19 1 8 0 8 0
l1i_u8-10 llc-0b20 1 8 0 8 0
l1i_u8-10 llc-0b21 1 8 0 8 0
l1i_u8-10 llc-0b22 1 8 0 8 0
l1i_u8-10 llc-0b23 1 8 0 8 0
l1i_u8-10 llc-0b24 1 8 0 8 0
l1i_u8-10 llc-0b25 1 8 0 8 0
l1i_u8-10 llc-0b26 1 8 0 8 0
l1i_u8-10 llc-0b27 1 8 0 8 0
l1i_u8-10 llc-0b28 1 8 0 8 0
l1i_u8-10 llc-0b29 1 8 0 8 0
l1i_u8-10 llc-0b30 1 8 0 8 0
l1i_u8-10 llc-0b31 1 8 0 8 0
l1i_u8-11 llc-0b0 1 8 0 8 0
l1i_u8-11 llc-0b1 1 8 0 8 0
l1i_u8-11 llc-0b2 1 8 0 8 0
l1i_u8-11 llc-0b3 1 8 0 8 0
l1i_u8-11 llc-0b4 1 8 0 8 0
l1i_u8-11 llc-0b5 1 8 0 8 0
l1i_u8-11 llc-0b6 1 8 0 8 0
l1i_u8-11 llc-0b7 1 8 0 8 0
l1i_u8-11 llc-0b8 1 8 0 8 0
l1i_u8-11 llc-0b9 1 8 0 8 0
l1i_u8-11 llc-0b10 1 8 0 8 0
l1i_u8-11 llc-0b11 1 8 0 8 0
l1i_u8-11 llc-0b12 1 8 0 8 0
l1i_u8-11 llc-0b13 1 8 0 8 0
l1i_u8-11 llc-0b14 1 8 0 8 0
l1i_u8-11 llc-0b15 1 8 0 8 0
l1i_u8-11 llc-0b16 1 8 0 8 0
l1i_u8-11 llc-0b17 1 8 0 8 0
l1i_u8-11 llc-0b18 1 8 0 8 0
l1i_u8-11 llc-0b19 1 8 0 8 0
l1i_u8-11 llc-0b20 1 8 0 8 0
l1i_u8-11 llc-0b21 1 8 0 8 0
l1i_u8-11 llc-0b22 1 8 0 8 0
l1i_u8-11 llc-0b23 1 8 0 8 0
l1i_u8-11 llc-0b24 1 8 0 8 0
l1i_u8-11 llc-0b25 1 8 0 8 0
l1i_u8-11 llc-0b26 1 8 0 8 0
l1i_u8-11 llc-0b27 1 8 0 8 0
l1i_u8-11 llc-0b28 1 8 0 8 0
l1i_u8-11 llc-0b29 1 8 0 8 0
l1i_u8-11 llc-0b30 1 8 0 8 0
l1i_u8-11 llc-0b31 1 8 0 8 0
l1i_u8-12 llc-0b0 1 8 0 8 0
l1i_u8-12 llc-0b1 1 8 0 8 0
l1i_u8-12 llc-0b2 1 8 0 8 0
l1i_u8-12 llc-0b3 1 8 0 8 0
l1i_u8-12 llc-0b4 1 8 0 8 0
l1i_u8-12 llc-0b5 1 8 0 8 0
l1i_u8-12 llc-0b6 1 8 0 8 0
l1i_u8-12 llc-0b7 1 8 0 8 0
l1i_u8-12 llc-0b8 1 8 0 8 0
l1i_u8-12 llc-0b9 1 8 0 8 0
l1i_u8-12 llc-0b10 1 8 0 8 0
l1i_u8-12 llc-0b11 1 8 0 8 0
l1i_u8-12 llc-0b12 1 8 0 8 0
l1i_u8-12 llc-0b13 1 8 0 8 0
l1i_u8-12 llc-0b14 1 8 0 8 0
l1i_u8-12 llc-0b15 1 8 0 8 0
l1i_u8-12 llc-0b16 1 8 0 8 0
l1i_u8-12 llc-0b17 1 8 0 8 0
l1i_u8-12 llc-0b18 1 8 0 8 0
l1i_u8-12 llc-0b19 1 8 0 8 0
l1i_u8-12 llc-0b20 1 8 0 8 0
l1i_u8-12 llc-0b21 1 8 0 8 0
l1i_u8-12 llc-0b22 1 8 0 8 0
l1i_u8-12 llc-0b23 1 8 0 8 0
l1i_u8-12 llc-0b24 1 8 0 8 0
l1i_u8-12 llc-0b25 1 8 0 8 0
l1i_u8-12 llc-0b26 1 8 0 8 0
l1i_u8-12 llc-0b27 1 8 0 8 0
l1i_u8-12 llc-0b28 1 8 0 8 0
l1i_u8-12 llc-0b29 1 8 0 8 0
l1i_u8-12 llc-0b30 1 8 0 8 0
l1i_u8-12 llc-0b31 1 8 0 8 0
l1i_u8-13 llc-0b0 1 8 0 8 0
l1i_u8-13 llc-0b1 1 8 0 8 0
l1i_u8-13 llc-0b2 1 8 0 8 0
l1i_u8-13 llc-0b3 1 8 0 8 0
l1i_u8-13 llc-0b4 1 8 0 8 0
l1i_u8-13 llc-0b5 1 8 0 8 0
l1i_u8-13 llc-0b6 1 8 0 8 0
l1i_u8-13 llc-0b7 1 8 0 8 0
l1i_u8-13 llc-0b8 1 8 0 8 0
l1i_u8-13 llc-0b9 1 8 0 8 0
l1i_u8-13 llc-0b10 1 8 0 8 0
l1i_u8-13 llc-0b11 1 8 0 8 0
l1i_u8-13 llc-0b12 1 8 0 8 0
l1i_u8-13 llc-0b13 1 8 0 8 0
l1i_u8-13 llc-0b14 1 8 0 8 0
l1i_u8-13 llc-0b15 1 8 0 8 0
l1i_u8-13 llc-0b16 1 8 0 8 0
l1i_u8-13 llc-0b17 1 8 0 8 0
l1i_u8-13 llc-0b18 1 8 0 8 0
l1i_u8-13 llc-0b19 1 8 0 8 0
l1i_u8-13 llc-0b20 1 8 0 8 0
l1i_u8-13 llc-0b21 1 8 0 8 0
l1i_u8-13 llc-0b22 1 8 0 8 0
l1i_u8-13 llc-0b23 1 8 0 8 0
l1i_u8-13 llc-0b24 1 8 0 8 0
l1i_u8-13 llc-0b25 1 8 0 8 0
l1i_u8-13 llc-0b26 1 8 0 8 0
l1i_u8-13 llc-0b27 1 8 0 8 0
l1i_u8-13 llc-0b28 1 8 0 8 0
l1i_u8-13 llc-0b29 1 8 0 8 0
l1i_u8-13 llc-0b30 1 8 0 8 0
l1i_u8-13 llc-0b31 1 8 0 8 0
l1i_u8-14 llc-0b0 1 8 0 8 0
l1i_u8-14 llc-0b1 1 8 0 8 0
l1i_u8-14 llc-0b2 1 8 0 8 0
l1i_u8-14 llc-0b3 1 8 0 8 0
l1i_u8-14 llc-0b4 1 8 0 8 0
l1i_u8-14 llc-0b5 1 8 0 8 0
l1i_u8-14 llc-0b6 1 8 0 8 0
l1i_u8-14 llc-0b7 1 8 0 8 0
l1i_u8-14 llc-0b8 1 8 0 8 0
l1i_u8-14 llc-0b9 1 8 0 8 0
l1i_u8-14 llc-0b10 1 8 0 8 0
l1i_u8-14 llc-0b11 1 8 0 8 0
l1i_u8-14 llc-0b12 1 8 0 8 0
l1i_u8-14 llc-0b13 1 8 0 8 0
l1i_u8-14 llc-0b14 1 8 0 8 0
l1i_u8-14 llc-0b15 1 8 0 8 0
l1i_u8-14 llc-0b16 1 8 0 8 0
l1i_u8-14 llc-0b17 1 8 0 8 0
l1i_u8-14 llc-0b18 1 8 0 8 0
l1i_u8-14 llc-0b19 1 8 0 8 0
l1i_u8-14 llc-0b20 1 8 0 8 0
l1i_u8-14 llc-0b21 1 8 0 8 0
l1i_u8-14 llc-0b22 1 8 0 8 0
l1i_u8-14 llc-0b23 1 8 0 8 0
l1i_u8-14 llc-0b24 1 8 0 8 0
l1i_u8-14 llc-0b25 1 8 0 8 0
l1i_u8-14 llc-0b26 1 8 0 8 0
l1i_u8-14 llc-0b27 1 8 0 8 0
l1i_u8-14 llc-0b28 1 8 0 8 0
l1i_u8-14 llc-0b29 1 8 0 8 0
l1i_u8-14 llc-0b30 1 8 0 8 0
l1i_u8-14 llc-0b31 1 8 0 8 0
l1i_u8-15 llc-0b0 1 8 0 8 0
l1i_u8-15 llc-0b1 1 8 0 8 0
l1i_u8-15 llc-0b2 1 8 0 8 0
l1i_u8-15 llc-0b3 1 8 0 8 0
l1i_u8-15 llc-0b4 1 8 0 8 0
l1i_u8-15 llc-0b5 1 8 0 8 0
l1i_u8-15 llc-0b6 1 8 0 8 0
l1i_u8-15 llc-0b7 1 8 0 8 0
l1i_u8-15 llc-0b8 1 8 0 8 0
l1i_u8-15 llc-0b9 1 8 0 8 0
l1i_u8-15 llc-0b10 1 8 0 8 0
l1i_u8-15 llc-0b11 1 8 0 8 0
l1i_u8-15 llc-0b12 1 8 0 8 0
l1i_u8-15 llc-0b13 1 8 0 8 0
l1i_u8-15 llc-0b14 1 8 0 8 0
l1i_u8-15 llc-0b15 1 8 0 8 0
l1i_u8-15 llc-0b16 1 8 0 8 0
l1i_u8-15 llc-0b17 1 8 0 8 0
l1i_u8-15 llc-0b18 1 8 0 8 0
l1i_u8-15 llc-0b19 1 8 0 8 0
l1i_u8-15 llc-0b20 1 8 0 8 0
l1i_u8-15 llc-0b21 1 8 0 8 0
l1i_u8-15 llc-0b22 1 8 0 8 0
l1i_u8-15 llc-0b23 1 8 0 8 0
l1i_u8-15 llc-0b24 1 8 0 8 0
l1i_u8-15 llc-0b25 1 8 0 8 0
l1i_u8-15 llc-0b26 1 8 0 8 0
l1i_u8-15 llc-0b27 1 8 0 8 0
l1i_u8-15 llc-0b28 1 8 0 8 0
l1i_u8-15 llc-0b29 1 8 0 8 0
l1i_u8-15 llc-0b30 1 8 0 8 0
l1i_u8-15 llc-0b31 1 8 0 8 0
l1d_u8-0 llc-0b0 1 8 0 8 0
l1d_u8-0 llc-0b1 1 8 0 8 0
l1d_u8-0 llc-0b2 1 8 0 8 0
l1d_u8-0 llc-0b3 1 8 0 8 0
l1d_u8-0 llc-0b4 1 8 0 8 0
l1d_u8-0 llc-0b5 1 8 0 8 0
l1d_u8-0 llc-0b6 1 8 0 8 0
l1d_u8-0 llc-0b7 1 8 0 8 0
l1d_u8-0 llc-0b8 1 8 0 8 0
l1d_u8-0 llc-0b9 1 8 0 8 0
l1d_u8-0 llc-0b10 1 8 0 8 0
l1d_u8-0 llc-0b11 1 8 0 8 0
l1d_u8-0 llc-0b12 1 8 0 8 0
l1d_u8-0 llc-0b13 1 8 0 8 0
l1d_u8-0 llc-0b14 1 8 0 8 0
l1d_u8-0 llc-0b15 1 8 0 8 0
l1d_u8-0 llc-0b16 1 8 0 8 0
l1d_u8-0 llc-0b17 1 8 0 8 0
l1d_u8-0 llc-0b18 1 8 0 8 0
l1d_u8-0 llc-0b19 1 8 0 8 0
l1d_u8-0 llc-0b20 1 8 0 8 0
l1d_u8-0 llc-0b21 1 8 0 8 0
l1d_u8-0 llc-0b22 1 8 0 8 0
l1d_u8-0 llc-0b23 1 8 0 8 0
l1d_u8-0 llc-0b24 1 8 0 8 0
l1d_u8-0 llc-0b25 1 8 0 8 0
l1d_u8-0 llc-0b26 1 8 0 8 0
l1d_u8-0 llc-0b27 1 8 0 8 0
l1d_u8-0 llc-0b28 1 8 0 8 0
l1d_u8-0 llc-0b29 1 8 0 8 0
l1d_u8-0 llc-0b30 1 8 0 8 0
l1d_u8-0 llc-0b31 1 8 0 8 0
l1d_u8-1 llc-0b0 1 8 0 8 0
l1d_u8-1 llc-0b1 1 8 0 8 0
l1d_u8-1 llc-0b2 1 8 0 8 0
l1d_u8-1 llc-0b3 1 8 0 8 0
l1d_u8-1 llc-0b4 1 8 0 8 0
l1d_u8-1 llc-0b5 1 8 0 8 0
l1d_u8-1 llc-0b6 1 8 0 8 0
l1d_u8-1 llc-0b7 1 8 0 8 0
l1d_u8-1 llc-0b8 1 8 0 8 0
l1d_u8-1 llc-0b9 1 8 0 8 0
l1d_u8-1 llc-0b10 1 8 0 8 0
l1d_u8-1 llc-0b11 1 8 0 8 0
l1d_u8-1 llc-0b12 1 8 0 8 0
l1d_u8-1 llc-0b13 1 8 0 8 0
l1d_u8-1 llc-0b14 1 8 0 8 0
l1d_u8-1 llc-0b15 1 8 0 8 0
l1d_u8-1 llc-0b16 1 8 0 8 0
l1d_u8-1 llc-0b17 1 8 0 8 0
l1d_u8-1 llc-0b18 1 8 0 8 0
l1d_u8-1 llc-0b19 1 8 0 8 0
l1d_u8-1 llc-0b20 1 8 0 8 0
l1d_u8-1 llc-0b21 1 8 0 8 0
l1d_u8-1 llc-0b22 1 8 0 8 0
l1d_u8-1 llc-0b23 1 8 0 8 0
l1d_u8-1 llc-0b24 1 8 0 8 0
l1d_u8-1 llc-0b25 1 8 0 8 0
l1d_u8-1 llc-0b26 1 8 0 8 0
l1d_u8-1 llc-0b27 1 8 0 8 0
l1d_u8-1 llc-0b28 1 8 0 8 0
l1d_u8-1 llc-0b29 1 8 0 8 0
l1d_u8-1 llc-0b30 1 8 0 8 0
l1d_u8-1 llc-0b31 1 8 0 8 0
l1d_u8-2 llc-0b0 1 8 0 8 0
l1d_u8-2 llc-0b1 1 8 0 8 0
l1d_u8-2 llc-0b2 1 8 0 8 0
l1d_u8-2 llc-0b3 1 8 0 8 0
l1d_u8-2 llc-0b4 1 8 0 8 0
l1d_u8-2 llc-0b5 1 8 0 8 0
l1d_u8-2 llc-0b6 1 8 0 8 0
l1d_u8-2 llc-0b7 1 8 0 8 0
l1d_u8-2 llc-0b8 1 8 0 8 0
l1d_u8-2 llc-0b9 1 8 0 8 0
l1d_u8-2 llc-0b10 1 8 0 8 0
l1d_u8-2 llc-0b11 1 8 0 8 0
l1d_u8-2 llc-0b12 1 8 0 8 0
l1d_u8-2 llc-0b13 1 8 0 8 0
l1d_u8-2 llc-0b14 1 8 0 8 0
l1d_u8-2 llc-0b15 1 8 0 8 0
l1d_u8-2 llc-0b16 1 8 0 8 0
l1d_u8-2 llc-0b17 1 8 0 8 0
l1d_u8-2 llc-0b18 1 8 0 8 0
l1d_u8-2 llc-0b19 1 8 0 8 0
l1d_u8-2 llc-0b20 1 8 0 8 0
l1d_u8-2 llc-0b21 1 8 0 8 0
l1d_u8-2 llc-0b22 1 8 0 8 0
l1d_u8-2 llc-0b23 1 8 0 8 0
l1d_u8-2 llc-0b24 1 8 0 8 0
l1d_u8-2 llc-0b25 1 8 0 8 0
l1d_u8-2 llc-0b26 1 8 0 8 0
l1d_u8-2 llc-0b27 1 8 0 8 0
l1d_u8-2 llc-0b28 1 8 0 8 0
l1d_u8-2 llc-0b29 1 8 0 8 0
l1d_u8-2 llc-0b30 1 8 0 8 0
l1d_u8-2 llc-0b31 1 8 0 8 0
l1d_u8-3 llc-0b0 1 8 0 8 0
l1d_u8-3 llc-0b1 1 8 0 8 0
l1d_u8-3 llc-0b2 1 8 0 8 0
l1d_u8-3 llc-0b3 1 8 0 8 0
l1d_u8-3 llc-0b4 1 8 0 8 0
l1d_u8-3 llc-0b5 1 8 0 8 0
l1d_u8-3 llc-0b6 1 8 0 8 0
l1d_u8-3 llc-0b7 1 8 0 8 0
l1d_u8-3 llc-0b8 1 8 0 8 0
l1d_u8-3 llc-0b9 1 8 0 8 0
l1d_u8-3 llc-0b10 1 8 0 8 0
l1d_u8-3 llc-0b11 1 8 0 8 0
l1d_u8-3 llc-0b12 1 8 0 8 0
l1d_u8-3 llc-0b13 1 8 0 8 0
l1d_u8-3 llc-0b14 1 8 0 8 0
l1d_u8-3 llc-0b15 1 8 0 8 0
l1d_u8-3 llc-0b16 1 8 0 8 0
l1d_u8-3 llc-0b17 1 8 0 8 0
l1d_u8-3 llc-0b18 1 8 0 8 0
l1d_u8-3 llc-0b19 1 8 0 8 0
l1d_u8-3 llc-0b20 1 8 0 8 0
l1d_u8-3 llc-0b21 1 8 0 8 0
l1d_u8-3 llc-0b22 1 8 0 8 0
l1d_u8-3 llc-0b23 1 8 0 8 0
l1d_u8-3 llc-0b24 1 8 0 8 0
l1d_u8-3 llc-0b25 1 8 0 8 0
l1d_u8-3 llc-0b26 1 8 0 8 0
l1d_u8-3 llc-0b27 1 8 0 8 0
l1d_u8-3 llc-0b28 1 8 0 8 0
l1d_u8-3 llc-0b29 1 8 0 8 0
l1d_u8-3 llc-0b30 1 8 0 8 0
l1d_u8-3 llc-0b31 1 8 0 8 0
l1d_u8-4 llc-0b0 1 8 0 8 0
l1d_u8-4 llc-0b1 1 8 0 8 0
l1d_u8-4 llc-0b2 1 8 0 8 0
l1d_u8-4 llc-0b3 1 8 0 8 0
l1d_u8-4 llc-0b4 1 8 0 8 0
l1d_u8-4 llc-0b5 1 8 0 8 0
l1d_u8-4 llc-0b6 1 8 0 8 0
l1d_u8-4 llc-0b7 1 8 0 8 0
l1d_u8-4 llc-0b8 1 8 0 8 0
l1d_u8-4 llc-0b9 1 8 0 8 0
l1d_u8-4 llc-0b10 1 8 0 8 0
l1d_u8-4 llc-0b11 1 8 0 8 0
l1d_u8-4 llc-0b12 1 8 0 8 0
l1d_u8-4 llc-0b13 1 8 0 8 0
l1d_u8-4 llc-0b14 1 8 0 8 0
l1d_u8-4 llc-0b15 1 8 0 8 0
l1d_u8-4 llc-0b16 1 8 0 8 0
l1d_u8-4 llc-0b17 1 8 0 8 0
l1d_u8-4 llc-0b18 1 8 0 8 0
l1d_u8-4 llc-0b19 1 8 0 8 0
l1d_u8-4 llc-0b20 1 8 0 8 0
l1d_u8-4 llc-0b21 1 8 0 8 0
l1d_u8-4 llc-0b22 1 8 0 8 0
l1d_u8-4 llc-0b23 1 8 0 8 0
l1d_u8-4 llc-0b24 1 8 0 8 0
l1d_u8-4 llc-0b25 1 8 0 8 0
l1d_u8-4 llc-0b26 1 8 0 8 0
l1d_u8-4 llc-0b27 1 8 0 8 0
l1d_u8-4 llc-0b28 1 8 0 8 0
l1d_u8-4 llc-0b29 1 8 0 8 0
l1d_u8-4 llc-0b30 1 8 0 8 0
l1d_u8-4 llc-0b31 1 8 0 8 0
l1d_u8-5 llc-0b0 1 8 0 8 0
l1d_u8-5 llc-0b1 1 8 0 8 0
l1d_u8-5 llc-0b2 1 8 0 8 0
l1d_u8-5 llc-0b3 1 8 0 8 0
l1d_u8-5 llc-0b4 1 8 0 8 0
l1d_u8-5 llc-0b5 1 8 0 8 0
l1d_u8-5 llc-0b6 1 8 0 8 0
l1d_u8-5 llc-0b7 1 8 0 8 0
l1d_u8-5 llc-0b8 1 8 0 8 0
l1d_u8-5 llc-0b9 1 8 0 8 0
l1d_u8-5 llc-0b10 1 8 0 8 0
l1d_u8-5 llc-0b11 1 8 0 8 0
l1d_u8-5 llc-0b12 1 8 0 8 0
l1d_u8-5 llc-0b13 1 8 0 8 0
l1d_u8-5 llc-0b14 1 8 0 8 0
l1d_u8-5 llc-0b15 1 8 0 8 0
l1d_u8-5 llc-0b16 1 8 0 8 0
l1d_u8-5 llc-0b17 1 8 0 8 0
l1d_u8-5 llc-0b18 1 8 0 8 0
l1d_u8-5 llc-0b19 1 8 0 8 0
l1d_u8-5 llc-0b20 1 8 0 8 0
l1d_u8-5 llc-0b21 1 8 0 8 0
l1d_u8-5 llc-0b22 1 8 0 8 0
l1d_u8-5 llc-0b23 1 8 0 8 0
l1d_u8-5 llc-0b24 1 8 0 8 0
l1d_u8-5 llc-0b25 1 8 0 8 0
l1d_u8-5 llc-0b26 1 8 0 8 0
l1d_u8-5 llc-0b27 1 8 0 8 0
l1d_u8-5 llc-0b28 1 8 0 8 0
l1d_u8-5 llc-0b29 1 8 0 8 0
l1d_u8-5 llc-0b30 1 8 0 8 0
l1d_u8-5 llc-0b31 1 8 0 8 0
l1d_u8-6 llc-0b0 1 8 0 8 0
l1d_u8-6 llc-0b1 1 8 0 8 0
l1d_u8-6 llc-0b2 1 8 0 8 0
l1d_u8-6 llc-0b3 1 8 0 8 0
l1d_u8-6 llc-0b4 1 8 0 8 0
l1d_u8-6 llc-0b5 1 8 0 8 0
l1d_u8-6 llc-0b6 1 8 0 8 0
l1d_u8-6 llc-0b7 1 8 0 8 0
l1d_u8-6 llc-0b8 1 8 0 8 0
l1d_u8-6 llc-0b9 1 8 0 8 0
l1d_u8-6 llc-0b10 1 8 0 8 0
l1d_u8-6 llc-0b11 1 8 0 8 0
l1d_u8-6 llc-0b12 1 8 0 8 0
l1d_u8-6 llc-0b13 1 8 0 8 0
l1d_u8-6 llc-0b14 1 8 0 8 0
l1d_u8-6 llc-0b15 1 8 0 8 0
l1d_u8-6 llc-0b16 1 8 0 8 0
l1d_u8-6 llc-0b17 1 8 0 8 0
l1d_u8-6 llc-0b18 1 8 0 8 0
l1d_u8-6 llc-0b19 1 8 0 8 0
l1d_u8-6 llc-0b20 1 8 0 8 0
l1d_u8-6 llc-0b21 1 8 0 8 0
l1d_u8-6 llc-0b22 1 8 0 8 0
l1d_u8-6 llc-0b23 1 8 0 8 0
l1d_u8-6 llc-0b24 1 8 0 8 0
l1d_u8-6 llc-0b25 1 8 0 8 0
l1d_u8-6 llc-0b26 1 8 0 8 0
l1d_u8-6 llc-0b27 1 8 0 8 0
l1d_u8-6 llc-0b28 1 8 0 8 0
l1d_u8-6 llc-0b29 1 8 0 8 0
l1d_u8-6 llc-0b30 1 8 0 8 0
l1d_u8-6 llc-0b31 1 8 0 8 0
l1d_u8-7 llc-0b0 1 8 0 8 0
l1d_u8-7 llc-0b1 1 8 0 8 0
l1d_u8-7 llc-0b2 1 8 0 8 0
l1d_u8-7 llc-0b3 1 8 0 8 0
l1d_u8-7 llc-0b4 1 8 0 8 0
l1d_u8-7 llc-0b5 1 8 0 8 0
l1d_u8-7 llc-0b6 1 8 0 8 0
l1d_u8-7 llc-0b7 1 8 0 8 0
l1d_u8-7 llc-0b8 1 8 0 8 0
l1d_u8-7 llc-0b9 1 8 0 8 0
l1d_u8-7 llc-0b10 1 8 0 8 0
l1d_u8-7 llc-0b11 1 8 0 8 0
l1d_u8-7 llc-0b12 1 8 0 8 0
l1d_u8-7 llc-0b13 1 8 0 8 0
l1d_u8-7 llc-0b14 1 8 0 8 0
l1d_u8-7 llc-0b15 1 8 0 8 0
l1d_u8-7 llc-0b16 1 8 0 8 0
l1d_u8-7 llc-0b17 1 8 0 8 0
l1d_u8-7 llc-0b18 1 8 0 8 0
l1d_u8-7 llc-0b19 1 8 0 8 0
l1d_u8-7 llc-0b20 1 8 0 8 0
l1d_u8-7 llc-0b21 1 8 0 8 0
l1d_u8-7 llc-0b22 1 8 0 8 0
l1d_u8-7 llc-0b23 1 8 0 8 0
l1d_u8-7 llc-0b24 1 8 0 8 0
l1d_u8-7 llc-0b25 1 8 0 8 0
l1d_u8-7 llc-0b26 1 8 0 8 0
l1d_u8-7 llc-0b27 1 8 0 8 0
l1d_u8-7 llc-0b28 1 8 0 8 0
l1d_u8-7 llc-0b29 1 8 0 8 0
l1d_u8-7 llc-0b30 1 8 0 8 0
l1d_u8-7 llc-0b31 1 8 0 8 0
l1d_u8-8 llc-0b0 1 8 0 8 0
l1d_u8-8 llc-0b1 1 8 0 8 0
l1d_u8-8 llc-0b2 1 8 0 8 0
l1d_u8-8 llc-0b3 1 8 0 8 0
l1d_u8-8 llc-0b4 1 8 0 8 0
l1d_u8-8 llc-0b5 1 8 0 8 0
l1d_u8-8 llc-0b6 1 8 0 8 0
l1d_u8-8 llc-0b7 1 8 0 8 0
l1d_u8-8 llc-0b8 1 8 0 8 0
l1d_u8-8 llc-0b9 1 8 0 8 0
l1d_u8-8 llc-0b10 1 8 0 8 0
l1d_u8-8 llc-0b11 1 8 0 8 0
l1d_u8-8 llc-0b12 1 8 0 8 0
l1d_u8-8 llc-0b13 1 8 0 8 0
l1d_u8-8 llc-0b14 1 8 0 8 0
l1d_u8-8 llc-0b15 1 8 0 8 0
l1d_u8-8 llc-0b16 1 8 0 8 0
l1d_u8-8 llc-0b17 1 8 0 8 0
l1d_u8-8 llc-0b18 1 8 0 8 0
l1d_u8-8 llc-0b19 1 8 0 8 0
l1d_u8-8 llc-0b20 1 8 0 8 0
l1d_u8-8 llc-0b21 1 8 0 8 0
l1d_u8-8 llc-0b22 1 8 0 8 0
l1d_u8-8 llc-0b23 1 8 0 8 0
l1d_u8-8 llc-0b24 1 8 0 8 0
l1d_u8-8 llc-0b25 1 8 0 8 0
l1d_u8-8 llc-0b26 1 8 0 8 0
l1d_u8-8 llc-0b27 1 8 0 8 0
l1d_u8-8 llc-0b28 1 8 0 8 0
l1d_u8-8 llc-0b29 1 8 0 8 0
l1d_u8-8 llc-0b30 1 8 0 8 0
l1d_u8-8 llc-0b31 1 8 0 8 0
l1d_u8-9 llc-0b0 1 8 0 8 0
l1d_u8-9 llc-0b1 1 8 0 8 0
l1d_u8-9 llc-0b2 1 8 0 8 0
l1d_u8-9 llc-0b3 1 8 0 8 0
l1d_u8-9 llc-0b4 1 8 0 8 0
l1d_u8-9 llc-0b5 1 8 0 8 0
l1d_u8-9 llc-0b6 1 8 0 8 0
l1d_u8-9 llc-0b7 1 8 0 8 0
l1d_u8-9 llc-0b8 1 8 0 8 0
l1d_u8-9 llc-0b9 1 8 0 8 0
l1d_u8-9 llc-0b10 1 8 0 8 0
l1d_u8-9 llc-0b11 1 8 0 8 0
l1d_u8-9 llc-0b12 1 8 0 8 0
l1d_u8-9 llc-0b13 1 8 0 8 0
l1d_u8-9 llc-0b14 1 8 0 8 0
l1d_u8-9 llc-0b15 1 8 0 8 0
l1d_u8-9 llc-0b16 1 8 0 8 0
l1d_u8-9 llc-0b17 1 8 0 8 0
l1d_u8-9 llc-0b18 1 8 0 8 0
l1d_u8-9 llc-0b19 1 8 0 8 0
l1d_u8-9 llc-0b20 1 8 0 8 0
l1d_u8-9 llc-0b21 1 8 0 8 0
l1d_u8-9 llc-0b22 1 8 0 8 0
l1d_u8-9 llc-0b23 1 8 0 8 0
l1d_u8-9 llc-0b24 1 8 0 8 0
l1d_u8-9 llc-0b25 1 8 0 8 0
l1d_u8-9 llc-0b26 1 8 0 8 0
l1d_u8-9 llc-0b27 1 8 0 8 0
l1d_u8-9 llc-0b28 1 8 0 8 0
l1d_u8-9 llc-0b29 1 8 0 8 0
l1d_u8-9 llc-0b30 1 8 0 8 0
l1d_u8-9 llc-0b31 1 8 0 8 0
l1d_u8-10 llc-0b0 1 8 0 8 0
l1d_u8-10 llc-0b1 1 8 0 8 0
l1d_u8-10 llc-0b2 1 8 0 8 0
l1d_u8-10 llc-0b3 1 8 0 8 0
l1d_u8-10 llc-0b4 1 8 0 8 0
l1d_u8-10 llc-0b5 1 8 0 8 0
l1d_u8-10 llc-0b6 1 8 0 8 0
l1d_u8-10 llc-0b7 1 8 0 8 0
l1d_u8-10 llc-0b8 1 8 0 8 0
l1d_u8-10 llc-0b9 1 8 0 8 0
l1d_u8-10 llc-0b10 1 8 0 8 0
l1d_u8-10 llc-0b11 1 8 0 8 0
l1d_u8-10 llc-0b12 1 8 0 8 0
l1d_u8-10 llc-0b13 1 8 0 8 0
l1d_u8-10 llc-0b14 1 8 0 8 0
l1d_u8-10 llc-0b15 1 8 0 8 0
l1d_u8-10 llc-0b16 1 8 0 8 0
l1d_u8-10 llc-0b17 1 8 0 8 0
l1d_u8-10 llc-0b18 1 8 0 8 0
l1d_u8-10 llc-0b19 1 8 0 8 0
l1d_u8-10 llc-0b20 1 8 0 8 0
l1d_u8-10 llc-0b21 1 8 0 8 0
l1d_u8-10 llc-0b22 1 8 0 8 0
l1d_u8-10 llc-0b23 1 8 0 8 0
l1d_u8-10 llc-0b24 1 8 0 8 0
l1d_u8-10 llc-0b25 1 8 0 8 0
l1d_u8-10 llc-0b26 1 8 0 8 0
l1d_u8-10 llc-0b27 1 8 0 8 0
l1d_u8-10 llc-0b28 1 8 0 8 0
l1d_u8-10 llc-0b29 1 8 0 8 0
l1d_u8-10 llc-0b30 1 8 0 8 0
l1d_u8-10 llc-0b31 1 8 0 8 0
l1d_u8-11 llc-0b0 1 8 0 8 0
l1d_u8-11 llc-0b1 1 8 0 8 0
l1d_u8-11 llc-0b2 1 8 0 8 0
l1d_u8-11 llc-0b3 1 8 0 8 0
l1d_u8-11 llc-0b4 1 8 0 8 0
l1d_u8-11 llc-0b5 1 8 0 8 0
l1d_u8-11 llc-0b6 1 8 0 8 0
l1d_u8-11 llc-0b7 1 8 0 8 0
l1d_u8-11 llc-0b8 1 8 0 8 0
l1d_u8-11 llc-0b9 1 8 0 8 0
l1d_u8-11 llc-0b10 1 8 0 8 0
l1d_u8-11 llc-0b11 1 8 0 8 0
l1d_u8-11 llc-0b12 1 8 0 8 0
l1d_u8-11 llc-0b13 1 8 0 8 0
l1d_u8-11 llc-0b14 1 8 0 8 0
l1d_u8-11 llc-0b15 1 8 0 8 0
l1d_u8-11 llc-0b16 1 8 0 8 0
l1d_u8-11 llc-0b17 1 8 0 8 0
l1d_u8-11 llc-0b18 1 8 0 8 0
l1d_u8-11 llc-0b19 1 8 0 8 0
l1d_u8-11 llc-0b20 1 8 0 8 0
l1d_u8-11 llc-0b21 1 8 0 8 0
l1d_u8-11 llc-0b22 1 8 0 8 0
l1d_u8-11 llc-0b23 1 8 0 8 0
l1d_u8-11 llc-0b24 1 8 0 8 0
l1d_u8-11 llc-0b25 1 8 0 8 0
l1d_u8-11 llc-0b26 1 8 0 8 0
l1d_u8-11 llc-0b27 1 8 0 8 0
l1d_u8-11 llc-0b28 1 8 0 8 0
l1d_u8-11 llc-0b29 1 8 0 8 0
l1d_u8-11 llc-0b30 1 8 0 8 0
l1d_u8-11 llc-0b31 1 8 0 8 0
l1d_u8-12 llc-0b0 1 8 0 8 0
l1d_u8-12 llc-0b1 1 8 0 8 0
l1d_u8-12 llc-0b2 1 8 0 8 0
l1d_u8-12 llc-0b3 1 8 0 8 0
l1d_u8-12 llc-0b4 1 8 0 8 0
l1d_u8-12 llc-0b5 1 8 0 8 0
l1d_u8-12 llc-0b6 1 8 0 8 0
l1d_u8-12 llc-0b7 1 8 0 8 0
l1d_u8-12 llc-0b8 1 8 0 8 0
l1d_u8-12 llc-0b9 1 8 0 8 0
l1d_u8-12 llc-0b10 1 8 0 8 0
l1d_u8-12 llc-0b11 1 8 0 8 0
l1d_u8-12 llc-0b12 1 8 0 8 0
l1d_u8-12 llc-0b13 1 8 0 8 0
l1d_u8-12 llc-0b14 1 8 0 8 0
l1d_u8-12 llc-0b15 1 8 0 8 0
l1d_u8-12 llc-0b16 1 8 0 8 0
l1d_u8-12 llc-0b17 1 8 0 8 0
l1d_u8-12 llc-0b18 1 8 0 8 0
l1d_u8-12 llc-0b19 1 8 0 8 0
l1d_u8-12 llc-0b20 1 8 0 8 0
l1d_u8-12 llc-0b21 1 8 0 8 0
l1d_u8-12 llc-0b22 1 8 0 8 0
l1d_u8-12 llc-0b23 1 8 0 8 0
l1d_u8-12 llc-0b24 1 8 0 8 0
l1d_u8-12 llc-0b25 1 8 0 8 0
l1d_u8-12 llc-0b26 1 8 0 8 0
l1d_u8-12 llc-0b27 1 8 0 8 0
l1d_u8-12 llc-0b28 1 8 0 8 0
l1d_u8-12 llc-0b29 1 8 0 8 0
l1d_u8-12 llc-0b30 1 8 0 8 0
l1d_u8-12 llc-0b31 1 8 0 8 0
l1d_u8-13 llc-0b0 1 8 0 8 0
l1d_u8-13 llc-0b1 1 8 0 8 0
l1d_u8-13 llc-0b2 1 8 0 8 0
l1d_u8-13 llc-0b3 1 8 0 8 0
l1d_u8-13 llc-0b4 1 8 0 8 0
l1d_u8-13 llc-0b5 1 8 0 8 0
l1d_u8-13 llc-0b6 1 8 0 8 0
l1d_u8-13 llc-0b7 1 8 0 8 0
l1d_u8-13 llc-0b8 1 8 0 8 0
l1d_u8-13 llc-0b9 1 8 0 8 0
l1d_u8-13 llc-0b10 1 8 0 8 0
l1d_u8-13 llc-0b11 1 8 0 8 0
l1d_u8-13 llc-0b12 1 8 0 8 0
l1d_u8-13 llc-0b13 1 8 0 8 0
l1d_u8-13 llc-0b14 1 8 0 8 0
l1d_u8-13 llc-0b15 1 8 0 8 0
l1d_u8-13 llc-0b16 1 8 0 8 0
l1d_u8-13 llc-0b17 1 8 0 8 0
l1d_u8-13 llc-0b18 1 8 0 8 0
l1d_u8-13 llc-0b19 1 8 0 8 0
l1d_u8-13 llc-0b20 1 8 0 8 0
l1d_u8-13 llc-0b21 1 8 0 8 0
l1d_u8-13 llc-0b22 1 8 0 8 0
l1d_u8-13 llc-0b23 1 8 0 8 0
l1d_u8-13 llc-0b24 1 8 0 8 0
l1d_u8-13 llc-0b25 1 8 0 8 0
l1d_u8-13 llc-0b26 1 8 0 8 0
l1d_u8-13 llc-0b27 1 8 0 8 0
l1d_u8-13 llc-0b28 1 8 0 8 0
l1d_u8-13 llc-0b29 1 8 0 8 0
l1d_u8-13 llc-0b30 1 8 0 8 0
l1d_u8-13 llc-0b31 1 8 0 8 0
l1d_u8-14 llc-0b0 1 8 0 8 0
l1d_u8-14 llc-0b1 1 8 0 8 0
l1d_u8-14 llc-0b2 1 8 0 8 0
l1d_u8-14 llc-0b3 1 8 0 8 0
l1d_u8-14 llc-0b4 1 8 0 8 0
l1d_u8-14 llc-0b5 1 8 0 8 0
l1d_u8-14 llc-0b6 1 8 0 8 0
l1d_u8-14 llc-0b7 1 8 0 8 0
l1d_u8-14 llc-0b8 1 8 0 8 0
l1d_u8-14 llc-0b9 1 8 0 8 0
l1d_u8-14 llc-0b10 1 8 0 8 0
l1d_u8-14 llc-0b11 1 8 0 8 0
l1d_u8-14 llc-0b12 1 8 0 8 0
l1d_u8-14 llc-0b13 1 8 0 8 0
l1d_u8-14 llc-0b14 1 8 0 8 0
l1d_u8-14 llc-0b15 1 8 0 8 0
l1d_u8-14 llc-0b16 1 8 0 8 0
l1d_u8-14 llc-0b17 1 8 0 8 0
l1d_u8-14 llc-0b18 1 8 0 8 0
l1d_u8-14 llc-0b19 1 8 0 8 0
l1d_u8-14 llc-0b20 1 8 0 8 0
l1d_u8-14 llc-0b21 1 8 0 8 0
l1d_u8-14 llc-0b22 1 8 0 8 0
l1d_u8-14 llc-0b23 1 8 0 8 0
l1d_u8-14 llc-0b24 1 8 0 8 0
l1d_u8-14 llc-0b25 1 8 0 8 0
l1d_u8-14 llc-0b26 1 8 0 8 0
l1d_u8-14 llc-0b27 1 8 0 8 0
l1d_u8-14 llc-0b28 1 8 0 8 0
l1d_u8-14 llc-0b29 1 8 0 8 0
l1d_u8-14 llc-0b30 1 8 0 8 0
l1d_u8-14 llc-0b31 1 8 0 8 0
l1d_u8-15 llc-0b0 1 8 0 8 0
l1d_u8-15 llc-0b1 1 8 0 8 0
l1d_u8-15 llc-0b2 1 8 0 8 0
l1d_u8-15 llc-0b3 1 8 0 8 0
l1d_u8-15 llc-0b4 1 8 0 8 0
l1d_u8-15 llc-0b5 1 8 0 8 0
l1d_u8-15 llc-0b6 1 8 0 8 0
l1d_u8-15 llc-0b7 1 8 0 8 0
l1d_u8-15 llc-0b8 1 8 0 8 0
l1d_u8-15 llc-0b9 1 8 0 8 0
l1d_u8-15 llc-0b10 1 8 0 8 0
l1d_u8-15 llc-0b11 1 8 0 8 0
l1d_u8-15 llc-0b12 1 8 0 8 0
l1d_u8-15 llc-0b13 1 8 0 8 0
l1d_u8-15 llc-0b14 1 8 0 8 0
l1d_u8-15 llc-0b15 1 8 0 8 0
l1d_u8-15 llc-0b16 1 8 0 8 0
l1d_u8-15 llc-0b17 1 8 0 8 0
l1d_u8-15 llc-0b18 1 8 0 8 0
l1d_u8-15 llc-0b19 1 8 0 8 0
l1d_u8-15 llc-0b20 1 8 0 8 0
l1d_u8-15 llc-0b21 1 8 0 8 0
l1d_u8-15 llc-0b22 1 8 0 8 0
l1d_u8-15 llc-0b23 1 8 0 8 0
l1d_u8-15 llc-0b24 1 8 0 8 0
l1d_u8-15 llc-0b25 1 8 0 8 0
l1d_u8-15 llc-0b26 1 8 0 8 0
l1d_u8-15 llc-0b27 1 8 0 8 0
l1d_u8-15 llc-0b28 1 8 0 8 0
l1d_u8-15 llc-0b29 1 8 0 8 0
l1d_u8-15 llc-0b30 1 8 0 8 0
l1d_u8-15 llc-0b31 1 8 0 8 0
l1i_u9-0 llc-0b0 1 9 0 9 0
l1i_u9-0 llc-0b1 1 9 0 9 0
l1i_u9-0 llc-0b2 1 9 0 9 0
l1i_u9-0 llc-0b3 1 9 0 9 0
l1i_u9-0 llc-0b4 1 9 0 9 0
l1i_u9-0 llc-0b5 1 9 0 9 0
l1i_u9-0 llc-0b6 1 9 0 9 0
l1i_u9-0 llc-0b7 1 9 0 9 0
l1i_u9-0 llc-0b8 1 9 0 9 0
l1i_u9-0 llc-0b9 1 9 0 9 0
l1i_u9-0 llc-0b10 1 9 0 9 0
l1i_u9-0 llc-0b11 1 9 0 9 0
l1i_u9-0 llc-0b12 1 9 0 9 0
l1i_u9-0 llc-0b13 1 9 0 9 0
l1i_u9-0 llc-0b14 1 9 0 9 0
l1i_u9-0 llc-0b15 1 9 0 9 0
l1i_u9-0 llc-0b16 1 9 0 9 0
l1i_u9-0 llc-0b17 1 9 0 9 0
l1i_u9-0 llc-0b18 1 9 0 9 0
l1i_u9-0 llc-0b19 1 9 0 9 0
l1i_u9-0 llc-0b20 1 9 0 9 0
l1i_u9-0 llc-0b21 1 9 0 9 0
l1i_u9-0 llc-0b22 1 9 0 9 0
l1i_u9-0 llc-0b23 1 9 0 9 0
l1i_u9-0 llc-0b24 1 9 0 9 0
l1i_u9-0 llc-0b25 1 9 0 9 0
l1i_u9-0 llc-0b26 1 9 0 9 0
l1i_u9-0 llc-0b27 1 9 0 9 0
l1i_u9-0 llc-0b28 1 9 0 9 0
l1i_u9-0 llc-0b29 1 9 0 9 0
l1i_u9-0 llc-0b30 1 9 0 9 0
l1i_u9-0 llc-0b31 1 9 0 9 0
l1i_u9-1 llc-0b0 1 9 0 9 0
l1i_u9-1 llc-0b1 1 9 0 9 0
l1i_u9-1 llc-0b2 1 9 0 9 0
l1i_u9-1 llc-0b3 1 9 0 9 0
l1i_u9-1 llc-0b4 1 9 0 9 0
l1i_u9-1 llc-0b5 1 9 0 9 0
l1i_u9-1 llc-0b6 1 9 0 9 0
l1i_u9-1 llc-0b7 1 9 0 9 0
l1i_u9-1 llc-0b8 1 9 0 9 0
l1i_u9-1 llc-0b9 1 9 0 9 0
l1i_u9-1 llc-0b10 1 9 0 9 0
l1i_u9-1 llc-0b11 1 9 0 9 0
l1i_u9-1 llc-0b12 1 9 0 9 0
l1i_u9-1 llc-0b13 1 9 0 9 0
l1i_u9-1 llc-0b14 1 9 0 9 0
l1i_u9-1 llc-0b15 1 9 0 9 0
l1i_u9-1 llc-0b16 1 9 0 9 0
l1i_u9-1 llc-0b17 1 9 0 9 0
l1i_u9-1 llc-0b18 1 9 0 9 0
l1i_u9-1 llc-0b19 1 9 0 9 0
l1i_u9-1 llc-0b20 1 9 0 9 0
l1i_u9-1 llc-0b21 1 9 0 9 0
l1i_u9-1 llc-0b22 1 9 0 9 0
l1i_u9-1 llc-0b23 1 9 0 9 0
l1i_u9-1 llc-0b24 1 9 0 9 0
l1i_u9-1 llc-0b25 1 9 0 9 0
l1i_u9-1 llc-0b26 1 9 0 9 0
l1i_u9-1 llc-0b27 1 9 0 9 0
l1i_u9-1 llc-0b28 1 9 0 9 0
l1i_u9-1 llc-0b29 1 9 0 9 0
l1i_u9-1 llc-0b30 1 9 0 9 0
l1i_u9-1 llc-0b31 1 9 0 9 0
l1i_u9-2 llc-0b0 1 9 0 9 0
l1i_u9-2 llc-0b1 1 9 0 9 0
l1i_u9-2 llc-0b2 1 9 0 9 0
l1i_u9-2 llc-0b3 1 9 0 9 0
l1i_u9-2 llc-0b4 1 9 0 9 0
l1i_u9-2 llc-0b5 1 9 0 9 0
l1i_u9-2 llc-0b6 1 9 0 9 0
l1i_u9-2 llc-0b7 1 9 0 9 0
l1i_u9-2 llc-0b8 1 9 0 9 0
l1i_u9-2 llc-0b9 1 9 0 9 0
l1i_u9-2 llc-0b10 1 9 0 9 0
l1i_u9-2 llc-0b11 1 9 0 9 0
l1i_u9-2 llc-0b12 1 9 0 9 0
l1i_u9-2 llc-0b13 1 9 0 9 0
l1i_u9-2 llc-0b14 1 9 0 9 0
l1i_u9-2 llc-0b15 1 9 0 9 0
l1i_u9-2 llc-0b16 1 9 0 9 0
l1i_u9-2 llc-0b17 1 9 0 9 0
l1i_u9-2 llc-0b18 1 9 0 9 0
l1i_u9-2 llc-0b19 1 9 0 9 0
l1i_u9-2 llc-0b20 1 9 0 9 0
l1i_u9-2 llc-0b21 1 9 0 9 0
l1i_u9-2 llc-0b22 1 9 0 9 0
l1i_u9-2 llc-0b23 1 9 0 9 0
l1i_u9-2 llc-0b24 1 9 0 9 0
l1i_u9-2 llc-0b25 1 9 0 9 0
l1i_u9-2 llc-0b26 1 9 0 9 0
l1i_u9-2 llc-0b27 1 9 0 9 0
l1i_u9-2 llc-0b28 1 9 0 9 0
l1i_u9-2 llc-0b29 1 9 0 9 0
l1i_u9-2 llc-0b30 1 9 0 9 0
l1i_u9-2 llc-0b31 1 9 0 9 0
l1i_u9-3 llc-0b0 1 9 0 9 0
l1i_u9-3 llc-0b1 1 9 0 9 0
l1i_u9-3 llc-0b2 1 9 0 9 0
l1i_u9-3 llc-0b3 1 9 0 9 0
l1i_u9-3 llc-0b4 1 9 0 9 0
l1i_u9-3 llc-0b5 1 9 0 9 0
l1i_u9-3 llc-0b6 1 9 0 9 0
l1i_u9-3 llc-0b7 1 9 0 9 0
l1i_u9-3 llc-0b8 1 9 0 9 0
l1i_u9-3 llc-0b9 1 9 0 9 0
l1i_u9-3 llc-0b10 1 9 0 9 0
l1i_u9-3 llc-0b11 1 9 0 9 0
l1i_u9-3 llc-0b12 1 9 0 9 0
l1i_u9-3 llc-0b13 1 9 0 9 0
l1i_u9-3 llc-0b14 1 9 0 9 0
l1i_u9-3 llc-0b15 1 9 0 9 0
l1i_u9-3 llc-0b16 1 9 0 9 0
l1i_u9-3 llc-0b17 1 9 0 9 0
l1i_u9-3 llc-0b18 1 9 0 9 0
l1i_u9-3 llc-0b19 1 9 0 9 0
l1i_u9-3 llc-0b20 1 9 0 9 0
l1i_u9-3 llc-0b21 1 9 0 9 0
l1i_u9-3 llc-0b22 1 9 0 9 0
l1i_u9-3 llc-0b23 1 9 0 9 0
l1i_u9-3 llc-0b24 1 9 0 9 0
l1i_u9-3 llc-0b25 1 9 0 9 0
l1i_u9-3 llc-0b26 1 9 0 9 0
l1i_u9-3 llc-0b27 1 9 0 9 0
l1i_u9-3 llc-0b28 1 9 0 9 0
l1i_u9-3 llc-0b29 1 9 0 9 0
l1i_u9-3 llc-0b30 1 9 0 9 0
l1i_u9-3 llc-0b31 1 9 0 9 0
l1i_u9-4 llc-0b0 1 9 0 9 0
l1i_u9-4 llc-0b1 1 9 0 9 0
l1i_u9-4 llc-0b2 1 9 0 9 0
l1i_u9-4 llc-0b3 1 9 0 9 0
l1i_u9-4 llc-0b4 1 9 0 9 0
l1i_u9-4 llc-0b5 1 9 0 9 0
l1i_u9-4 llc-0b6 1 9 0 9 0
l1i_u9-4 llc-0b7 1 9 0 9 0
l1i_u9-4 llc-0b8 1 9 0 9 0
l1i_u9-4 llc-0b9 1 9 0 9 0
l1i_u9-4 llc-0b10 1 9 0 9 0
l1i_u9-4 llc-0b11 1 9 0 9 0
l1i_u9-4 llc-0b12 1 9 0 9 0
l1i_u9-4 llc-0b13 1 9 0 9 0
l1i_u9-4 llc-0b14 1 9 0 9 0
l1i_u9-4 llc-0b15 1 9 0 9 0
l1i_u9-4 llc-0b16 1 9 0 9 0
l1i_u9-4 llc-0b17 1 9 0 9 0
l1i_u9-4 llc-0b18 1 9 0 9 0
l1i_u9-4 llc-0b19 1 9 0 9 0
l1i_u9-4 llc-0b20 1 9 0 9 0
l1i_u9-4 llc-0b21 1 9 0 9 0
l1i_u9-4 llc-0b22 1 9 0 9 0
l1i_u9-4 llc-0b23 1 9 0 9 0
l1i_u9-4 llc-0b24 1 9 0 9 0
l1i_u9-4 llc-0b25 1 9 0 9 0
l1i_u9-4 llc-0b26 1 9 0 9 0
l1i_u9-4 llc-0b27 1 9 0 9 0
l1i_u9-4 llc-0b28 1 9 0 9 0
l1i_u9-4 llc-0b29 1 9 0 9 0
l1i_u9-4 llc-0b30 1 9 0 9 0
l1i_u9-4 llc-0b31 1 9 0 9 0
l1i_u9-5 llc-0b0 1 9 0 9 0
l1i_u9-5 llc-0b1 1 9 0 9 0
l1i_u9-5 llc-0b2 1 9 0 9 0
l1i_u9-5 llc-0b3 1 9 0 9 0
l1i_u9-5 llc-0b4 1 9 0 9 0
l1i_u9-5 llc-0b5 1 9 0 9 0
l1i_u9-5 llc-0b6 1 9 0 9 0
l1i_u9-5 llc-0b7 1 9 0 9 0
l1i_u9-5 llc-0b8 1 9 0 9 0
l1i_u9-5 llc-0b9 1 9 0 9 0
l1i_u9-5 llc-0b10 1 9 0 9 0
l1i_u9-5 llc-0b11 1 9 0 9 0
l1i_u9-5 llc-0b12 1 9 0 9 0
l1i_u9-5 llc-0b13 1 9 0 9 0
l1i_u9-5 llc-0b14 1 9 0 9 0
l1i_u9-5 llc-0b15 1 9 0 9 0
l1i_u9-5 llc-0b16 1 9 0 9 0
l1i_u9-5 llc-0b17 1 9 0 9 0
l1i_u9-5 llc-0b18 1 9 0 9 0
l1i_u9-5 llc-0b19 1 9 0 9 0
l1i_u9-5 llc-0b20 1 9 0 9 0
l1i_u9-5 llc-0b21 1 9 0 9 0
l1i_u9-5 llc-0b22 1 9 0 9 0
l1i_u9-5 llc-0b23 1 9 0 9 0
l1i_u9-5 llc-0b24 1 9 0 9 0
l1i_u9-5 llc-0b25 1 9 0 9 0
l1i_u9-5 llc-0b26 1 9 0 9 0
l1i_u9-5 llc-0b27 1 9 0 9 0
l1i_u9-5 llc-0b28 1 9 0 9 0
l1i_u9-5 llc-0b29 1 9 0 9 0
l1i_u9-5 llc-0b30 1 9 0 9 0
l1i_u9-5 llc-0b31 1 9 0 9 0
l1i_u9-6 llc-0b0 1 9 0 9 0
l1i_u9-6 llc-0b1 1 9 0 9 0
l1i_u9-6 llc-0b2 1 9 0 9 0
l1i_u9-6 llc-0b3 1 9 0 9 0
l1i_u9-6 llc-0b4 1 9 0 9 0
l1i_u9-6 llc-0b5 1 9 0 9 0
l1i_u9-6 llc-0b6 1 9 0 9 0
l1i_u9-6 llc-0b7 1 9 0 9 0
l1i_u9-6 llc-0b8 1 9 0 9 0
l1i_u9-6 llc-0b9 1 9 0 9 0
l1i_u9-6 llc-0b10 1 9 0 9 0
l1i_u9-6 llc-0b11 1 9 0 9 0
l1i_u9-6 llc-0b12 1 9 0 9 0
l1i_u9-6 llc-0b13 1 9 0 9 0
l1i_u9-6 llc-0b14 1 9 0 9 0
l1i_u9-6 llc-0b15 1 9 0 9 0
l1i_u9-6 llc-0b16 1 9 0 9 0
l1i_u9-6 llc-0b17 1 9 0 9 0
l1i_u9-6 llc-0b18 1 9 0 9 0
l1i_u9-6 llc-0b19 1 9 0 9 0
l1i_u9-6 llc-0b20 1 9 0 9 0
l1i_u9-6 llc-0b21 1 9 0 9 0
l1i_u9-6 llc-0b22 1 9 0 9 0
l1i_u9-6 llc-0b23 1 9 0 9 0
l1i_u9-6 llc-0b24 1 9 0 9 0
l1i_u9-6 llc-0b25 1 9 0 9 0
l1i_u9-6 llc-0b26 1 9 0 9 0
l1i_u9-6 llc-0b27 1 9 0 9 0
l1i_u9-6 llc-0b28 1 9 0 9 0
l1i_u9-6 llc-0b29 1 9 0 9 0
l1i_u9-6 llc-0b30 1 9 0 9 0
l1i_u9-6 llc-0b31 1 9 0 9 0
l1i_u9-7 llc-0b0 1 9 0 9 0
l1i_u9-7 llc-0b1 1 9 0 9 0
l1i_u9-7 llc-0b2 1 9 0 9 0
l1i_u9-7 llc-0b3 1 9 0 9 0
l1i_u9-7 llc-0b4 1 9 0 9 0
l1i_u9-7 llc-0b5 1 9 0 9 0
l1i_u9-7 llc-0b6 1 9 0 9 0
l1i_u9-7 llc-0b7 1 9 0 9 0
l1i_u9-7 llc-0b8 1 9 0 9 0
l1i_u9-7 llc-0b9 1 9 0 9 0
l1i_u9-7 llc-0b10 1 9 0 9 0
l1i_u9-7 llc-0b11 1 9 0 9 0
l1i_u9-7 llc-0b12 1 9 0 9 0
l1i_u9-7 llc-0b13 1 9 0 9 0
l1i_u9-7 llc-0b14 1 9 0 9 0
l1i_u9-7 llc-0b15 1 9 0 9 0
l1i_u9-7 llc-0b16 1 9 0 9 0
l1i_u9-7 llc-0b17 1 9 0 9 0
l1i_u9-7 llc-0b18 1 9 0 9 0
l1i_u9-7 llc-0b19 1 9 0 9 0
l1i_u9-7 llc-0b20 1 9 0 9 0
l1i_u9-7 llc-0b21 1 9 0 9 0
l1i_u9-7 llc-0b22 1 9 0 9 0
l1i_u9-7 llc-0b23 1 9 0 9 0
l1i_u9-7 llc-0b24 1 9 0 9 0
l1i_u9-7 llc-0b25 1 9 0 9 0
l1i_u9-7 llc-0b26 1 9 0 9 0
l1i_u9-7 llc-0b27 1 9 0 9 0
l1i_u9-7 llc-0b28 1 9 0 9 0
l1i_u9-7 llc-0b29 1 9 0 9 0
l1i_u9-7 llc-0b30 1 9 0 9 0
l1i_u9-7 llc-0b31 1 9 0 9 0
l1i_u9-8 llc-0b0 1 9 0 9 0
l1i_u9-8 llc-0b1 1 9 0 9 0
l1i_u9-8 llc-0b2 1 9 0 9 0
l1i_u9-8 llc-0b3 1 9 0 9 0
l1i_u9-8 llc-0b4 1 9 0 9 0
l1i_u9-8 llc-0b5 1 9 0 9 0
l1i_u9-8 llc-0b6 1 9 0 9 0
l1i_u9-8 llc-0b7 1 9 0 9 0
l1i_u9-8 llc-0b8 1 9 0 9 0
l1i_u9-8 llc-0b9 1 9 0 9 0
l1i_u9-8 llc-0b10 1 9 0 9 0
l1i_u9-8 llc-0b11 1 9 0 9 0
l1i_u9-8 llc-0b12 1 9 0 9 0
l1i_u9-8 llc-0b13 1 9 0 9 0
l1i_u9-8 llc-0b14 1 9 0 9 0
l1i_u9-8 llc-0b15 1 9 0 9 0
l1i_u9-8 llc-0b16 1 9 0 9 0
l1i_u9-8 llc-0b17 1 9 0 9 0
l1i_u9-8 llc-0b18 1 9 0 9 0
l1i_u9-8 llc-0b19 1 9 0 9 0
l1i_u9-8 llc-0b20 1 9 0 9 0
l1i_u9-8 llc-0b21 1 9 0 9 0
l1i_u9-8 llc-0b22 1 9 0 9 0
l1i_u9-8 llc-0b23 1 9 0 9 0
l1i_u9-8 llc-0b24 1 9 0 9 0
l1i_u9-8 llc-0b25 1 9 0 9 0
l1i_u9-8 llc-0b26 1 9 0 9 0
l1i_u9-8 llc-0b27 1 9 0 9 0
l1i_u9-8 llc-0b28 1 9 0 9 0
l1i_u9-8 llc-0b29 1 9 0 9 0
l1i_u9-8 llc-0b30 1 9 0 9 0
l1i_u9-8 llc-0b31 1 9 0 9 0
l1i_u9-9 llc-0b0 1 9 0 9 0
l1i_u9-9 llc-0b1 1 9 0 9 0
l1i_u9-9 llc-0b2 1 9 0 9 0
l1i_u9-9 llc-0b3 1 9 0 9 0
l1i_u9-9 llc-0b4 1 9 0 9 0
l1i_u9-9 llc-0b5 1 9 0 9 0
l1i_u9-9 llc-0b6 1 9 0 9 0
l1i_u9-9 llc-0b7 1 9 0 9 0
l1i_u9-9 llc-0b8 1 9 0 9 0
l1i_u9-9 llc-0b9 1 9 0 9 0
l1i_u9-9 llc-0b10 1 9 0 9 0
l1i_u9-9 llc-0b11 1 9 0 9 0
l1i_u9-9 llc-0b12 1 9 0 9 0
l1i_u9-9 llc-0b13 1 9 0 9 0
l1i_u9-9 llc-0b14 1 9 0 9 0
l1i_u9-9 llc-0b15 1 9 0 9 0
l1i_u9-9 llc-0b16 1 9 0 9 0
l1i_u9-9 llc-0b17 1 9 0 9 0
l1i_u9-9 llc-0b18 1 9 0 9 0
l1i_u9-9 llc-0b19 1 9 0 9 0
l1i_u9-9 llc-0b20 1 9 0 9 0
l1i_u9-9 llc-0b21 1 9 0 9 0
l1i_u9-9 llc-0b22 1 9 0 9 0
l1i_u9-9 llc-0b23 1 9 0 9 0
l1i_u9-9 llc-0b24 1 9 0 9 0
l1i_u9-9 llc-0b25 1 9 0 9 0
l1i_u9-9 llc-0b26 1 9 0 9 0
l1i_u9-9 llc-0b27 1 9 0 9 0
l1i_u9-9 llc-0b28 1 9 0 9 0
l1i_u9-9 llc-0b29 1 9 0 9 0
l1i_u9-9 llc-0b30 1 9 0 9 0
l1i_u9-9 llc-0b31 1 9 0 9 0
l1i_u9-10 llc-0b0 1 9 0 9 0
l1i_u9-10 llc-0b1 1 9 0 9 0
l1i_u9-10 llc-0b2 1 9 0 9 0
l1i_u9-10 llc-0b3 1 9 0 9 0
l1i_u9-10 llc-0b4 1 9 0 9 0
l1i_u9-10 llc-0b5 1 9 0 9 0
l1i_u9-10 llc-0b6 1 9 0 9 0
l1i_u9-10 llc-0b7 1 9 0 9 0
l1i_u9-10 llc-0b8 1 9 0 9 0
l1i_u9-10 llc-0b9 1 9 0 9 0
l1i_u9-10 llc-0b10 1 9 0 9 0
l1i_u9-10 llc-0b11 1 9 0 9 0
l1i_u9-10 llc-0b12 1 9 0 9 0
l1i_u9-10 llc-0b13 1 9 0 9 0
l1i_u9-10 llc-0b14 1 9 0 9 0
l1i_u9-10 llc-0b15 1 9 0 9 0
l1i_u9-10 llc-0b16 1 9 0 9 0
l1i_u9-10 llc-0b17 1 9 0 9 0
l1i_u9-10 llc-0b18 1 9 0 9 0
l1i_u9-10 llc-0b19 1 9 0 9 0
l1i_u9-10 llc-0b20 1 9 0 9 0
l1i_u9-10 llc-0b21 1 9 0 9 0
l1i_u9-10 llc-0b22 1 9 0 9 0
l1i_u9-10 llc-0b23 1 9 0 9 0
l1i_u9-10 llc-0b24 1 9 0 9 0
l1i_u9-10 llc-0b25 1 9 0 9 0
l1i_u9-10 llc-0b26 1 9 0 9 0
l1i_u9-10 llc-0b27 1 9 0 9 0
l1i_u9-10 llc-0b28 1 9 0 9 0
l1i_u9-10 llc-0b29 1 9 0 9 0
l1i_u9-10 llc-0b30 1 9 0 9 0
l1i_u9-10 llc-0b31 1 9 0 9 0
l1i_u9-11 llc-0b0 1 9 0 9 0
l1i_u9-11 llc-0b1 1 9 0 9 0
l1i_u9-11 llc-0b2 1 9 0 9 0
l1i_u9-11 llc-0b3 1 9 0 9 0
l1i_u9-11 llc-0b4 1 9 0 9 0
l1i_u9-11 llc-0b5 1 9 0 9 0
l1i_u9-11 llc-0b6 1 9 0 9 0
l1i_u9-11 llc-0b7 1 9 0 9 0
l1i_u9-11 llc-0b8 1 9 0 9 0
l1i_u9-11 llc-0b9 1 9 0 9 0
l1i_u9-11 llc-0b10 1 9 0 9 0
l1i_u9-11 llc-0b11 1 9 0 9 0
l1i_u9-11 llc-0b12 1 9 0 9 0
l1i_u9-11 llc-0b13 1 9 0 9 0
l1i_u9-11 llc-0b14 1 9 0 9 0
l1i_u9-11 llc-0b15 1 9 0 9 0
l1i_u9-11 llc-0b16 1 9 0 9 0
l1i_u9-11 llc-0b17 1 9 0 9 0
l1i_u9-11 llc-0b18 1 9 0 9 0
l1i_u9-11 llc-0b19 1 9 0 9 0
l1i_u9-11 llc-0b20 1 9 0 9 0
l1i_u9-11 llc-0b21 1 9 0 9 0
l1i_u9-11 llc-0b22 1 9 0 9 0
l1i_u9-11 llc-0b23 1 9 0 9 0
l1i_u9-11 llc-0b24 1 9 0 9 0
l1i_u9-11 llc-0b25 1 9 0 9 0
l1i_u9-11 llc-0b26 1 9 0 9 0
l1i_u9-11 llc-0b27 1 9 0 9 0
l1i_u9-11 llc-0b28 1 9 0 9 0
l1i_u9-11 llc-0b29 1 9 0 9 0
l1i_u9-11 llc-0b30 1 9 0 9 0
l1i_u9-11 llc-0b31 1 9 0 9 0
l1i_u9-12 llc-0b0 1 9 0 9 0
l1i_u9-12 llc-0b1 1 9 0 9 0
l1i_u9-12 llc-0b2 1 9 0 9 0
l1i_u9-12 llc-0b3 1 9 0 9 0
l1i_u9-12 llc-0b4 1 9 0 9 0
l1i_u9-12 llc-0b5 1 9 0 9 0
l1i_u9-12 llc-0b6 1 9 0 9 0
l1i_u9-12 llc-0b7 1 9 0 9 0
l1i_u9-12 llc-0b8 1 9 0 9 0
l1i_u9-12 llc-0b9 1 9 0 9 0
l1i_u9-12 llc-0b10 1 9 0 9 0
l1i_u9-12 llc-0b11 1 9 0 9 0
l1i_u9-12 llc-0b12 1 9 0 9 0
l1i_u9-12 llc-0b13 1 9 0 9 0
l1i_u9-12 llc-0b14 1 9 0 9 0
l1i_u9-12 llc-0b15 1 9 0 9 0
l1i_u9-12 llc-0b16 1 9 0 9 0
l1i_u9-12 llc-0b17 1 9 0 9 0
l1i_u9-12 llc-0b18 1 9 0 9 0
l1i_u9-12 llc-0b19 1 9 0 9 0
l1i_u9-12 llc-0b20 1 9 0 9 0
l1i_u9-12 llc-0b21 1 9 0 9 0
l1i_u9-12 llc-0b22 1 9 0 9 0
l1i_u9-12 llc-0b23 1 9 0 9 0
l1i_u9-12 llc-0b24 1 9 0 9 0
l1i_u9-12 llc-0b25 1 9 0 9 0
l1i_u9-12 llc-0b26 1 9 0 9 0
l1i_u9-12 llc-0b27 1 9 0 9 0
l1i_u9-12 llc-0b28 1 9 0 9 0
l1i_u9-12 llc-0b29 1 9 0 9 0
l1i_u9-12 llc-0b30 1 9 0 9 0
l1i_u9-12 llc-0b31 1 9 0 9 0
l1i_u9-13 llc-0b0 1 9 0 9 0
l1i_u9-13 llc-0b1 1 9 0 9 0
l1i_u9-13 llc-0b2 1 9 0 9 0
l1i_u9-13 llc-0b3 1 9 0 9 0
l1i_u9-13 llc-0b4 1 9 0 9 0
l1i_u9-13 llc-0b5 1 9 0 9 0
l1i_u9-13 llc-0b6 1 9 0 9 0
l1i_u9-13 llc-0b7 1 9 0 9 0
l1i_u9-13 llc-0b8 1 9 0 9 0
l1i_u9-13 llc-0b9 1 9 0 9 0
l1i_u9-13 llc-0b10 1 9 0 9 0
l1i_u9-13 llc-0b11 1 9 0 9 0
l1i_u9-13 llc-0b12 1 9 0 9 0
l1i_u9-13 llc-0b13 1 9 0 9 0
l1i_u9-13 llc-0b14 1 9 0 9 0
l1i_u9-13 llc-0b15 1 9 0 9 0
l1i_u9-13 llc-0b16 1 9 0 9 0
l1i_u9-13 llc-0b17 1 9 0 9 0
l1i_u9-13 llc-0b18 1 9 0 9 0
l1i_u9-13 llc-0b19 1 9 0 9 0
l1i_u9-13 llc-0b20 1 9 0 9 0
l1i_u9-13 llc-0b21 1 9 0 9 0
l1i_u9-13 llc-0b22 1 9 0 9 0
l1i_u9-13 llc-0b23 1 9 0 9 0
l1i_u9-13 llc-0b24 1 9 0 9 0
l1i_u9-13 llc-0b25 1 9 0 9 0
l1i_u9-13 llc-0b26 1 9 0 9 0
l1i_u9-13 llc-0b27 1 9 0 9 0
l1i_u9-13 llc-0b28 1 9 0 9 0
l1i_u9-13 llc-0b29 1 9 0 9 0
l1i_u9-13 llc-0b30 1 9 0 9 0
l1i_u9-13 llc-0b31 1 9 0 9 0
l1i_u9-14 llc-0b0 1 9 0 9 0
l1i_u9-14 llc-0b1 1 9 0 9 0
l1i_u9-14 llc-0b2 1 9 0 9 0
l1i_u9-14 llc-0b3 1 9 0 9 0
l1i_u9-14 llc-0b4 1 9 0 9 0
l1i_u9-14 llc-0b5 1 9 0 9 0
l1i_u9-14 llc-0b6 1 9 0 9 0
l1i_u9-14 llc-0b7 1 9 0 9 0
l1i_u9-14 llc-0b8 1 9 0 9 0
l1i_u9-14 llc-0b9 1 9 0 9 0
l1i_u9-14 llc-0b10 1 9 0 9 0
l1i_u9-14 llc-0b11 1 9 0 9 0
l1i_u9-14 llc-0b12 1 9 0 9 0
l1i_u9-14 llc-0b13 1 9 0 9 0
l1i_u9-14 llc-0b14 1 9 0 9 0
l1i_u9-14 llc-0b15 1 9 0 9 0
l1i_u9-14 llc-0b16 1 9 0 9 0
l1i_u9-14 llc-0b17 1 9 0 9 0
l1i_u9-14 llc-0b18 1 9 0 9 0
l1i_u9-14 llc-0b19 1 9 0 9 0
l1i_u9-14 llc-0b20 1 9 0 9 0
l1i_u9-14 llc-0b21 1 9 0 9 0
l1i_u9-14 llc-0b22 1 9 0 9 0
l1i_u9-14 llc-0b23 1 9 0 9 0
l1i_u9-14 llc-0b24 1 9 0 9 0
l1i_u9-14 llc-0b25 1 9 0 9 0
l1i_u9-14 llc-0b26 1 9 0 9 0
l1i_u9-14 llc-0b27 1 9 0 9 0
l1i_u9-14 llc-0b28 1 9 0 9 0
l1i_u9-14 llc-0b29 1 9 0 9 0
l1i_u9-14 llc-0b30 1 9 0 9 0
l1i_u9-14 llc-0b31 1 9 0 9 0
l1i_u9-15 llc-0b0 1 9 0 9 0
l1i_u9-15 llc-0b1 1 9 0 9 0
l1i_u9-15 llc-0b2 1 9 0 9 0
l1i_u9-15 llc-0b3 1 9 0 9 0
l1i_u9-15 llc-0b4 1 9 0 9 0
l1i_u9-15 llc-0b5 1 9 0 9 0
l1i_u9-15 llc-0b6 1 9 0 9 0
l1i_u9-15 llc-0b7 1 9 0 9 0
l1i_u9-15 llc-0b8 1 9 0 9 0
l1i_u9-15 llc-0b9 1 9 0 9 0
l1i_u9-15 llc-0b10 1 9 0 9 0
l1i_u9-15 llc-0b11 1 9 0 9 0
l1i_u9-15 llc-0b12 1 9 0 9 0
l1i_u9-15 llc-0b13 1 9 0 9 0
l1i_u9-15 llc-0b14 1 9 0 9 0
l1i_u9-15 llc-0b15 1 9 0 9 0
l1i_u9-15 llc-0b16 1 9 0 9 0
l1i_u9-15 llc-0b17 1 9 0 9 0
l1i_u9-15 llc-0b18 1 9 0 9 0
l1i_u9-15 llc-0b19 1 9 0 9 0
l1i_u9-15 llc-0b20 1 9 0 9 0
l1i_u9-15 llc-0b21 1 9 0 9 0
l1i_u9-15 llc-0b22 1 9 0 9 0
l1i_u9-15 llc-0b23 1 9 0 9 0
l1i_u9-15 llc-0b24 1 9 0 9 0
l1i_u9-15 llc-0b25 1 9 0 9 0
l1i_u9-15 llc-0b26 1 9 0 9 0
l1i_u9-15 llc-0b27 1 9 0 9 0
l1i_u9-15 llc-0b28 1 9 0 9 0
l1i_u9-15 llc-0b29 1 9 0 9 0
l1i_u9-15 llc-0b30 1 9 0 9 0
l1i_u9-15 llc-0b31 1 9 0 9 0
l1d_u9-0 llc-0b0 1 9 0 9 0
l1d_u9-0 llc-0b1 1 9 0 9 0
l1d_u9-0 llc-0b2 1 9 0 9 0
l1d_u9-0 llc-0b3 1 9 0 9 0
l1d_u9-0 llc-0b4 1 9 0 9 0
l1d_u9-0 llc-0b5 1 9 0 9 0
l1d_u9-0 llc-0b6 1 9 0 9 0
l1d_u9-0 llc-0b7 1 9 0 9 0
l1d_u9-0 llc-0b8 1 9 0 9 0
l1d_u9-0 llc-0b9 1 9 0 9 0
l1d_u9-0 llc-0b10 1 9 0 9 0
l1d_u9-0 llc-0b11 1 9 0 9 0
l1d_u9-0 llc-0b12 1 9 0 9 0
l1d_u9-0 llc-0b13 1 9 0 9 0
l1d_u9-0 llc-0b14 1 9 0 9 0
l1d_u9-0 llc-0b15 1 9 0 9 0
l1d_u9-0 llc-0b16 1 9 0 9 0
l1d_u9-0 llc-0b17 1 9 0 9 0
l1d_u9-0 llc-0b18 1 9 0 9 0
l1d_u9-0 llc-0b19 1 9 0 9 0
l1d_u9-0 llc-0b20 1 9 0 9 0
l1d_u9-0 llc-0b21 1 9 0 9 0
l1d_u9-0 llc-0b22 1 9 0 9 0
l1d_u9-0 llc-0b23 1 9 0 9 0
l1d_u9-0 llc-0b24 1 9 0 9 0
l1d_u9-0 llc-0b25 1 9 0 9 0
l1d_u9-0 llc-0b26 1 9 0 9 0
l1d_u9-0 llc-0b27 1 9 0 9 0
l1d_u9-0 llc-0b28 1 9 0 9 0
l1d_u9-0 llc-0b29 1 9 0 9 0
l1d_u9-0 llc-0b30 1 9 0 9 0
l1d_u9-0 llc-0b31 1 9 0 9 0
l1d_u9-1 llc-0b0 1 9 0 9 0
l1d_u9-1 llc-0b1 1 9 0 9 0
l1d_u9-1 llc-0b2 1 9 0 9 0
l1d_u9-1 llc-0b3 1 9 0 9 0
l1d_u9-1 llc-0b4 1 9 0 9 0
l1d_u9-1 llc-0b5 1 9 0 9 0
l1d_u9-1 llc-0b6 1 9 0 9 0
l1d_u9-1 llc-0b7 1 9 0 9 0
l1d_u9-1 llc-0b8 1 9 0 9 0
l1d_u9-1 llc-0b9 1 9 0 9 0
l1d_u9-1 llc-0b10 1 9 0 9 0
l1d_u9-1 llc-0b11 1 9 0 9 0
l1d_u9-1 llc-0b12 1 9 0 9 0
l1d_u9-1 llc-0b13 1 9 0 9 0
l1d_u9-1 llc-0b14 1 9 0 9 0
l1d_u9-1 llc-0b15 1 9 0 9 0
l1d_u9-1 llc-0b16 1 9 0 9 0
l1d_u9-1 llc-0b17 1 9 0 9 0
l1d_u9-1 llc-0b18 1 9 0 9 0
l1d_u9-1 llc-0b19 1 9 0 9 0
l1d_u9-1 llc-0b20 1 9 0 9 0
l1d_u9-1 llc-0b21 1 9 0 9 0
l1d_u9-1 llc-0b22 1 9 0 9 0
l1d_u9-1 llc-0b23 1 9 0 9 0
l1d_u9-1 llc-0b24 1 9 0 9 0
l1d_u9-1 llc-0b25 1 9 0 9 0
l1d_u9-1 llc-0b26 1 9 0 9 0
l1d_u9-1 llc-0b27 1 9 0 9 0
l1d_u9-1 llc-0b28 1 9 0 9 0
l1d_u9-1 llc-0b29 1 9 0 9 0
l1d_u9-1 llc-0b30 1 9 0 9 0
l1d_u9-1 llc-0b31 1 9 0 9 0
l1d_u9-2 llc-0b0 1 9 0 9 0
l1d_u9-2 llc-0b1 1 9 0 9 0
l1d_u9-2 llc-0b2 1 9 0 9 0
l1d_u9-2 llc-0b3 1 9 0 9 0
l1d_u9-2 llc-0b4 1 9 0 9 0
l1d_u9-2 llc-0b5 1 9 0 9 0
l1d_u9-2 llc-0b6 1 9 0 9 0
l1d_u9-2 llc-0b7 1 9 0 9 0
l1d_u9-2 llc-0b8 1 9 0 9 0
l1d_u9-2 llc-0b9 1 9 0 9 0
l1d_u9-2 llc-0b10 1 9 0 9 0
l1d_u9-2 llc-0b11 1 9 0 9 0
l1d_u9-2 llc-0b12 1 9 0 9 0
l1d_u9-2 llc-0b13 1 9 0 9 0
l1d_u9-2 llc-0b14 1 9 0 9 0
l1d_u9-2 llc-0b15 1 9 0 9 0
l1d_u9-2 llc-0b16 1 9 0 9 0
l1d_u9-2 llc-0b17 1 9 0 9 0
l1d_u9-2 llc-0b18 1 9 0 9 0
l1d_u9-2 llc-0b19 1 9 0 9 0
l1d_u9-2 llc-0b20 1 9 0 9 0
l1d_u9-2 llc-0b21 1 9 0 9 0
l1d_u9-2 llc-0b22 1 9 0 9 0
l1d_u9-2 llc-0b23 1 9 0 9 0
l1d_u9-2 llc-0b24 1 9 0 9 0
l1d_u9-2 llc-0b25 1 9 0 9 0
l1d_u9-2 llc-0b26 1 9 0 9 0
l1d_u9-2 llc-0b27 1 9 0 9 0
l1d_u9-2 llc-0b28 1 9 0 9 0
l1d_u9-2 llc-0b29 1 9 0 9 0
l1d_u9-2 llc-0b30 1 9 0 9 0
l1d_u9-2 llc-0b31 1 9 0 9 0
l1d_u9-3 llc-0b0 1 9 0 9 0
l1d_u9-3 llc-0b1 1 9 0 9 0
l1d_u9-3 llc-0b2 1 9 0 9 0
l1d_u9-3 llc-0b3 1 9 0 9 0
l1d_u9-3 llc-0b4 1 9 0 9 0
l1d_u9-3 llc-0b5 1 9 0 9 0
l1d_u9-3 llc-0b6 1 9 0 9 0
l1d_u9-3 llc-0b7 1 9 0 9 0
l1d_u9-3 llc-0b8 1 9 0 9 0
l1d_u9-3 llc-0b9 1 9 0 9 0
l1d_u9-3 llc-0b10 1 9 0 9 0
l1d_u9-3 llc-0b11 1 9 0 9 0
l1d_u9-3 llc-0b12 1 9 0 9 0
l1d_u9-3 llc-0b13 1 9 0 9 0
l1d_u9-3 llc-0b14 1 9 0 9 0
l1d_u9-3 llc-0b15 1 9 0 9 0
l1d_u9-3 llc-0b16 1 9 0 9 0
l1d_u9-3 llc-0b17 1 9 0 9 0
l1d_u9-3 llc-0b18 1 9 0 9 0
l1d_u9-3 llc-0b19 1 9 0 9 0
l1d_u9-3 llc-0b20 1 9 0 9 0
l1d_u9-3 llc-0b21 1 9 0 9 0
l1d_u9-3 llc-0b22 1 9 0 9 0
l1d_u9-3 llc-0b23 1 9 0 9 0
l1d_u9-3 llc-0b24 1 9 0 9 0
l1d_u9-3 llc-0b25 1 9 0 9 0
l1d_u9-3 llc-0b26 1 9 0 9 0
l1d_u9-3 llc-0b27 1 9 0 9 0
l1d_u9-3 llc-0b28 1 9 0 9 0
l1d_u9-3 llc-0b29 1 9 0 9 0
l1d_u9-3 llc-0b30 1 9 0 9 0
l1d_u9-3 llc-0b31 1 9 0 9 0
l1d_u9-4 llc-0b0 1 9 0 9 0
l1d_u9-4 llc-0b1 1 9 0 9 0
l1d_u9-4 llc-0b2 1 9 0 9 0
l1d_u9-4 llc-0b3 1 9 0 9 0
l1d_u9-4 llc-0b4 1 9 0 9 0
l1d_u9-4 llc-0b5 1 9 0 9 0
l1d_u9-4 llc-0b6 1 9 0 9 0
l1d_u9-4 llc-0b7 1 9 0 9 0
l1d_u9-4 llc-0b8 1 9 0 9 0
l1d_u9-4 llc-0b9 1 9 0 9 0
l1d_u9-4 llc-0b10 1 9 0 9 0
l1d_u9-4 llc-0b11 1 9 0 9 0
l1d_u9-4 llc-0b12 1 9 0 9 0
l1d_u9-4 llc-0b13 1 9 0 9 0
l1d_u9-4 llc-0b14 1 9 0 9 0
l1d_u9-4 llc-0b15 1 9 0 9 0
l1d_u9-4 llc-0b16 1 9 0 9 0
l1d_u9-4 llc-0b17 1 9 0 9 0
l1d_u9-4 llc-0b18 1 9 0 9 0
l1d_u9-4 llc-0b19 1 9 0 9 0
l1d_u9-4 llc-0b20 1 9 0 9 0
l1d_u9-4 llc-0b21 1 9 0 9 0
l1d_u9-4 llc-0b22 1 9 0 9 0
l1d_u9-4 llc-0b23 1 9 0 9 0
l1d_u9-4 llc-0b24 1 9 0 9 0
l1d_u9-4 llc-0b25 1 9 0 9 0
l1d_u9-4 llc-0b26 1 9 0 9 0
l1d_u9-4 llc-0b27 1 9 0 9 0
l1d_u9-4 llc-0b28 1 9 0 9 0
l1d_u9-4 llc-0b29 1 9 0 9 0
l1d_u9-4 llc-0b30 1 9 0 9 0
l1d_u9-4 llc-0b31 1 9 0 9 0
l1d_u9-5 llc-0b0 1 9 0 9 0
l1d_u9-5 llc-0b1 1 9 0 9 0
l1d_u9-5 llc-0b2 1 9 0 9 0
l1d_u9-5 llc-0b3 1 9 0 9 0
l1d_u9-5 llc-0b4 1 9 0 9 0
l1d_u9-5 llc-0b5 1 9 0 9 0
l1d_u9-5 llc-0b6 1 9 0 9 0
l1d_u9-5 llc-0b7 1 9 0 9 0
l1d_u9-5 llc-0b8 1 9 0 9 0
l1d_u9-5 llc-0b9 1 9 0 9 0
l1d_u9-5 llc-0b10 1 9 0 9 0
l1d_u9-5 llc-0b11 1 9 0 9 0
l1d_u9-5 llc-0b12 1 9 0 9 0
l1d_u9-5 llc-0b13 1 9 0 9 0
l1d_u9-5 llc-0b14 1 9 0 9 0
l1d_u9-5 llc-0b15 1 9 0 9 0
l1d_u9-5 llc-0b16 1 9 0 9 0
l1d_u9-5 llc-0b17 1 9 0 9 0
l1d_u9-5 llc-0b18 1 9 0 9 0
l1d_u9-5 llc-0b19 1 9 0 9 0
l1d_u9-5 llc-0b20 1 9 0 9 0
l1d_u9-5 llc-0b21 1 9 0 9 0
l1d_u9-5 llc-0b22 1 9 0 9 0
l1d_u9-5 llc-0b23 1 9 0 9 0
l1d_u9-5 llc-0b24 1 9 0 9 0
l1d_u9-5 llc-0b25 1 9 0 9 0
l1d_u9-5 llc-0b26 1 9 0 9 0
l1d_u9-5 llc-0b27 1 9 0 9 0
l1d_u9-5 llc-0b28 1 9 0 9 0
l1d_u9-5 llc-0b29 1 9 0 9 0
l1d_u9-5 llc-0b30 1 9 0 9 0
l1d_u9-5 llc-0b31 1 9 0 9 0
l1d_u9-6 llc-0b0 1 9 0 9 0
l1d_u9-6 llc-0b1 1 9 0 9 0
l1d_u9-6 llc-0b2 1 9 0 9 0
l1d_u9-6 llc-0b3 1 9 0 9 0
l1d_u9-6 llc-0b4 1 9 0 9 0
l1d_u9-6 llc-0b5 1 9 0 9 0
l1d_u9-6 llc-0b6 1 9 0 9 0
l1d_u9-6 llc-0b7 1 9 0 9 0
l1d_u9-6 llc-0b8 1 9 0 9 0
l1d_u9-6 llc-0b9 1 9 0 9 0
l1d_u9-6 llc-0b10 1 9 0 9 0
l1d_u9-6 llc-0b11 1 9 0 9 0
l1d_u9-6 llc-0b12 1 9 0 9 0
l1d_u9-6 llc-0b13 1 9 0 9 0
l1d_u9-6 llc-0b14 1 9 0 9 0
l1d_u9-6 llc-0b15 1 9 0 9 0
l1d_u9-6 llc-0b16 1 9 0 9 0
l1d_u9-6 llc-0b17 1 9 0 9 0
l1d_u9-6 llc-0b18 1 9 0 9 0
l1d_u9-6 llc-0b19 1 9 0 9 0
l1d_u9-6 llc-0b20 1 9 0 9 0
l1d_u9-6 llc-0b21 1 9 0 9 0
l1d_u9-6 llc-0b22 1 9 0 9 0
l1d_u9-6 llc-0b23 1 9 0 9 0
l1d_u9-6 llc-0b24 1 9 0 9 0
l1d_u9-6 llc-0b25 1 9 0 9 0
l1d_u9-6 llc-0b26 1 9 0 9 0
l1d_u9-6 llc-0b27 1 9 0 9 0
l1d_u9-6 llc-0b28 1 9 0 9 0
l1d_u9-6 llc-0b29 1 9 0 9 0
l1d_u9-6 llc-0b30 1 9 0 9 0
l1d_u9-6 llc-0b31 1 9 0 9 0
l1d_u9-7 llc-0b0 1 9 0 9 0
l1d_u9-7 llc-0b1 1 9 0 9 0
l1d_u9-7 llc-0b2 1 9 0 9 0
l1d_u9-7 llc-0b3 1 9 0 9 0
l1d_u9-7 llc-0b4 1 9 0 9 0
l1d_u9-7 llc-0b5 1 9 0 9 0
l1d_u9-7 llc-0b6 1 9 0 9 0
l1d_u9-7 llc-0b7 1 9 0 9 0
l1d_u9-7 llc-0b8 1 9 0 9 0
l1d_u9-7 llc-0b9 1 9 0 9 0
l1d_u9-7 llc-0b10 1 9 0 9 0
l1d_u9-7 llc-0b11 1 9 0 9 0
l1d_u9-7 llc-0b12 1 9 0 9 0
l1d_u9-7 llc-0b13 1 9 0 9 0
l1d_u9-7 llc-0b14 1 9 0 9 0
l1d_u9-7 llc-0b15 1 9 0 9 0
l1d_u9-7 llc-0b16 1 9 0 9 0
l1d_u9-7 llc-0b17 1 9 0 9 0
l1d_u9-7 llc-0b18 1 9 0 9 0
l1d_u9-7 llc-0b19 1 9 0 9 0
l1d_u9-7 llc-0b20 1 9 0 9 0
l1d_u9-7 llc-0b21 1 9 0 9 0
l1d_u9-7 llc-0b22 1 9 0 9 0
l1d_u9-7 llc-0b23 1 9 0 9 0
l1d_u9-7 llc-0b24 1 9 0 9 0
l1d_u9-7 llc-0b25 1 9 0 9 0
l1d_u9-7 llc-0b26 1 9 0 9 0
l1d_u9-7 llc-0b27 1 9 0 9 0
l1d_u9-7 llc-0b28 1 9 0 9 0
l1d_u9-7 llc-0b29 1 9 0 9 0
l1d_u9-7 llc-0b30 1 9 0 9 0
l1d_u9-7 llc-0b31 1 9 0 9 0
l1d_u9-8 llc-0b0 1 9 0 9 0
l1d_u9-8 llc-0b1 1 9 0 9 0
l1d_u9-8 llc-0b2 1 9 0 9 0
l1d_u9-8 llc-0b3 1 9 0 9 0
l1d_u9-8 llc-0b4 1 9 0 9 0
l1d_u9-8 llc-0b5 1 9 0 9 0
l1d_u9-8 llc-0b6 1 9 0 9 0
l1d_u9-8 llc-0b7 1 9 0 9 0
l1d_u9-8 llc-0b8 1 9 0 9 0
l1d_u9-8 llc-0b9 1 9 0 9 0
l1d_u9-8 llc-0b10 1 9 0 9 0
l1d_u9-8 llc-0b11 1 9 0 9 0
l1d_u9-8 llc-0b12 1 9 0 9 0
l1d_u9-8 llc-0b13 1 9 0 9 0
l1d_u9-8 llc-0b14 1 9 0 9 0
l1d_u9-8 llc-0b15 1 9 0 9 0
l1d_u9-8 llc-0b16 1 9 0 9 0
l1d_u9-8 llc-0b17 1 9 0 9 0
l1d_u9-8 llc-0b18 1 9 0 9 0
l1d_u9-8 llc-0b19 1 9 0 9 0
l1d_u9-8 llc-0b20 1 9 0 9 0
l1d_u9-8 llc-0b21 1 9 0 9 0
l1d_u9-8 llc-0b22 1 9 0 9 0
l1d_u9-8 llc-0b23 1 9 0 9 0
l1d_u9-8 llc-0b24 1 9 0 9 0
l1d_u9-8 llc-0b25 1 9 0 9 0
l1d_u9-8 llc-0b26 1 9 0 9 0
l1d_u9-8 llc-0b27 1 9 0 9 0
l1d_u9-8 llc-0b28 1 9 0 9 0
l1d_u9-8 llc-0b29 1 9 0 9 0
l1d_u9-8 llc-0b30 1 9 0 9 0
l1d_u9-8 llc-0b31 1 9 0 9 0
l1d_u9-9 llc-0b0 1 9 0 9 0
l1d_u9-9 llc-0b1 1 9 0 9 0
l1d_u9-9 llc-0b2 1 9 0 9 0
l1d_u9-9 llc-0b3 1 9 0 9 0
l1d_u9-9 llc-0b4 1 9 0 9 0
l1d_u9-9 llc-0b5 1 9 0 9 0
l1d_u9-9 llc-0b6 1 9 0 9 0
l1d_u9-9 llc-0b7 1 9 0 9 0
l1d_u9-9 llc-0b8 1 9 0 9 0
l1d_u9-9 llc-0b9 1 9 0 9 0
l1d_u9-9 llc-0b10 1 9 0 9 0
l1d_u9-9 llc-0b11 1 9 0 9 0
l1d_u9-9 llc-0b12 1 9 0 9 0
l1d_u9-9 llc-0b13 1 9 0 9 0
l1d_u9-9 llc-0b14 1 9 0 9 0
l1d_u9-9 llc-0b15 1 9 0 9 0
l1d_u9-9 llc-0b16 1 9 0 9 0
l1d_u9-9 llc-0b17 1 9 0 9 0
l1d_u9-9 llc-0b18 1 9 0 9 0
l1d_u9-9 llc-0b19 1 9 0 9 0
l1d_u9-9 llc-0b20 1 9 0 9 0
l1d_u9-9 llc-0b21 1 9 0 9 0
l1d_u9-9 llc-0b22 1 9 0 9 0
l1d_u9-9 llc-0b23 1 9 0 9 0
l1d_u9-9 llc-0b24 1 9 0 9 0
l1d_u9-9 llc-0b25 1 9 0 9 0
l1d_u9-9 llc-0b26 1 9 0 9 0
l1d_u9-9 llc-0b27 1 9 0 9 0
l1d_u9-9 llc-0b28 1 9 0 9 0
l1d_u9-9 llc-0b29 1 9 0 9 0
l1d_u9-9 llc-0b30 1 9 0 9 0
l1d_u9-9 llc-0b31 1 9 0 9 0
l1d_u9-10 llc-0b0 1 9 0 9 0
l1d_u9-10 llc-0b1 1 9 0 9 0
l1d_u9-10 llc-0b2 1 9 0 9 0
l1d_u9-10 llc-0b3 1 9 0 9 0
l1d_u9-10 llc-0b4 1 9 0 9 0
l1d_u9-10 llc-0b5 1 9 0 9 0
l1d_u9-10 llc-0b6 1 9 0 9 0
l1d_u9-10 llc-0b7 1 9 0 9 0
l1d_u9-10 llc-0b8 1 9 0 9 0
l1d_u9-10 llc-0b9 1 9 0 9 0
l1d_u9-10 llc-0b10 1 9 0 9 0
l1d_u9-10 llc-0b11 1 9 0 9 0
l1d_u9-10 llc-0b12 1 9 0 9 0
l1d_u9-10 llc-0b13 1 9 0 9 0
l1d_u9-10 llc-0b14 1 9 0 9 0
l1d_u9-10 llc-0b15 1 9 0 9 0
l1d_u9-10 llc-0b16 1 9 0 9 0
l1d_u9-10 llc-0b17 1 9 0 9 0
l1d_u9-10 llc-0b18 1 9 0 9 0
l1d_u9-10 llc-0b19 1 9 0 9 0
l1d_u9-10 llc-0b20 1 9 0 9 0
l1d_u9-10 llc-0b21 1 9 0 9 0
l1d_u9-10 llc-0b22 1 9 0 9 0
l1d_u9-10 llc-0b23 1 9 0 9 0
l1d_u9-10 llc-0b24 1 9 0 9 0
l1d_u9-10 llc-0b25 1 9 0 9 0
l1d_u9-10 llc-0b26 1 9 0 9 0
l1d_u9-10 llc-0b27 1 9 0 9 0
l1d_u9-10 llc-0b28 1 9 0 9 0
l1d_u9-10 llc-0b29 1 9 0 9 0
l1d_u9-10 llc-0b30 1 9 0 9 0
l1d_u9-10 llc-0b31 1 9 0 9 0
l1d_u9-11 llc-0b0 1 9 0 9 0
l1d_u9-11 llc-0b1 1 9 0 9 0
l1d_u9-11 llc-0b2 1 9 0 9 0
l1d_u9-11 llc-0b3 1 9 0 9 0
l1d_u9-11 llc-0b4 1 9 0 9 0
l1d_u9-11 llc-0b5 1 9 0 9 0
l1d_u9-11 llc-0b6 1 9 0 9 0
l1d_u9-11 llc-0b7 1 9 0 9 0
l1d_u9-11 llc-0b8 1 9 0 9 0
l1d_u9-11 llc-0b9 1 9 0 9 0
l1d_u9-11 llc-0b10 1 9 0 9 0
l1d_u9-11 llc-0b11 1 9 0 9 0
l1d_u9-11 llc-0b12 1 9 0 9 0
l1d_u9-11 llc-0b13 1 9 0 9 0
l1d_u9-11 llc-0b14 1 9 0 9 0
l1d_u9-11 llc-0b15 1 9 0 9 0
l1d_u9-11 llc-0b16 1 9 0 9 0
l1d_u9-11 llc-0b17 1 9 0 9 0
l1d_u9-11 llc-0b18 1 9 0 9 0
l1d_u9-11 llc-0b19 1 9 0 9 0
l1d_u9-11 llc-0b20 1 9 0 9 0
l1d_u9-11 llc-0b21 1 9 0 9 0
l1d_u9-11 llc-0b22 1 9 0 9 0
l1d_u9-11 llc-0b23 1 9 0 9 0
l1d_u9-11 llc-0b24 1 9 0 9 0
l1d_u9-11 llc-0b25 1 9 0 9 0
l1d_u9-11 llc-0b26 1 9 0 9 0
l1d_u9-11 llc-0b27 1 9 0 9 0
l1d_u9-11 llc-0b28 1 9 0 9 0
l1d_u9-11 llc-0b29 1 9 0 9 0
l1d_u9-11 llc-0b30 1 9 0 9 0
l1d_u9-11 llc-0b31 1 9 0 9 0
l1d_u9-12 llc-0b0 1 9 0 9 0
l1d_u9-12 llc-0b1 1 9 0 9 0
l1d_u9-12 llc-0b2 1 9 0 9 0
l1d_u9-12 llc-0b3 1 9 0 9 0
l1d_u9-12 llc-0b4 1 9 0 9 0
l1d_u9-12 llc-0b5 1 9 0 9 0
l1d_u9-12 llc-0b6 1 9 0 9 0
l1d_u9-12 llc-0b7 1 9 0 9 0
l1d_u9-12 llc-0b8 1 9 0 9 0
l1d_u9-12 llc-0b9 1 9 0 9 0
l1d_u9-12 llc-0b10 1 9 0 9 0
l1d_u9-12 llc-0b11 1 9 0 9 0
l1d_u9-12 llc-0b12 1 9 0 9 0
l1d_u9-12 llc-0b13 1 9 0 9 0
l1d_u9-12 llc-0b14 1 9 0 9 0
l1d_u9-12 llc-0b15 1 9 0 9 0
l1d_u9-12 llc-0b16 1 9 0 9 0
l1d_u9-12 llc-0b17 1 9 0 9 0
l1d_u9-12 llc-0b18 1 9 0 9 0
l1d_u9-12 llc-0b19 1 9 0 9 0
l1d_u9-12 llc-0b20 1 9 0 9 0
l1d_u9-12 llc-0b21 1 9 0 9 0
l1d_u9-12 llc-0b22 1 9 0 9 0
l1d_u9-12 llc-0b23 1 9 0 9 0
l1d_u9-12 llc-0b24 1 9 0 9 0
l1d_u9-12 llc-0b25 1 9 0 9 0
l1d_u9-12 llc-0b26 1 9 0 9 0
l1d_u9-12 llc-0b27 1 9 0 9 0
l1d_u9-12 llc-0b28 1 9 0 9 0
l1d_u9-12 llc-0b29 1 9 0 9 0
l1d_u9-12 llc-0b30 1 9 0 9 0
l1d_u9-12 llc-0b31 1 9 0 9 0
l1d_u9-13 llc-0b0 1 9 0 9 0
l1d_u9-13 llc-0b1 1 9 0 9 0
l1d_u9-13 llc-0b2 1 9 0 9 0
l1d_u9-13 llc-0b3 1 9 0 9 0
l1d_u9-13 llc-0b4 1 9 0 9 0
l1d_u9-13 llc-0b5 1 9 0 9 0
l1d_u9-13 llc-0b6 1 9 0 9 0
l1d_u9-13 llc-0b7 1 9 0 9 0
l1d_u9-13 llc-0b8 1 9 0 9 0
l1d_u9-13 llc-0b9 1 9 0 9 0
l1d_u9-13 llc-0b10 1 9 0 9 0
l1d_u9-13 llc-0b11 1 9 0 9 0
l1d_u9-13 llc-0b12 1 9 0 9 0
l1d_u9-13 llc-0b13 1 9 0 9 0
l1d_u9-13 llc-0b14 1 9 0 9 0
l1d_u9-13 llc-0b15 1 9 0 9 0
l1d_u9-13 llc-0b16 1 9 0 9 0
l1d_u9-13 llc-0b17 1 9 0 9 0
l1d_u9-13 llc-0b18 1 9 0 9 0
l1d_u9-13 llc-0b19 1 9 0 9 0
l1d_u9-13 llc-0b20 1 9 0 9 0
l1d_u9-13 llc-0b21 1 9 0 9 0
l1d_u9-13 llc-0b22 1 9 0 9 0
l1d_u9-13 llc-0b23 1 9 0 9 0
l1d_u9-13 llc-0b24 1 9 0 9 0
l1d_u9-13 llc-0b25 1 9 0 9 0
l1d_u9-13 llc-0b26 1 9 0 9 0
l1d_u9-13 llc-0b27 1 9 0 9 0
l1d_u9-13 llc-0b28 1 9 0 9 0
l1d_u9-13 llc-0b29 1 9 0 9 0
l1d_u9-13 llc-0b30 1 9 0 9 0
l1d_u9-13 llc-0b31 1 9 0 9 0
l1d_u9-14 llc-0b0 1 9 0 9 0
l1d_u9-14 llc-0b1 1 9 0 9 0
l1d_u9-14 llc-0b2 1 9 0 9 0
l1d_u9-14 llc-0b3 1 9 0 9 0
l1d_u9-14 llc-0b4 1 9 0 9 0
l1d_u9-14 llc-0b5 1 9 0 9 0
l1d_u9-14 llc-0b6 1 9 0 9 0
l1d_u9-14 llc-0b7 1 9 0 9 0
l1d_u9-14 llc-0b8 1 9 0 9 0
l1d_u9-14 llc-0b9 1 9 0 9 0
l1d_u9-14 llc-0b10 1 9 0 9 0
l1d_u9-14 llc-0b11 1 9 0 9 0
l1d_u9-14 llc-0b12 1 9 0 9 0
l1d_u9-14 llc-0b13 1 9 0 9 0
l1d_u9-14 llc-0b14 1 9 0 9 0
l1d_u9-14 llc-0b15 1 9 0 9 0
l1d_u9-14 llc-0b16 1 9 0 9 0
l1d_u9-14 llc-0b17 1 9 0 9 0
l1d_u9-14 llc-0b18 1 9 0 9 0
l1d_u9-14 llc-0b19 1 9 0 9 0
l1d_u9-14 llc-0b20 1 9 0 9 0
l1d_u9-14 llc-0b21 1 9 0 9 0
l1d_u9-14 llc-0b22 1 9 0 9 0
l1d_u9-14 llc-0b23 1 9 0 9 0
l1d_u9-14 llc-0b24 1 9 0 9 0
l1d_u9-14 llc-0b25 1 9 0 9 0
l1d_u9-14 llc-0b26 1 9 0 9 0
l1d_u9-14 llc-0b27 1 9 0 9 0
l1d_u9-14 llc-0b28 1 9 0 9 0
l1d_u9-14 llc-0b29 1 9 0 9 0
l1d_u9-14 llc-0b30 1 9 0 9 0
l1d_u9-14 llc-0b31 1 9 0 9 0
l1d_u9-15 llc-0b0 1 9 0 9 0
l1d_u9-15 llc-0b1 1 9 0 9 0
l1d_u9-15 llc-0b2 1 9 0 9 0
l1d_u9-15 llc-0b3 1 9 0 9 0
l1d_u9-15 llc-0b4 1 9 0 9 0
l1d_u9-15 llc-0b5 1 9 0 9 0
l1d_u9-15 llc-0b6 1 9 0 9 0
l1d_u9-15 llc-0b7 1 9 0 9 0
l1d_u9-15 llc-0b8 1 9 0 9 0
l1d_u9-15 llc-0b9 1 9 0 9 0
l1d_u9-15 llc-0b10 1 9 0 9 0
l1d_u9-15 llc-0b11 1 9 0 9 0
l1d_u9-15 llc-0b12 1 9 0 9 0
l1d_u9-15 llc-0b13 1 9 0 9 0
l1d_u9-15 llc-0b14 1 9 0 9 0
l1d_u9-15 llc-0b15 1 9 0 9 0
l1d_u9-15 llc-0b16 1 9 0 9 0
l1d_u9-15 llc-0b17 1 9 0 9 0
l1d_u9-15 llc-0b18 1 9 0 9 0
l1d_u9-15 llc-0b19 1 9 0 9 0
l1d_u9-15 llc-0b20 1 9 0 9 0
l1d_u9-15 llc-0b21 1 9 0 9 0
l1d_u9-15 llc-0b22 1 9 0 9 0
l1d_u9-15 llc-0b23 1 9 0 9 0
l1d_u9-15 llc-0b24 1 9 0 9 0
l1d_u9-15 llc-0b25 1 9 0 9 0
l1d_u9-15 llc-0b26 1 9 0 9 0
l1d_u9-15 llc-0b27 1 9 0 9 0
l1d_u9-15 llc-0b28 1 9 0 9 0
l1d_u9-15 llc-0b29 1 9 0 9 0
l1d_u9-15 llc-0b30 1 9 0 9 0
l1d_u9-15 llc-0b31 1 9 0 9 0
l1i_u10-0 llc-0b0 1 10 0 10 0
l1i_u10-0 llc-0b1 1 10 0 10 0
l1i_u10-0 llc-0b2 1 10 0 10 0
l1i_u10-0 llc-0b3 1 10 0 10 0
l1i_u10-0 llc-0b4 1 10 0 10 0
l1i_u10-0 llc-0b5 1 10 0 10 0
l1i_u10-0 llc-0b6 1 10 0 10 0
l1i_u10-0 llc-0b7 1 10 0 10 0
l1i_u10-0 llc-0b8 1 10 0 10 0
l1i_u10-0 llc-0b9 1 10 0 10 0
l1i_u10-0 llc-0b10 1 10 0 10 0
l1i_u10-0 llc-0b11 1 10 0 10 0
l1i_u10-0 llc-0b12 1 10 0 10 0
l1i_u10-0 llc-0b13 1 10 0 10 0
l1i_u10-0 llc-0b14 1 10 0 10 0
l1i_u10-0 llc-0b15 1 10 0 10 0
l1i_u10-0 llc-0b16 1 10 0 10 0
l1i_u10-0 llc-0b17 1 10 0 10 0
l1i_u10-0 llc-0b18 1 10 0 10 0
l1i_u10-0 llc-0b19 1 10 0 10 0
l1i_u10-0 llc-0b20 1 10 0 10 0
l1i_u10-0 llc-0b21 1 10 0 10 0
l1i_u10-0 llc-0b22 1 10 0 10 0
l1i_u10-0 llc-0b23 1 10 0 10 0
l1i_u10-0 llc-0b24 1 10 0 10 0
l1i_u10-0 llc-0b25 1 10 0 10 0
l1i_u10-0 llc-0b26 1 10 0 10 0
l1i_u10-0 llc-0b27 1 10 0 10 0
l1i_u10-0 llc-0b28 1 10 0 10 0
l1i_u10-0 llc-0b29 1 10 0 10 0
l1i_u10-0 llc-0b30 1 10 0 10 0
l1i_u10-0 llc-0b31 1 10 0 10 0
l1i_u10-1 llc-0b0 1 10 0 10 0
l1i_u10-1 llc-0b1 1 10 0 10 0
l1i_u10-1 llc-0b2 1 10 0 10 0
l1i_u10-1 llc-0b3 1 10 0 10 0
l1i_u10-1 llc-0b4 1 10 0 10 0
l1i_u10-1 llc-0b5 1 10 0 10 0
l1i_u10-1 llc-0b6 1 10 0 10 0
l1i_u10-1 llc-0b7 1 10 0 10 0
l1i_u10-1 llc-0b8 1 10 0 10 0
l1i_u10-1 llc-0b9 1 10 0 10 0
l1i_u10-1 llc-0b10 1 10 0 10 0
l1i_u10-1 llc-0b11 1 10 0 10 0
l1i_u10-1 llc-0b12 1 10 0 10 0
l1i_u10-1 llc-0b13 1 10 0 10 0
l1i_u10-1 llc-0b14 1 10 0 10 0
l1i_u10-1 llc-0b15 1 10 0 10 0
l1i_u10-1 llc-0b16 1 10 0 10 0
l1i_u10-1 llc-0b17 1 10 0 10 0
l1i_u10-1 llc-0b18 1 10 0 10 0
l1i_u10-1 llc-0b19 1 10 0 10 0
l1i_u10-1 llc-0b20 1 10 0 10 0
l1i_u10-1 llc-0b21 1 10 0 10 0
l1i_u10-1 llc-0b22 1 10 0 10 0
l1i_u10-1 llc-0b23 1 10 0 10 0
l1i_u10-1 llc-0b24 1 10 0 10 0
l1i_u10-1 llc-0b25 1 10 0 10 0
l1i_u10-1 llc-0b26 1 10 0 10 0
l1i_u10-1 llc-0b27 1 10 0 10 0
l1i_u10-1 llc-0b28 1 10 0 10 0
l1i_u10-1 llc-0b29 1 10 0 10 0
l1i_u10-1 llc-0b30 1 10 0 10 0
l1i_u10-1 llc-0b31 1 10 0 10 0
l1i_u10-2 llc-0b0 1 10 0 10 0
l1i_u10-2 llc-0b1 1 10 0 10 0
l1i_u10-2 llc-0b2 1 10 0 10 0
l1i_u10-2 llc-0b3 1 10 0 10 0
l1i_u10-2 llc-0b4 1 10 0 10 0
l1i_u10-2 llc-0b5 1 10 0 10 0
l1i_u10-2 llc-0b6 1 10 0 10 0
l1i_u10-2 llc-0b7 1 10 0 10 0
l1i_u10-2 llc-0b8 1 10 0 10 0
l1i_u10-2 llc-0b9 1 10 0 10 0
l1i_u10-2 llc-0b10 1 10 0 10 0
l1i_u10-2 llc-0b11 1 10 0 10 0
l1i_u10-2 llc-0b12 1 10 0 10 0
l1i_u10-2 llc-0b13 1 10 0 10 0
l1i_u10-2 llc-0b14 1 10 0 10 0
l1i_u10-2 llc-0b15 1 10 0 10 0
l1i_u10-2 llc-0b16 1 10 0 10 0
l1i_u10-2 llc-0b17 1 10 0 10 0
l1i_u10-2 llc-0b18 1 10 0 10 0
l1i_u10-2 llc-0b19 1 10 0 10 0
l1i_u10-2 llc-0b20 1 10 0 10 0
l1i_u10-2 llc-0b21 1 10 0 10 0
l1i_u10-2 llc-0b22 1 10 0 10 0
l1i_u10-2 llc-0b23 1 10 0 10 0
l1i_u10-2 llc-0b24 1 10 0 10 0
l1i_u10-2 llc-0b25 1 10 0 10 0
l1i_u10-2 llc-0b26 1 10 0 10 0
l1i_u10-2 llc-0b27 1 10 0 10 0
l1i_u10-2 llc-0b28 1 10 0 10 0
l1i_u10-2 llc-0b29 1 10 0 10 0
l1i_u10-2 llc-0b30 1 10 0 10 0
l1i_u10-2 llc-0b31 1 10 0 10 0
l1i_u10-3 llc-0b0 1 10 0 10 0
l1i_u10-3 llc-0b1 1 10 0 10 0
l1i_u10-3 llc-0b2 1 10 0 10 0
l1i_u10-3 llc-0b3 1 10 0 10 0
l1i_u10-3 llc-0b4 1 10 0 10 0
l1i_u10-3 llc-0b5 1 10 0 10 0
l1i_u10-3 llc-0b6 1 10 0 10 0
l1i_u10-3 llc-0b7 1 10 0 10 0
l1i_u10-3 llc-0b8 1 10 0 10 0
l1i_u10-3 llc-0b9 1 10 0 10 0
l1i_u10-3 llc-0b10 1 10 0 10 0
l1i_u10-3 llc-0b11 1 10 0 10 0
l1i_u10-3 llc-0b12 1 10 0 10 0
l1i_u10-3 llc-0b13 1 10 0 10 0
l1i_u10-3 llc-0b14 1 10 0 10 0
l1i_u10-3 llc-0b15 1 10 0 10 0
l1i_u10-3 llc-0b16 1 10 0 10 0
l1i_u10-3 llc-0b17 1 10 0 10 0
l1i_u10-3 llc-0b18 1 10 0 10 0
l1i_u10-3 llc-0b19 1 10 0 10 0
l1i_u10-3 llc-0b20 1 10 0 10 0
l1i_u10-3 llc-0b21 1 10 0 10 0
l1i_u10-3 llc-0b22 1 10 0 10 0
l1i_u10-3 llc-0b23 1 10 0 10 0
l1i_u10-3 llc-0b24 1 10 0 10 0
l1i_u10-3 llc-0b25 1 10 0 10 0
l1i_u10-3 llc-0b26 1 10 0 10 0
l1i_u10-3 llc-0b27 1 10 0 10 0
l1i_u10-3 llc-0b28 1 10 0 10 0
l1i_u10-3 llc-0b29 1 10 0 10 0
l1i_u10-3 llc-0b30 1 10 0 10 0
l1i_u10-3 llc-0b31 1 10 0 10 0
l1i_u10-4 llc-0b0 1 10 0 10 0
l1i_u10-4 llc-0b1 1 10 0 10 0
l1i_u10-4 llc-0b2 1 10 0 10 0
l1i_u10-4 llc-0b3 1 10 0 10 0
l1i_u10-4 llc-0b4 1 10 0 10 0
l1i_u10-4 llc-0b5 1 10 0 10 0
l1i_u10-4 llc-0b6 1 10 0 10 0
l1i_u10-4 llc-0b7 1 10 0 10 0
l1i_u10-4 llc-0b8 1 10 0 10 0
l1i_u10-4 llc-0b9 1 10 0 10 0
l1i_u10-4 llc-0b10 1 10 0 10 0
l1i_u10-4 llc-0b11 1 10 0 10 0
l1i_u10-4 llc-0b12 1 10 0 10 0
l1i_u10-4 llc-0b13 1 10 0 10 0
l1i_u10-4 llc-0b14 1 10 0 10 0
l1i_u10-4 llc-0b15 1 10 0 10 0
l1i_u10-4 llc-0b16 1 10 0 10 0
l1i_u10-4 llc-0b17 1 10 0 10 0
l1i_u10-4 llc-0b18 1 10 0 10 0
l1i_u10-4 llc-0b19 1 10 0 10 0
l1i_u10-4 llc-0b20 1 10 0 10 0
l1i_u10-4 llc-0b21 1 10 0 10 0
l1i_u10-4 llc-0b22 1 10 0 10 0
l1i_u10-4 llc-0b23 1 10 0 10 0
l1i_u10-4 llc-0b24 1 10 0 10 0
l1i_u10-4 llc-0b25 1 10 0 10 0
l1i_u10-4 llc-0b26 1 10 0 10 0
l1i_u10-4 llc-0b27 1 10 0 10 0
l1i_u10-4 llc-0b28 1 10 0 10 0
l1i_u10-4 llc-0b29 1 10 0 10 0
l1i_u10-4 llc-0b30 1 10 0 10 0
l1i_u10-4 llc-0b31 1 10 0 10 0
l1i_u10-5 llc-0b0 1 10 0 10 0
l1i_u10-5 llc-0b1 1 10 0 10 0
l1i_u10-5 llc-0b2 1 10 0 10 0
l1i_u10-5 llc-0b3 1 10 0 10 0
l1i_u10-5 llc-0b4 1 10 0 10 0
l1i_u10-5 llc-0b5 1 10 0 10 0
l1i_u10-5 llc-0b6 1 10 0 10 0
l1i_u10-5 llc-0b7 1 10 0 10 0
l1i_u10-5 llc-0b8 1 10 0 10 0
l1i_u10-5 llc-0b9 1 10 0 10 0
l1i_u10-5 llc-0b10 1 10 0 10 0
l1i_u10-5 llc-0b11 1 10 0 10 0
l1i_u10-5 llc-0b12 1 10 0 10 0
l1i_u10-5 llc-0b13 1 10 0 10 0
l1i_u10-5 llc-0b14 1 10 0 10 0
l1i_u10-5 llc-0b15 1 10 0 10 0
l1i_u10-5 llc-0b16 1 10 0 10 0
l1i_u10-5 llc-0b17 1 10 0 10 0
l1i_u10-5 llc-0b18 1 10 0 10 0
l1i_u10-5 llc-0b19 1 10 0 10 0
l1i_u10-5 llc-0b20 1 10 0 10 0
l1i_u10-5 llc-0b21 1 10 0 10 0
l1i_u10-5 llc-0b22 1 10 0 10 0
l1i_u10-5 llc-0b23 1 10 0 10 0
l1i_u10-5 llc-0b24 1 10 0 10 0
l1i_u10-5 llc-0b25 1 10 0 10 0
l1i_u10-5 llc-0b26 1 10 0 10 0
l1i_u10-5 llc-0b27 1 10 0 10 0
l1i_u10-5 llc-0b28 1 10 0 10 0
l1i_u10-5 llc-0b29 1 10 0 10 0
l1i_u10-5 llc-0b30 1 10 0 10 0
l1i_u10-5 llc-0b31 1 10 0 10 0
l1i_u10-6 llc-0b0 1 10 0 10 0
l1i_u10-6 llc-0b1 1 10 0 10 0
l1i_u10-6 llc-0b2 1 10 0 10 0
l1i_u10-6 llc-0b3 1 10 0 10 0
l1i_u10-6 llc-0b4 1 10 0 10 0
l1i_u10-6 llc-0b5 1 10 0 10 0
l1i_u10-6 llc-0b6 1 10 0 10 0
l1i_u10-6 llc-0b7 1 10 0 10 0
l1i_u10-6 llc-0b8 1 10 0 10 0
l1i_u10-6 llc-0b9 1 10 0 10 0
l1i_u10-6 llc-0b10 1 10 0 10 0
l1i_u10-6 llc-0b11 1 10 0 10 0
l1i_u10-6 llc-0b12 1 10 0 10 0
l1i_u10-6 llc-0b13 1 10 0 10 0
l1i_u10-6 llc-0b14 1 10 0 10 0
l1i_u10-6 llc-0b15 1 10 0 10 0
l1i_u10-6 llc-0b16 1 10 0 10 0
l1i_u10-6 llc-0b17 1 10 0 10 0
l1i_u10-6 llc-0b18 1 10 0 10 0
l1i_u10-6 llc-0b19 1 10 0 10 0
l1i_u10-6 llc-0b20 1 10 0 10 0
l1i_u10-6 llc-0b21 1 10 0 10 0
l1i_u10-6 llc-0b22 1 10 0 10 0
l1i_u10-6 llc-0b23 1 10 0 10 0
l1i_u10-6 llc-0b24 1 10 0 10 0
l1i_u10-6 llc-0b25 1 10 0 10 0
l1i_u10-6 llc-0b26 1 10 0 10 0
l1i_u10-6 llc-0b27 1 10 0 10 0
l1i_u10-6 llc-0b28 1 10 0 10 0
l1i_u10-6 llc-0b29 1 10 0 10 0
l1i_u10-6 llc-0b30 1 10 0 10 0
l1i_u10-6 llc-0b31 1 10 0 10 0
l1i_u10-7 llc-0b0 1 10 0 10 0
l1i_u10-7 llc-0b1 1 10 0 10 0
l1i_u10-7 llc-0b2 1 10 0 10 0
l1i_u10-7 llc-0b3 1 10 0 10 0
l1i_u10-7 llc-0b4 1 10 0 10 0
l1i_u10-7 llc-0b5 1 10 0 10 0
l1i_u10-7 llc-0b6 1 10 0 10 0
l1i_u10-7 llc-0b7 1 10 0 10 0
l1i_u10-7 llc-0b8 1 10 0 10 0
l1i_u10-7 llc-0b9 1 10 0 10 0
l1i_u10-7 llc-0b10 1 10 0 10 0
l1i_u10-7 llc-0b11 1 10 0 10 0
l1i_u10-7 llc-0b12 1 10 0 10 0
l1i_u10-7 llc-0b13 1 10 0 10 0
l1i_u10-7 llc-0b14 1 10 0 10 0
l1i_u10-7 llc-0b15 1 10 0 10 0
l1i_u10-7 llc-0b16 1 10 0 10 0
l1i_u10-7 llc-0b17 1 10 0 10 0
l1i_u10-7 llc-0b18 1 10 0 10 0
l1i_u10-7 llc-0b19 1 10 0 10 0
l1i_u10-7 llc-0b20 1 10 0 10 0
l1i_u10-7 llc-0b21 1 10 0 10 0
l1i_u10-7 llc-0b22 1 10 0 10 0
l1i_u10-7 llc-0b23 1 10 0 10 0
l1i_u10-7 llc-0b24 1 10 0 10 0
l1i_u10-7 llc-0b25 1 10 0 10 0
l1i_u10-7 llc-0b26 1 10 0 10 0
l1i_u10-7 llc-0b27 1 10 0 10 0
l1i_u10-7 llc-0b28 1 10 0 10 0
l1i_u10-7 llc-0b29 1 10 0 10 0
l1i_u10-7 llc-0b30 1 10 0 10 0
l1i_u10-7 llc-0b31 1 10 0 10 0
l1i_u10-8 llc-0b0 1 10 0 10 0
l1i_u10-8 llc-0b1 1 10 0 10 0
l1i_u10-8 llc-0b2 1 10 0 10 0
l1i_u10-8 llc-0b3 1 10 0 10 0
l1i_u10-8 llc-0b4 1 10 0 10 0
l1i_u10-8 llc-0b5 1 10 0 10 0
l1i_u10-8 llc-0b6 1 10 0 10 0
l1i_u10-8 llc-0b7 1 10 0 10 0
l1i_u10-8 llc-0b8 1 10 0 10 0
l1i_u10-8 llc-0b9 1 10 0 10 0
l1i_u10-8 llc-0b10 1 10 0 10 0
l1i_u10-8 llc-0b11 1 10 0 10 0
l1i_u10-8 llc-0b12 1 10 0 10 0
l1i_u10-8 llc-0b13 1 10 0 10 0
l1i_u10-8 llc-0b14 1 10 0 10 0
l1i_u10-8 llc-0b15 1 10 0 10 0
l1i_u10-8 llc-0b16 1 10 0 10 0
l1i_u10-8 llc-0b17 1 10 0 10 0
l1i_u10-8 llc-0b18 1 10 0 10 0
l1i_u10-8 llc-0b19 1 10 0 10 0
l1i_u10-8 llc-0b20 1 10 0 10 0
l1i_u10-8 llc-0b21 1 10 0 10 0
l1i_u10-8 llc-0b22 1 10 0 10 0
l1i_u10-8 llc-0b23 1 10 0 10 0
l1i_u10-8 llc-0b24 1 10 0 10 0
l1i_u10-8 llc-0b25 1 10 0 10 0
l1i_u10-8 llc-0b26 1 10 0 10 0
l1i_u10-8 llc-0b27 1 10 0 10 0
l1i_u10-8 llc-0b28 1 10 0 10 0
l1i_u10-8 llc-0b29 1 10 0 10 0
l1i_u10-8 llc-0b30 1 10 0 10 0
l1i_u10-8 llc-0b31 1 10 0 10 0
l1i_u10-9 llc-0b0 1 10 0 10 0
l1i_u10-9 llc-0b1 1 10 0 10 0
l1i_u10-9 llc-0b2 1 10 0 10 0
l1i_u10-9 llc-0b3 1 10 0 10 0
l1i_u10-9 llc-0b4 1 10 0 10 0
l1i_u10-9 llc-0b5 1 10 0 10 0
l1i_u10-9 llc-0b6 1 10 0 10 0
l1i_u10-9 llc-0b7 1 10 0 10 0
l1i_u10-9 llc-0b8 1 10 0 10 0
l1i_u10-9 llc-0b9 1 10 0 10 0
l1i_u10-9 llc-0b10 1 10 0 10 0
l1i_u10-9 llc-0b11 1 10 0 10 0
l1i_u10-9 llc-0b12 1 10 0 10 0
l1i_u10-9 llc-0b13 1 10 0 10 0
l1i_u10-9 llc-0b14 1 10 0 10 0
l1i_u10-9 llc-0b15 1 10 0 10 0
l1i_u10-9 llc-0b16 1 10 0 10 0
l1i_u10-9 llc-0b17 1 10 0 10 0
l1i_u10-9 llc-0b18 1 10 0 10 0
l1i_u10-9 llc-0b19 1 10 0 10 0
l1i_u10-9 llc-0b20 1 10 0 10 0
l1i_u10-9 llc-0b21 1 10 0 10 0
l1i_u10-9 llc-0b22 1 10 0 10 0
l1i_u10-9 llc-0b23 1 10 0 10 0
l1i_u10-9 llc-0b24 1 10 0 10 0
l1i_u10-9 llc-0b25 1 10 0 10 0
l1i_u10-9 llc-0b26 1 10 0 10 0
l1i_u10-9 llc-0b27 1 10 0 10 0
l1i_u10-9 llc-0b28 1 10 0 10 0
l1i_u10-9 llc-0b29 1 10 0 10 0
l1i_u10-9 llc-0b30 1 10 0 10 0
l1i_u10-9 llc-0b31 1 10 0 10 0
l1i_u10-10 llc-0b0 1 10 0 10 0
l1i_u10-10 llc-0b1 1 10 0 10 0
l1i_u10-10 llc-0b2 1 10 0 10 0
l1i_u10-10 llc-0b3 1 10 0 10 0
l1i_u10-10 llc-0b4 1 10 0 10 0
l1i_u10-10 llc-0b5 1 10 0 10 0
l1i_u10-10 llc-0b6 1 10 0 10 0
l1i_u10-10 llc-0b7 1 10 0 10 0
l1i_u10-10 llc-0b8 1 10 0 10 0
l1i_u10-10 llc-0b9 1 10 0 10 0
l1i_u10-10 llc-0b10 1 10 0 10 0
l1i_u10-10 llc-0b11 1 10 0 10 0
l1i_u10-10 llc-0b12 1 10 0 10 0
l1i_u10-10 llc-0b13 1 10 0 10 0
l1i_u10-10 llc-0b14 1 10 0 10 0
l1i_u10-10 llc-0b15 1 10 0 10 0
l1i_u10-10 llc-0b16 1 10 0 10 0
l1i_u10-10 llc-0b17 1 10 0 10 0
l1i_u10-10 llc-0b18 1 10 0 10 0
l1i_u10-10 llc-0b19 1 10 0 10 0
l1i_u10-10 llc-0b20 1 10 0 10 0
l1i_u10-10 llc-0b21 1 10 0 10 0
l1i_u10-10 llc-0b22 1 10 0 10 0
l1i_u10-10 llc-0b23 1 10 0 10 0
l1i_u10-10 llc-0b24 1 10 0 10 0
l1i_u10-10 llc-0b25 1 10 0 10 0
l1i_u10-10 llc-0b26 1 10 0 10 0
l1i_u10-10 llc-0b27 1 10 0 10 0
l1i_u10-10 llc-0b28 1 10 0 10 0
l1i_u10-10 llc-0b29 1 10 0 10 0
l1i_u10-10 llc-0b30 1 10 0 10 0
l1i_u10-10 llc-0b31 1 10 0 10 0
l1i_u10-11 llc-0b0 1 10 0 10 0
l1i_u10-11 llc-0b1 1 10 0 10 0
l1i_u10-11 llc-0b2 1 10 0 10 0
l1i_u10-11 llc-0b3 1 10 0 10 0
l1i_u10-11 llc-0b4 1 10 0 10 0
l1i_u10-11 llc-0b5 1 10 0 10 0
l1i_u10-11 llc-0b6 1 10 0 10 0
l1i_u10-11 llc-0b7 1 10 0 10 0
l1i_u10-11 llc-0b8 1 10 0 10 0
l1i_u10-11 llc-0b9 1 10 0 10 0
l1i_u10-11 llc-0b10 1 10 0 10 0
l1i_u10-11 llc-0b11 1 10 0 10 0
l1i_u10-11 llc-0b12 1 10 0 10 0
l1i_u10-11 llc-0b13 1 10 0 10 0
l1i_u10-11 llc-0b14 1 10 0 10 0
l1i_u10-11 llc-0b15 1 10 0 10 0
l1i_u10-11 llc-0b16 1 10 0 10 0
l1i_u10-11 llc-0b17 1 10 0 10 0
l1i_u10-11 llc-0b18 1 10 0 10 0
l1i_u10-11 llc-0b19 1 10 0 10 0
l1i_u10-11 llc-0b20 1 10 0 10 0
l1i_u10-11 llc-0b21 1 10 0 10 0
l1i_u10-11 llc-0b22 1 10 0 10 0
l1i_u10-11 llc-0b23 1 10 0 10 0
l1i_u10-11 llc-0b24 1 10 0 10 0
l1i_u10-11 llc-0b25 1 10 0 10 0
l1i_u10-11 llc-0b26 1 10 0 10 0
l1i_u10-11 llc-0b27 1 10 0 10 0
l1i_u10-11 llc-0b28 1 10 0 10 0
l1i_u10-11 llc-0b29 1 10 0 10 0
l1i_u10-11 llc-0b30 1 10 0 10 0
l1i_u10-11 llc-0b31 1 10 0 10 0
l1i_u10-12 llc-0b0 1 10 0 10 0
l1i_u10-12 llc-0b1 1 10 0 10 0
l1i_u10-12 llc-0b2 1 10 0 10 0
l1i_u10-12 llc-0b3 1 10 0 10 0
l1i_u10-12 llc-0b4 1 10 0 10 0
l1i_u10-12 llc-0b5 1 10 0 10 0
l1i_u10-12 llc-0b6 1 10 0 10 0
l1i_u10-12 llc-0b7 1 10 0 10 0
l1i_u10-12 llc-0b8 1 10 0 10 0
l1i_u10-12 llc-0b9 1 10 0 10 0
l1i_u10-12 llc-0b10 1 10 0 10 0
l1i_u10-12 llc-0b11 1 10 0 10 0
l1i_u10-12 llc-0b12 1 10 0 10 0
l1i_u10-12 llc-0b13 1 10 0 10 0
l1i_u10-12 llc-0b14 1 10 0 10 0
l1i_u10-12 llc-0b15 1 10 0 10 0
l1i_u10-12 llc-0b16 1 10 0 10 0
l1i_u10-12 llc-0b17 1 10 0 10 0
l1i_u10-12 llc-0b18 1 10 0 10 0
l1i_u10-12 llc-0b19 1 10 0 10 0
l1i_u10-12 llc-0b20 1 10 0 10 0
l1i_u10-12 llc-0b21 1 10 0 10 0
l1i_u10-12 llc-0b22 1 10 0 10 0
l1i_u10-12 llc-0b23 1 10 0 10 0
l1i_u10-12 llc-0b24 1 10 0 10 0
l1i_u10-12 llc-0b25 1 10 0 10 0
l1i_u10-12 llc-0b26 1 10 0 10 0
l1i_u10-12 llc-0b27 1 10 0 10 0
l1i_u10-12 llc-0b28 1 10 0 10 0
l1i_u10-12 llc-0b29 1 10 0 10 0
l1i_u10-12 llc-0b30 1 10 0 10 0
l1i_u10-12 llc-0b31 1 10 0 10 0
l1i_u10-13 llc-0b0 1 10 0 10 0
l1i_u10-13 llc-0b1 1 10 0 10 0
l1i_u10-13 llc-0b2 1 10 0 10 0
l1i_u10-13 llc-0b3 1 10 0 10 0
l1i_u10-13 llc-0b4 1 10 0 10 0
l1i_u10-13 llc-0b5 1 10 0 10 0
l1i_u10-13 llc-0b6 1 10 0 10 0
l1i_u10-13 llc-0b7 1 10 0 10 0
l1i_u10-13 llc-0b8 1 10 0 10 0
l1i_u10-13 llc-0b9 1 10 0 10 0
l1i_u10-13 llc-0b10 1 10 0 10 0
l1i_u10-13 llc-0b11 1 10 0 10 0
l1i_u10-13 llc-0b12 1 10 0 10 0
l1i_u10-13 llc-0b13 1 10 0 10 0
l1i_u10-13 llc-0b14 1 10 0 10 0
l1i_u10-13 llc-0b15 1 10 0 10 0
l1i_u10-13 llc-0b16 1 10 0 10 0
l1i_u10-13 llc-0b17 1 10 0 10 0
l1i_u10-13 llc-0b18 1 10 0 10 0
l1i_u10-13 llc-0b19 1 10 0 10 0
l1i_u10-13 llc-0b20 1 10 0 10 0
l1i_u10-13 llc-0b21 1 10 0 10 0
l1i_u10-13 llc-0b22 1 10 0 10 0
l1i_u10-13 llc-0b23 1 10 0 10 0
l1i_u10-13 llc-0b24 1 10 0 10 0
l1i_u10-13 llc-0b25 1 10 0 10 0
l1i_u10-13 llc-0b26 1 10 0 10 0
l1i_u10-13 llc-0b27 1 10 0 10 0
l1i_u10-13 llc-0b28 1 10 0 10 0
l1i_u10-13 llc-0b29 1 10 0 10 0
l1i_u10-13 llc-0b30 1 10 0 10 0
l1i_u10-13 llc-0b31 1 10 0 10 0
l1i_u10-14 llc-0b0 1 10 0 10 0
l1i_u10-14 llc-0b1 1 10 0 10 0
l1i_u10-14 llc-0b2 1 10 0 10 0
l1i_u10-14 llc-0b3 1 10 0 10 0
l1i_u10-14 llc-0b4 1 10 0 10 0
l1i_u10-14 llc-0b5 1 10 0 10 0
l1i_u10-14 llc-0b6 1 10 0 10 0
l1i_u10-14 llc-0b7 1 10 0 10 0
l1i_u10-14 llc-0b8 1 10 0 10 0
l1i_u10-14 llc-0b9 1 10 0 10 0
l1i_u10-14 llc-0b10 1 10 0 10 0
l1i_u10-14 llc-0b11 1 10 0 10 0
l1i_u10-14 llc-0b12 1 10 0 10 0
l1i_u10-14 llc-0b13 1 10 0 10 0
l1i_u10-14 llc-0b14 1 10 0 10 0
l1i_u10-14 llc-0b15 1 10 0 10 0
l1i_u10-14 llc-0b16 1 10 0 10 0
l1i_u10-14 llc-0b17 1 10 0 10 0
l1i_u10-14 llc-0b18 1 10 0 10 0
l1i_u10-14 llc-0b19 1 10 0 10 0
l1i_u10-14 llc-0b20 1 10 0 10 0
l1i_u10-14 llc-0b21 1 10 0 10 0
l1i_u10-14 llc-0b22 1 10 0 10 0
l1i_u10-14 llc-0b23 1 10 0 10 0
l1i_u10-14 llc-0b24 1 10 0 10 0
l1i_u10-14 llc-0b25 1 10 0 10 0
l1i_u10-14 llc-0b26 1 10 0 10 0
l1i_u10-14 llc-0b27 1 10 0 10 0
l1i_u10-14 llc-0b28 1 10 0 10 0
l1i_u10-14 llc-0b29 1 10 0 10 0
l1i_u10-14 llc-0b30 1 10 0 10 0
l1i_u10-14 llc-0b31 1 10 0 10 0
l1i_u10-15 llc-0b0 1 10 0 10 0
l1i_u10-15 llc-0b1 1 10 0 10 0
l1i_u10-15 llc-0b2 1 10 0 10 0
l1i_u10-15 llc-0b3 1 10 0 10 0
l1i_u10-15 llc-0b4 1 10 0 10 0
l1i_u10-15 llc-0b5 1 10 0 10 0
l1i_u10-15 llc-0b6 1 10 0 10 0
l1i_u10-15 llc-0b7 1 10 0 10 0
l1i_u10-15 llc-0b8 1 10 0 10 0
l1i_u10-15 llc-0b9 1 10 0 10 0
l1i_u10-15 llc-0b10 1 10 0 10 0
l1i_u10-15 llc-0b11 1 10 0 10 0
l1i_u10-15 llc-0b12 1 10 0 10 0
l1i_u10-15 llc-0b13 1 10 0 10 0
l1i_u10-15 llc-0b14 1 10 0 10 0
l1i_u10-15 llc-0b15 1 10 0 10 0
l1i_u10-15 llc-0b16 1 10 0 10 0
l1i_u10-15 llc-0b17 1 10 0 10 0
l1i_u10-15 llc-0b18 1 10 0 10 0
l1i_u10-15 llc-0b19 1 10 0 10 0
l1i_u10-15 llc-0b20 1 10 0 10 0
l1i_u10-15 llc-0b21 1 10 0 10 0
l1i_u10-15 llc-0b22 1 10 0 10 0
l1i_u10-15 llc-0b23 1 10 0 10 0
l1i_u10-15 llc-0b24 1 10 0 10 0
l1i_u10-15 llc-0b25 1 10 0 10 0
l1i_u10-15 llc-0b26 1 10 0 10 0
l1i_u10-15 llc-0b27 1 10 0 10 0
l1i_u10-15 llc-0b28 1 10 0 10 0
l1i_u10-15 llc-0b29 1 10 0 10 0
l1i_u10-15 llc-0b30 1 10 0 10 0
l1i_u10-15 llc-0b31 1 10 0 10 0
l1d_u10-0 llc-0b0 1 10 0 10 0
l1d_u10-0 llc-0b1 1 10 0 10 0
l1d_u10-0 llc-0b2 1 10 0 10 0
l1d_u10-0 llc-0b3 1 10 0 10 0
l1d_u10-0 llc-0b4 1 10 0 10 0
l1d_u10-0 llc-0b5 1 10 0 10 0
l1d_u10-0 llc-0b6 1 10 0 10 0
l1d_u10-0 llc-0b7 1 10 0 10 0
l1d_u10-0 llc-0b8 1 10 0 10 0
l1d_u10-0 llc-0b9 1 10 0 10 0
l1d_u10-0 llc-0b10 1 10 0 10 0
l1d_u10-0 llc-0b11 1 10 0 10 0
l1d_u10-0 llc-0b12 1 10 0 10 0
l1d_u10-0 llc-0b13 1 10 0 10 0
l1d_u10-0 llc-0b14 1 10 0 10 0
l1d_u10-0 llc-0b15 1 10 0 10 0
l1d_u10-0 llc-0b16 1 10 0 10 0
l1d_u10-0 llc-0b17 1 10 0 10 0
l1d_u10-0 llc-0b18 1 10 0 10 0
l1d_u10-0 llc-0b19 1 10 0 10 0
l1d_u10-0 llc-0b20 1 10 0 10 0
l1d_u10-0 llc-0b21 1 10 0 10 0
l1d_u10-0 llc-0b22 1 10 0 10 0
l1d_u10-0 llc-0b23 1 10 0 10 0
l1d_u10-0 llc-0b24 1 10 0 10 0
l1d_u10-0 llc-0b25 1 10 0 10 0
l1d_u10-0 llc-0b26 1 10 0 10 0
l1d_u10-0 llc-0b27 1 10 0 10 0
l1d_u10-0 llc-0b28 1 10 0 10 0
l1d_u10-0 llc-0b29 1 10 0 10 0
l1d_u10-0 llc-0b30 1 10 0 10 0
l1d_u10-0 llc-0b31 1 10 0 10 0
l1d_u10-1 llc-0b0 1 10 0 10 0
l1d_u10-1 llc-0b1 1 10 0 10 0
l1d_u10-1 llc-0b2 1 10 0 10 0
l1d_u10-1 llc-0b3 1 10 0 10 0
l1d_u10-1 llc-0b4 1 10 0 10 0
l1d_u10-1 llc-0b5 1 10 0 10 0
l1d_u10-1 llc-0b6 1 10 0 10 0
l1d_u10-1 llc-0b7 1 10 0 10 0
l1d_u10-1 llc-0b8 1 10 0 10 0
l1d_u10-1 llc-0b9 1 10 0 10 0
l1d_u10-1 llc-0b10 1 10 0 10 0
l1d_u10-1 llc-0b11 1 10 0 10 0
l1d_u10-1 llc-0b12 1 10 0 10 0
l1d_u10-1 llc-0b13 1 10 0 10 0
l1d_u10-1 llc-0b14 1 10 0 10 0
l1d_u10-1 llc-0b15 1 10 0 10 0
l1d_u10-1 llc-0b16 1 10 0 10 0
l1d_u10-1 llc-0b17 1 10 0 10 0
l1d_u10-1 llc-0b18 1 10 0 10 0
l1d_u10-1 llc-0b19 1 10 0 10 0
l1d_u10-1 llc-0b20 1 10 0 10 0
l1d_u10-1 llc-0b21 1 10 0 10 0
l1d_u10-1 llc-0b22 1 10 0 10 0
l1d_u10-1 llc-0b23 1 10 0 10 0
l1d_u10-1 llc-0b24 1 10 0 10 0
l1d_u10-1 llc-0b25 1 10 0 10 0
l1d_u10-1 llc-0b26 1 10 0 10 0
l1d_u10-1 llc-0b27 1 10 0 10 0
l1d_u10-1 llc-0b28 1 10 0 10 0
l1d_u10-1 llc-0b29 1 10 0 10 0
l1d_u10-1 llc-0b30 1 10 0 10 0
l1d_u10-1 llc-0b31 1 10 0 10 0
l1d_u10-2 llc-0b0 1 10 0 10 0
l1d_u10-2 llc-0b1 1 10 0 10 0
l1d_u10-2 llc-0b2 1 10 0 10 0
l1d_u10-2 llc-0b3 1 10 0 10 0
l1d_u10-2 llc-0b4 1 10 0 10 0
l1d_u10-2 llc-0b5 1 10 0 10 0
l1d_u10-2 llc-0b6 1 10 0 10 0
l1d_u10-2 llc-0b7 1 10 0 10 0
l1d_u10-2 llc-0b8 1 10 0 10 0
l1d_u10-2 llc-0b9 1 10 0 10 0
l1d_u10-2 llc-0b10 1 10 0 10 0
l1d_u10-2 llc-0b11 1 10 0 10 0
l1d_u10-2 llc-0b12 1 10 0 10 0
l1d_u10-2 llc-0b13 1 10 0 10 0
l1d_u10-2 llc-0b14 1 10 0 10 0
l1d_u10-2 llc-0b15 1 10 0 10 0
l1d_u10-2 llc-0b16 1 10 0 10 0
l1d_u10-2 llc-0b17 1 10 0 10 0
l1d_u10-2 llc-0b18 1 10 0 10 0
l1d_u10-2 llc-0b19 1 10 0 10 0
l1d_u10-2 llc-0b20 1 10 0 10 0
l1d_u10-2 llc-0b21 1 10 0 10 0
l1d_u10-2 llc-0b22 1 10 0 10 0
l1d_u10-2 llc-0b23 1 10 0 10 0
l1d_u10-2 llc-0b24 1 10 0 10 0
l1d_u10-2 llc-0b25 1 10 0 10 0
l1d_u10-2 llc-0b26 1 10 0 10 0
l1d_u10-2 llc-0b27 1 10 0 10 0
l1d_u10-2 llc-0b28 1 10 0 10 0
l1d_u10-2 llc-0b29 1 10 0 10 0
l1d_u10-2 llc-0b30 1 10 0 10 0
l1d_u10-2 llc-0b31 1 10 0 10 0
l1d_u10-3 llc-0b0 1 10 0 10 0
l1d_u10-3 llc-0b1 1 10 0 10 0
l1d_u10-3 llc-0b2 1 10 0 10 0
l1d_u10-3 llc-0b3 1 10 0 10 0
l1d_u10-3 llc-0b4 1 10 0 10 0
l1d_u10-3 llc-0b5 1 10 0 10 0
l1d_u10-3 llc-0b6 1 10 0 10 0
l1d_u10-3 llc-0b7 1 10 0 10 0
l1d_u10-3 llc-0b8 1 10 0 10 0
l1d_u10-3 llc-0b9 1 10 0 10 0
l1d_u10-3 llc-0b10 1 10 0 10 0
l1d_u10-3 llc-0b11 1 10 0 10 0
l1d_u10-3 llc-0b12 1 10 0 10 0
l1d_u10-3 llc-0b13 1 10 0 10 0
l1d_u10-3 llc-0b14 1 10 0 10 0
l1d_u10-3 llc-0b15 1 10 0 10 0
l1d_u10-3 llc-0b16 1 10 0 10 0
l1d_u10-3 llc-0b17 1 10 0 10 0
l1d_u10-3 llc-0b18 1 10 0 10 0
l1d_u10-3 llc-0b19 1 10 0 10 0
l1d_u10-3 llc-0b20 1 10 0 10 0
l1d_u10-3 llc-0b21 1 10 0 10 0
l1d_u10-3 llc-0b22 1 10 0 10 0
l1d_u10-3 llc-0b23 1 10 0 10 0
l1d_u10-3 llc-0b24 1 10 0 10 0
l1d_u10-3 llc-0b25 1 10 0 10 0
l1d_u10-3 llc-0b26 1 10 0 10 0
l1d_u10-3 llc-0b27 1 10 0 10 0
l1d_u10-3 llc-0b28 1 10 0 10 0
l1d_u10-3 llc-0b29 1 10 0 10 0
l1d_u10-3 llc-0b30 1 10 0 10 0
l1d_u10-3 llc-0b31 1 10 0 10 0
l1d_u10-4 llc-0b0 1 10 0 10 0
l1d_u10-4 llc-0b1 1 10 0 10 0
l1d_u10-4 llc-0b2 1 10 0 10 0
l1d_u10-4 llc-0b3 1 10 0 10 0
l1d_u10-4 llc-0b4 1 10 0 10 0
l1d_u10-4 llc-0b5 1 10 0 10 0
l1d_u10-4 llc-0b6 1 10 0 10 0
l1d_u10-4 llc-0b7 1 10 0 10 0
l1d_u10-4 llc-0b8 1 10 0 10 0
l1d_u10-4 llc-0b9 1 10 0 10 0
l1d_u10-4 llc-0b10 1 10 0 10 0
l1d_u10-4 llc-0b11 1 10 0 10 0
l1d_u10-4 llc-0b12 1 10 0 10 0
l1d_u10-4 llc-0b13 1 10 0 10 0
l1d_u10-4 llc-0b14 1 10 0 10 0
l1d_u10-4 llc-0b15 1 10 0 10 0
l1d_u10-4 llc-0b16 1 10 0 10 0
l1d_u10-4 llc-0b17 1 10 0 10 0
l1d_u10-4 llc-0b18 1 10 0 10 0
l1d_u10-4 llc-0b19 1 10 0 10 0
l1d_u10-4 llc-0b20 1 10 0 10 0
l1d_u10-4 llc-0b21 1 10 0 10 0
l1d_u10-4 llc-0b22 1 10 0 10 0
l1d_u10-4 llc-0b23 1 10 0 10 0
l1d_u10-4 llc-0b24 1 10 0 10 0
l1d_u10-4 llc-0b25 1 10 0 10 0
l1d_u10-4 llc-0b26 1 10 0 10 0
l1d_u10-4 llc-0b27 1 10 0 10 0
l1d_u10-4 llc-0b28 1 10 0 10 0
l1d_u10-4 llc-0b29 1 10 0 10 0
l1d_u10-4 llc-0b30 1 10 0 10 0
l1d_u10-4 llc-0b31 1 10 0 10 0
l1d_u10-5 llc-0b0 1 10 0 10 0
l1d_u10-5 llc-0b1 1 10 0 10 0
l1d_u10-5 llc-0b2 1 10 0 10 0
l1d_u10-5 llc-0b3 1 10 0 10 0
l1d_u10-5 llc-0b4 1 10 0 10 0
l1d_u10-5 llc-0b5 1 10 0 10 0
l1d_u10-5 llc-0b6 1 10 0 10 0
l1d_u10-5 llc-0b7 1 10 0 10 0
l1d_u10-5 llc-0b8 1 10 0 10 0
l1d_u10-5 llc-0b9 1 10 0 10 0
l1d_u10-5 llc-0b10 1 10 0 10 0
l1d_u10-5 llc-0b11 1 10 0 10 0
l1d_u10-5 llc-0b12 1 10 0 10 0
l1d_u10-5 llc-0b13 1 10 0 10 0
l1d_u10-5 llc-0b14 1 10 0 10 0
l1d_u10-5 llc-0b15 1 10 0 10 0
l1d_u10-5 llc-0b16 1 10 0 10 0
l1d_u10-5 llc-0b17 1 10 0 10 0
l1d_u10-5 llc-0b18 1 10 0 10 0
l1d_u10-5 llc-0b19 1 10 0 10 0
l1d_u10-5 llc-0b20 1 10 0 10 0
l1d_u10-5 llc-0b21 1 10 0 10 0
l1d_u10-5 llc-0b22 1 10 0 10 0
l1d_u10-5 llc-0b23 1 10 0 10 0
l1d_u10-5 llc-0b24 1 10 0 10 0
l1d_u10-5 llc-0b25 1 10 0 10 0
l1d_u10-5 llc-0b26 1 10 0 10 0
l1d_u10-5 llc-0b27 1 10 0 10 0
l1d_u10-5 llc-0b28 1 10 0 10 0
l1d_u10-5 llc-0b29 1 10 0 10 0
l1d_u10-5 llc-0b30 1 10 0 10 0
l1d_u10-5 llc-0b31 1 10 0 10 0
l1d_u10-6 llc-0b0 1 10 0 10 0
l1d_u10-6 llc-0b1 1 10 0 10 0
l1d_u10-6 llc-0b2 1 10 0 10 0
l1d_u10-6 llc-0b3 1 10 0 10 0
l1d_u10-6 llc-0b4 1 10 0 10 0
l1d_u10-6 llc-0b5 1 10 0 10 0
l1d_u10-6 llc-0b6 1 10 0 10 0
l1d_u10-6 llc-0b7 1 10 0 10 0
l1d_u10-6 llc-0b8 1 10 0 10 0
l1d_u10-6 llc-0b9 1 10 0 10 0
l1d_u10-6 llc-0b10 1 10 0 10 0
l1d_u10-6 llc-0b11 1 10 0 10 0
l1d_u10-6 llc-0b12 1 10 0 10 0
l1d_u10-6 llc-0b13 1 10 0 10 0
l1d_u10-6 llc-0b14 1 10 0 10 0
l1d_u10-6 llc-0b15 1 10 0 10 0
l1d_u10-6 llc-0b16 1 10 0 10 0
l1d_u10-6 llc-0b17 1 10 0 10 0
l1d_u10-6 llc-0b18 1 10 0 10 0
l1d_u10-6 llc-0b19 1 10 0 10 0
l1d_u10-6 llc-0b20 1 10 0 10 0
l1d_u10-6 llc-0b21 1 10 0 10 0
l1d_u10-6 llc-0b22 1 10 0 10 0
l1d_u10-6 llc-0b23 1 10 0 10 0
l1d_u10-6 llc-0b24 1 10 0 10 0
l1d_u10-6 llc-0b25 1 10 0 10 0
l1d_u10-6 llc-0b26 1 10 0 10 0
l1d_u10-6 llc-0b27 1 10 0 10 0
l1d_u10-6 llc-0b28 1 10 0 10 0
l1d_u10-6 llc-0b29 1 10 0 10 0
l1d_u10-6 llc-0b30 1 10 0 10 0
l1d_u10-6 llc-0b31 1 10 0 10 0
l1d_u10-7 llc-0b0 1 10 0 10 0
l1d_u10-7 llc-0b1 1 10 0 10 0
l1d_u10-7 llc-0b2 1 10 0 10 0
l1d_u10-7 llc-0b3 1 10 0 10 0
l1d_u10-7 llc-0b4 1 10 0 10 0
l1d_u10-7 llc-0b5 1 10 0 10 0
l1d_u10-7 llc-0b6 1 10 0 10 0
l1d_u10-7 llc-0b7 1 10 0 10 0
l1d_u10-7 llc-0b8 1 10 0 10 0
l1d_u10-7 llc-0b9 1 10 0 10 0
l1d_u10-7 llc-0b10 1 10 0 10 0
l1d_u10-7 llc-0b11 1 10 0 10 0
l1d_u10-7 llc-0b12 1 10 0 10 0
l1d_u10-7 llc-0b13 1 10 0 10 0
l1d_u10-7 llc-0b14 1 10 0 10 0
l1d_u10-7 llc-0b15 1 10 0 10 0
l1d_u10-7 llc-0b16 1 10 0 10 0
l1d_u10-7 llc-0b17 1 10 0 10 0
l1d_u10-7 llc-0b18 1 10 0 10 0
l1d_u10-7 llc-0b19 1 10 0 10 0
l1d_u10-7 llc-0b20 1 10 0 10 0
l1d_u10-7 llc-0b21 1 10 0 10 0
l1d_u10-7 llc-0b22 1 10 0 10 0
l1d_u10-7 llc-0b23 1 10 0 10 0
l1d_u10-7 llc-0b24 1 10 0 10 0
l1d_u10-7 llc-0b25 1 10 0 10 0
l1d_u10-7 llc-0b26 1 10 0 10 0
l1d_u10-7 llc-0b27 1 10 0 10 0
l1d_u10-7 llc-0b28 1 10 0 10 0
l1d_u10-7 llc-0b29 1 10 0 10 0
l1d_u10-7 llc-0b30 1 10 0 10 0
l1d_u10-7 llc-0b31 1 10 0 10 0
l1d_u10-8 llc-0b0 1 10 0 10 0
l1d_u10-8 llc-0b1 1 10 0 10 0
l1d_u10-8 llc-0b2 1 10 0 10 0
l1d_u10-8 llc-0b3 1 10 0 10 0
l1d_u10-8 llc-0b4 1 10 0 10 0
l1d_u10-8 llc-0b5 1 10 0 10 0
l1d_u10-8 llc-0b6 1 10 0 10 0
l1d_u10-8 llc-0b7 1 10 0 10 0
l1d_u10-8 llc-0b8 1 10 0 10 0
l1d_u10-8 llc-0b9 1 10 0 10 0
l1d_u10-8 llc-0b10 1 10 0 10 0
l1d_u10-8 llc-0b11 1 10 0 10 0
l1d_u10-8 llc-0b12 1 10 0 10 0
l1d_u10-8 llc-0b13 1 10 0 10 0
l1d_u10-8 llc-0b14 1 10 0 10 0
l1d_u10-8 llc-0b15 1 10 0 10 0
l1d_u10-8 llc-0b16 1 10 0 10 0
l1d_u10-8 llc-0b17 1 10 0 10 0
l1d_u10-8 llc-0b18 1 10 0 10 0
l1d_u10-8 llc-0b19 1 10 0 10 0
l1d_u10-8 llc-0b20 1 10 0 10 0
l1d_u10-8 llc-0b21 1 10 0 10 0
l1d_u10-8 llc-0b22 1 10 0 10 0
l1d_u10-8 llc-0b23 1 10 0 10 0
l1d_u10-8 llc-0b24 1 10 0 10 0
l1d_u10-8 llc-0b25 1 10 0 10 0
l1d_u10-8 llc-0b26 1 10 0 10 0
l1d_u10-8 llc-0b27 1 10 0 10 0
l1d_u10-8 llc-0b28 1 10 0 10 0
l1d_u10-8 llc-0b29 1 10 0 10 0
l1d_u10-8 llc-0b30 1 10 0 10 0
l1d_u10-8 llc-0b31 1 10 0 10 0
l1d_u10-9 llc-0b0 1 10 0 10 0
l1d_u10-9 llc-0b1 1 10 0 10 0
l1d_u10-9 llc-0b2 1 10 0 10 0
l1d_u10-9 llc-0b3 1 10 0 10 0
l1d_u10-9 llc-0b4 1 10 0 10 0
l1d_u10-9 llc-0b5 1 10 0 10 0
l1d_u10-9 llc-0b6 1 10 0 10 0
l1d_u10-9 llc-0b7 1 10 0 10 0
l1d_u10-9 llc-0b8 1 10 0 10 0
l1d_u10-9 llc-0b9 1 10 0 10 0
l1d_u10-9 llc-0b10 1 10 0 10 0
l1d_u10-9 llc-0b11 1 10 0 10 0
l1d_u10-9 llc-0b12 1 10 0 10 0
l1d_u10-9 llc-0b13 1 10 0 10 0
l1d_u10-9 llc-0b14 1 10 0 10 0
l1d_u10-9 llc-0b15 1 10 0 10 0
l1d_u10-9 llc-0b16 1 10 0 10 0
l1d_u10-9 llc-0b17 1 10 0 10 0
l1d_u10-9 llc-0b18 1 10 0 10 0
l1d_u10-9 llc-0b19 1 10 0 10 0
l1d_u10-9 llc-0b20 1 10 0 10 0
l1d_u10-9 llc-0b21 1 10 0 10 0
l1d_u10-9 llc-0b22 1 10 0 10 0
l1d_u10-9 llc-0b23 1 10 0 10 0
l1d_u10-9 llc-0b24 1 10 0 10 0
l1d_u10-9 llc-0b25 1 10 0 10 0
l1d_u10-9 llc-0b26 1 10 0 10 0
l1d_u10-9 llc-0b27 1 10 0 10 0
l1d_u10-9 llc-0b28 1 10 0 10 0
l1d_u10-9 llc-0b29 1 10 0 10 0
l1d_u10-9 llc-0b30 1 10 0 10 0
l1d_u10-9 llc-0b31 1 10 0 10 0
l1d_u10-10 llc-0b0 1 10 0 10 0
l1d_u10-10 llc-0b1 1 10 0 10 0
l1d_u10-10 llc-0b2 1 10 0 10 0
l1d_u10-10 llc-0b3 1 10 0 10 0
l1d_u10-10 llc-0b4 1 10 0 10 0
l1d_u10-10 llc-0b5 1 10 0 10 0
l1d_u10-10 llc-0b6 1 10 0 10 0
l1d_u10-10 llc-0b7 1 10 0 10 0
l1d_u10-10 llc-0b8 1 10 0 10 0
l1d_u10-10 llc-0b9 1 10 0 10 0
l1d_u10-10 llc-0b10 1 10 0 10 0
l1d_u10-10 llc-0b11 1 10 0 10 0
l1d_u10-10 llc-0b12 1 10 0 10 0
l1d_u10-10 llc-0b13 1 10 0 10 0
l1d_u10-10 llc-0b14 1 10 0 10 0
l1d_u10-10 llc-0b15 1 10 0 10 0
l1d_u10-10 llc-0b16 1 10 0 10 0
l1d_u10-10 llc-0b17 1 10 0 10 0
l1d_u10-10 llc-0b18 1 10 0 10 0
l1d_u10-10 llc-0b19 1 10 0 10 0
l1d_u10-10 llc-0b20 1 10 0 10 0
l1d_u10-10 llc-0b21 1 10 0 10 0
l1d_u10-10 llc-0b22 1 10 0 10 0
l1d_u10-10 llc-0b23 1 10 0 10 0
l1d_u10-10 llc-0b24 1 10 0 10 0
l1d_u10-10 llc-0b25 1 10 0 10 0
l1d_u10-10 llc-0b26 1 10 0 10 0
l1d_u10-10 llc-0b27 1 10 0 10 0
l1d_u10-10 llc-0b28 1 10 0 10 0
l1d_u10-10 llc-0b29 1 10 0 10 0
l1d_u10-10 llc-0b30 1 10 0 10 0
l1d_u10-10 llc-0b31 1 10 0 10 0
l1d_u10-11 llc-0b0 1 10 0 10 0
l1d_u10-11 llc-0b1 1 10 0 10 0
l1d_u10-11 llc-0b2 1 10 0 10 0
l1d_u10-11 llc-0b3 1 10 0 10 0
l1d_u10-11 llc-0b4 1 10 0 10 0
l1d_u10-11 llc-0b5 1 10 0 10 0
l1d_u10-11 llc-0b6 1 10 0 10 0
l1d_u10-11 llc-0b7 1 10 0 10 0
l1d_u10-11 llc-0b8 1 10 0 10 0
l1d_u10-11 llc-0b9 1 10 0 10 0
l1d_u10-11 llc-0b10 1 10 0 10 0
l1d_u10-11 llc-0b11 1 10 0 10 0
l1d_u10-11 llc-0b12 1 10 0 10 0
l1d_u10-11 llc-0b13 1 10 0 10 0
l1d_u10-11 llc-0b14 1 10 0 10 0
l1d_u10-11 llc-0b15 1 10 0 10 0
l1d_u10-11 llc-0b16 1 10 0 10 0
l1d_u10-11 llc-0b17 1 10 0 10 0
l1d_u10-11 llc-0b18 1 10 0 10 0
l1d_u10-11 llc-0b19 1 10 0 10 0
l1d_u10-11 llc-0b20 1 10 0 10 0
l1d_u10-11 llc-0b21 1 10 0 10 0
l1d_u10-11 llc-0b22 1 10 0 10 0
l1d_u10-11 llc-0b23 1 10 0 10 0
l1d_u10-11 llc-0b24 1 10 0 10 0
l1d_u10-11 llc-0b25 1 10 0 10 0
l1d_u10-11 llc-0b26 1 10 0 10 0
l1d_u10-11 llc-0b27 1 10 0 10 0
l1d_u10-11 llc-0b28 1 10 0 10 0
l1d_u10-11 llc-0b29 1 10 0 10 0
l1d_u10-11 llc-0b30 1 10 0 10 0
l1d_u10-11 llc-0b31 1 10 0 10 0
l1d_u10-12 llc-0b0 1 10 0 10 0
l1d_u10-12 llc-0b1 1 10 0 10 0
l1d_u10-12 llc-0b2 1 10 0 10 0
l1d_u10-12 llc-0b3 1 10 0 10 0
l1d_u10-12 llc-0b4 1 10 0 10 0
l1d_u10-12 llc-0b5 1 10 0 10 0
l1d_u10-12 llc-0b6 1 10 0 10 0
l1d_u10-12 llc-0b7 1 10 0 10 0
l1d_u10-12 llc-0b8 1 10 0 10 0
l1d_u10-12 llc-0b9 1 10 0 10 0
l1d_u10-12 llc-0b10 1 10 0 10 0
l1d_u10-12 llc-0b11 1 10 0 10 0
l1d_u10-12 llc-0b12 1 10 0 10 0
l1d_u10-12 llc-0b13 1 10 0 10 0
l1d_u10-12 llc-0b14 1 10 0 10 0
l1d_u10-12 llc-0b15 1 10 0 10 0
l1d_u10-12 llc-0b16 1 10 0 10 0
l1d_u10-12 llc-0b17 1 10 0 10 0
l1d_u10-12 llc-0b18 1 10 0 10 0
l1d_u10-12 llc-0b19 1 10 0 10 0
l1d_u10-12 llc-0b20 1 10 0 10 0
l1d_u10-12 llc-0b21 1 10 0 10 0
l1d_u10-12 llc-0b22 1 10 0 10 0
l1d_u10-12 llc-0b23 1 10 0 10 0
l1d_u10-12 llc-0b24 1 10 0 10 0
l1d_u10-12 llc-0b25 1 10 0 10 0
l1d_u10-12 llc-0b26 1 10 0 10 0
l1d_u10-12 llc-0b27 1 10 0 10 0
l1d_u10-12 llc-0b28 1 10 0 10 0
l1d_u10-12 llc-0b29 1 10 0 10 0
l1d_u10-12 llc-0b30 1 10 0 10 0
l1d_u10-12 llc-0b31 1 10 0 10 0
l1d_u10-13 llc-0b0 1 10 0 10 0
l1d_u10-13 llc-0b1 1 10 0 10 0
l1d_u10-13 llc-0b2 1 10 0 10 0
l1d_u10-13 llc-0b3 1 10 0 10 0
l1d_u10-13 llc-0b4 1 10 0 10 0
l1d_u10-13 llc-0b5 1 10 0 10 0
l1d_u10-13 llc-0b6 1 10 0 10 0
l1d_u10-13 llc-0b7 1 10 0 10 0
l1d_u10-13 llc-0b8 1 10 0 10 0
l1d_u10-13 llc-0b9 1 10 0 10 0
l1d_u10-13 llc-0b10 1 10 0 10 0
l1d_u10-13 llc-0b11 1 10 0 10 0
l1d_u10-13 llc-0b12 1 10 0 10 0
l1d_u10-13 llc-0b13 1 10 0 10 0
l1d_u10-13 llc-0b14 1 10 0 10 0
l1d_u10-13 llc-0b15 1 10 0 10 0
l1d_u10-13 llc-0b16 1 10 0 10 0
l1d_u10-13 llc-0b17 1 10 0 10 0
l1d_u10-13 llc-0b18 1 10 0 10 0
l1d_u10-13 llc-0b19 1 10 0 10 0
l1d_u10-13 llc-0b20 1 10 0 10 0
l1d_u10-13 llc-0b21 1 10 0 10 0
l1d_u10-13 llc-0b22 1 10 0 10 0
l1d_u10-13 llc-0b23 1 10 0 10 0
l1d_u10-13 llc-0b24 1 10 0 10 0
l1d_u10-13 llc-0b25 1 10 0 10 0
l1d_u10-13 llc-0b26 1 10 0 10 0
l1d_u10-13 llc-0b27 1 10 0 10 0
l1d_u10-13 llc-0b28 1 10 0 10 0
l1d_u10-13 llc-0b29 1 10 0 10 0
l1d_u10-13 llc-0b30 1 10 0 10 0
l1d_u10-13 llc-0b31 1 10 0 10 0
l1d_u10-14 llc-0b0 1 10 0 10 0
l1d_u10-14 llc-0b1 1 10 0 10 0
l1d_u10-14 llc-0b2 1 10 0 10 0
l1d_u10-14 llc-0b3 1 10 0 10 0
l1d_u10-14 llc-0b4 1 10 0 10 0
l1d_u10-14 llc-0b5 1 10 0 10 0
l1d_u10-14 llc-0b6 1 10 0 10 0
l1d_u10-14 llc-0b7 1 10 0 10 0
l1d_u10-14 llc-0b8 1 10 0 10 0
l1d_u10-14 llc-0b9 1 10 0 10 0
l1d_u10-14 llc-0b10 1 10 0 10 0
l1d_u10-14 llc-0b11 1 10 0 10 0
l1d_u10-14 llc-0b12 1 10 0 10 0
l1d_u10-14 llc-0b13 1 10 0 10 0
l1d_u10-14 llc-0b14 1 10 0 10 0
l1d_u10-14 llc-0b15 1 10 0 10 0
l1d_u10-14 llc-0b16 1 10 0 10 0
l1d_u10-14 llc-0b17 1 10 0 10 0
l1d_u10-14 llc-0b18 1 10 0 10 0
l1d_u10-14 llc-0b19 1 10 0 10 0
l1d_u10-14 llc-0b20 1 10 0 10 0
l1d_u10-14 llc-0b21 1 10 0 10 0
l1d_u10-14 llc-0b22 1 10 0 10 0
l1d_u10-14 llc-0b23 1 10 0 10 0
l1d_u10-14 llc-0b24 1 10 0 10 0
l1d_u10-14 llc-0b25 1 10 0 10 0
l1d_u10-14 llc-0b26 1 10 0 10 0
l1d_u10-14 llc-0b27 1 10 0 10 0
l1d_u10-14 llc-0b28 1 10 0 10 0
l1d_u10-14 llc-0b29 1 10 0 10 0
l1d_u10-14 llc-0b30 1 10 0 10 0
l1d_u10-14 llc-0b31 1 10 0 10 0
l1d_u10-15 llc-0b0 1 10 0 10 0
l1d_u10-15 llc-0b1 1 10 0 10 0
l1d_u10-15 llc-0b2 1 10 0 10 0
l1d_u10-15 llc-0b3 1 10 0 10 0
l1d_u10-15 llc-0b4 1 10 0 10 0
l1d_u10-15 llc-0b5 1 10 0 10 0
l1d_u10-15 llc-0b6 1 10 0 10 0
l1d_u10-15 llc-0b7 1 10 0 10 0
l1d_u10-15 llc-0b8 1 10 0 10 0
l1d_u10-15 llc-0b9 1 10 0 10 0
l1d_u10-15 llc-0b10 1 10 0 10 0
l1d_u10-15 llc-0b11 1 10 0 10 0
l1d_u10-15 llc-0b12 1 10 0 10 0
l1d_u10-15 llc-0b13 1 10 0 10 0
l1d_u10-15 llc-0b14 1 10 0 10 0
l1d_u10-15 llc-0b15 1 10 0 10 0
l1d_u10-15 llc-0b16 1 10 0 10 0
l1d_u10-15 llc-0b17 1 10 0 10 0
l1d_u10-15 llc-0b18 1 10 0 10 0
l1d_u10-15 llc-0b19 1 10 0 10 0
l1d_u10-15 llc-0b20 1 10 0 10 0
l1d_u10-15 llc-0b21 1 10 0 10 0
l1d_u10-15 llc-0b22 1 10 0 10 0
l1d_u10-15 llc-0b23 1 10 0 10 0
l1d_u10-15 llc-0b24 1 10 0 10 0
l1d_u10-15 llc-0b25 1 10 0 10 0
l1d_u10-15 llc-0b26 1 10 0 10 0
l1d_u10-15 llc-0b27 1 10 0 10 0
l1d_u10-15 llc-0b28 1 10 0 10 0
l1d_u10-15 llc-0b29 1 10 0 10 0
l1d_u10-15 llc-0b30 1 10 0 10 0
l1d_u10-15 llc-0b31 1 10 0 10 0
l1i_u11-0 llc-0b0 1 11 0 11 0
l1i_u11-0 llc-0b1 1 11 0 11 0
l1i_u11-0 llc-0b2 1 11 0 11 0
l1i_u11-0 llc-0b3 1 11 0 11 0
l1i_u11-0 llc-0b4 1 11 0 11 0
l1i_u11-0 llc-0b5 1 11 0 11 0
l1i_u11-0 llc-0b6 1 11 0 11 0
l1i_u11-0 llc-0b7 1 11 0 11 0
l1i_u11-0 llc-0b8 1 11 0 11 0
l1i_u11-0 llc-0b9 1 11 0 11 0
l1i_u11-0 llc-0b10 1 11 0 11 0
l1i_u11-0 llc-0b11 1 11 0 11 0
l1i_u11-0 llc-0b12 1 11 0 11 0
l1i_u11-0 llc-0b13 1 11 0 11 0
l1i_u11-0 llc-0b14 1 11 0 11 0
l1i_u11-0 llc-0b15 1 11 0 11 0
l1i_u11-0 llc-0b16 1 11 0 11 0
l1i_u11-0 llc-0b17 1 11 0 11 0
l1i_u11-0 llc-0b18 1 11 0 11 0
l1i_u11-0 llc-0b19 1 11 0 11 0
l1i_u11-0 llc-0b20 1 11 0 11 0
l1i_u11-0 llc-0b21 1 11 0 11 0
l1i_u11-0 llc-0b22 1 11 0 11 0
l1i_u11-0 llc-0b23 1 11 0 11 0
l1i_u11-0 llc-0b24 1 11 0 11 0
l1i_u11-0 llc-0b25 1 11 0 11 0
l1i_u11-0 llc-0b26 1 11 0 11 0
l1i_u11-0 llc-0b27 1 11 0 11 0
l1i_u11-0 llc-0b28 1 11 0 11 0
l1i_u11-0 llc-0b29 1 11 0 11 0
l1i_u11-0 llc-0b30 1 11 0 11 0
l1i_u11-0 llc-0b31 1 11 0 11 0
l1i_u11-1 llc-0b0 1 11 0 11 0
l1i_u11-1 llc-0b1 1 11 0 11 0
l1i_u11-1 llc-0b2 1 11 0 11 0
l1i_u11-1 llc-0b3 1 11 0 11 0
l1i_u11-1 llc-0b4 1 11 0 11 0
l1i_u11-1 llc-0b5 1 11 0 11 0
l1i_u11-1 llc-0b6 1 11 0 11 0
l1i_u11-1 llc-0b7 1 11 0 11 0
l1i_u11-1 llc-0b8 1 11 0 11 0
l1i_u11-1 llc-0b9 1 11 0 11 0
l1i_u11-1 llc-0b10 1 11 0 11 0
l1i_u11-1 llc-0b11 1 11 0 11 0
l1i_u11-1 llc-0b12 1 11 0 11 0
l1i_u11-1 llc-0b13 1 11 0 11 0
l1i_u11-1 llc-0b14 1 11 0 11 0
l1i_u11-1 llc-0b15 1 11 0 11 0
l1i_u11-1 llc-0b16 1 11 0 11 0
l1i_u11-1 llc-0b17 1 11 0 11 0
l1i_u11-1 llc-0b18 1 11 0 11 0
l1i_u11-1 llc-0b19 1 11 0 11 0
l1i_u11-1 llc-0b20 1 11 0 11 0
l1i_u11-1 llc-0b21 1 11 0 11 0
l1i_u11-1 llc-0b22 1 11 0 11 0
l1i_u11-1 llc-0b23 1 11 0 11 0
l1i_u11-1 llc-0b24 1 11 0 11 0
l1i_u11-1 llc-0b25 1 11 0 11 0
l1i_u11-1 llc-0b26 1 11 0 11 0
l1i_u11-1 llc-0b27 1 11 0 11 0
l1i_u11-1 llc-0b28 1 11 0 11 0
l1i_u11-1 llc-0b29 1 11 0 11 0
l1i_u11-1 llc-0b30 1 11 0 11 0
l1i_u11-1 llc-0b31 1 11 0 11 0
l1i_u11-2 llc-0b0 1 11 0 11 0
l1i_u11-2 llc-0b1 1 11 0 11 0
l1i_u11-2 llc-0b2 1 11 0 11 0
l1i_u11-2 llc-0b3 1 11 0 11 0
l1i_u11-2 llc-0b4 1 11 0 11 0
l1i_u11-2 llc-0b5 1 11 0 11 0
l1i_u11-2 llc-0b6 1 11 0 11 0
l1i_u11-2 llc-0b7 1 11 0 11 0
l1i_u11-2 llc-0b8 1 11 0 11 0
l1i_u11-2 llc-0b9 1 11 0 11 0
l1i_u11-2 llc-0b10 1 11 0 11 0
l1i_u11-2 llc-0b11 1 11 0 11 0
l1i_u11-2 llc-0b12 1 11 0 11 0
l1i_u11-2 llc-0b13 1 11 0 11 0
l1i_u11-2 llc-0b14 1 11 0 11 0
l1i_u11-2 llc-0b15 1 11 0 11 0
l1i_u11-2 llc-0b16 1 11 0 11 0
l1i_u11-2 llc-0b17 1 11 0 11 0
l1i_u11-2 llc-0b18 1 11 0 11 0
l1i_u11-2 llc-0b19 1 11 0 11 0
l1i_u11-2 llc-0b20 1 11 0 11 0
l1i_u11-2 llc-0b21 1 11 0 11 0
l1i_u11-2 llc-0b22 1 11 0 11 0
l1i_u11-2 llc-0b23 1 11 0 11 0
l1i_u11-2 llc-0b24 1 11 0 11 0
l1i_u11-2 llc-0b25 1 11 0 11 0
l1i_u11-2 llc-0b26 1 11 0 11 0
l1i_u11-2 llc-0b27 1 11 0 11 0
l1i_u11-2 llc-0b28 1 11 0 11 0
l1i_u11-2 llc-0b29 1 11 0 11 0
l1i_u11-2 llc-0b30 1 11 0 11 0
l1i_u11-2 llc-0b31 1 11 0 11 0
l1i_u11-3 llc-0b0 1 11 0 11 0
l1i_u11-3 llc-0b1 1 11 0 11 0
l1i_u11-3 llc-0b2 1 11 0 11 0
l1i_u11-3 llc-0b3 1 11 0 11 0
l1i_u11-3 llc-0b4 1 11 0 11 0
l1i_u11-3 llc-0b5 1 11 0 11 0
l1i_u11-3 llc-0b6 1 11 0 11 0
l1i_u11-3 llc-0b7 1 11 0 11 0
l1i_u11-3 llc-0b8 1 11 0 11 0
l1i_u11-3 llc-0b9 1 11 0 11 0
l1i_u11-3 llc-0b10 1 11 0 11 0
l1i_u11-3 llc-0b11 1 11 0 11 0
l1i_u11-3 llc-0b12 1 11 0 11 0
l1i_u11-3 llc-0b13 1 11 0 11 0
l1i_u11-3 llc-0b14 1 11 0 11 0
l1i_u11-3 llc-0b15 1 11 0 11 0
l1i_u11-3 llc-0b16 1 11 0 11 0
l1i_u11-3 llc-0b17 1 11 0 11 0
l1i_u11-3 llc-0b18 1 11 0 11 0
l1i_u11-3 llc-0b19 1 11 0 11 0
l1i_u11-3 llc-0b20 1 11 0 11 0
l1i_u11-3 llc-0b21 1 11 0 11 0
l1i_u11-3 llc-0b22 1 11 0 11 0
l1i_u11-3 llc-0b23 1 11 0 11 0
l1i_u11-3 llc-0b24 1 11 0 11 0
l1i_u11-3 llc-0b25 1 11 0 11 0
l1i_u11-3 llc-0b26 1 11 0 11 0
l1i_u11-3 llc-0b27 1 11 0 11 0
l1i_u11-3 llc-0b28 1 11 0 11 0
l1i_u11-3 llc-0b29 1 11 0 11 0
l1i_u11-3 llc-0b30 1 11 0 11 0
l1i_u11-3 llc-0b31 1 11 0 11 0
l1i_u11-4 llc-0b0 1 11 0 11 0
l1i_u11-4 llc-0b1 1 11 0 11 0
l1i_u11-4 llc-0b2 1 11 0 11 0
l1i_u11-4 llc-0b3 1 11 0 11 0
l1i_u11-4 llc-0b4 1 11 0 11 0
l1i_u11-4 llc-0b5 1 11 0 11 0
l1i_u11-4 llc-0b6 1 11 0 11 0
l1i_u11-4 llc-0b7 1 11 0 11 0
l1i_u11-4 llc-0b8 1 11 0 11 0
l1i_u11-4 llc-0b9 1 11 0 11 0
l1i_u11-4 llc-0b10 1 11 0 11 0
l1i_u11-4 llc-0b11 1 11 0 11 0
l1i_u11-4 llc-0b12 1 11 0 11 0
l1i_u11-4 llc-0b13 1 11 0 11 0
l1i_u11-4 llc-0b14 1 11 0 11 0
l1i_u11-4 llc-0b15 1 11 0 11 0
l1i_u11-4 llc-0b16 1 11 0 11 0
l1i_u11-4 llc-0b17 1 11 0 11 0
l1i_u11-4 llc-0b18 1 11 0 11 0
l1i_u11-4 llc-0b19 1 11 0 11 0
l1i_u11-4 llc-0b20 1 11 0 11 0
l1i_u11-4 llc-0b21 1 11 0 11 0
l1i_u11-4 llc-0b22 1 11 0 11 0
l1i_u11-4 llc-0b23 1 11 0 11 0
l1i_u11-4 llc-0b24 1 11 0 11 0
l1i_u11-4 llc-0b25 1 11 0 11 0
l1i_u11-4 llc-0b26 1 11 0 11 0
l1i_u11-4 llc-0b27 1 11 0 11 0
l1i_u11-4 llc-0b28 1 11 0 11 0
l1i_u11-4 llc-0b29 1 11 0 11 0
l1i_u11-4 llc-0b30 1 11 0 11 0
l1i_u11-4 llc-0b31 1 11 0 11 0
l1i_u11-5 llc-0b0 1 11 0 11 0
l1i_u11-5 llc-0b1 1 11 0 11 0
l1i_u11-5 llc-0b2 1 11 0 11 0
l1i_u11-5 llc-0b3 1 11 0 11 0
l1i_u11-5 llc-0b4 1 11 0 11 0
l1i_u11-5 llc-0b5 1 11 0 11 0
l1i_u11-5 llc-0b6 1 11 0 11 0
l1i_u11-5 llc-0b7 1 11 0 11 0
l1i_u11-5 llc-0b8 1 11 0 11 0
l1i_u11-5 llc-0b9 1 11 0 11 0
l1i_u11-5 llc-0b10 1 11 0 11 0
l1i_u11-5 llc-0b11 1 11 0 11 0
l1i_u11-5 llc-0b12 1 11 0 11 0
l1i_u11-5 llc-0b13 1 11 0 11 0
l1i_u11-5 llc-0b14 1 11 0 11 0
l1i_u11-5 llc-0b15 1 11 0 11 0
l1i_u11-5 llc-0b16 1 11 0 11 0
l1i_u11-5 llc-0b17 1 11 0 11 0
l1i_u11-5 llc-0b18 1 11 0 11 0
l1i_u11-5 llc-0b19 1 11 0 11 0
l1i_u11-5 llc-0b20 1 11 0 11 0
l1i_u11-5 llc-0b21 1 11 0 11 0
l1i_u11-5 llc-0b22 1 11 0 11 0
l1i_u11-5 llc-0b23 1 11 0 11 0
l1i_u11-5 llc-0b24 1 11 0 11 0
l1i_u11-5 llc-0b25 1 11 0 11 0
l1i_u11-5 llc-0b26 1 11 0 11 0
l1i_u11-5 llc-0b27 1 11 0 11 0
l1i_u11-5 llc-0b28 1 11 0 11 0
l1i_u11-5 llc-0b29 1 11 0 11 0
l1i_u11-5 llc-0b30 1 11 0 11 0
l1i_u11-5 llc-0b31 1 11 0 11 0
l1i_u11-6 llc-0b0 1 11 0 11 0
l1i_u11-6 llc-0b1 1 11 0 11 0
l1i_u11-6 llc-0b2 1 11 0 11 0
l1i_u11-6 llc-0b3 1 11 0 11 0
l1i_u11-6 llc-0b4 1 11 0 11 0
l1i_u11-6 llc-0b5 1 11 0 11 0
l1i_u11-6 llc-0b6 1 11 0 11 0
l1i_u11-6 llc-0b7 1 11 0 11 0
l1i_u11-6 llc-0b8 1 11 0 11 0
l1i_u11-6 llc-0b9 1 11 0 11 0
l1i_u11-6 llc-0b10 1 11 0 11 0
l1i_u11-6 llc-0b11 1 11 0 11 0
l1i_u11-6 llc-0b12 1 11 0 11 0
l1i_u11-6 llc-0b13 1 11 0 11 0
l1i_u11-6 llc-0b14 1 11 0 11 0
l1i_u11-6 llc-0b15 1 11 0 11 0
l1i_u11-6 llc-0b16 1 11 0 11 0
l1i_u11-6 llc-0b17 1 11 0 11 0
l1i_u11-6 llc-0b18 1 11 0 11 0
l1i_u11-6 llc-0b19 1 11 0 11 0
l1i_u11-6 llc-0b20 1 11 0 11 0
l1i_u11-6 llc-0b21 1 11 0 11 0
l1i_u11-6 llc-0b22 1 11 0 11 0
l1i_u11-6 llc-0b23 1 11 0 11 0
l1i_u11-6 llc-0b24 1 11 0 11 0
l1i_u11-6 llc-0b25 1 11 0 11 0
l1i_u11-6 llc-0b26 1 11 0 11 0
l1i_u11-6 llc-0b27 1 11 0 11 0
l1i_u11-6 llc-0b28 1 11 0 11 0
l1i_u11-6 llc-0b29 1 11 0 11 0
l1i_u11-6 llc-0b30 1 11 0 11 0
l1i_u11-6 llc-0b31 1 11 0 11 0
l1i_u11-7 llc-0b0 1 11 0 11 0
l1i_u11-7 llc-0b1 1 11 0 11 0
l1i_u11-7 llc-0b2 1 11 0 11 0
l1i_u11-7 llc-0b3 1 11 0 11 0
l1i_u11-7 llc-0b4 1 11 0 11 0
l1i_u11-7 llc-0b5 1 11 0 11 0
l1i_u11-7 llc-0b6 1 11 0 11 0
l1i_u11-7 llc-0b7 1 11 0 11 0
l1i_u11-7 llc-0b8 1 11 0 11 0
l1i_u11-7 llc-0b9 1 11 0 11 0
l1i_u11-7 llc-0b10 1 11 0 11 0
l1i_u11-7 llc-0b11 1 11 0 11 0
l1i_u11-7 llc-0b12 1 11 0 11 0
l1i_u11-7 llc-0b13 1 11 0 11 0
l1i_u11-7 llc-0b14 1 11 0 11 0
l1i_u11-7 llc-0b15 1 11 0 11 0
l1i_u11-7 llc-0b16 1 11 0 11 0
l1i_u11-7 llc-0b17 1 11 0 11 0
l1i_u11-7 llc-0b18 1 11 0 11 0
l1i_u11-7 llc-0b19 1 11 0 11 0
l1i_u11-7 llc-0b20 1 11 0 11 0
l1i_u11-7 llc-0b21 1 11 0 11 0
l1i_u11-7 llc-0b22 1 11 0 11 0
l1i_u11-7 llc-0b23 1 11 0 11 0
l1i_u11-7 llc-0b24 1 11 0 11 0
l1i_u11-7 llc-0b25 1 11 0 11 0
l1i_u11-7 llc-0b26 1 11 0 11 0
l1i_u11-7 llc-0b27 1 11 0 11 0
l1i_u11-7 llc-0b28 1 11 0 11 0
l1i_u11-7 llc-0b29 1 11 0 11 0
l1i_u11-7 llc-0b30 1 11 0 11 0
l1i_u11-7 llc-0b31 1 11 0 11 0
l1i_u11-8 llc-0b0 1 11 0 11 0
l1i_u11-8 llc-0b1 1 11 0 11 0
l1i_u11-8 llc-0b2 1 11 0 11 0
l1i_u11-8 llc-0b3 1 11 0 11 0
l1i_u11-8 llc-0b4 1 11 0 11 0
l1i_u11-8 llc-0b5 1 11 0 11 0
l1i_u11-8 llc-0b6 1 11 0 11 0
l1i_u11-8 llc-0b7 1 11 0 11 0
l1i_u11-8 llc-0b8 1 11 0 11 0
l1i_u11-8 llc-0b9 1 11 0 11 0
l1i_u11-8 llc-0b10 1 11 0 11 0
l1i_u11-8 llc-0b11 1 11 0 11 0
l1i_u11-8 llc-0b12 1 11 0 11 0
l1i_u11-8 llc-0b13 1 11 0 11 0
l1i_u11-8 llc-0b14 1 11 0 11 0
l1i_u11-8 llc-0b15 1 11 0 11 0
l1i_u11-8 llc-0b16 1 11 0 11 0
l1i_u11-8 llc-0b17 1 11 0 11 0
l1i_u11-8 llc-0b18 1 11 0 11 0
l1i_u11-8 llc-0b19 1 11 0 11 0
l1i_u11-8 llc-0b20 1 11 0 11 0
l1i_u11-8 llc-0b21 1 11 0 11 0
l1i_u11-8 llc-0b22 1 11 0 11 0
l1i_u11-8 llc-0b23 1 11 0 11 0
l1i_u11-8 llc-0b24 1 11 0 11 0
l1i_u11-8 llc-0b25 1 11 0 11 0
l1i_u11-8 llc-0b26 1 11 0 11 0
l1i_u11-8 llc-0b27 1 11 0 11 0
l1i_u11-8 llc-0b28 1 11 0 11 0
l1i_u11-8 llc-0b29 1 11 0 11 0
l1i_u11-8 llc-0b30 1 11 0 11 0
l1i_u11-8 llc-0b31 1 11 0 11 0
l1i_u11-9 llc-0b0 1 11 0 11 0
l1i_u11-9 llc-0b1 1 11 0 11 0
l1i_u11-9 llc-0b2 1 11 0 11 0
l1i_u11-9 llc-0b3 1 11 0 11 0
l1i_u11-9 llc-0b4 1 11 0 11 0
l1i_u11-9 llc-0b5 1 11 0 11 0
l1i_u11-9 llc-0b6 1 11 0 11 0
l1i_u11-9 llc-0b7 1 11 0 11 0
l1i_u11-9 llc-0b8 1 11 0 11 0
l1i_u11-9 llc-0b9 1 11 0 11 0
l1i_u11-9 llc-0b10 1 11 0 11 0
l1i_u11-9 llc-0b11 1 11 0 11 0
l1i_u11-9 llc-0b12 1 11 0 11 0
l1i_u11-9 llc-0b13 1 11 0 11 0
l1i_u11-9 llc-0b14 1 11 0 11 0
l1i_u11-9 llc-0b15 1 11 0 11 0
l1i_u11-9 llc-0b16 1 11 0 11 0
l1i_u11-9 llc-0b17 1 11 0 11 0
l1i_u11-9 llc-0b18 1 11 0 11 0
l1i_u11-9 llc-0b19 1 11 0 11 0
l1i_u11-9 llc-0b20 1 11 0 11 0
l1i_u11-9 llc-0b21 1 11 0 11 0
l1i_u11-9 llc-0b22 1 11 0 11 0
l1i_u11-9 llc-0b23 1 11 0 11 0
l1i_u11-9 llc-0b24 1 11 0 11 0
l1i_u11-9 llc-0b25 1 11 0 11 0
l1i_u11-9 llc-0b26 1 11 0 11 0
l1i_u11-9 llc-0b27 1 11 0 11 0
l1i_u11-9 llc-0b28 1 11 0 11 0
l1i_u11-9 llc-0b29 1 11 0 11 0
l1i_u11-9 llc-0b30 1 11 0 11 0
l1i_u11-9 llc-0b31 1 11 0 11 0
l1i_u11-10 llc-0b0 1 11 0 11 0
l1i_u11-10 llc-0b1 1 11 0 11 0
l1i_u11-10 llc-0b2 1 11 0 11 0
l1i_u11-10 llc-0b3 1 11 0 11 0
l1i_u11-10 llc-0b4 1 11 0 11 0
l1i_u11-10 llc-0b5 1 11 0 11 0
l1i_u11-10 llc-0b6 1 11 0 11 0
l1i_u11-10 llc-0b7 1 11 0 11 0
l1i_u11-10 llc-0b8 1 11 0 11 0
l1i_u11-10 llc-0b9 1 11 0 11 0
l1i_u11-10 llc-0b10 1 11 0 11 0
l1i_u11-10 llc-0b11 1 11 0 11 0
l1i_u11-10 llc-0b12 1 11 0 11 0
l1i_u11-10 llc-0b13 1 11 0 11 0
l1i_u11-10 llc-0b14 1 11 0 11 0
l1i_u11-10 llc-0b15 1 11 0 11 0
l1i_u11-10 llc-0b16 1 11 0 11 0
l1i_u11-10 llc-0b17 1 11 0 11 0
l1i_u11-10 llc-0b18 1 11 0 11 0
l1i_u11-10 llc-0b19 1 11 0 11 0
l1i_u11-10 llc-0b20 1 11 0 11 0
l1i_u11-10 llc-0b21 1 11 0 11 0
l1i_u11-10 llc-0b22 1 11 0 11 0
l1i_u11-10 llc-0b23 1 11 0 11 0
l1i_u11-10 llc-0b24 1 11 0 11 0
l1i_u11-10 llc-0b25 1 11 0 11 0
l1i_u11-10 llc-0b26 1 11 0 11 0
l1i_u11-10 llc-0b27 1 11 0 11 0
l1i_u11-10 llc-0b28 1 11 0 11 0
l1i_u11-10 llc-0b29 1 11 0 11 0
l1i_u11-10 llc-0b30 1 11 0 11 0
l1i_u11-10 llc-0b31 1 11 0 11 0
l1i_u11-11 llc-0b0 1 11 0 11 0
l1i_u11-11 llc-0b1 1 11 0 11 0
l1i_u11-11 llc-0b2 1 11 0 11 0
l1i_u11-11 llc-0b3 1 11 0 11 0
l1i_u11-11 llc-0b4 1 11 0 11 0
l1i_u11-11 llc-0b5 1 11 0 11 0
l1i_u11-11 llc-0b6 1 11 0 11 0
l1i_u11-11 llc-0b7 1 11 0 11 0
l1i_u11-11 llc-0b8 1 11 0 11 0
l1i_u11-11 llc-0b9 1 11 0 11 0
l1i_u11-11 llc-0b10 1 11 0 11 0
l1i_u11-11 llc-0b11 1 11 0 11 0
l1i_u11-11 llc-0b12 1 11 0 11 0
l1i_u11-11 llc-0b13 1 11 0 11 0
l1i_u11-11 llc-0b14 1 11 0 11 0
l1i_u11-11 llc-0b15 1 11 0 11 0
l1i_u11-11 llc-0b16 1 11 0 11 0
l1i_u11-11 llc-0b17 1 11 0 11 0
l1i_u11-11 llc-0b18 1 11 0 11 0
l1i_u11-11 llc-0b19 1 11 0 11 0
l1i_u11-11 llc-0b20 1 11 0 11 0
l1i_u11-11 llc-0b21 1 11 0 11 0
l1i_u11-11 llc-0b22 1 11 0 11 0
l1i_u11-11 llc-0b23 1 11 0 11 0
l1i_u11-11 llc-0b24 1 11 0 11 0
l1i_u11-11 llc-0b25 1 11 0 11 0
l1i_u11-11 llc-0b26 1 11 0 11 0
l1i_u11-11 llc-0b27 1 11 0 11 0
l1i_u11-11 llc-0b28 1 11 0 11 0
l1i_u11-11 llc-0b29 1 11 0 11 0
l1i_u11-11 llc-0b30 1 11 0 11 0
l1i_u11-11 llc-0b31 1 11 0 11 0
l1i_u11-12 llc-0b0 1 11 0 11 0
l1i_u11-12 llc-0b1 1 11 0 11 0
l1i_u11-12 llc-0b2 1 11 0 11 0
l1i_u11-12 llc-0b3 1 11 0 11 0
l1i_u11-12 llc-0b4 1 11 0 11 0
l1i_u11-12 llc-0b5 1 11 0 11 0
l1i_u11-12 llc-0b6 1 11 0 11 0
l1i_u11-12 llc-0b7 1 11 0 11 0
l1i_u11-12 llc-0b8 1 11 0 11 0
l1i_u11-12 llc-0b9 1 11 0 11 0
l1i_u11-12 llc-0b10 1 11 0 11 0
l1i_u11-12 llc-0b11 1 11 0 11 0
l1i_u11-12 llc-0b12 1 11 0 11 0
l1i_u11-12 llc-0b13 1 11 0 11 0
l1i_u11-12 llc-0b14 1 11 0 11 0
l1i_u11-12 llc-0b15 1 11 0 11 0
l1i_u11-12 llc-0b16 1 11 0 11 0
l1i_u11-12 llc-0b17 1 11 0 11 0
l1i_u11-12 llc-0b18 1 11 0 11 0
l1i_u11-12 llc-0b19 1 11 0 11 0
l1i_u11-12 llc-0b20 1 11 0 11 0
l1i_u11-12 llc-0b21 1 11 0 11 0
l1i_u11-12 llc-0b22 1 11 0 11 0
l1i_u11-12 llc-0b23 1 11 0 11 0
l1i_u11-12 llc-0b24 1 11 0 11 0
l1i_u11-12 llc-0b25 1 11 0 11 0
l1i_u11-12 llc-0b26 1 11 0 11 0
l1i_u11-12 llc-0b27 1 11 0 11 0
l1i_u11-12 llc-0b28 1 11 0 11 0
l1i_u11-12 llc-0b29 1 11 0 11 0
l1i_u11-12 llc-0b30 1 11 0 11 0
l1i_u11-12 llc-0b31 1 11 0 11 0
l1i_u11-13 llc-0b0 1 11 0 11 0
l1i_u11-13 llc-0b1 1 11 0 11 0
l1i_u11-13 llc-0b2 1 11 0 11 0
l1i_u11-13 llc-0b3 1 11 0 11 0
l1i_u11-13 llc-0b4 1 11 0 11 0
l1i_u11-13 llc-0b5 1 11 0 11 0
l1i_u11-13 llc-0b6 1 11 0 11 0
l1i_u11-13 llc-0b7 1 11 0 11 0
l1i_u11-13 llc-0b8 1 11 0 11 0
l1i_u11-13 llc-0b9 1 11 0 11 0
l1i_u11-13 llc-0b10 1 11 0 11 0
l1i_u11-13 llc-0b11 1 11 0 11 0
l1i_u11-13 llc-0b12 1 11 0 11 0
l1i_u11-13 llc-0b13 1 11 0 11 0
l1i_u11-13 llc-0b14 1 11 0 11 0
l1i_u11-13 llc-0b15 1 11 0 11 0
l1i_u11-13 llc-0b16 1 11 0 11 0
l1i_u11-13 llc-0b17 1 11 0 11 0
l1i_u11-13 llc-0b18 1 11 0 11 0
l1i_u11-13 llc-0b19 1 11 0 11 0
l1i_u11-13 llc-0b20 1 11 0 11 0
l1i_u11-13 llc-0b21 1 11 0 11 0
l1i_u11-13 llc-0b22 1 11 0 11 0
l1i_u11-13 llc-0b23 1 11 0 11 0
l1i_u11-13 llc-0b24 1 11 0 11 0
l1i_u11-13 llc-0b25 1 11 0 11 0
l1i_u11-13 llc-0b26 1 11 0 11 0
l1i_u11-13 llc-0b27 1 11 0 11 0
l1i_u11-13 llc-0b28 1 11 0 11 0
l1i_u11-13 llc-0b29 1 11 0 11 0
l1i_u11-13 llc-0b30 1 11 0 11 0
l1i_u11-13 llc-0b31 1 11 0 11 0
l1i_u11-14 llc-0b0 1 11 0 11 0
l1i_u11-14 llc-0b1 1 11 0 11 0
l1i_u11-14 llc-0b2 1 11 0 11 0
l1i_u11-14 llc-0b3 1 11 0 11 0
l1i_u11-14 llc-0b4 1 11 0 11 0
l1i_u11-14 llc-0b5 1 11 0 11 0
l1i_u11-14 llc-0b6 1 11 0 11 0
l1i_u11-14 llc-0b7 1 11 0 11 0
l1i_u11-14 llc-0b8 1 11 0 11 0
l1i_u11-14 llc-0b9 1 11 0 11 0
l1i_u11-14 llc-0b10 1 11 0 11 0
l1i_u11-14 llc-0b11 1 11 0 11 0
l1i_u11-14 llc-0b12 1 11 0 11 0
l1i_u11-14 llc-0b13 1 11 0 11 0
l1i_u11-14 llc-0b14 1 11 0 11 0
l1i_u11-14 llc-0b15 1 11 0 11 0
l1i_u11-14 llc-0b16 1 11 0 11 0
l1i_u11-14 llc-0b17 1 11 0 11 0
l1i_u11-14 llc-0b18 1 11 0 11 0
l1i_u11-14 llc-0b19 1 11 0 11 0
l1i_u11-14 llc-0b20 1 11 0 11 0
l1i_u11-14 llc-0b21 1 11 0 11 0
l1i_u11-14 llc-0b22 1 11 0 11 0
l1i_u11-14 llc-0b23 1 11 0 11 0
l1i_u11-14 llc-0b24 1 11 0 11 0
l1i_u11-14 llc-0b25 1 11 0 11 0
l1i_u11-14 llc-0b26 1 11 0 11 0
l1i_u11-14 llc-0b27 1 11 0 11 0
l1i_u11-14 llc-0b28 1 11 0 11 0
l1i_u11-14 llc-0b29 1 11 0 11 0
l1i_u11-14 llc-0b30 1 11 0 11 0
l1i_u11-14 llc-0b31 1 11 0 11 0
l1i_u11-15 llc-0b0 1 11 0 11 0
l1i_u11-15 llc-0b1 1 11 0 11 0
l1i_u11-15 llc-0b2 1 11 0 11 0
l1i_u11-15 llc-0b3 1 11 0 11 0
l1i_u11-15 llc-0b4 1 11 0 11 0
l1i_u11-15 llc-0b5 1 11 0 11 0
l1i_u11-15 llc-0b6 1 11 0 11 0
l1i_u11-15 llc-0b7 1 11 0 11 0
l1i_u11-15 llc-0b8 1 11 0 11 0
l1i_u11-15 llc-0b9 1 11 0 11 0
l1i_u11-15 llc-0b10 1 11 0 11 0
l1i_u11-15 llc-0b11 1 11 0 11 0
l1i_u11-15 llc-0b12 1 11 0 11 0
l1i_u11-15 llc-0b13 1 11 0 11 0
l1i_u11-15 llc-0b14 1 11 0 11 0
l1i_u11-15 llc-0b15 1 11 0 11 0
l1i_u11-15 llc-0b16 1 11 0 11 0
l1i_u11-15 llc-0b17 1 11 0 11 0
l1i_u11-15 llc-0b18 1 11 0 11 0
l1i_u11-15 llc-0b19 1 11 0 11 0
l1i_u11-15 llc-0b20 1 11 0 11 0
l1i_u11-15 llc-0b21 1 11 0 11 0
l1i_u11-15 llc-0b22 1 11 0 11 0
l1i_u11-15 llc-0b23 1 11 0 11 0
l1i_u11-15 llc-0b24 1 11 0 11 0
l1i_u11-15 llc-0b25 1 11 0 11 0
l1i_u11-15 llc-0b26 1 11 0 11 0
l1i_u11-15 llc-0b27 1 11 0 11 0
l1i_u11-15 llc-0b28 1 11 0 11 0
l1i_u11-15 llc-0b29 1 11 0 11 0
l1i_u11-15 llc-0b30 1 11 0 11 0
l1i_u11-15 llc-0b31 1 11 0 11 0
l1d_u11-0 llc-0b0 1 11 0 11 0
l1d_u11-0 llc-0b1 1 11 0 11 0
l1d_u11-0 llc-0b2 1 11 0 11 0
l1d_u11-0 llc-0b3 1 11 0 11 0
l1d_u11-0 llc-0b4 1 11 0 11 0
l1d_u11-0 llc-0b5 1 11 0 11 0
l1d_u11-0 llc-0b6 1 11 0 11 0
l1d_u11-0 llc-0b7 1 11 0 11 0
l1d_u11-0 llc-0b8 1 11 0 11 0
l1d_u11-0 llc-0b9 1 11 0 11 0
l1d_u11-0 llc-0b10 1 11 0 11 0
l1d_u11-0 llc-0b11 1 11 0 11 0
l1d_u11-0 llc-0b12 1 11 0 11 0
l1d_u11-0 llc-0b13 1 11 0 11 0
l1d_u11-0 llc-0b14 1 11 0 11 0
l1d_u11-0 llc-0b15 1 11 0 11 0
l1d_u11-0 llc-0b16 1 11 0 11 0
l1d_u11-0 llc-0b17 1 11 0 11 0
l1d_u11-0 llc-0b18 1 11 0 11 0
l1d_u11-0 llc-0b19 1 11 0 11 0
l1d_u11-0 llc-0b20 1 11 0 11 0
l1d_u11-0 llc-0b21 1 11 0 11 0
l1d_u11-0 llc-0b22 1 11 0 11 0
l1d_u11-0 llc-0b23 1 11 0 11 0
l1d_u11-0 llc-0b24 1 11 0 11 0
l1d_u11-0 llc-0b25 1 11 0 11 0
l1d_u11-0 llc-0b26 1 11 0 11 0
l1d_u11-0 llc-0b27 1 11 0 11 0
l1d_u11-0 llc-0b28 1 11 0 11 0
l1d_u11-0 llc-0b29 1 11 0 11 0
l1d_u11-0 llc-0b30 1 11 0 11 0
l1d_u11-0 llc-0b31 1 11 0 11 0
l1d_u11-1 llc-0b0 1 11 0 11 0
l1d_u11-1 llc-0b1 1 11 0 11 0
l1d_u11-1 llc-0b2 1 11 0 11 0
l1d_u11-1 llc-0b3 1 11 0 11 0
l1d_u11-1 llc-0b4 1 11 0 11 0
l1d_u11-1 llc-0b5 1 11 0 11 0
l1d_u11-1 llc-0b6 1 11 0 11 0
l1d_u11-1 llc-0b7 1 11 0 11 0
l1d_u11-1 llc-0b8 1 11 0 11 0
l1d_u11-1 llc-0b9 1 11 0 11 0
l1d_u11-1 llc-0b10 1 11 0 11 0
l1d_u11-1 llc-0b11 1 11 0 11 0
l1d_u11-1 llc-0b12 1 11 0 11 0
l1d_u11-1 llc-0b13 1 11 0 11 0
l1d_u11-1 llc-0b14 1 11 0 11 0
l1d_u11-1 llc-0b15 1 11 0 11 0
l1d_u11-1 llc-0b16 1 11 0 11 0
l1d_u11-1 llc-0b17 1 11 0 11 0
l1d_u11-1 llc-0b18 1 11 0 11 0
l1d_u11-1 llc-0b19 1 11 0 11 0
l1d_u11-1 llc-0b20 1 11 0 11 0
l1d_u11-1 llc-0b21 1 11 0 11 0
l1d_u11-1 llc-0b22 1 11 0 11 0
l1d_u11-1 llc-0b23 1 11 0 11 0
l1d_u11-1 llc-0b24 1 11 0 11 0
l1d_u11-1 llc-0b25 1 11 0 11 0
l1d_u11-1 llc-0b26 1 11 0 11 0
l1d_u11-1 llc-0b27 1 11 0 11 0
l1d_u11-1 llc-0b28 1 11 0 11 0
l1d_u11-1 llc-0b29 1 11 0 11 0
l1d_u11-1 llc-0b30 1 11 0 11 0
l1d_u11-1 llc-0b31 1 11 0 11 0
l1d_u11-2 llc-0b0 1 11 0 11 0
l1d_u11-2 llc-0b1 1 11 0 11 0
l1d_u11-2 llc-0b2 1 11 0 11 0
l1d_u11-2 llc-0b3 1 11 0 11 0
l1d_u11-2 llc-0b4 1 11 0 11 0
l1d_u11-2 llc-0b5 1 11 0 11 0
l1d_u11-2 llc-0b6 1 11 0 11 0
l1d_u11-2 llc-0b7 1 11 0 11 0
l1d_u11-2 llc-0b8 1 11 0 11 0
l1d_u11-2 llc-0b9 1 11 0 11 0
l1d_u11-2 llc-0b10 1 11 0 11 0
l1d_u11-2 llc-0b11 1 11 0 11 0
l1d_u11-2 llc-0b12 1 11 0 11 0
l1d_u11-2 llc-0b13 1 11 0 11 0
l1d_u11-2 llc-0b14 1 11 0 11 0
l1d_u11-2 llc-0b15 1 11 0 11 0
l1d_u11-2 llc-0b16 1 11 0 11 0
l1d_u11-2 llc-0b17 1 11 0 11 0
l1d_u11-2 llc-0b18 1 11 0 11 0
l1d_u11-2 llc-0b19 1 11 0 11 0
l1d_u11-2 llc-0b20 1 11 0 11 0
l1d_u11-2 llc-0b21 1 11 0 11 0
l1d_u11-2 llc-0b22 1 11 0 11 0
l1d_u11-2 llc-0b23 1 11 0 11 0
l1d_u11-2 llc-0b24 1 11 0 11 0
l1d_u11-2 llc-0b25 1 11 0 11 0
l1d_u11-2 llc-0b26 1 11 0 11 0
l1d_u11-2 llc-0b27 1 11 0 11 0
l1d_u11-2 llc-0b28 1 11 0 11 0
l1d_u11-2 llc-0b29 1 11 0 11 0
l1d_u11-2 llc-0b30 1 11 0 11 0
l1d_u11-2 llc-0b31 1 11 0 11 0
l1d_u11-3 llc-0b0 1 11 0 11 0
l1d_u11-3 llc-0b1 1 11 0 11 0
l1d_u11-3 llc-0b2 1 11 0 11 0
l1d_u11-3 llc-0b3 1 11 0 11 0
l1d_u11-3 llc-0b4 1 11 0 11 0
l1d_u11-3 llc-0b5 1 11 0 11 0
l1d_u11-3 llc-0b6 1 11 0 11 0
l1d_u11-3 llc-0b7 1 11 0 11 0
l1d_u11-3 llc-0b8 1 11 0 11 0
l1d_u11-3 llc-0b9 1 11 0 11 0
l1d_u11-3 llc-0b10 1 11 0 11 0
l1d_u11-3 llc-0b11 1 11 0 11 0
l1d_u11-3 llc-0b12 1 11 0 11 0
l1d_u11-3 llc-0b13 1 11 0 11 0
l1d_u11-3 llc-0b14 1 11 0 11 0
l1d_u11-3 llc-0b15 1 11 0 11 0
l1d_u11-3 llc-0b16 1 11 0 11 0
l1d_u11-3 llc-0b17 1 11 0 11 0
l1d_u11-3 llc-0b18 1 11 0 11 0
l1d_u11-3 llc-0b19 1 11 0 11 0
l1d_u11-3 llc-0b20 1 11 0 11 0
l1d_u11-3 llc-0b21 1 11 0 11 0
l1d_u11-3 llc-0b22 1 11 0 11 0
l1d_u11-3 llc-0b23 1 11 0 11 0
l1d_u11-3 llc-0b24 1 11 0 11 0
l1d_u11-3 llc-0b25 1 11 0 11 0
l1d_u11-3 llc-0b26 1 11 0 11 0
l1d_u11-3 llc-0b27 1 11 0 11 0
l1d_u11-3 llc-0b28 1 11 0 11 0
l1d_u11-3 llc-0b29 1 11 0 11 0
l1d_u11-3 llc-0b30 1 11 0 11 0
l1d_u11-3 llc-0b31 1 11 0 11 0
l1d_u11-4 llc-0b0 1 11 0 11 0
l1d_u11-4 llc-0b1 1 11 0 11 0
l1d_u11-4 llc-0b2 1 11 0 11 0
l1d_u11-4 llc-0b3 1 11 0 11 0
l1d_u11-4 llc-0b4 1 11 0 11 0
l1d_u11-4 llc-0b5 1 11 0 11 0
l1d_u11-4 llc-0b6 1 11 0 11 0
l1d_u11-4 llc-0b7 1 11 0 11 0
l1d_u11-4 llc-0b8 1 11 0 11 0
l1d_u11-4 llc-0b9 1 11 0 11 0
l1d_u11-4 llc-0b10 1 11 0 11 0
l1d_u11-4 llc-0b11 1 11 0 11 0
l1d_u11-4 llc-0b12 1 11 0 11 0
l1d_u11-4 llc-0b13 1 11 0 11 0
l1d_u11-4 llc-0b14 1 11 0 11 0
l1d_u11-4 llc-0b15 1 11 0 11 0
l1d_u11-4 llc-0b16 1 11 0 11 0
l1d_u11-4 llc-0b17 1 11 0 11 0
l1d_u11-4 llc-0b18 1 11 0 11 0
l1d_u11-4 llc-0b19 1 11 0 11 0
l1d_u11-4 llc-0b20 1 11 0 11 0
l1d_u11-4 llc-0b21 1 11 0 11 0
l1d_u11-4 llc-0b22 1 11 0 11 0
l1d_u11-4 llc-0b23 1 11 0 11 0
l1d_u11-4 llc-0b24 1 11 0 11 0
l1d_u11-4 llc-0b25 1 11 0 11 0
l1d_u11-4 llc-0b26 1 11 0 11 0
l1d_u11-4 llc-0b27 1 11 0 11 0
l1d_u11-4 llc-0b28 1 11 0 11 0
l1d_u11-4 llc-0b29 1 11 0 11 0
l1d_u11-4 llc-0b30 1 11 0 11 0
l1d_u11-4 llc-0b31 1 11 0 11 0
l1d_u11-5 llc-0b0 1 11 0 11 0
l1d_u11-5 llc-0b1 1 11 0 11 0
l1d_u11-5 llc-0b2 1 11 0 11 0
l1d_u11-5 llc-0b3 1 11 0 11 0
l1d_u11-5 llc-0b4 1 11 0 11 0
l1d_u11-5 llc-0b5 1 11 0 11 0
l1d_u11-5 llc-0b6 1 11 0 11 0
l1d_u11-5 llc-0b7 1 11 0 11 0
l1d_u11-5 llc-0b8 1 11 0 11 0
l1d_u11-5 llc-0b9 1 11 0 11 0
l1d_u11-5 llc-0b10 1 11 0 11 0
l1d_u11-5 llc-0b11 1 11 0 11 0
l1d_u11-5 llc-0b12 1 11 0 11 0
l1d_u11-5 llc-0b13 1 11 0 11 0
l1d_u11-5 llc-0b14 1 11 0 11 0
l1d_u11-5 llc-0b15 1 11 0 11 0
l1d_u11-5 llc-0b16 1 11 0 11 0
l1d_u11-5 llc-0b17 1 11 0 11 0
l1d_u11-5 llc-0b18 1 11 0 11 0
l1d_u11-5 llc-0b19 1 11 0 11 0
l1d_u11-5 llc-0b20 1 11 0 11 0
l1d_u11-5 llc-0b21 1 11 0 11 0
l1d_u11-5 llc-0b22 1 11 0 11 0
l1d_u11-5 llc-0b23 1 11 0 11 0
l1d_u11-5 llc-0b24 1 11 0 11 0
l1d_u11-5 llc-0b25 1 11 0 11 0
l1d_u11-5 llc-0b26 1 11 0 11 0
l1d_u11-5 llc-0b27 1 11 0 11 0
l1d_u11-5 llc-0b28 1 11 0 11 0
l1d_u11-5 llc-0b29 1 11 0 11 0
l1d_u11-5 llc-0b30 1 11 0 11 0
l1d_u11-5 llc-0b31 1 11 0 11 0
l1d_u11-6 llc-0b0 1 11 0 11 0
l1d_u11-6 llc-0b1 1 11 0 11 0
l1d_u11-6 llc-0b2 1 11 0 11 0
l1d_u11-6 llc-0b3 1 11 0 11 0
l1d_u11-6 llc-0b4 1 11 0 11 0
l1d_u11-6 llc-0b5 1 11 0 11 0
l1d_u11-6 llc-0b6 1 11 0 11 0
l1d_u11-6 llc-0b7 1 11 0 11 0
l1d_u11-6 llc-0b8 1 11 0 11 0
l1d_u11-6 llc-0b9 1 11 0 11 0
l1d_u11-6 llc-0b10 1 11 0 11 0
l1d_u11-6 llc-0b11 1 11 0 11 0
l1d_u11-6 llc-0b12 1 11 0 11 0
l1d_u11-6 llc-0b13 1 11 0 11 0
l1d_u11-6 llc-0b14 1 11 0 11 0
l1d_u11-6 llc-0b15 1 11 0 11 0
l1d_u11-6 llc-0b16 1 11 0 11 0
l1d_u11-6 llc-0b17 1 11 0 11 0
l1d_u11-6 llc-0b18 1 11 0 11 0
l1d_u11-6 llc-0b19 1 11 0 11 0
l1d_u11-6 llc-0b20 1 11 0 11 0
l1d_u11-6 llc-0b21 1 11 0 11 0
l1d_u11-6 llc-0b22 1 11 0 11 0
l1d_u11-6 llc-0b23 1 11 0 11 0
l1d_u11-6 llc-0b24 1 11 0 11 0
l1d_u11-6 llc-0b25 1 11 0 11 0
l1d_u11-6 llc-0b26 1 11 0 11 0
l1d_u11-6 llc-0b27 1 11 0 11 0
l1d_u11-6 llc-0b28 1 11 0 11 0
l1d_u11-6 llc-0b29 1 11 0 11 0
l1d_u11-6 llc-0b30 1 11 0 11 0
l1d_u11-6 llc-0b31 1 11 0 11 0
l1d_u11-7 llc-0b0 1 11 0 11 0
l1d_u11-7 llc-0b1 1 11 0 11 0
l1d_u11-7 llc-0b2 1 11 0 11 0
l1d_u11-7 llc-0b3 1 11 0 11 0
l1d_u11-7 llc-0b4 1 11 0 11 0
l1d_u11-7 llc-0b5 1 11 0 11 0
l1d_u11-7 llc-0b6 1 11 0 11 0
l1d_u11-7 llc-0b7 1 11 0 11 0
l1d_u11-7 llc-0b8 1 11 0 11 0
l1d_u11-7 llc-0b9 1 11 0 11 0
l1d_u11-7 llc-0b10 1 11 0 11 0
l1d_u11-7 llc-0b11 1 11 0 11 0
l1d_u11-7 llc-0b12 1 11 0 11 0
l1d_u11-7 llc-0b13 1 11 0 11 0
l1d_u11-7 llc-0b14 1 11 0 11 0
l1d_u11-7 llc-0b15 1 11 0 11 0
l1d_u11-7 llc-0b16 1 11 0 11 0
l1d_u11-7 llc-0b17 1 11 0 11 0
l1d_u11-7 llc-0b18 1 11 0 11 0
l1d_u11-7 llc-0b19 1 11 0 11 0
l1d_u11-7 llc-0b20 1 11 0 11 0
l1d_u11-7 llc-0b21 1 11 0 11 0
l1d_u11-7 llc-0b22 1 11 0 11 0
l1d_u11-7 llc-0b23 1 11 0 11 0
l1d_u11-7 llc-0b24 1 11 0 11 0
l1d_u11-7 llc-0b25 1 11 0 11 0
l1d_u11-7 llc-0b26 1 11 0 11 0
l1d_u11-7 llc-0b27 1 11 0 11 0
l1d_u11-7 llc-0b28 1 11 0 11 0
l1d_u11-7 llc-0b29 1 11 0 11 0
l1d_u11-7 llc-0b30 1 11 0 11 0
l1d_u11-7 llc-0b31 1 11 0 11 0
l1d_u11-8 llc-0b0 1 11 0 11 0
l1d_u11-8 llc-0b1 1 11 0 11 0
l1d_u11-8 llc-0b2 1 11 0 11 0
l1d_u11-8 llc-0b3 1 11 0 11 0
l1d_u11-8 llc-0b4 1 11 0 11 0
l1d_u11-8 llc-0b5 1 11 0 11 0
l1d_u11-8 llc-0b6 1 11 0 11 0
l1d_u11-8 llc-0b7 1 11 0 11 0
l1d_u11-8 llc-0b8 1 11 0 11 0
l1d_u11-8 llc-0b9 1 11 0 11 0
l1d_u11-8 llc-0b10 1 11 0 11 0
l1d_u11-8 llc-0b11 1 11 0 11 0
l1d_u11-8 llc-0b12 1 11 0 11 0
l1d_u11-8 llc-0b13 1 11 0 11 0
l1d_u11-8 llc-0b14 1 11 0 11 0
l1d_u11-8 llc-0b15 1 11 0 11 0
l1d_u11-8 llc-0b16 1 11 0 11 0
l1d_u11-8 llc-0b17 1 11 0 11 0
l1d_u11-8 llc-0b18 1 11 0 11 0
l1d_u11-8 llc-0b19 1 11 0 11 0
l1d_u11-8 llc-0b20 1 11 0 11 0
l1d_u11-8 llc-0b21 1 11 0 11 0
l1d_u11-8 llc-0b22 1 11 0 11 0
l1d_u11-8 llc-0b23 1 11 0 11 0
l1d_u11-8 llc-0b24 1 11 0 11 0
l1d_u11-8 llc-0b25 1 11 0 11 0
l1d_u11-8 llc-0b26 1 11 0 11 0
l1d_u11-8 llc-0b27 1 11 0 11 0
l1d_u11-8 llc-0b28 1 11 0 11 0
l1d_u11-8 llc-0b29 1 11 0 11 0
l1d_u11-8 llc-0b30 1 11 0 11 0
l1d_u11-8 llc-0b31 1 11 0 11 0
l1d_u11-9 llc-0b0 1 11 0 11 0
l1d_u11-9 llc-0b1 1 11 0 11 0
l1d_u11-9 llc-0b2 1 11 0 11 0
l1d_u11-9 llc-0b3 1 11 0 11 0
l1d_u11-9 llc-0b4 1 11 0 11 0
l1d_u11-9 llc-0b5 1 11 0 11 0
l1d_u11-9 llc-0b6 1 11 0 11 0
l1d_u11-9 llc-0b7 1 11 0 11 0
l1d_u11-9 llc-0b8 1 11 0 11 0
l1d_u11-9 llc-0b9 1 11 0 11 0
l1d_u11-9 llc-0b10 1 11 0 11 0
l1d_u11-9 llc-0b11 1 11 0 11 0
l1d_u11-9 llc-0b12 1 11 0 11 0
l1d_u11-9 llc-0b13 1 11 0 11 0
l1d_u11-9 llc-0b14 1 11 0 11 0
l1d_u11-9 llc-0b15 1 11 0 11 0
l1d_u11-9 llc-0b16 1 11 0 11 0
l1d_u11-9 llc-0b17 1 11 0 11 0
l1d_u11-9 llc-0b18 1 11 0 11 0
l1d_u11-9 llc-0b19 1 11 0 11 0
l1d_u11-9 llc-0b20 1 11 0 11 0
l1d_u11-9 llc-0b21 1 11 0 11 0
l1d_u11-9 llc-0b22 1 11 0 11 0
l1d_u11-9 llc-0b23 1 11 0 11 0
l1d_u11-9 llc-0b24 1 11 0 11 0
l1d_u11-9 llc-0b25 1 11 0 11 0
l1d_u11-9 llc-0b26 1 11 0 11 0
l1d_u11-9 llc-0b27 1 11 0 11 0
l1d_u11-9 llc-0b28 1 11 0 11 0
l1d_u11-9 llc-0b29 1 11 0 11 0
l1d_u11-9 llc-0b30 1 11 0 11 0
l1d_u11-9 llc-0b31 1 11 0 11 0
l1d_u11-10 llc-0b0 1 11 0 11 0
l1d_u11-10 llc-0b1 1 11 0 11 0
l1d_u11-10 llc-0b2 1 11 0 11 0
l1d_u11-10 llc-0b3 1 11 0 11 0
l1d_u11-10 llc-0b4 1 11 0 11 0
l1d_u11-10 llc-0b5 1 11 0 11 0
l1d_u11-10 llc-0b6 1 11 0 11 0
l1d_u11-10 llc-0b7 1 11 0 11 0
l1d_u11-10 llc-0b8 1 11 0 11 0
l1d_u11-10 llc-0b9 1 11 0 11 0
l1d_u11-10 llc-0b10 1 11 0 11 0
l1d_u11-10 llc-0b11 1 11 0 11 0
l1d_u11-10 llc-0b12 1 11 0 11 0
l1d_u11-10 llc-0b13 1 11 0 11 0
l1d_u11-10 llc-0b14 1 11 0 11 0
l1d_u11-10 llc-0b15 1 11 0 11 0
l1d_u11-10 llc-0b16 1 11 0 11 0
l1d_u11-10 llc-0b17 1 11 0 11 0
l1d_u11-10 llc-0b18 1 11 0 11 0
l1d_u11-10 llc-0b19 1 11 0 11 0
l1d_u11-10 llc-0b20 1 11 0 11 0
l1d_u11-10 llc-0b21 1 11 0 11 0
l1d_u11-10 llc-0b22 1 11 0 11 0
l1d_u11-10 llc-0b23 1 11 0 11 0
l1d_u11-10 llc-0b24 1 11 0 11 0
l1d_u11-10 llc-0b25 1 11 0 11 0
l1d_u11-10 llc-0b26 1 11 0 11 0
l1d_u11-10 llc-0b27 1 11 0 11 0
l1d_u11-10 llc-0b28 1 11 0 11 0
l1d_u11-10 llc-0b29 1 11 0 11 0
l1d_u11-10 llc-0b30 1 11 0 11 0
l1d_u11-10 llc-0b31 1 11 0 11 0
l1d_u11-11 llc-0b0 1 11 0 11 0
l1d_u11-11 llc-0b1 1 11 0 11 0
l1d_u11-11 llc-0b2 1 11 0 11 0
l1d_u11-11 llc-0b3 1 11 0 11 0
l1d_u11-11 llc-0b4 1 11 0 11 0
l1d_u11-11 llc-0b5 1 11 0 11 0
l1d_u11-11 llc-0b6 1 11 0 11 0
l1d_u11-11 llc-0b7 1 11 0 11 0
l1d_u11-11 llc-0b8 1 11 0 11 0
l1d_u11-11 llc-0b9 1 11 0 11 0
l1d_u11-11 llc-0b10 1 11 0 11 0
l1d_u11-11 llc-0b11 1 11 0 11 0
l1d_u11-11 llc-0b12 1 11 0 11 0
l1d_u11-11 llc-0b13 1 11 0 11 0
l1d_u11-11 llc-0b14 1 11 0 11 0
l1d_u11-11 llc-0b15 1 11 0 11 0
l1d_u11-11 llc-0b16 1 11 0 11 0
l1d_u11-11 llc-0b17 1 11 0 11 0
l1d_u11-11 llc-0b18 1 11 0 11 0
l1d_u11-11 llc-0b19 1 11 0 11 0
l1d_u11-11 llc-0b20 1 11 0 11 0
l1d_u11-11 llc-0b21 1 11 0 11 0
l1d_u11-11 llc-0b22 1 11 0 11 0
l1d_u11-11 llc-0b23 1 11 0 11 0
l1d_u11-11 llc-0b24 1 11 0 11 0
l1d_u11-11 llc-0b25 1 11 0 11 0
l1d_u11-11 llc-0b26 1 11 0 11 0
l1d_u11-11 llc-0b27 1 11 0 11 0
l1d_u11-11 llc-0b28 1 11 0 11 0
l1d_u11-11 llc-0b29 1 11 0 11 0
l1d_u11-11 llc-0b30 1 11 0 11 0
l1d_u11-11 llc-0b31 1 11 0 11 0
l1d_u11-12 llc-0b0 1 11 0 11 0
l1d_u11-12 llc-0b1 1 11 0 11 0
l1d_u11-12 llc-0b2 1 11 0 11 0
l1d_u11-12 llc-0b3 1 11 0 11 0
l1d_u11-12 llc-0b4 1 11 0 11 0
l1d_u11-12 llc-0b5 1 11 0 11 0
l1d_u11-12 llc-0b6 1 11 0 11 0
l1d_u11-12 llc-0b7 1 11 0 11 0
l1d_u11-12 llc-0b8 1 11 0 11 0
l1d_u11-12 llc-0b9 1 11 0 11 0
l1d_u11-12 llc-0b10 1 11 0 11 0
l1d_u11-12 llc-0b11 1 11 0 11 0
l1d_u11-12 llc-0b12 1 11 0 11 0
l1d_u11-12 llc-0b13 1 11 0 11 0
l1d_u11-12 llc-0b14 1 11 0 11 0
l1d_u11-12 llc-0b15 1 11 0 11 0
l1d_u11-12 llc-0b16 1 11 0 11 0
l1d_u11-12 llc-0b17 1 11 0 11 0
l1d_u11-12 llc-0b18 1 11 0 11 0
l1d_u11-12 llc-0b19 1 11 0 11 0
l1d_u11-12 llc-0b20 1 11 0 11 0
l1d_u11-12 llc-0b21 1 11 0 11 0
l1d_u11-12 llc-0b22 1 11 0 11 0
l1d_u11-12 llc-0b23 1 11 0 11 0
l1d_u11-12 llc-0b24 1 11 0 11 0
l1d_u11-12 llc-0b25 1 11 0 11 0
l1d_u11-12 llc-0b26 1 11 0 11 0
l1d_u11-12 llc-0b27 1 11 0 11 0
l1d_u11-12 llc-0b28 1 11 0 11 0
l1d_u11-12 llc-0b29 1 11 0 11 0
l1d_u11-12 llc-0b30 1 11 0 11 0
l1d_u11-12 llc-0b31 1 11 0 11 0
l1d_u11-13 llc-0b0 1 11 0 11 0
l1d_u11-13 llc-0b1 1 11 0 11 0
l1d_u11-13 llc-0b2 1 11 0 11 0
l1d_u11-13 llc-0b3 1 11 0 11 0
l1d_u11-13 llc-0b4 1 11 0 11 0
l1d_u11-13 llc-0b5 1 11 0 11 0
l1d_u11-13 llc-0b6 1 11 0 11 0
l1d_u11-13 llc-0b7 1 11 0 11 0
l1d_u11-13 llc-0b8 1 11 0 11 0
l1d_u11-13 llc-0b9 1 11 0 11 0
l1d_u11-13 llc-0b10 1 11 0 11 0
l1d_u11-13 llc-0b11 1 11 0 11 0
l1d_u11-13 llc-0b12 1 11 0 11 0
l1d_u11-13 llc-0b13 1 11 0 11 0
l1d_u11-13 llc-0b14 1 11 0 11 0
l1d_u11-13 llc-0b15 1 11 0 11 0
l1d_u11-13 llc-0b16 1 11 0 11 0
l1d_u11-13 llc-0b17 1 11 0 11 0
l1d_u11-13 llc-0b18 1 11 0 11 0
l1d_u11-13 llc-0b19 1 11 0 11 0
l1d_u11-13 llc-0b20 1 11 0 11 0
l1d_u11-13 llc-0b21 1 11 0 11 0
l1d_u11-13 llc-0b22 1 11 0 11 0
l1d_u11-13 llc-0b23 1 11 0 11 0
l1d_u11-13 llc-0b24 1 11 0 11 0
l1d_u11-13 llc-0b25 1 11 0 11 0
l1d_u11-13 llc-0b26 1 11 0 11 0
l1d_u11-13 llc-0b27 1 11 0 11 0
l1d_u11-13 llc-0b28 1 11 0 11 0
l1d_u11-13 llc-0b29 1 11 0 11 0
l1d_u11-13 llc-0b30 1 11 0 11 0
l1d_u11-13 llc-0b31 1 11 0 11 0
l1d_u11-14 llc-0b0 1 11 0 11 0
l1d_u11-14 llc-0b1 1 11 0 11 0
l1d_u11-14 llc-0b2 1 11 0 11 0
l1d_u11-14 llc-0b3 1 11 0 11 0
l1d_u11-14 llc-0b4 1 11 0 11 0
l1d_u11-14 llc-0b5 1 11 0 11 0
l1d_u11-14 llc-0b6 1 11 0 11 0
l1d_u11-14 llc-0b7 1 11 0 11 0
l1d_u11-14 llc-0b8 1 11 0 11 0
l1d_u11-14 llc-0b9 1 11 0 11 0
l1d_u11-14 llc-0b10 1 11 0 11 0
l1d_u11-14 llc-0b11 1 11 0 11 0
l1d_u11-14 llc-0b12 1 11 0 11 0
l1d_u11-14 llc-0b13 1 11 0 11 0
l1d_u11-14 llc-0b14 1 11 0 11 0
l1d_u11-14 llc-0b15 1 11 0 11 0
l1d_u11-14 llc-0b16 1 11 0 11 0
l1d_u11-14 llc-0b17 1 11 0 11 0
l1d_u11-14 llc-0b18 1 11 0 11 0
l1d_u11-14 llc-0b19 1 11 0 11 0
l1d_u11-14 llc-0b20 1 11 0 11 0
l1d_u11-14 llc-0b21 1 11 0 11 0
l1d_u11-14 llc-0b22 1 11 0 11 0
l1d_u11-14 llc-0b23 1 11 0 11 0
l1d_u11-14 llc-0b24 1 11 0 11 0
l1d_u11-14 llc-0b25 1 11 0 11 0
l1d_u11-14 llc-0b26 1 11 0 11 0
l1d_u11-14 llc-0b27 1 11 0 11 0
l1d_u11-14 llc-0b28 1 11 0 11 0
l1d_u11-14 llc-0b29 1 11 0 11 0
l1d_u11-14 llc-0b30 1 11 0 11 0
l1d_u11-14 llc-0b31 1 11 0 11 0
l1d_u11-15 llc-0b0 1 11 0 11 0
l1d_u11-15 llc-0b1 1 11 0 11 0
l1d_u11-15 llc-0b2 1 11 0 11 0
l1d_u11-15 llc-0b3 1 11 0 11 0
l1d_u11-15 llc-0b4 1 11 0 11 0
l1d_u11-15 llc-0b5 1 11 0 11 0
l1d_u11-15 llc-0b6 1 11 0 11 0
l1d_u11-15 llc-0b7 1 11 0 11 0
l1d_u11-15 llc-0b8 1 11 0 11 0
l1d_u11-15 llc-0b9 1 11 0 11 0
l1d_u11-15 llc-0b10 1 11 0 11 0
l1d_u11-15 llc-0b11 1 11 0 11 0
l1d_u11-15 llc-0b12 1 11 0 11 0
l1d_u11-15 llc-0b13 1 11 0 11 0
l1d_u11-15 llc-0b14 1 11 0 11 0
l1d_u11-15 llc-0b15 1 11 0 11 0
l1d_u11-15 llc-0b16 1 11 0 11 0
l1d_u11-15 llc-0b17 1 11 0 11 0
l1d_u11-15 llc-0b18 1 11 0 11 0
l1d_u11-15 llc-0b19 1 11 0 11 0
l1d_u11-15 llc-0b20 1 11 0 11 0
l1d_u11-15 llc-0b21 1 11 0 11 0
l1d_u11-15 llc-0b22 1 11 0 11 0
l1d_u11-15 llc-0b23 1 11 0 11 0
l1d_u11-15 llc-0b24 1 11 0 11 0
l1d_u11-15 llc-0b25 1 11 0 11 0
l1d_u11-15 llc-0b26 1 11 0 11 0
l1d_u11-15 llc-0b27 1 11 0 11 0
l1d_u11-15 llc-0b28 1 11 0 11 0
l1d_u11-15 llc-0b29 1 11 0 11 0
l1d_u11-15 llc-0b30 1 11 0 11 0
l1d_u11-15 llc-0b31 1 11 0 11 0
l1i_u12-0 llc-0b0 1 12 0 12 0
l1i_u12-0 llc-0b1 1 12 0 12 0
l1i_u12-0 llc-0b2 1 12 0 12 0
l1i_u12-0 llc-0b3 1 12 0 12 0
l1i_u12-0 llc-0b4 1 12 0 12 0
l1i_u12-0 llc-0b5 1 12 0 12 0
l1i_u12-0 llc-0b6 1 12 0 12 0
l1i_u12-0 llc-0b7 1 12 0 12 0
l1i_u12-0 llc-0b8 1 12 0 12 0
l1i_u12-0 llc-0b9 1 12 0 12 0
l1i_u12-0 llc-0b10 1 12 0 12 0
l1i_u12-0 llc-0b11 1 12 0 12 0
l1i_u12-0 llc-0b12 1 12 0 12 0
l1i_u12-0 llc-0b13 1 12 0 12 0
l1i_u12-0 llc-0b14 1 12 0 12 0
l1i_u12-0 llc-0b15 1 12 0 12 0
l1i_u12-0 llc-0b16 1 12 0 12 0
l1i_u12-0 llc-0b17 1 12 0 12 0
l1i_u12-0 llc-0b18 1 12 0 12 0
l1i_u12-0 llc-0b19 1 12 0 12 0
l1i_u12-0 llc-0b20 1 12 0 12 0
l1i_u12-0 llc-0b21 1 12 0 12 0
l1i_u12-0 llc-0b22 1 12 0 12 0
l1i_u12-0 llc-0b23 1 12 0 12 0
l1i_u12-0 llc-0b24 1 12 0 12 0
l1i_u12-0 llc-0b25 1 12 0 12 0
l1i_u12-0 llc-0b26 1 12 0 12 0
l1i_u12-0 llc-0b27 1 12 0 12 0
l1i_u12-0 llc-0b28 1 12 0 12 0
l1i_u12-0 llc-0b29 1 12 0 12 0
l1i_u12-0 llc-0b30 1 12 0 12 0
l1i_u12-0 llc-0b31 1 12 0 12 0
l1i_u12-1 llc-0b0 1 12 0 12 0
l1i_u12-1 llc-0b1 1 12 0 12 0
l1i_u12-1 llc-0b2 1 12 0 12 0
l1i_u12-1 llc-0b3 1 12 0 12 0
l1i_u12-1 llc-0b4 1 12 0 12 0
l1i_u12-1 llc-0b5 1 12 0 12 0
l1i_u12-1 llc-0b6 1 12 0 12 0
l1i_u12-1 llc-0b7 1 12 0 12 0
l1i_u12-1 llc-0b8 1 12 0 12 0
l1i_u12-1 llc-0b9 1 12 0 12 0
l1i_u12-1 llc-0b10 1 12 0 12 0
l1i_u12-1 llc-0b11 1 12 0 12 0
l1i_u12-1 llc-0b12 1 12 0 12 0
l1i_u12-1 llc-0b13 1 12 0 12 0
l1i_u12-1 llc-0b14 1 12 0 12 0
l1i_u12-1 llc-0b15 1 12 0 12 0
l1i_u12-1 llc-0b16 1 12 0 12 0
l1i_u12-1 llc-0b17 1 12 0 12 0
l1i_u12-1 llc-0b18 1 12 0 12 0
l1i_u12-1 llc-0b19 1 12 0 12 0
l1i_u12-1 llc-0b20 1 12 0 12 0
l1i_u12-1 llc-0b21 1 12 0 12 0
l1i_u12-1 llc-0b22 1 12 0 12 0
l1i_u12-1 llc-0b23 1 12 0 12 0
l1i_u12-1 llc-0b24 1 12 0 12 0
l1i_u12-1 llc-0b25 1 12 0 12 0
l1i_u12-1 llc-0b26 1 12 0 12 0
l1i_u12-1 llc-0b27 1 12 0 12 0
l1i_u12-1 llc-0b28 1 12 0 12 0
l1i_u12-1 llc-0b29 1 12 0 12 0
l1i_u12-1 llc-0b30 1 12 0 12 0
l1i_u12-1 llc-0b31 1 12 0 12 0
l1i_u12-2 llc-0b0 1 12 0 12 0
l1i_u12-2 llc-0b1 1 12 0 12 0
l1i_u12-2 llc-0b2 1 12 0 12 0
l1i_u12-2 llc-0b3 1 12 0 12 0
l1i_u12-2 llc-0b4 1 12 0 12 0
l1i_u12-2 llc-0b5 1 12 0 12 0
l1i_u12-2 llc-0b6 1 12 0 12 0
l1i_u12-2 llc-0b7 1 12 0 12 0
l1i_u12-2 llc-0b8 1 12 0 12 0
l1i_u12-2 llc-0b9 1 12 0 12 0
l1i_u12-2 llc-0b10 1 12 0 12 0
l1i_u12-2 llc-0b11 1 12 0 12 0
l1i_u12-2 llc-0b12 1 12 0 12 0
l1i_u12-2 llc-0b13 1 12 0 12 0
l1i_u12-2 llc-0b14 1 12 0 12 0
l1i_u12-2 llc-0b15 1 12 0 12 0
l1i_u12-2 llc-0b16 1 12 0 12 0
l1i_u12-2 llc-0b17 1 12 0 12 0
l1i_u12-2 llc-0b18 1 12 0 12 0
l1i_u12-2 llc-0b19 1 12 0 12 0
l1i_u12-2 llc-0b20 1 12 0 12 0
l1i_u12-2 llc-0b21 1 12 0 12 0
l1i_u12-2 llc-0b22 1 12 0 12 0
l1i_u12-2 llc-0b23 1 12 0 12 0
l1i_u12-2 llc-0b24 1 12 0 12 0
l1i_u12-2 llc-0b25 1 12 0 12 0
l1i_u12-2 llc-0b26 1 12 0 12 0
l1i_u12-2 llc-0b27 1 12 0 12 0
l1i_u12-2 llc-0b28 1 12 0 12 0
l1i_u12-2 llc-0b29 1 12 0 12 0
l1i_u12-2 llc-0b30 1 12 0 12 0
l1i_u12-2 llc-0b31 1 12 0 12 0
l1i_u12-3 llc-0b0 1 12 0 12 0
l1i_u12-3 llc-0b1 1 12 0 12 0
l1i_u12-3 llc-0b2 1 12 0 12 0
l1i_u12-3 llc-0b3 1 12 0 12 0
l1i_u12-3 llc-0b4 1 12 0 12 0
l1i_u12-3 llc-0b5 1 12 0 12 0
l1i_u12-3 llc-0b6 1 12 0 12 0
l1i_u12-3 llc-0b7 1 12 0 12 0
l1i_u12-3 llc-0b8 1 12 0 12 0
l1i_u12-3 llc-0b9 1 12 0 12 0
l1i_u12-3 llc-0b10 1 12 0 12 0
l1i_u12-3 llc-0b11 1 12 0 12 0
l1i_u12-3 llc-0b12 1 12 0 12 0
l1i_u12-3 llc-0b13 1 12 0 12 0
l1i_u12-3 llc-0b14 1 12 0 12 0
l1i_u12-3 llc-0b15 1 12 0 12 0
l1i_u12-3 llc-0b16 1 12 0 12 0
l1i_u12-3 llc-0b17 1 12 0 12 0
l1i_u12-3 llc-0b18 1 12 0 12 0
l1i_u12-3 llc-0b19 1 12 0 12 0
l1i_u12-3 llc-0b20 1 12 0 12 0
l1i_u12-3 llc-0b21 1 12 0 12 0
l1i_u12-3 llc-0b22 1 12 0 12 0
l1i_u12-3 llc-0b23 1 12 0 12 0
l1i_u12-3 llc-0b24 1 12 0 12 0
l1i_u12-3 llc-0b25 1 12 0 12 0
l1i_u12-3 llc-0b26 1 12 0 12 0
l1i_u12-3 llc-0b27 1 12 0 12 0
l1i_u12-3 llc-0b28 1 12 0 12 0
l1i_u12-3 llc-0b29 1 12 0 12 0
l1i_u12-3 llc-0b30 1 12 0 12 0
l1i_u12-3 llc-0b31 1 12 0 12 0
l1i_u12-4 llc-0b0 1 12 0 12 0
l1i_u12-4 llc-0b1 1 12 0 12 0
l1i_u12-4 llc-0b2 1 12 0 12 0
l1i_u12-4 llc-0b3 1 12 0 12 0
l1i_u12-4 llc-0b4 1 12 0 12 0
l1i_u12-4 llc-0b5 1 12 0 12 0
l1i_u12-4 llc-0b6 1 12 0 12 0
l1i_u12-4 llc-0b7 1 12 0 12 0
l1i_u12-4 llc-0b8 1 12 0 12 0
l1i_u12-4 llc-0b9 1 12 0 12 0
l1i_u12-4 llc-0b10 1 12 0 12 0
l1i_u12-4 llc-0b11 1 12 0 12 0
l1i_u12-4 llc-0b12 1 12 0 12 0
l1i_u12-4 llc-0b13 1 12 0 12 0
l1i_u12-4 llc-0b14 1 12 0 12 0
l1i_u12-4 llc-0b15 1 12 0 12 0
l1i_u12-4 llc-0b16 1 12 0 12 0
l1i_u12-4 llc-0b17 1 12 0 12 0
l1i_u12-4 llc-0b18 1 12 0 12 0
l1i_u12-4 llc-0b19 1 12 0 12 0
l1i_u12-4 llc-0b20 1 12 0 12 0
l1i_u12-4 llc-0b21 1 12 0 12 0
l1i_u12-4 llc-0b22 1 12 0 12 0
l1i_u12-4 llc-0b23 1 12 0 12 0
l1i_u12-4 llc-0b24 1 12 0 12 0
l1i_u12-4 llc-0b25 1 12 0 12 0
l1i_u12-4 llc-0b26 1 12 0 12 0
l1i_u12-4 llc-0b27 1 12 0 12 0
l1i_u12-4 llc-0b28 1 12 0 12 0
l1i_u12-4 llc-0b29 1 12 0 12 0
l1i_u12-4 llc-0b30 1 12 0 12 0
l1i_u12-4 llc-0b31 1 12 0 12 0
l1i_u12-5 llc-0b0 1 12 0 12 0
l1i_u12-5 llc-0b1 1 12 0 12 0
l1i_u12-5 llc-0b2 1 12 0 12 0
l1i_u12-5 llc-0b3 1 12 0 12 0
l1i_u12-5 llc-0b4 1 12 0 12 0
l1i_u12-5 llc-0b5 1 12 0 12 0
l1i_u12-5 llc-0b6 1 12 0 12 0
l1i_u12-5 llc-0b7 1 12 0 12 0
l1i_u12-5 llc-0b8 1 12 0 12 0
l1i_u12-5 llc-0b9 1 12 0 12 0
l1i_u12-5 llc-0b10 1 12 0 12 0
l1i_u12-5 llc-0b11 1 12 0 12 0
l1i_u12-5 llc-0b12 1 12 0 12 0
l1i_u12-5 llc-0b13 1 12 0 12 0
l1i_u12-5 llc-0b14 1 12 0 12 0
l1i_u12-5 llc-0b15 1 12 0 12 0
l1i_u12-5 llc-0b16 1 12 0 12 0
l1i_u12-5 llc-0b17 1 12 0 12 0
l1i_u12-5 llc-0b18 1 12 0 12 0
l1i_u12-5 llc-0b19 1 12 0 12 0
l1i_u12-5 llc-0b20 1 12 0 12 0
l1i_u12-5 llc-0b21 1 12 0 12 0
l1i_u12-5 llc-0b22 1 12 0 12 0
l1i_u12-5 llc-0b23 1 12 0 12 0
l1i_u12-5 llc-0b24 1 12 0 12 0
l1i_u12-5 llc-0b25 1 12 0 12 0
l1i_u12-5 llc-0b26 1 12 0 12 0
l1i_u12-5 llc-0b27 1 12 0 12 0
l1i_u12-5 llc-0b28 1 12 0 12 0
l1i_u12-5 llc-0b29 1 12 0 12 0
l1i_u12-5 llc-0b30 1 12 0 12 0
l1i_u12-5 llc-0b31 1 12 0 12 0
l1i_u12-6 llc-0b0 1 12 0 12 0
l1i_u12-6 llc-0b1 1 12 0 12 0
l1i_u12-6 llc-0b2 1 12 0 12 0
l1i_u12-6 llc-0b3 1 12 0 12 0
l1i_u12-6 llc-0b4 1 12 0 12 0
l1i_u12-6 llc-0b5 1 12 0 12 0
l1i_u12-6 llc-0b6 1 12 0 12 0
l1i_u12-6 llc-0b7 1 12 0 12 0
l1i_u12-6 llc-0b8 1 12 0 12 0
l1i_u12-6 llc-0b9 1 12 0 12 0
l1i_u12-6 llc-0b10 1 12 0 12 0
l1i_u12-6 llc-0b11 1 12 0 12 0
l1i_u12-6 llc-0b12 1 12 0 12 0
l1i_u12-6 llc-0b13 1 12 0 12 0
l1i_u12-6 llc-0b14 1 12 0 12 0
l1i_u12-6 llc-0b15 1 12 0 12 0
l1i_u12-6 llc-0b16 1 12 0 12 0
l1i_u12-6 llc-0b17 1 12 0 12 0
l1i_u12-6 llc-0b18 1 12 0 12 0
l1i_u12-6 llc-0b19 1 12 0 12 0
l1i_u12-6 llc-0b20 1 12 0 12 0
l1i_u12-6 llc-0b21 1 12 0 12 0
l1i_u12-6 llc-0b22 1 12 0 12 0
l1i_u12-6 llc-0b23 1 12 0 12 0
l1i_u12-6 llc-0b24 1 12 0 12 0
l1i_u12-6 llc-0b25 1 12 0 12 0
l1i_u12-6 llc-0b26 1 12 0 12 0
l1i_u12-6 llc-0b27 1 12 0 12 0
l1i_u12-6 llc-0b28 1 12 0 12 0
l1i_u12-6 llc-0b29 1 12 0 12 0
l1i_u12-6 llc-0b30 1 12 0 12 0
l1i_u12-6 llc-0b31 1 12 0 12 0
l1i_u12-7 llc-0b0 1 12 0 12 0
l1i_u12-7 llc-0b1 1 12 0 12 0
l1i_u12-7 llc-0b2 1 12 0 12 0
l1i_u12-7 llc-0b3 1 12 0 12 0
l1i_u12-7 llc-0b4 1 12 0 12 0
l1i_u12-7 llc-0b5 1 12 0 12 0
l1i_u12-7 llc-0b6 1 12 0 12 0
l1i_u12-7 llc-0b7 1 12 0 12 0
l1i_u12-7 llc-0b8 1 12 0 12 0
l1i_u12-7 llc-0b9 1 12 0 12 0
l1i_u12-7 llc-0b10 1 12 0 12 0
l1i_u12-7 llc-0b11 1 12 0 12 0
l1i_u12-7 llc-0b12 1 12 0 12 0
l1i_u12-7 llc-0b13 1 12 0 12 0
l1i_u12-7 llc-0b14 1 12 0 12 0
l1i_u12-7 llc-0b15 1 12 0 12 0
l1i_u12-7 llc-0b16 1 12 0 12 0
l1i_u12-7 llc-0b17 1 12 0 12 0
l1i_u12-7 llc-0b18 1 12 0 12 0
l1i_u12-7 llc-0b19 1 12 0 12 0
l1i_u12-7 llc-0b20 1 12 0 12 0
l1i_u12-7 llc-0b21 1 12 0 12 0
l1i_u12-7 llc-0b22 1 12 0 12 0
l1i_u12-7 llc-0b23 1 12 0 12 0
l1i_u12-7 llc-0b24 1 12 0 12 0
l1i_u12-7 llc-0b25 1 12 0 12 0
l1i_u12-7 llc-0b26 1 12 0 12 0
l1i_u12-7 llc-0b27 1 12 0 12 0
l1i_u12-7 llc-0b28 1 12 0 12 0
l1i_u12-7 llc-0b29 1 12 0 12 0
l1i_u12-7 llc-0b30 1 12 0 12 0
l1i_u12-7 llc-0b31 1 12 0 12 0
l1i_u12-8 llc-0b0 1 12 0 12 0
l1i_u12-8 llc-0b1 1 12 0 12 0
l1i_u12-8 llc-0b2 1 12 0 12 0
l1i_u12-8 llc-0b3 1 12 0 12 0
l1i_u12-8 llc-0b4 1 12 0 12 0
l1i_u12-8 llc-0b5 1 12 0 12 0
l1i_u12-8 llc-0b6 1 12 0 12 0
l1i_u12-8 llc-0b7 1 12 0 12 0
l1i_u12-8 llc-0b8 1 12 0 12 0
l1i_u12-8 llc-0b9 1 12 0 12 0
l1i_u12-8 llc-0b10 1 12 0 12 0
l1i_u12-8 llc-0b11 1 12 0 12 0
l1i_u12-8 llc-0b12 1 12 0 12 0
l1i_u12-8 llc-0b13 1 12 0 12 0
l1i_u12-8 llc-0b14 1 12 0 12 0
l1i_u12-8 llc-0b15 1 12 0 12 0
l1i_u12-8 llc-0b16 1 12 0 12 0
l1i_u12-8 llc-0b17 1 12 0 12 0
l1i_u12-8 llc-0b18 1 12 0 12 0
l1i_u12-8 llc-0b19 1 12 0 12 0
l1i_u12-8 llc-0b20 1 12 0 12 0
l1i_u12-8 llc-0b21 1 12 0 12 0
l1i_u12-8 llc-0b22 1 12 0 12 0
l1i_u12-8 llc-0b23 1 12 0 12 0
l1i_u12-8 llc-0b24 1 12 0 12 0
l1i_u12-8 llc-0b25 1 12 0 12 0
l1i_u12-8 llc-0b26 1 12 0 12 0
l1i_u12-8 llc-0b27 1 12 0 12 0
l1i_u12-8 llc-0b28 1 12 0 12 0
l1i_u12-8 llc-0b29 1 12 0 12 0
l1i_u12-8 llc-0b30 1 12 0 12 0
l1i_u12-8 llc-0b31 1 12 0 12 0
l1i_u12-9 llc-0b0 1 12 0 12 0
l1i_u12-9 llc-0b1 1 12 0 12 0
l1i_u12-9 llc-0b2 1 12 0 12 0
l1i_u12-9 llc-0b3 1 12 0 12 0
l1i_u12-9 llc-0b4 1 12 0 12 0
l1i_u12-9 llc-0b5 1 12 0 12 0
l1i_u12-9 llc-0b6 1 12 0 12 0
l1i_u12-9 llc-0b7 1 12 0 12 0
l1i_u12-9 llc-0b8 1 12 0 12 0
l1i_u12-9 llc-0b9 1 12 0 12 0
l1i_u12-9 llc-0b10 1 12 0 12 0
l1i_u12-9 llc-0b11 1 12 0 12 0
l1i_u12-9 llc-0b12 1 12 0 12 0
l1i_u12-9 llc-0b13 1 12 0 12 0
l1i_u12-9 llc-0b14 1 12 0 12 0
l1i_u12-9 llc-0b15 1 12 0 12 0
l1i_u12-9 llc-0b16 1 12 0 12 0
l1i_u12-9 llc-0b17 1 12 0 12 0
l1i_u12-9 llc-0b18 1 12 0 12 0
l1i_u12-9 llc-0b19 1 12 0 12 0
l1i_u12-9 llc-0b20 1 12 0 12 0
l1i_u12-9 llc-0b21 1 12 0 12 0
l1i_u12-9 llc-0b22 1 12 0 12 0
l1i_u12-9 llc-0b23 1 12 0 12 0
l1i_u12-9 llc-0b24 1 12 0 12 0
l1i_u12-9 llc-0b25 1 12 0 12 0
l1i_u12-9 llc-0b26 1 12 0 12 0
l1i_u12-9 llc-0b27 1 12 0 12 0
l1i_u12-9 llc-0b28 1 12 0 12 0
l1i_u12-9 llc-0b29 1 12 0 12 0
l1i_u12-9 llc-0b30 1 12 0 12 0
l1i_u12-9 llc-0b31 1 12 0 12 0
l1i_u12-10 llc-0b0 1 12 0 12 0
l1i_u12-10 llc-0b1 1 12 0 12 0
l1i_u12-10 llc-0b2 1 12 0 12 0
l1i_u12-10 llc-0b3 1 12 0 12 0
l1i_u12-10 llc-0b4 1 12 0 12 0
l1i_u12-10 llc-0b5 1 12 0 12 0
l1i_u12-10 llc-0b6 1 12 0 12 0
l1i_u12-10 llc-0b7 1 12 0 12 0
l1i_u12-10 llc-0b8 1 12 0 12 0
l1i_u12-10 llc-0b9 1 12 0 12 0
l1i_u12-10 llc-0b10 1 12 0 12 0
l1i_u12-10 llc-0b11 1 12 0 12 0
l1i_u12-10 llc-0b12 1 12 0 12 0
l1i_u12-10 llc-0b13 1 12 0 12 0
l1i_u12-10 llc-0b14 1 12 0 12 0
l1i_u12-10 llc-0b15 1 12 0 12 0
l1i_u12-10 llc-0b16 1 12 0 12 0
l1i_u12-10 llc-0b17 1 12 0 12 0
l1i_u12-10 llc-0b18 1 12 0 12 0
l1i_u12-10 llc-0b19 1 12 0 12 0
l1i_u12-10 llc-0b20 1 12 0 12 0
l1i_u12-10 llc-0b21 1 12 0 12 0
l1i_u12-10 llc-0b22 1 12 0 12 0
l1i_u12-10 llc-0b23 1 12 0 12 0
l1i_u12-10 llc-0b24 1 12 0 12 0
l1i_u12-10 llc-0b25 1 12 0 12 0
l1i_u12-10 llc-0b26 1 12 0 12 0
l1i_u12-10 llc-0b27 1 12 0 12 0
l1i_u12-10 llc-0b28 1 12 0 12 0
l1i_u12-10 llc-0b29 1 12 0 12 0
l1i_u12-10 llc-0b30 1 12 0 12 0
l1i_u12-10 llc-0b31 1 12 0 12 0
l1i_u12-11 llc-0b0 1 12 0 12 0
l1i_u12-11 llc-0b1 1 12 0 12 0
l1i_u12-11 llc-0b2 1 12 0 12 0
l1i_u12-11 llc-0b3 1 12 0 12 0
l1i_u12-11 llc-0b4 1 12 0 12 0
l1i_u12-11 llc-0b5 1 12 0 12 0
l1i_u12-11 llc-0b6 1 12 0 12 0
l1i_u12-11 llc-0b7 1 12 0 12 0
l1i_u12-11 llc-0b8 1 12 0 12 0
l1i_u12-11 llc-0b9 1 12 0 12 0
l1i_u12-11 llc-0b10 1 12 0 12 0
l1i_u12-11 llc-0b11 1 12 0 12 0
l1i_u12-11 llc-0b12 1 12 0 12 0
l1i_u12-11 llc-0b13 1 12 0 12 0
l1i_u12-11 llc-0b14 1 12 0 12 0
l1i_u12-11 llc-0b15 1 12 0 12 0
l1i_u12-11 llc-0b16 1 12 0 12 0
l1i_u12-11 llc-0b17 1 12 0 12 0
l1i_u12-11 llc-0b18 1 12 0 12 0
l1i_u12-11 llc-0b19 1 12 0 12 0
l1i_u12-11 llc-0b20 1 12 0 12 0
l1i_u12-11 llc-0b21 1 12 0 12 0
l1i_u12-11 llc-0b22 1 12 0 12 0
l1i_u12-11 llc-0b23 1 12 0 12 0
l1i_u12-11 llc-0b24 1 12 0 12 0
l1i_u12-11 llc-0b25 1 12 0 12 0
l1i_u12-11 llc-0b26 1 12 0 12 0
l1i_u12-11 llc-0b27 1 12 0 12 0
l1i_u12-11 llc-0b28 1 12 0 12 0
l1i_u12-11 llc-0b29 1 12 0 12 0
l1i_u12-11 llc-0b30 1 12 0 12 0
l1i_u12-11 llc-0b31 1 12 0 12 0
l1i_u12-12 llc-0b0 1 12 0 12 0
l1i_u12-12 llc-0b1 1 12 0 12 0
l1i_u12-12 llc-0b2 1 12 0 12 0
l1i_u12-12 llc-0b3 1 12 0 12 0
l1i_u12-12 llc-0b4 1 12 0 12 0
l1i_u12-12 llc-0b5 1 12 0 12 0
l1i_u12-12 llc-0b6 1 12 0 12 0
l1i_u12-12 llc-0b7 1 12 0 12 0
l1i_u12-12 llc-0b8 1 12 0 12 0
l1i_u12-12 llc-0b9 1 12 0 12 0
l1i_u12-12 llc-0b10 1 12 0 12 0
l1i_u12-12 llc-0b11 1 12 0 12 0
l1i_u12-12 llc-0b12 1 12 0 12 0
l1i_u12-12 llc-0b13 1 12 0 12 0
l1i_u12-12 llc-0b14 1 12 0 12 0
l1i_u12-12 llc-0b15 1 12 0 12 0
l1i_u12-12 llc-0b16 1 12 0 12 0
l1i_u12-12 llc-0b17 1 12 0 12 0
l1i_u12-12 llc-0b18 1 12 0 12 0
l1i_u12-12 llc-0b19 1 12 0 12 0
l1i_u12-12 llc-0b20 1 12 0 12 0
l1i_u12-12 llc-0b21 1 12 0 12 0
l1i_u12-12 llc-0b22 1 12 0 12 0
l1i_u12-12 llc-0b23 1 12 0 12 0
l1i_u12-12 llc-0b24 1 12 0 12 0
l1i_u12-12 llc-0b25 1 12 0 12 0
l1i_u12-12 llc-0b26 1 12 0 12 0
l1i_u12-12 llc-0b27 1 12 0 12 0
l1i_u12-12 llc-0b28 1 12 0 12 0
l1i_u12-12 llc-0b29 1 12 0 12 0
l1i_u12-12 llc-0b30 1 12 0 12 0
l1i_u12-12 llc-0b31 1 12 0 12 0
l1i_u12-13 llc-0b0 1 12 0 12 0
l1i_u12-13 llc-0b1 1 12 0 12 0
l1i_u12-13 llc-0b2 1 12 0 12 0
l1i_u12-13 llc-0b3 1 12 0 12 0
l1i_u12-13 llc-0b4 1 12 0 12 0
l1i_u12-13 llc-0b5 1 12 0 12 0
l1i_u12-13 llc-0b6 1 12 0 12 0
l1i_u12-13 llc-0b7 1 12 0 12 0
l1i_u12-13 llc-0b8 1 12 0 12 0
l1i_u12-13 llc-0b9 1 12 0 12 0
l1i_u12-13 llc-0b10 1 12 0 12 0
l1i_u12-13 llc-0b11 1 12 0 12 0
l1i_u12-13 llc-0b12 1 12 0 12 0
l1i_u12-13 llc-0b13 1 12 0 12 0
l1i_u12-13 llc-0b14 1 12 0 12 0
l1i_u12-13 llc-0b15 1 12 0 12 0
l1i_u12-13 llc-0b16 1 12 0 12 0
l1i_u12-13 llc-0b17 1 12 0 12 0
l1i_u12-13 llc-0b18 1 12 0 12 0
l1i_u12-13 llc-0b19 1 12 0 12 0
l1i_u12-13 llc-0b20 1 12 0 12 0
l1i_u12-13 llc-0b21 1 12 0 12 0
l1i_u12-13 llc-0b22 1 12 0 12 0
l1i_u12-13 llc-0b23 1 12 0 12 0
l1i_u12-13 llc-0b24 1 12 0 12 0
l1i_u12-13 llc-0b25 1 12 0 12 0
l1i_u12-13 llc-0b26 1 12 0 12 0
l1i_u12-13 llc-0b27 1 12 0 12 0
l1i_u12-13 llc-0b28 1 12 0 12 0
l1i_u12-13 llc-0b29 1 12 0 12 0
l1i_u12-13 llc-0b30 1 12 0 12 0
l1i_u12-13 llc-0b31 1 12 0 12 0
l1i_u12-14 llc-0b0 1 12 0 12 0
l1i_u12-14 llc-0b1 1 12 0 12 0
l1i_u12-14 llc-0b2 1 12 0 12 0
l1i_u12-14 llc-0b3 1 12 0 12 0
l1i_u12-14 llc-0b4 1 12 0 12 0
l1i_u12-14 llc-0b5 1 12 0 12 0
l1i_u12-14 llc-0b6 1 12 0 12 0
l1i_u12-14 llc-0b7 1 12 0 12 0
l1i_u12-14 llc-0b8 1 12 0 12 0
l1i_u12-14 llc-0b9 1 12 0 12 0
l1i_u12-14 llc-0b10 1 12 0 12 0
l1i_u12-14 llc-0b11 1 12 0 12 0
l1i_u12-14 llc-0b12 1 12 0 12 0
l1i_u12-14 llc-0b13 1 12 0 12 0
l1i_u12-14 llc-0b14 1 12 0 12 0
l1i_u12-14 llc-0b15 1 12 0 12 0
l1i_u12-14 llc-0b16 1 12 0 12 0
l1i_u12-14 llc-0b17 1 12 0 12 0
l1i_u12-14 llc-0b18 1 12 0 12 0
l1i_u12-14 llc-0b19 1 12 0 12 0
l1i_u12-14 llc-0b20 1 12 0 12 0
l1i_u12-14 llc-0b21 1 12 0 12 0
l1i_u12-14 llc-0b22 1 12 0 12 0
l1i_u12-14 llc-0b23 1 12 0 12 0
l1i_u12-14 llc-0b24 1 12 0 12 0
l1i_u12-14 llc-0b25 1 12 0 12 0
l1i_u12-14 llc-0b26 1 12 0 12 0
l1i_u12-14 llc-0b27 1 12 0 12 0
l1i_u12-14 llc-0b28 1 12 0 12 0
l1i_u12-14 llc-0b29 1 12 0 12 0
l1i_u12-14 llc-0b30 1 12 0 12 0
l1i_u12-14 llc-0b31 1 12 0 12 0
l1i_u12-15 llc-0b0 1 12 0 12 0
l1i_u12-15 llc-0b1 1 12 0 12 0
l1i_u12-15 llc-0b2 1 12 0 12 0
l1i_u12-15 llc-0b3 1 12 0 12 0
l1i_u12-15 llc-0b4 1 12 0 12 0
l1i_u12-15 llc-0b5 1 12 0 12 0
l1i_u12-15 llc-0b6 1 12 0 12 0
l1i_u12-15 llc-0b7 1 12 0 12 0
l1i_u12-15 llc-0b8 1 12 0 12 0
l1i_u12-15 llc-0b9 1 12 0 12 0
l1i_u12-15 llc-0b10 1 12 0 12 0
l1i_u12-15 llc-0b11 1 12 0 12 0
l1i_u12-15 llc-0b12 1 12 0 12 0
l1i_u12-15 llc-0b13 1 12 0 12 0
l1i_u12-15 llc-0b14 1 12 0 12 0
l1i_u12-15 llc-0b15 1 12 0 12 0
l1i_u12-15 llc-0b16 1 12 0 12 0
l1i_u12-15 llc-0b17 1 12 0 12 0
l1i_u12-15 llc-0b18 1 12 0 12 0
l1i_u12-15 llc-0b19 1 12 0 12 0
l1i_u12-15 llc-0b20 1 12 0 12 0
l1i_u12-15 llc-0b21 1 12 0 12 0
l1i_u12-15 llc-0b22 1 12 0 12 0
l1i_u12-15 llc-0b23 1 12 0 12 0
l1i_u12-15 llc-0b24 1 12 0 12 0
l1i_u12-15 llc-0b25 1 12 0 12 0
l1i_u12-15 llc-0b26 1 12 0 12 0
l1i_u12-15 llc-0b27 1 12 0 12 0
l1i_u12-15 llc-0b28 1 12 0 12 0
l1i_u12-15 llc-0b29 1 12 0 12 0
l1i_u12-15 llc-0b30 1 12 0 12 0
l1i_u12-15 llc-0b31 1 12 0 12 0
l1d_u12-0 llc-0b0 1 12 0 12 0
l1d_u12-0 llc-0b1 1 12 0 12 0
l1d_u12-0 llc-0b2 1 12 0 12 0
l1d_u12-0 llc-0b3 1 12 0 12 0
l1d_u12-0 llc-0b4 1 12 0 12 0
l1d_u12-0 llc-0b5 1 12 0 12 0
l1d_u12-0 llc-0b6 1 12 0 12 0
l1d_u12-0 llc-0b7 1 12 0 12 0
l1d_u12-0 llc-0b8 1 12 0 12 0
l1d_u12-0 llc-0b9 1 12 0 12 0
l1d_u12-0 llc-0b10 1 12 0 12 0
l1d_u12-0 llc-0b11 1 12 0 12 0
l1d_u12-0 llc-0b12 1 12 0 12 0
l1d_u12-0 llc-0b13 1 12 0 12 0
l1d_u12-0 llc-0b14 1 12 0 12 0
l1d_u12-0 llc-0b15 1 12 0 12 0
l1d_u12-0 llc-0b16 1 12 0 12 0
l1d_u12-0 llc-0b17 1 12 0 12 0
l1d_u12-0 llc-0b18 1 12 0 12 0
l1d_u12-0 llc-0b19 1 12 0 12 0
l1d_u12-0 llc-0b20 1 12 0 12 0
l1d_u12-0 llc-0b21 1 12 0 12 0
l1d_u12-0 llc-0b22 1 12 0 12 0
l1d_u12-0 llc-0b23 1 12 0 12 0
l1d_u12-0 llc-0b24 1 12 0 12 0
l1d_u12-0 llc-0b25 1 12 0 12 0
l1d_u12-0 llc-0b26 1 12 0 12 0
l1d_u12-0 llc-0b27 1 12 0 12 0
l1d_u12-0 llc-0b28 1 12 0 12 0
l1d_u12-0 llc-0b29 1 12 0 12 0
l1d_u12-0 llc-0b30 1 12 0 12 0
l1d_u12-0 llc-0b31 1 12 0 12 0
l1d_u12-1 llc-0b0 1 12 0 12 0
l1d_u12-1 llc-0b1 1 12 0 12 0
l1d_u12-1 llc-0b2 1 12 0 12 0
l1d_u12-1 llc-0b3 1 12 0 12 0
l1d_u12-1 llc-0b4 1 12 0 12 0
l1d_u12-1 llc-0b5 1 12 0 12 0
l1d_u12-1 llc-0b6 1 12 0 12 0
l1d_u12-1 llc-0b7 1 12 0 12 0
l1d_u12-1 llc-0b8 1 12 0 12 0
l1d_u12-1 llc-0b9 1 12 0 12 0
l1d_u12-1 llc-0b10 1 12 0 12 0
l1d_u12-1 llc-0b11 1 12 0 12 0
l1d_u12-1 llc-0b12 1 12 0 12 0
l1d_u12-1 llc-0b13 1 12 0 12 0
l1d_u12-1 llc-0b14 1 12 0 12 0
l1d_u12-1 llc-0b15 1 12 0 12 0
l1d_u12-1 llc-0b16 1 12 0 12 0
l1d_u12-1 llc-0b17 1 12 0 12 0
l1d_u12-1 llc-0b18 1 12 0 12 0
l1d_u12-1 llc-0b19 1 12 0 12 0
l1d_u12-1 llc-0b20 1 12 0 12 0
l1d_u12-1 llc-0b21 1 12 0 12 0
l1d_u12-1 llc-0b22 1 12 0 12 0
l1d_u12-1 llc-0b23 1 12 0 12 0
l1d_u12-1 llc-0b24 1 12 0 12 0
l1d_u12-1 llc-0b25 1 12 0 12 0
l1d_u12-1 llc-0b26 1 12 0 12 0
l1d_u12-1 llc-0b27 1 12 0 12 0
l1d_u12-1 llc-0b28 1 12 0 12 0
l1d_u12-1 llc-0b29 1 12 0 12 0
l1d_u12-1 llc-0b30 1 12 0 12 0
l1d_u12-1 llc-0b31 1 12 0 12 0
l1d_u12-2 llc-0b0 1 12 0 12 0
l1d_u12-2 llc-0b1 1 12 0 12 0
l1d_u12-2 llc-0b2 1 12 0 12 0
l1d_u12-2 llc-0b3 1 12 0 12 0
l1d_u12-2 llc-0b4 1 12 0 12 0
l1d_u12-2 llc-0b5 1 12 0 12 0
l1d_u12-2 llc-0b6 1 12 0 12 0
l1d_u12-2 llc-0b7 1 12 0 12 0
l1d_u12-2 llc-0b8 1 12 0 12 0
l1d_u12-2 llc-0b9 1 12 0 12 0
l1d_u12-2 llc-0b10 1 12 0 12 0
l1d_u12-2 llc-0b11 1 12 0 12 0
l1d_u12-2 llc-0b12 1 12 0 12 0
l1d_u12-2 llc-0b13 1 12 0 12 0
l1d_u12-2 llc-0b14 1 12 0 12 0
l1d_u12-2 llc-0b15 1 12 0 12 0
l1d_u12-2 llc-0b16 1 12 0 12 0
l1d_u12-2 llc-0b17 1 12 0 12 0
l1d_u12-2 llc-0b18 1 12 0 12 0
l1d_u12-2 llc-0b19 1 12 0 12 0
l1d_u12-2 llc-0b20 1 12 0 12 0
l1d_u12-2 llc-0b21 1 12 0 12 0
l1d_u12-2 llc-0b22 1 12 0 12 0
l1d_u12-2 llc-0b23 1 12 0 12 0
l1d_u12-2 llc-0b24 1 12 0 12 0
l1d_u12-2 llc-0b25 1 12 0 12 0
l1d_u12-2 llc-0b26 1 12 0 12 0
l1d_u12-2 llc-0b27 1 12 0 12 0
l1d_u12-2 llc-0b28 1 12 0 12 0
l1d_u12-2 llc-0b29 1 12 0 12 0
l1d_u12-2 llc-0b30 1 12 0 12 0
l1d_u12-2 llc-0b31 1 12 0 12 0
l1d_u12-3 llc-0b0 1 12 0 12 0
l1d_u12-3 llc-0b1 1 12 0 12 0
l1d_u12-3 llc-0b2 1 12 0 12 0
l1d_u12-3 llc-0b3 1 12 0 12 0
l1d_u12-3 llc-0b4 1 12 0 12 0
l1d_u12-3 llc-0b5 1 12 0 12 0
l1d_u12-3 llc-0b6 1 12 0 12 0
l1d_u12-3 llc-0b7 1 12 0 12 0
l1d_u12-3 llc-0b8 1 12 0 12 0
l1d_u12-3 llc-0b9 1 12 0 12 0
l1d_u12-3 llc-0b10 1 12 0 12 0
l1d_u12-3 llc-0b11 1 12 0 12 0
l1d_u12-3 llc-0b12 1 12 0 12 0
l1d_u12-3 llc-0b13 1 12 0 12 0
l1d_u12-3 llc-0b14 1 12 0 12 0
l1d_u12-3 llc-0b15 1 12 0 12 0
l1d_u12-3 llc-0b16 1 12 0 12 0
l1d_u12-3 llc-0b17 1 12 0 12 0
l1d_u12-3 llc-0b18 1 12 0 12 0
l1d_u12-3 llc-0b19 1 12 0 12 0
l1d_u12-3 llc-0b20 1 12 0 12 0
l1d_u12-3 llc-0b21 1 12 0 12 0
l1d_u12-3 llc-0b22 1 12 0 12 0
l1d_u12-3 llc-0b23 1 12 0 12 0
l1d_u12-3 llc-0b24 1 12 0 12 0
l1d_u12-3 llc-0b25 1 12 0 12 0
l1d_u12-3 llc-0b26 1 12 0 12 0
l1d_u12-3 llc-0b27 1 12 0 12 0
l1d_u12-3 llc-0b28 1 12 0 12 0
l1d_u12-3 llc-0b29 1 12 0 12 0
l1d_u12-3 llc-0b30 1 12 0 12 0
l1d_u12-3 llc-0b31 1 12 0 12 0
l1d_u12-4 llc-0b0 1 12 0 12 0
l1d_u12-4 llc-0b1 1 12 0 12 0
l1d_u12-4 llc-0b2 1 12 0 12 0
l1d_u12-4 llc-0b3 1 12 0 12 0
l1d_u12-4 llc-0b4 1 12 0 12 0
l1d_u12-4 llc-0b5 1 12 0 12 0
l1d_u12-4 llc-0b6 1 12 0 12 0
l1d_u12-4 llc-0b7 1 12 0 12 0
l1d_u12-4 llc-0b8 1 12 0 12 0
l1d_u12-4 llc-0b9 1 12 0 12 0
l1d_u12-4 llc-0b10 1 12 0 12 0
l1d_u12-4 llc-0b11 1 12 0 12 0
l1d_u12-4 llc-0b12 1 12 0 12 0
l1d_u12-4 llc-0b13 1 12 0 12 0
l1d_u12-4 llc-0b14 1 12 0 12 0
l1d_u12-4 llc-0b15 1 12 0 12 0
l1d_u12-4 llc-0b16 1 12 0 12 0
l1d_u12-4 llc-0b17 1 12 0 12 0
l1d_u12-4 llc-0b18 1 12 0 12 0
l1d_u12-4 llc-0b19 1 12 0 12 0
l1d_u12-4 llc-0b20 1 12 0 12 0
l1d_u12-4 llc-0b21 1 12 0 12 0
l1d_u12-4 llc-0b22 1 12 0 12 0
l1d_u12-4 llc-0b23 1 12 0 12 0
l1d_u12-4 llc-0b24 1 12 0 12 0
l1d_u12-4 llc-0b25 1 12 0 12 0
l1d_u12-4 llc-0b26 1 12 0 12 0
l1d_u12-4 llc-0b27 1 12 0 12 0
l1d_u12-4 llc-0b28 1 12 0 12 0
l1d_u12-4 llc-0b29 1 12 0 12 0
l1d_u12-4 llc-0b30 1 12 0 12 0
l1d_u12-4 llc-0b31 1 12 0 12 0
l1d_u12-5 llc-0b0 1 12 0 12 0
l1d_u12-5 llc-0b1 1 12 0 12 0
l1d_u12-5 llc-0b2 1 12 0 12 0
l1d_u12-5 llc-0b3 1 12 0 12 0
l1d_u12-5 llc-0b4 1 12 0 12 0
l1d_u12-5 llc-0b5 1 12 0 12 0
l1d_u12-5 llc-0b6 1 12 0 12 0
l1d_u12-5 llc-0b7 1 12 0 12 0
l1d_u12-5 llc-0b8 1 12 0 12 0
l1d_u12-5 llc-0b9 1 12 0 12 0
l1d_u12-5 llc-0b10 1 12 0 12 0
l1d_u12-5 llc-0b11 1 12 0 12 0
l1d_u12-5 llc-0b12 1 12 0 12 0
l1d_u12-5 llc-0b13 1 12 0 12 0
l1d_u12-5 llc-0b14 1 12 0 12 0
l1d_u12-5 llc-0b15 1 12 0 12 0
l1d_u12-5 llc-0b16 1 12 0 12 0
l1d_u12-5 llc-0b17 1 12 0 12 0
l1d_u12-5 llc-0b18 1 12 0 12 0
l1d_u12-5 llc-0b19 1 12 0 12 0
l1d_u12-5 llc-0b20 1 12 0 12 0
l1d_u12-5 llc-0b21 1 12 0 12 0
l1d_u12-5 llc-0b22 1 12 0 12 0
l1d_u12-5 llc-0b23 1 12 0 12 0
l1d_u12-5 llc-0b24 1 12 0 12 0
l1d_u12-5 llc-0b25 1 12 0 12 0
l1d_u12-5 llc-0b26 1 12 0 12 0
l1d_u12-5 llc-0b27 1 12 0 12 0
l1d_u12-5 llc-0b28 1 12 0 12 0
l1d_u12-5 llc-0b29 1 12 0 12 0
l1d_u12-5 llc-0b30 1 12 0 12 0
l1d_u12-5 llc-0b31 1 12 0 12 0
l1d_u12-6 llc-0b0 1 12 0 12 0
l1d_u12-6 llc-0b1 1 12 0 12 0
l1d_u12-6 llc-0b2 1 12 0 12 0
l1d_u12-6 llc-0b3 1 12 0 12 0
l1d_u12-6 llc-0b4 1 12 0 12 0
l1d_u12-6 llc-0b5 1 12 0 12 0
l1d_u12-6 llc-0b6 1 12 0 12 0
l1d_u12-6 llc-0b7 1 12 0 12 0
l1d_u12-6 llc-0b8 1 12 0 12 0
l1d_u12-6 llc-0b9 1 12 0 12 0
l1d_u12-6 llc-0b10 1 12 0 12 0
l1d_u12-6 llc-0b11 1 12 0 12 0
l1d_u12-6 llc-0b12 1 12 0 12 0
l1d_u12-6 llc-0b13 1 12 0 12 0
l1d_u12-6 llc-0b14 1 12 0 12 0
l1d_u12-6 llc-0b15 1 12 0 12 0
l1d_u12-6 llc-0b16 1 12 0 12 0
l1d_u12-6 llc-0b17 1 12 0 12 0
l1d_u12-6 llc-0b18 1 12 0 12 0
l1d_u12-6 llc-0b19 1 12 0 12 0
l1d_u12-6 llc-0b20 1 12 0 12 0
l1d_u12-6 llc-0b21 1 12 0 12 0
l1d_u12-6 llc-0b22 1 12 0 12 0
l1d_u12-6 llc-0b23 1 12 0 12 0
l1d_u12-6 llc-0b24 1 12 0 12 0
l1d_u12-6 llc-0b25 1 12 0 12 0
l1d_u12-6 llc-0b26 1 12 0 12 0
l1d_u12-6 llc-0b27 1 12 0 12 0
l1d_u12-6 llc-0b28 1 12 0 12 0
l1d_u12-6 llc-0b29 1 12 0 12 0
l1d_u12-6 llc-0b30 1 12 0 12 0
l1d_u12-6 llc-0b31 1 12 0 12 0
l1d_u12-7 llc-0b0 1 12 0 12 0
l1d_u12-7 llc-0b1 1 12 0 12 0
l1d_u12-7 llc-0b2 1 12 0 12 0
l1d_u12-7 llc-0b3 1 12 0 12 0
l1d_u12-7 llc-0b4 1 12 0 12 0
l1d_u12-7 llc-0b5 1 12 0 12 0
l1d_u12-7 llc-0b6 1 12 0 12 0
l1d_u12-7 llc-0b7 1 12 0 12 0
l1d_u12-7 llc-0b8 1 12 0 12 0
l1d_u12-7 llc-0b9 1 12 0 12 0
l1d_u12-7 llc-0b10 1 12 0 12 0
l1d_u12-7 llc-0b11 1 12 0 12 0
l1d_u12-7 llc-0b12 1 12 0 12 0
l1d_u12-7 llc-0b13 1 12 0 12 0
l1d_u12-7 llc-0b14 1 12 0 12 0
l1d_u12-7 llc-0b15 1 12 0 12 0
l1d_u12-7 llc-0b16 1 12 0 12 0
l1d_u12-7 llc-0b17 1 12 0 12 0
l1d_u12-7 llc-0b18 1 12 0 12 0
l1d_u12-7 llc-0b19 1 12 0 12 0
l1d_u12-7 llc-0b20 1 12 0 12 0
l1d_u12-7 llc-0b21 1 12 0 12 0
l1d_u12-7 llc-0b22 1 12 0 12 0
l1d_u12-7 llc-0b23 1 12 0 12 0
l1d_u12-7 llc-0b24 1 12 0 12 0
l1d_u12-7 llc-0b25 1 12 0 12 0
l1d_u12-7 llc-0b26 1 12 0 12 0
l1d_u12-7 llc-0b27 1 12 0 12 0
l1d_u12-7 llc-0b28 1 12 0 12 0
l1d_u12-7 llc-0b29 1 12 0 12 0
l1d_u12-7 llc-0b30 1 12 0 12 0
l1d_u12-7 llc-0b31 1 12 0 12 0
l1d_u12-8 llc-0b0 1 12 0 12 0
l1d_u12-8 llc-0b1 1 12 0 12 0
l1d_u12-8 llc-0b2 1 12 0 12 0
l1d_u12-8 llc-0b3 1 12 0 12 0
l1d_u12-8 llc-0b4 1 12 0 12 0
l1d_u12-8 llc-0b5 1 12 0 12 0
l1d_u12-8 llc-0b6 1 12 0 12 0
l1d_u12-8 llc-0b7 1 12 0 12 0
l1d_u12-8 llc-0b8 1 12 0 12 0
l1d_u12-8 llc-0b9 1 12 0 12 0
l1d_u12-8 llc-0b10 1 12 0 12 0
l1d_u12-8 llc-0b11 1 12 0 12 0
l1d_u12-8 llc-0b12 1 12 0 12 0
l1d_u12-8 llc-0b13 1 12 0 12 0
l1d_u12-8 llc-0b14 1 12 0 12 0
l1d_u12-8 llc-0b15 1 12 0 12 0
l1d_u12-8 llc-0b16 1 12 0 12 0
l1d_u12-8 llc-0b17 1 12 0 12 0
l1d_u12-8 llc-0b18 1 12 0 12 0
l1d_u12-8 llc-0b19 1 12 0 12 0
l1d_u12-8 llc-0b20 1 12 0 12 0
l1d_u12-8 llc-0b21 1 12 0 12 0
l1d_u12-8 llc-0b22 1 12 0 12 0
l1d_u12-8 llc-0b23 1 12 0 12 0
l1d_u12-8 llc-0b24 1 12 0 12 0
l1d_u12-8 llc-0b25 1 12 0 12 0
l1d_u12-8 llc-0b26 1 12 0 12 0
l1d_u12-8 llc-0b27 1 12 0 12 0
l1d_u12-8 llc-0b28 1 12 0 12 0
l1d_u12-8 llc-0b29 1 12 0 12 0
l1d_u12-8 llc-0b30 1 12 0 12 0
l1d_u12-8 llc-0b31 1 12 0 12 0
l1d_u12-9 llc-0b0 1 12 0 12 0
l1d_u12-9 llc-0b1 1 12 0 12 0
l1d_u12-9 llc-0b2 1 12 0 12 0
l1d_u12-9 llc-0b3 1 12 0 12 0
l1d_u12-9 llc-0b4 1 12 0 12 0
l1d_u12-9 llc-0b5 1 12 0 12 0
l1d_u12-9 llc-0b6 1 12 0 12 0
l1d_u12-9 llc-0b7 1 12 0 12 0
l1d_u12-9 llc-0b8 1 12 0 12 0
l1d_u12-9 llc-0b9 1 12 0 12 0
l1d_u12-9 llc-0b10 1 12 0 12 0
l1d_u12-9 llc-0b11 1 12 0 12 0
l1d_u12-9 llc-0b12 1 12 0 12 0
l1d_u12-9 llc-0b13 1 12 0 12 0
l1d_u12-9 llc-0b14 1 12 0 12 0
l1d_u12-9 llc-0b15 1 12 0 12 0
l1d_u12-9 llc-0b16 1 12 0 12 0
l1d_u12-9 llc-0b17 1 12 0 12 0
l1d_u12-9 llc-0b18 1 12 0 12 0
l1d_u12-9 llc-0b19 1 12 0 12 0
l1d_u12-9 llc-0b20 1 12 0 12 0
l1d_u12-9 llc-0b21 1 12 0 12 0
l1d_u12-9 llc-0b22 1 12 0 12 0
l1d_u12-9 llc-0b23 1 12 0 12 0
l1d_u12-9 llc-0b24 1 12 0 12 0
l1d_u12-9 llc-0b25 1 12 0 12 0
l1d_u12-9 llc-0b26 1 12 0 12 0
l1d_u12-9 llc-0b27 1 12 0 12 0
l1d_u12-9 llc-0b28 1 12 0 12 0
l1d_u12-9 llc-0b29 1 12 0 12 0
l1d_u12-9 llc-0b30 1 12 0 12 0
l1d_u12-9 llc-0b31 1 12 0 12 0
l1d_u12-10 llc-0b0 1 12 0 12 0
l1d_u12-10 llc-0b1 1 12 0 12 0
l1d_u12-10 llc-0b2 1 12 0 12 0
l1d_u12-10 llc-0b3 1 12 0 12 0
l1d_u12-10 llc-0b4 1 12 0 12 0
l1d_u12-10 llc-0b5 1 12 0 12 0
l1d_u12-10 llc-0b6 1 12 0 12 0
l1d_u12-10 llc-0b7 1 12 0 12 0
l1d_u12-10 llc-0b8 1 12 0 12 0
l1d_u12-10 llc-0b9 1 12 0 12 0
l1d_u12-10 llc-0b10 1 12 0 12 0
l1d_u12-10 llc-0b11 1 12 0 12 0
l1d_u12-10 llc-0b12 1 12 0 12 0
l1d_u12-10 llc-0b13 1 12 0 12 0
l1d_u12-10 llc-0b14 1 12 0 12 0
l1d_u12-10 llc-0b15 1 12 0 12 0
l1d_u12-10 llc-0b16 1 12 0 12 0
l1d_u12-10 llc-0b17 1 12 0 12 0
l1d_u12-10 llc-0b18 1 12 0 12 0
l1d_u12-10 llc-0b19 1 12 0 12 0
l1d_u12-10 llc-0b20 1 12 0 12 0
l1d_u12-10 llc-0b21 1 12 0 12 0
l1d_u12-10 llc-0b22 1 12 0 12 0
l1d_u12-10 llc-0b23 1 12 0 12 0
l1d_u12-10 llc-0b24 1 12 0 12 0
l1d_u12-10 llc-0b25 1 12 0 12 0
l1d_u12-10 llc-0b26 1 12 0 12 0
l1d_u12-10 llc-0b27 1 12 0 12 0
l1d_u12-10 llc-0b28 1 12 0 12 0
l1d_u12-10 llc-0b29 1 12 0 12 0
l1d_u12-10 llc-0b30 1 12 0 12 0
l1d_u12-10 llc-0b31 1 12 0 12 0
l1d_u12-11 llc-0b0 1 12 0 12 0
l1d_u12-11 llc-0b1 1 12 0 12 0
l1d_u12-11 llc-0b2 1 12 0 12 0
l1d_u12-11 llc-0b3 1 12 0 12 0
l1d_u12-11 llc-0b4 1 12 0 12 0
l1d_u12-11 llc-0b5 1 12 0 12 0
l1d_u12-11 llc-0b6 1 12 0 12 0
l1d_u12-11 llc-0b7 1 12 0 12 0
l1d_u12-11 llc-0b8 1 12 0 12 0
l1d_u12-11 llc-0b9 1 12 0 12 0
l1d_u12-11 llc-0b10 1 12 0 12 0
l1d_u12-11 llc-0b11 1 12 0 12 0
l1d_u12-11 llc-0b12 1 12 0 12 0
l1d_u12-11 llc-0b13 1 12 0 12 0
l1d_u12-11 llc-0b14 1 12 0 12 0
l1d_u12-11 llc-0b15 1 12 0 12 0
l1d_u12-11 llc-0b16 1 12 0 12 0
l1d_u12-11 llc-0b17 1 12 0 12 0
l1d_u12-11 llc-0b18 1 12 0 12 0
l1d_u12-11 llc-0b19 1 12 0 12 0
l1d_u12-11 llc-0b20 1 12 0 12 0
l1d_u12-11 llc-0b21 1 12 0 12 0
l1d_u12-11 llc-0b22 1 12 0 12 0
l1d_u12-11 llc-0b23 1 12 0 12 0
l1d_u12-11 llc-0b24 1 12 0 12 0
l1d_u12-11 llc-0b25 1 12 0 12 0
l1d_u12-11 llc-0b26 1 12 0 12 0
l1d_u12-11 llc-0b27 1 12 0 12 0
l1d_u12-11 llc-0b28 1 12 0 12 0
l1d_u12-11 llc-0b29 1 12 0 12 0
l1d_u12-11 llc-0b30 1 12 0 12 0
l1d_u12-11 llc-0b31 1 12 0 12 0
l1d_u12-12 llc-0b0 1 12 0 12 0
l1d_u12-12 llc-0b1 1 12 0 12 0
l1d_u12-12 llc-0b2 1 12 0 12 0
l1d_u12-12 llc-0b3 1 12 0 12 0
l1d_u12-12 llc-0b4 1 12 0 12 0
l1d_u12-12 llc-0b5 1 12 0 12 0
l1d_u12-12 llc-0b6 1 12 0 12 0
l1d_u12-12 llc-0b7 1 12 0 12 0
l1d_u12-12 llc-0b8 1 12 0 12 0
l1d_u12-12 llc-0b9 1 12 0 12 0
l1d_u12-12 llc-0b10 1 12 0 12 0
l1d_u12-12 llc-0b11 1 12 0 12 0
l1d_u12-12 llc-0b12 1 12 0 12 0
l1d_u12-12 llc-0b13 1 12 0 12 0
l1d_u12-12 llc-0b14 1 12 0 12 0
l1d_u12-12 llc-0b15 1 12 0 12 0
l1d_u12-12 llc-0b16 1 12 0 12 0
l1d_u12-12 llc-0b17 1 12 0 12 0
l1d_u12-12 llc-0b18 1 12 0 12 0
l1d_u12-12 llc-0b19 1 12 0 12 0
l1d_u12-12 llc-0b20 1 12 0 12 0
l1d_u12-12 llc-0b21 1 12 0 12 0
l1d_u12-12 llc-0b22 1 12 0 12 0
l1d_u12-12 llc-0b23 1 12 0 12 0
l1d_u12-12 llc-0b24 1 12 0 12 0
l1d_u12-12 llc-0b25 1 12 0 12 0
l1d_u12-12 llc-0b26 1 12 0 12 0
l1d_u12-12 llc-0b27 1 12 0 12 0
l1d_u12-12 llc-0b28 1 12 0 12 0
l1d_u12-12 llc-0b29 1 12 0 12 0
l1d_u12-12 llc-0b30 1 12 0 12 0
l1d_u12-12 llc-0b31 1 12 0 12 0
l1d_u12-13 llc-0b0 1 12 0 12 0
l1d_u12-13 llc-0b1 1 12 0 12 0
l1d_u12-13 llc-0b2 1 12 0 12 0
l1d_u12-13 llc-0b3 1 12 0 12 0
l1d_u12-13 llc-0b4 1 12 0 12 0
l1d_u12-13 llc-0b5 1 12 0 12 0
l1d_u12-13 llc-0b6 1 12 0 12 0
l1d_u12-13 llc-0b7 1 12 0 12 0
l1d_u12-13 llc-0b8 1 12 0 12 0
l1d_u12-13 llc-0b9 1 12 0 12 0
l1d_u12-13 llc-0b10 1 12 0 12 0
l1d_u12-13 llc-0b11 1 12 0 12 0
l1d_u12-13 llc-0b12 1 12 0 12 0
l1d_u12-13 llc-0b13 1 12 0 12 0
l1d_u12-13 llc-0b14 1 12 0 12 0
l1d_u12-13 llc-0b15 1 12 0 12 0
l1d_u12-13 llc-0b16 1 12 0 12 0
l1d_u12-13 llc-0b17 1 12 0 12 0
l1d_u12-13 llc-0b18 1 12 0 12 0
l1d_u12-13 llc-0b19 1 12 0 12 0
l1d_u12-13 llc-0b20 1 12 0 12 0
l1d_u12-13 llc-0b21 1 12 0 12 0
l1d_u12-13 llc-0b22 1 12 0 12 0
l1d_u12-13 llc-0b23 1 12 0 12 0
l1d_u12-13 llc-0b24 1 12 0 12 0
l1d_u12-13 llc-0b25 1 12 0 12 0
l1d_u12-13 llc-0b26 1 12 0 12 0
l1d_u12-13 llc-0b27 1 12 0 12 0
l1d_u12-13 llc-0b28 1 12 0 12 0
l1d_u12-13 llc-0b29 1 12 0 12 0
l1d_u12-13 llc-0b30 1 12 0 12 0
l1d_u12-13 llc-0b31 1 12 0 12 0
l1d_u12-14 llc-0b0 1 12 0 12 0
l1d_u12-14 llc-0b1 1 12 0 12 0
l1d_u12-14 llc-0b2 1 12 0 12 0
l1d_u12-14 llc-0b3 1 12 0 12 0
l1d_u12-14 llc-0b4 1 12 0 12 0
l1d_u12-14 llc-0b5 1 12 0 12 0
l1d_u12-14 llc-0b6 1 12 0 12 0
l1d_u12-14 llc-0b7 1 12 0 12 0
l1d_u12-14 llc-0b8 1 12 0 12 0
l1d_u12-14 llc-0b9 1 12 0 12 0
l1d_u12-14 llc-0b10 1 12 0 12 0
l1d_u12-14 llc-0b11 1 12 0 12 0
l1d_u12-14 llc-0b12 1 12 0 12 0
l1d_u12-14 llc-0b13 1 12 0 12 0
l1d_u12-14 llc-0b14 1 12 0 12 0
l1d_u12-14 llc-0b15 1 12 0 12 0
l1d_u12-14 llc-0b16 1 12 0 12 0
l1d_u12-14 llc-0b17 1 12 0 12 0
l1d_u12-14 llc-0b18 1 12 0 12 0
l1d_u12-14 llc-0b19 1 12 0 12 0
l1d_u12-14 llc-0b20 1 12 0 12 0
l1d_u12-14 llc-0b21 1 12 0 12 0
l1d_u12-14 llc-0b22 1 12 0 12 0
l1d_u12-14 llc-0b23 1 12 0 12 0
l1d_u12-14 llc-0b24 1 12 0 12 0
l1d_u12-14 llc-0b25 1 12 0 12 0
l1d_u12-14 llc-0b26 1 12 0 12 0
l1d_u12-14 llc-0b27 1 12 0 12 0
l1d_u12-14 llc-0b28 1 12 0 12 0
l1d_u12-14 llc-0b29 1 12 0 12 0
l1d_u12-14 llc-0b30 1 12 0 12 0
l1d_u12-14 llc-0b31 1 12 0 12 0
l1d_u12-15 llc-0b0 1 12 0 12 0
l1d_u12-15 llc-0b1 1 12 0 12 0
l1d_u12-15 llc-0b2 1 12 0 12 0
l1d_u12-15 llc-0b3 1 12 0 12 0
l1d_u12-15 llc-0b4 1 12 0 12 0
l1d_u12-15 llc-0b5 1 12 0 12 0
l1d_u12-15 llc-0b6 1 12 0 12 0
l1d_u12-15 llc-0b7 1 12 0 12 0
l1d_u12-15 llc-0b8 1 12 0 12 0
l1d_u12-15 llc-0b9 1 12 0 12 0
l1d_u12-15 llc-0b10 1 12 0 12 0
l1d_u12-15 llc-0b11 1 12 0 12 0
l1d_u12-15 llc-0b12 1 12 0 12 0
l1d_u12-15 llc-0b13 1 12 0 12 0
l1d_u12-15 llc-0b14 1 12 0 12 0
l1d_u12-15 llc-0b15 1 12 0 12 0
l1d_u12-15 llc-0b16 1 12 0 12 0
l1d_u12-15 llc-0b17 1 12 0 12 0
l1d_u12-15 llc-0b18 1 12 0 12 0
l1d_u12-15 llc-0b19 1 12 0 12 0
l1d_u12-15 llc-0b20 1 12 0 12 0
l1d_u12-15 llc-0b21 1 12 0 12 0
l1d_u12-15 llc-0b22 1 12 0 12 0
l1d_u12-15 llc-0b23 1 12 0 12 0
l1d_u12-15 llc-0b24 1 12 0 12 0
l1d_u12-15 llc-0b25 1 12 0 12 0
l1d_u12-15 llc-0b26 1 12 0 12 0
l1d_u12-15 llc-0b27 1 12 0 12 0
l1d_u12-15 llc-0b28 1 12 0 12 0
l1d_u12-15 llc-0b29 1 12 0 12 0
l1d_u12-15 llc-0b30 1 12 0 12 0
l1d_u12-15 llc-0b31 1 12 0 12 0
l1i_u13-0 llc-0b0 1 13 0 13 0
l1i_u13-0 llc-0b1 1 13 0 13 0
l1i_u13-0 llc-0b2 1 13 0 13 0
l1i_u13-0 llc-0b3 1 13 0 13 0
l1i_u13-0 llc-0b4 1 13 0 13 0
l1i_u13-0 llc-0b5 1 13 0 13 0
l1i_u13-0 llc-0b6 1 13 0 13 0
l1i_u13-0 llc-0b7 1 13 0 13 0
l1i_u13-0 llc-0b8 1 13 0 13 0
l1i_u13-0 llc-0b9 1 13 0 13 0
l1i_u13-0 llc-0b10 1 13 0 13 0
l1i_u13-0 llc-0b11 1 13 0 13 0
l1i_u13-0 llc-0b12 1 13 0 13 0
l1i_u13-0 llc-0b13 1 13 0 13 0
l1i_u13-0 llc-0b14 1 13 0 13 0
l1i_u13-0 llc-0b15 1 13 0 13 0
l1i_u13-0 llc-0b16 1 13 0 13 0
l1i_u13-0 llc-0b17 1 13 0 13 0
l1i_u13-0 llc-0b18 1 13 0 13 0
l1i_u13-0 llc-0b19 1 13 0 13 0
l1i_u13-0 llc-0b20 1 13 0 13 0
l1i_u13-0 llc-0b21 1 13 0 13 0
l1i_u13-0 llc-0b22 1 13 0 13 0
l1i_u13-0 llc-0b23 1 13 0 13 0
l1i_u13-0 llc-0b24 1 13 0 13 0
l1i_u13-0 llc-0b25 1 13 0 13 0
l1i_u13-0 llc-0b26 1 13 0 13 0
l1i_u13-0 llc-0b27 1 13 0 13 0
l1i_u13-0 llc-0b28 1 13 0 13 0
l1i_u13-0 llc-0b29 1 13 0 13 0
l1i_u13-0 llc-0b30 1 13 0 13 0
l1i_u13-0 llc-0b31 1 13 0 13 0
l1i_u13-1 llc-0b0 1 13 0 13 0
l1i_u13-1 llc-0b1 1 13 0 13 0
l1i_u13-1 llc-0b2 1 13 0 13 0
l1i_u13-1 llc-0b3 1 13 0 13 0
l1i_u13-1 llc-0b4 1 13 0 13 0
l1i_u13-1 llc-0b5 1 13 0 13 0
l1i_u13-1 llc-0b6 1 13 0 13 0
l1i_u13-1 llc-0b7 1 13 0 13 0
l1i_u13-1 llc-0b8 1 13 0 13 0
l1i_u13-1 llc-0b9 1 13 0 13 0
l1i_u13-1 llc-0b10 1 13 0 13 0
l1i_u13-1 llc-0b11 1 13 0 13 0
l1i_u13-1 llc-0b12 1 13 0 13 0
l1i_u13-1 llc-0b13 1 13 0 13 0
l1i_u13-1 llc-0b14 1 13 0 13 0
l1i_u13-1 llc-0b15 1 13 0 13 0
l1i_u13-1 llc-0b16 1 13 0 13 0
l1i_u13-1 llc-0b17 1 13 0 13 0
l1i_u13-1 llc-0b18 1 13 0 13 0
l1i_u13-1 llc-0b19 1 13 0 13 0
l1i_u13-1 llc-0b20 1 13 0 13 0
l1i_u13-1 llc-0b21 1 13 0 13 0
l1i_u13-1 llc-0b22 1 13 0 13 0
l1i_u13-1 llc-0b23 1 13 0 13 0
l1i_u13-1 llc-0b24 1 13 0 13 0
l1i_u13-1 llc-0b25 1 13 0 13 0
l1i_u13-1 llc-0b26 1 13 0 13 0
l1i_u13-1 llc-0b27 1 13 0 13 0
l1i_u13-1 llc-0b28 1 13 0 13 0
l1i_u13-1 llc-0b29 1 13 0 13 0
l1i_u13-1 llc-0b30 1 13 0 13 0
l1i_u13-1 llc-0b31 1 13 0 13 0
l1i_u13-2 llc-0b0 1 13 0 13 0
l1i_u13-2 llc-0b1 1 13 0 13 0
l1i_u13-2 llc-0b2 1 13 0 13 0
l1i_u13-2 llc-0b3 1 13 0 13 0
l1i_u13-2 llc-0b4 1 13 0 13 0
l1i_u13-2 llc-0b5 1 13 0 13 0
l1i_u13-2 llc-0b6 1 13 0 13 0
l1i_u13-2 llc-0b7 1 13 0 13 0
l1i_u13-2 llc-0b8 1 13 0 13 0
l1i_u13-2 llc-0b9 1 13 0 13 0
l1i_u13-2 llc-0b10 1 13 0 13 0
l1i_u13-2 llc-0b11 1 13 0 13 0
l1i_u13-2 llc-0b12 1 13 0 13 0
l1i_u13-2 llc-0b13 1 13 0 13 0
l1i_u13-2 llc-0b14 1 13 0 13 0
l1i_u13-2 llc-0b15 1 13 0 13 0
l1i_u13-2 llc-0b16 1 13 0 13 0
l1i_u13-2 llc-0b17 1 13 0 13 0
l1i_u13-2 llc-0b18 1 13 0 13 0
l1i_u13-2 llc-0b19 1 13 0 13 0
l1i_u13-2 llc-0b20 1 13 0 13 0
l1i_u13-2 llc-0b21 1 13 0 13 0
l1i_u13-2 llc-0b22 1 13 0 13 0
l1i_u13-2 llc-0b23 1 13 0 13 0
l1i_u13-2 llc-0b24 1 13 0 13 0
l1i_u13-2 llc-0b25 1 13 0 13 0
l1i_u13-2 llc-0b26 1 13 0 13 0
l1i_u13-2 llc-0b27 1 13 0 13 0
l1i_u13-2 llc-0b28 1 13 0 13 0
l1i_u13-2 llc-0b29 1 13 0 13 0
l1i_u13-2 llc-0b30 1 13 0 13 0
l1i_u13-2 llc-0b31 1 13 0 13 0
l1i_u13-3 llc-0b0 1 13 0 13 0
l1i_u13-3 llc-0b1 1 13 0 13 0
l1i_u13-3 llc-0b2 1 13 0 13 0
l1i_u13-3 llc-0b3 1 13 0 13 0
l1i_u13-3 llc-0b4 1 13 0 13 0
l1i_u13-3 llc-0b5 1 13 0 13 0
l1i_u13-3 llc-0b6 1 13 0 13 0
l1i_u13-3 llc-0b7 1 13 0 13 0
l1i_u13-3 llc-0b8 1 13 0 13 0
l1i_u13-3 llc-0b9 1 13 0 13 0
l1i_u13-3 llc-0b10 1 13 0 13 0
l1i_u13-3 llc-0b11 1 13 0 13 0
l1i_u13-3 llc-0b12 1 13 0 13 0
l1i_u13-3 llc-0b13 1 13 0 13 0
l1i_u13-3 llc-0b14 1 13 0 13 0
l1i_u13-3 llc-0b15 1 13 0 13 0
l1i_u13-3 llc-0b16 1 13 0 13 0
l1i_u13-3 llc-0b17 1 13 0 13 0
l1i_u13-3 llc-0b18 1 13 0 13 0
l1i_u13-3 llc-0b19 1 13 0 13 0
l1i_u13-3 llc-0b20 1 13 0 13 0
l1i_u13-3 llc-0b21 1 13 0 13 0
l1i_u13-3 llc-0b22 1 13 0 13 0
l1i_u13-3 llc-0b23 1 13 0 13 0
l1i_u13-3 llc-0b24 1 13 0 13 0
l1i_u13-3 llc-0b25 1 13 0 13 0
l1i_u13-3 llc-0b26 1 13 0 13 0
l1i_u13-3 llc-0b27 1 13 0 13 0
l1i_u13-3 llc-0b28 1 13 0 13 0
l1i_u13-3 llc-0b29 1 13 0 13 0
l1i_u13-3 llc-0b30 1 13 0 13 0
l1i_u13-3 llc-0b31 1 13 0 13 0
l1i_u13-4 llc-0b0 1 13 0 13 0
l1i_u13-4 llc-0b1 1 13 0 13 0
l1i_u13-4 llc-0b2 1 13 0 13 0
l1i_u13-4 llc-0b3 1 13 0 13 0
l1i_u13-4 llc-0b4 1 13 0 13 0
l1i_u13-4 llc-0b5 1 13 0 13 0
l1i_u13-4 llc-0b6 1 13 0 13 0
l1i_u13-4 llc-0b7 1 13 0 13 0
l1i_u13-4 llc-0b8 1 13 0 13 0
l1i_u13-4 llc-0b9 1 13 0 13 0
l1i_u13-4 llc-0b10 1 13 0 13 0
l1i_u13-4 llc-0b11 1 13 0 13 0
l1i_u13-4 llc-0b12 1 13 0 13 0
l1i_u13-4 llc-0b13 1 13 0 13 0
l1i_u13-4 llc-0b14 1 13 0 13 0
l1i_u13-4 llc-0b15 1 13 0 13 0
l1i_u13-4 llc-0b16 1 13 0 13 0
l1i_u13-4 llc-0b17 1 13 0 13 0
l1i_u13-4 llc-0b18 1 13 0 13 0
l1i_u13-4 llc-0b19 1 13 0 13 0
l1i_u13-4 llc-0b20 1 13 0 13 0
l1i_u13-4 llc-0b21 1 13 0 13 0
l1i_u13-4 llc-0b22 1 13 0 13 0
l1i_u13-4 llc-0b23 1 13 0 13 0
l1i_u13-4 llc-0b24 1 13 0 13 0
l1i_u13-4 llc-0b25 1 13 0 13 0
l1i_u13-4 llc-0b26 1 13 0 13 0
l1i_u13-4 llc-0b27 1 13 0 13 0
l1i_u13-4 llc-0b28 1 13 0 13 0
l1i_u13-4 llc-0b29 1 13 0 13 0
l1i_u13-4 llc-0b30 1 13 0 13 0
l1i_u13-4 llc-0b31 1 13 0 13 0
l1i_u13-5 llc-0b0 1 13 0 13 0
l1i_u13-5 llc-0b1 1 13 0 13 0
l1i_u13-5 llc-0b2 1 13 0 13 0
l1i_u13-5 llc-0b3 1 13 0 13 0
l1i_u13-5 llc-0b4 1 13 0 13 0
l1i_u13-5 llc-0b5 1 13 0 13 0
l1i_u13-5 llc-0b6 1 13 0 13 0
l1i_u13-5 llc-0b7 1 13 0 13 0
l1i_u13-5 llc-0b8 1 13 0 13 0
l1i_u13-5 llc-0b9 1 13 0 13 0
l1i_u13-5 llc-0b10 1 13 0 13 0
l1i_u13-5 llc-0b11 1 13 0 13 0
l1i_u13-5 llc-0b12 1 13 0 13 0
l1i_u13-5 llc-0b13 1 13 0 13 0
l1i_u13-5 llc-0b14 1 13 0 13 0
l1i_u13-5 llc-0b15 1 13 0 13 0
l1i_u13-5 llc-0b16 1 13 0 13 0
l1i_u13-5 llc-0b17 1 13 0 13 0
l1i_u13-5 llc-0b18 1 13 0 13 0
l1i_u13-5 llc-0b19 1 13 0 13 0
l1i_u13-5 llc-0b20 1 13 0 13 0
l1i_u13-5 llc-0b21 1 13 0 13 0
l1i_u13-5 llc-0b22 1 13 0 13 0
l1i_u13-5 llc-0b23 1 13 0 13 0
l1i_u13-5 llc-0b24 1 13 0 13 0
l1i_u13-5 llc-0b25 1 13 0 13 0
l1i_u13-5 llc-0b26 1 13 0 13 0
l1i_u13-5 llc-0b27 1 13 0 13 0
l1i_u13-5 llc-0b28 1 13 0 13 0
l1i_u13-5 llc-0b29 1 13 0 13 0
l1i_u13-5 llc-0b30 1 13 0 13 0
l1i_u13-5 llc-0b31 1 13 0 13 0
l1i_u13-6 llc-0b0 1 13 0 13 0
l1i_u13-6 llc-0b1 1 13 0 13 0
l1i_u13-6 llc-0b2 1 13 0 13 0
l1i_u13-6 llc-0b3 1 13 0 13 0
l1i_u13-6 llc-0b4 1 13 0 13 0
l1i_u13-6 llc-0b5 1 13 0 13 0
l1i_u13-6 llc-0b6 1 13 0 13 0
l1i_u13-6 llc-0b7 1 13 0 13 0
l1i_u13-6 llc-0b8 1 13 0 13 0
l1i_u13-6 llc-0b9 1 13 0 13 0
l1i_u13-6 llc-0b10 1 13 0 13 0
l1i_u13-6 llc-0b11 1 13 0 13 0
l1i_u13-6 llc-0b12 1 13 0 13 0
l1i_u13-6 llc-0b13 1 13 0 13 0
l1i_u13-6 llc-0b14 1 13 0 13 0
l1i_u13-6 llc-0b15 1 13 0 13 0
l1i_u13-6 llc-0b16 1 13 0 13 0
l1i_u13-6 llc-0b17 1 13 0 13 0
l1i_u13-6 llc-0b18 1 13 0 13 0
l1i_u13-6 llc-0b19 1 13 0 13 0
l1i_u13-6 llc-0b20 1 13 0 13 0
l1i_u13-6 llc-0b21 1 13 0 13 0
l1i_u13-6 llc-0b22 1 13 0 13 0
l1i_u13-6 llc-0b23 1 13 0 13 0
l1i_u13-6 llc-0b24 1 13 0 13 0
l1i_u13-6 llc-0b25 1 13 0 13 0
l1i_u13-6 llc-0b26 1 13 0 13 0
l1i_u13-6 llc-0b27 1 13 0 13 0
l1i_u13-6 llc-0b28 1 13 0 13 0
l1i_u13-6 llc-0b29 1 13 0 13 0
l1i_u13-6 llc-0b30 1 13 0 13 0
l1i_u13-6 llc-0b31 1 13 0 13 0
l1i_u13-7 llc-0b0 1 13 0 13 0
l1i_u13-7 llc-0b1 1 13 0 13 0
l1i_u13-7 llc-0b2 1 13 0 13 0
l1i_u13-7 llc-0b3 1 13 0 13 0
l1i_u13-7 llc-0b4 1 13 0 13 0
l1i_u13-7 llc-0b5 1 13 0 13 0
l1i_u13-7 llc-0b6 1 13 0 13 0
l1i_u13-7 llc-0b7 1 13 0 13 0
l1i_u13-7 llc-0b8 1 13 0 13 0
l1i_u13-7 llc-0b9 1 13 0 13 0
l1i_u13-7 llc-0b10 1 13 0 13 0
l1i_u13-7 llc-0b11 1 13 0 13 0
l1i_u13-7 llc-0b12 1 13 0 13 0
l1i_u13-7 llc-0b13 1 13 0 13 0
l1i_u13-7 llc-0b14 1 13 0 13 0
l1i_u13-7 llc-0b15 1 13 0 13 0
l1i_u13-7 llc-0b16 1 13 0 13 0
l1i_u13-7 llc-0b17 1 13 0 13 0
l1i_u13-7 llc-0b18 1 13 0 13 0
l1i_u13-7 llc-0b19 1 13 0 13 0
l1i_u13-7 llc-0b20 1 13 0 13 0
l1i_u13-7 llc-0b21 1 13 0 13 0
l1i_u13-7 llc-0b22 1 13 0 13 0
l1i_u13-7 llc-0b23 1 13 0 13 0
l1i_u13-7 llc-0b24 1 13 0 13 0
l1i_u13-7 llc-0b25 1 13 0 13 0
l1i_u13-7 llc-0b26 1 13 0 13 0
l1i_u13-7 llc-0b27 1 13 0 13 0
l1i_u13-7 llc-0b28 1 13 0 13 0
l1i_u13-7 llc-0b29 1 13 0 13 0
l1i_u13-7 llc-0b30 1 13 0 13 0
l1i_u13-7 llc-0b31 1 13 0 13 0
l1i_u13-8 llc-0b0 1 13 0 13 0
l1i_u13-8 llc-0b1 1 13 0 13 0
l1i_u13-8 llc-0b2 1 13 0 13 0
l1i_u13-8 llc-0b3 1 13 0 13 0
l1i_u13-8 llc-0b4 1 13 0 13 0
l1i_u13-8 llc-0b5 1 13 0 13 0
l1i_u13-8 llc-0b6 1 13 0 13 0
l1i_u13-8 llc-0b7 1 13 0 13 0
l1i_u13-8 llc-0b8 1 13 0 13 0
l1i_u13-8 llc-0b9 1 13 0 13 0
l1i_u13-8 llc-0b10 1 13 0 13 0
l1i_u13-8 llc-0b11 1 13 0 13 0
l1i_u13-8 llc-0b12 1 13 0 13 0
l1i_u13-8 llc-0b13 1 13 0 13 0
l1i_u13-8 llc-0b14 1 13 0 13 0
l1i_u13-8 llc-0b15 1 13 0 13 0
l1i_u13-8 llc-0b16 1 13 0 13 0
l1i_u13-8 llc-0b17 1 13 0 13 0
l1i_u13-8 llc-0b18 1 13 0 13 0
l1i_u13-8 llc-0b19 1 13 0 13 0
l1i_u13-8 llc-0b20 1 13 0 13 0
l1i_u13-8 llc-0b21 1 13 0 13 0
l1i_u13-8 llc-0b22 1 13 0 13 0
l1i_u13-8 llc-0b23 1 13 0 13 0
l1i_u13-8 llc-0b24 1 13 0 13 0
l1i_u13-8 llc-0b25 1 13 0 13 0
l1i_u13-8 llc-0b26 1 13 0 13 0
l1i_u13-8 llc-0b27 1 13 0 13 0
l1i_u13-8 llc-0b28 1 13 0 13 0
l1i_u13-8 llc-0b29 1 13 0 13 0
l1i_u13-8 llc-0b30 1 13 0 13 0
l1i_u13-8 llc-0b31 1 13 0 13 0
l1i_u13-9 llc-0b0 1 13 0 13 0
l1i_u13-9 llc-0b1 1 13 0 13 0
l1i_u13-9 llc-0b2 1 13 0 13 0
l1i_u13-9 llc-0b3 1 13 0 13 0
l1i_u13-9 llc-0b4 1 13 0 13 0
l1i_u13-9 llc-0b5 1 13 0 13 0
l1i_u13-9 llc-0b6 1 13 0 13 0
l1i_u13-9 llc-0b7 1 13 0 13 0
l1i_u13-9 llc-0b8 1 13 0 13 0
l1i_u13-9 llc-0b9 1 13 0 13 0
l1i_u13-9 llc-0b10 1 13 0 13 0
l1i_u13-9 llc-0b11 1 13 0 13 0
l1i_u13-9 llc-0b12 1 13 0 13 0
l1i_u13-9 llc-0b13 1 13 0 13 0
l1i_u13-9 llc-0b14 1 13 0 13 0
l1i_u13-9 llc-0b15 1 13 0 13 0
l1i_u13-9 llc-0b16 1 13 0 13 0
l1i_u13-9 llc-0b17 1 13 0 13 0
l1i_u13-9 llc-0b18 1 13 0 13 0
l1i_u13-9 llc-0b19 1 13 0 13 0
l1i_u13-9 llc-0b20 1 13 0 13 0
l1i_u13-9 llc-0b21 1 13 0 13 0
l1i_u13-9 llc-0b22 1 13 0 13 0
l1i_u13-9 llc-0b23 1 13 0 13 0
l1i_u13-9 llc-0b24 1 13 0 13 0
l1i_u13-9 llc-0b25 1 13 0 13 0
l1i_u13-9 llc-0b26 1 13 0 13 0
l1i_u13-9 llc-0b27 1 13 0 13 0
l1i_u13-9 llc-0b28 1 13 0 13 0
l1i_u13-9 llc-0b29 1 13 0 13 0
l1i_u13-9 llc-0b30 1 13 0 13 0
l1i_u13-9 llc-0b31 1 13 0 13 0
l1i_u13-10 llc-0b0 1 13 0 13 0
l1i_u13-10 llc-0b1 1 13 0 13 0
l1i_u13-10 llc-0b2 1 13 0 13 0
l1i_u13-10 llc-0b3 1 13 0 13 0
l1i_u13-10 llc-0b4 1 13 0 13 0
l1i_u13-10 llc-0b5 1 13 0 13 0
l1i_u13-10 llc-0b6 1 13 0 13 0
l1i_u13-10 llc-0b7 1 13 0 13 0
l1i_u13-10 llc-0b8 1 13 0 13 0
l1i_u13-10 llc-0b9 1 13 0 13 0
l1i_u13-10 llc-0b10 1 13 0 13 0
l1i_u13-10 llc-0b11 1 13 0 13 0
l1i_u13-10 llc-0b12 1 13 0 13 0
l1i_u13-10 llc-0b13 1 13 0 13 0
l1i_u13-10 llc-0b14 1 13 0 13 0
l1i_u13-10 llc-0b15 1 13 0 13 0
l1i_u13-10 llc-0b16 1 13 0 13 0
l1i_u13-10 llc-0b17 1 13 0 13 0
l1i_u13-10 llc-0b18 1 13 0 13 0
l1i_u13-10 llc-0b19 1 13 0 13 0
l1i_u13-10 llc-0b20 1 13 0 13 0
l1i_u13-10 llc-0b21 1 13 0 13 0
l1i_u13-10 llc-0b22 1 13 0 13 0
l1i_u13-10 llc-0b23 1 13 0 13 0
l1i_u13-10 llc-0b24 1 13 0 13 0
l1i_u13-10 llc-0b25 1 13 0 13 0
l1i_u13-10 llc-0b26 1 13 0 13 0
l1i_u13-10 llc-0b27 1 13 0 13 0
l1i_u13-10 llc-0b28 1 13 0 13 0
l1i_u13-10 llc-0b29 1 13 0 13 0
l1i_u13-10 llc-0b30 1 13 0 13 0
l1i_u13-10 llc-0b31 1 13 0 13 0
l1i_u13-11 llc-0b0 1 13 0 13 0
l1i_u13-11 llc-0b1 1 13 0 13 0
l1i_u13-11 llc-0b2 1 13 0 13 0
l1i_u13-11 llc-0b3 1 13 0 13 0
l1i_u13-11 llc-0b4 1 13 0 13 0
l1i_u13-11 llc-0b5 1 13 0 13 0
l1i_u13-11 llc-0b6 1 13 0 13 0
l1i_u13-11 llc-0b7 1 13 0 13 0
l1i_u13-11 llc-0b8 1 13 0 13 0
l1i_u13-11 llc-0b9 1 13 0 13 0
l1i_u13-11 llc-0b10 1 13 0 13 0
l1i_u13-11 llc-0b11 1 13 0 13 0
l1i_u13-11 llc-0b12 1 13 0 13 0
l1i_u13-11 llc-0b13 1 13 0 13 0
l1i_u13-11 llc-0b14 1 13 0 13 0
l1i_u13-11 llc-0b15 1 13 0 13 0
l1i_u13-11 llc-0b16 1 13 0 13 0
l1i_u13-11 llc-0b17 1 13 0 13 0
l1i_u13-11 llc-0b18 1 13 0 13 0
l1i_u13-11 llc-0b19 1 13 0 13 0
l1i_u13-11 llc-0b20 1 13 0 13 0
l1i_u13-11 llc-0b21 1 13 0 13 0
l1i_u13-11 llc-0b22 1 13 0 13 0
l1i_u13-11 llc-0b23 1 13 0 13 0
l1i_u13-11 llc-0b24 1 13 0 13 0
l1i_u13-11 llc-0b25 1 13 0 13 0
l1i_u13-11 llc-0b26 1 13 0 13 0
l1i_u13-11 llc-0b27 1 13 0 13 0
l1i_u13-11 llc-0b28 1 13 0 13 0
l1i_u13-11 llc-0b29 1 13 0 13 0
l1i_u13-11 llc-0b30 1 13 0 13 0
l1i_u13-11 llc-0b31 1 13 0 13 0
l1i_u13-12 llc-0b0 1 13 0 13 0
l1i_u13-12 llc-0b1 1 13 0 13 0
l1i_u13-12 llc-0b2 1 13 0 13 0
l1i_u13-12 llc-0b3 1 13 0 13 0
l1i_u13-12 llc-0b4 1 13 0 13 0
l1i_u13-12 llc-0b5 1 13 0 13 0
l1i_u13-12 llc-0b6 1 13 0 13 0
l1i_u13-12 llc-0b7 1 13 0 13 0
l1i_u13-12 llc-0b8 1 13 0 13 0
l1i_u13-12 llc-0b9 1 13 0 13 0
l1i_u13-12 llc-0b10 1 13 0 13 0
l1i_u13-12 llc-0b11 1 13 0 13 0
l1i_u13-12 llc-0b12 1 13 0 13 0
l1i_u13-12 llc-0b13 1 13 0 13 0
l1i_u13-12 llc-0b14 1 13 0 13 0
l1i_u13-12 llc-0b15 1 13 0 13 0
l1i_u13-12 llc-0b16 1 13 0 13 0
l1i_u13-12 llc-0b17 1 13 0 13 0
l1i_u13-12 llc-0b18 1 13 0 13 0
l1i_u13-12 llc-0b19 1 13 0 13 0
l1i_u13-12 llc-0b20 1 13 0 13 0
l1i_u13-12 llc-0b21 1 13 0 13 0
l1i_u13-12 llc-0b22 1 13 0 13 0
l1i_u13-12 llc-0b23 1 13 0 13 0
l1i_u13-12 llc-0b24 1 13 0 13 0
l1i_u13-12 llc-0b25 1 13 0 13 0
l1i_u13-12 llc-0b26 1 13 0 13 0
l1i_u13-12 llc-0b27 1 13 0 13 0
l1i_u13-12 llc-0b28 1 13 0 13 0
l1i_u13-12 llc-0b29 1 13 0 13 0
l1i_u13-12 llc-0b30 1 13 0 13 0
l1i_u13-12 llc-0b31 1 13 0 13 0
l1i_u13-13 llc-0b0 1 13 0 13 0
l1i_u13-13 llc-0b1 1 13 0 13 0
l1i_u13-13 llc-0b2 1 13 0 13 0
l1i_u13-13 llc-0b3 1 13 0 13 0
l1i_u13-13 llc-0b4 1 13 0 13 0
l1i_u13-13 llc-0b5 1 13 0 13 0
l1i_u13-13 llc-0b6 1 13 0 13 0
l1i_u13-13 llc-0b7 1 13 0 13 0
l1i_u13-13 llc-0b8 1 13 0 13 0
l1i_u13-13 llc-0b9 1 13 0 13 0
l1i_u13-13 llc-0b10 1 13 0 13 0
l1i_u13-13 llc-0b11 1 13 0 13 0
l1i_u13-13 llc-0b12 1 13 0 13 0
l1i_u13-13 llc-0b13 1 13 0 13 0
l1i_u13-13 llc-0b14 1 13 0 13 0
l1i_u13-13 llc-0b15 1 13 0 13 0
l1i_u13-13 llc-0b16 1 13 0 13 0
l1i_u13-13 llc-0b17 1 13 0 13 0
l1i_u13-13 llc-0b18 1 13 0 13 0
l1i_u13-13 llc-0b19 1 13 0 13 0
l1i_u13-13 llc-0b20 1 13 0 13 0
l1i_u13-13 llc-0b21 1 13 0 13 0
l1i_u13-13 llc-0b22 1 13 0 13 0
l1i_u13-13 llc-0b23 1 13 0 13 0
l1i_u13-13 llc-0b24 1 13 0 13 0
l1i_u13-13 llc-0b25 1 13 0 13 0
l1i_u13-13 llc-0b26 1 13 0 13 0
l1i_u13-13 llc-0b27 1 13 0 13 0
l1i_u13-13 llc-0b28 1 13 0 13 0
l1i_u13-13 llc-0b29 1 13 0 13 0
l1i_u13-13 llc-0b30 1 13 0 13 0
l1i_u13-13 llc-0b31 1 13 0 13 0
l1i_u13-14 llc-0b0 1 13 0 13 0
l1i_u13-14 llc-0b1 1 13 0 13 0
l1i_u13-14 llc-0b2 1 13 0 13 0
l1i_u13-14 llc-0b3 1 13 0 13 0
l1i_u13-14 llc-0b4 1 13 0 13 0
l1i_u13-14 llc-0b5 1 13 0 13 0
l1i_u13-14 llc-0b6 1 13 0 13 0
l1i_u13-14 llc-0b7 1 13 0 13 0
l1i_u13-14 llc-0b8 1 13 0 13 0
l1i_u13-14 llc-0b9 1 13 0 13 0
l1i_u13-14 llc-0b10 1 13 0 13 0
l1i_u13-14 llc-0b11 1 13 0 13 0
l1i_u13-14 llc-0b12 1 13 0 13 0
l1i_u13-14 llc-0b13 1 13 0 13 0
l1i_u13-14 llc-0b14 1 13 0 13 0
l1i_u13-14 llc-0b15 1 13 0 13 0
l1i_u13-14 llc-0b16 1 13 0 13 0
l1i_u13-14 llc-0b17 1 13 0 13 0
l1i_u13-14 llc-0b18 1 13 0 13 0
l1i_u13-14 llc-0b19 1 13 0 13 0
l1i_u13-14 llc-0b20 1 13 0 13 0
l1i_u13-14 llc-0b21 1 13 0 13 0
l1i_u13-14 llc-0b22 1 13 0 13 0
l1i_u13-14 llc-0b23 1 13 0 13 0
l1i_u13-14 llc-0b24 1 13 0 13 0
l1i_u13-14 llc-0b25 1 13 0 13 0
l1i_u13-14 llc-0b26 1 13 0 13 0
l1i_u13-14 llc-0b27 1 13 0 13 0
l1i_u13-14 llc-0b28 1 13 0 13 0
l1i_u13-14 llc-0b29 1 13 0 13 0
l1i_u13-14 llc-0b30 1 13 0 13 0
l1i_u13-14 llc-0b31 1 13 0 13 0
l1i_u13-15 llc-0b0 1 13 0 13 0
l1i_u13-15 llc-0b1 1 13 0 13 0
l1i_u13-15 llc-0b2 1 13 0 13 0
l1i_u13-15 llc-0b3 1 13 0 13 0
l1i_u13-15 llc-0b4 1 13 0 13 0
l1i_u13-15 llc-0b5 1 13 0 13 0
l1i_u13-15 llc-0b6 1 13 0 13 0
l1i_u13-15 llc-0b7 1 13 0 13 0
l1i_u13-15 llc-0b8 1 13 0 13 0
l1i_u13-15 llc-0b9 1 13 0 13 0
l1i_u13-15 llc-0b10 1 13 0 13 0
l1i_u13-15 llc-0b11 1 13 0 13 0
l1i_u13-15 llc-0b12 1 13 0 13 0
l1i_u13-15 llc-0b13 1 13 0 13 0
l1i_u13-15 llc-0b14 1 13 0 13 0
l1i_u13-15 llc-0b15 1 13 0 13 0
l1i_u13-15 llc-0b16 1 13 0 13 0
l1i_u13-15 llc-0b17 1 13 0 13 0
l1i_u13-15 llc-0b18 1 13 0 13 0
l1i_u13-15 llc-0b19 1 13 0 13 0
l1i_u13-15 llc-0b20 1 13 0 13 0
l1i_u13-15 llc-0b21 1 13 0 13 0
l1i_u13-15 llc-0b22 1 13 0 13 0
l1i_u13-15 llc-0b23 1 13 0 13 0
l1i_u13-15 llc-0b24 1 13 0 13 0
l1i_u13-15 llc-0b25 1 13 0 13 0
l1i_u13-15 llc-0b26 1 13 0 13 0
l1i_u13-15 llc-0b27 1 13 0 13 0
l1i_u13-15 llc-0b28 1 13 0 13 0
l1i_u13-15 llc-0b29 1 13 0 13 0
l1i_u13-15 llc-0b30 1 13 0 13 0
l1i_u13-15 llc-0b31 1 13 0 13 0
l1d_u13-0 llc-0b0 1 13 0 13 0
l1d_u13-0 llc-0b1 1 13 0 13 0
l1d_u13-0 llc-0b2 1 13 0 13 0
l1d_u13-0 llc-0b3 1 13 0 13 0
l1d_u13-0 llc-0b4 1 13 0 13 0
l1d_u13-0 llc-0b5 1 13 0 13 0
l1d_u13-0 llc-0b6 1 13 0 13 0
l1d_u13-0 llc-0b7 1 13 0 13 0
l1d_u13-0 llc-0b8 1 13 0 13 0
l1d_u13-0 llc-0b9 1 13 0 13 0
l1d_u13-0 llc-0b10 1 13 0 13 0
l1d_u13-0 llc-0b11 1 13 0 13 0
l1d_u13-0 llc-0b12 1 13 0 13 0
l1d_u13-0 llc-0b13 1 13 0 13 0
l1d_u13-0 llc-0b14 1 13 0 13 0
l1d_u13-0 llc-0b15 1 13 0 13 0
l1d_u13-0 llc-0b16 1 13 0 13 0
l1d_u13-0 llc-0b17 1 13 0 13 0
l1d_u13-0 llc-0b18 1 13 0 13 0
l1d_u13-0 llc-0b19 1 13 0 13 0
l1d_u13-0 llc-0b20 1 13 0 13 0
l1d_u13-0 llc-0b21 1 13 0 13 0
l1d_u13-0 llc-0b22 1 13 0 13 0
l1d_u13-0 llc-0b23 1 13 0 13 0
l1d_u13-0 llc-0b24 1 13 0 13 0
l1d_u13-0 llc-0b25 1 13 0 13 0
l1d_u13-0 llc-0b26 1 13 0 13 0
l1d_u13-0 llc-0b27 1 13 0 13 0
l1d_u13-0 llc-0b28 1 13 0 13 0
l1d_u13-0 llc-0b29 1 13 0 13 0
l1d_u13-0 llc-0b30 1 13 0 13 0
l1d_u13-0 llc-0b31 1 13 0 13 0
l1d_u13-1 llc-0b0 1 13 0 13 0
l1d_u13-1 llc-0b1 1 13 0 13 0
l1d_u13-1 llc-0b2 1 13 0 13 0
l1d_u13-1 llc-0b3 1 13 0 13 0
l1d_u13-1 llc-0b4 1 13 0 13 0
l1d_u13-1 llc-0b5 1 13 0 13 0
l1d_u13-1 llc-0b6 1 13 0 13 0
l1d_u13-1 llc-0b7 1 13 0 13 0
l1d_u13-1 llc-0b8 1 13 0 13 0
l1d_u13-1 llc-0b9 1 13 0 13 0
l1d_u13-1 llc-0b10 1 13 0 13 0
l1d_u13-1 llc-0b11 1 13 0 13 0
l1d_u13-1 llc-0b12 1 13 0 13 0
l1d_u13-1 llc-0b13 1 13 0 13 0
l1d_u13-1 llc-0b14 1 13 0 13 0
l1d_u13-1 llc-0b15 1 13 0 13 0
l1d_u13-1 llc-0b16 1 13 0 13 0
l1d_u13-1 llc-0b17 1 13 0 13 0
l1d_u13-1 llc-0b18 1 13 0 13 0
l1d_u13-1 llc-0b19 1 13 0 13 0
l1d_u13-1 llc-0b20 1 13 0 13 0
l1d_u13-1 llc-0b21 1 13 0 13 0
l1d_u13-1 llc-0b22 1 13 0 13 0
l1d_u13-1 llc-0b23 1 13 0 13 0
l1d_u13-1 llc-0b24 1 13 0 13 0
l1d_u13-1 llc-0b25 1 13 0 13 0
l1d_u13-1 llc-0b26 1 13 0 13 0
l1d_u13-1 llc-0b27 1 13 0 13 0
l1d_u13-1 llc-0b28 1 13 0 13 0
l1d_u13-1 llc-0b29 1 13 0 13 0
l1d_u13-1 llc-0b30 1 13 0 13 0
l1d_u13-1 llc-0b31 1 13 0 13 0
l1d_u13-2 llc-0b0 1 13 0 13 0
l1d_u13-2 llc-0b1 1 13 0 13 0
l1d_u13-2 llc-0b2 1 13 0 13 0
l1d_u13-2 llc-0b3 1 13 0 13 0
l1d_u13-2 llc-0b4 1 13 0 13 0
l1d_u13-2 llc-0b5 1 13 0 13 0
l1d_u13-2 llc-0b6 1 13 0 13 0
l1d_u13-2 llc-0b7 1 13 0 13 0
l1d_u13-2 llc-0b8 1 13 0 13 0
l1d_u13-2 llc-0b9 1 13 0 13 0
l1d_u13-2 llc-0b10 1 13 0 13 0
l1d_u13-2 llc-0b11 1 13 0 13 0
l1d_u13-2 llc-0b12 1 13 0 13 0
l1d_u13-2 llc-0b13 1 13 0 13 0
l1d_u13-2 llc-0b14 1 13 0 13 0
l1d_u13-2 llc-0b15 1 13 0 13 0
l1d_u13-2 llc-0b16 1 13 0 13 0
l1d_u13-2 llc-0b17 1 13 0 13 0
l1d_u13-2 llc-0b18 1 13 0 13 0
l1d_u13-2 llc-0b19 1 13 0 13 0
l1d_u13-2 llc-0b20 1 13 0 13 0
l1d_u13-2 llc-0b21 1 13 0 13 0
l1d_u13-2 llc-0b22 1 13 0 13 0
l1d_u13-2 llc-0b23 1 13 0 13 0
l1d_u13-2 llc-0b24 1 13 0 13 0
l1d_u13-2 llc-0b25 1 13 0 13 0
l1d_u13-2 llc-0b26 1 13 0 13 0
l1d_u13-2 llc-0b27 1 13 0 13 0
l1d_u13-2 llc-0b28 1 13 0 13 0
l1d_u13-2 llc-0b29 1 13 0 13 0
l1d_u13-2 llc-0b30 1 13 0 13 0
l1d_u13-2 llc-0b31 1 13 0 13 0
l1d_u13-3 llc-0b0 1 13 0 13 0
l1d_u13-3 llc-0b1 1 13 0 13 0
l1d_u13-3 llc-0b2 1 13 0 13 0
l1d_u13-3 llc-0b3 1 13 0 13 0
l1d_u13-3 llc-0b4 1 13 0 13 0
l1d_u13-3 llc-0b5 1 13 0 13 0
l1d_u13-3 llc-0b6 1 13 0 13 0
l1d_u13-3 llc-0b7 1 13 0 13 0
l1d_u13-3 llc-0b8 1 13 0 13 0
l1d_u13-3 llc-0b9 1 13 0 13 0
l1d_u13-3 llc-0b10 1 13 0 13 0
l1d_u13-3 llc-0b11 1 13 0 13 0
l1d_u13-3 llc-0b12 1 13 0 13 0
l1d_u13-3 llc-0b13 1 13 0 13 0
l1d_u13-3 llc-0b14 1 13 0 13 0
l1d_u13-3 llc-0b15 1 13 0 13 0
l1d_u13-3 llc-0b16 1 13 0 13 0
l1d_u13-3 llc-0b17 1 13 0 13 0
l1d_u13-3 llc-0b18 1 13 0 13 0
l1d_u13-3 llc-0b19 1 13 0 13 0
l1d_u13-3 llc-0b20 1 13 0 13 0
l1d_u13-3 llc-0b21 1 13 0 13 0
l1d_u13-3 llc-0b22 1 13 0 13 0
l1d_u13-3 llc-0b23 1 13 0 13 0
l1d_u13-3 llc-0b24 1 13 0 13 0
l1d_u13-3 llc-0b25 1 13 0 13 0
l1d_u13-3 llc-0b26 1 13 0 13 0
l1d_u13-3 llc-0b27 1 13 0 13 0
l1d_u13-3 llc-0b28 1 13 0 13 0
l1d_u13-3 llc-0b29 1 13 0 13 0
l1d_u13-3 llc-0b30 1 13 0 13 0
l1d_u13-3 llc-0b31 1 13 0 13 0
l1d_u13-4 llc-0b0 1 13 0 13 0
l1d_u13-4 llc-0b1 1 13 0 13 0
l1d_u13-4 llc-0b2 1 13 0 13 0
l1d_u13-4 llc-0b3 1 13 0 13 0
l1d_u13-4 llc-0b4 1 13 0 13 0
l1d_u13-4 llc-0b5 1 13 0 13 0
l1d_u13-4 llc-0b6 1 13 0 13 0
l1d_u13-4 llc-0b7 1 13 0 13 0
l1d_u13-4 llc-0b8 1 13 0 13 0
l1d_u13-4 llc-0b9 1 13 0 13 0
l1d_u13-4 llc-0b10 1 13 0 13 0
l1d_u13-4 llc-0b11 1 13 0 13 0
l1d_u13-4 llc-0b12 1 13 0 13 0
l1d_u13-4 llc-0b13 1 13 0 13 0
l1d_u13-4 llc-0b14 1 13 0 13 0
l1d_u13-4 llc-0b15 1 13 0 13 0
l1d_u13-4 llc-0b16 1 13 0 13 0
l1d_u13-4 llc-0b17 1 13 0 13 0
l1d_u13-4 llc-0b18 1 13 0 13 0
l1d_u13-4 llc-0b19 1 13 0 13 0
l1d_u13-4 llc-0b20 1 13 0 13 0
l1d_u13-4 llc-0b21 1 13 0 13 0
l1d_u13-4 llc-0b22 1 13 0 13 0
l1d_u13-4 llc-0b23 1 13 0 13 0
l1d_u13-4 llc-0b24 1 13 0 13 0
l1d_u13-4 llc-0b25 1 13 0 13 0
l1d_u13-4 llc-0b26 1 13 0 13 0
l1d_u13-4 llc-0b27 1 13 0 13 0
l1d_u13-4 llc-0b28 1 13 0 13 0
l1d_u13-4 llc-0b29 1 13 0 13 0
l1d_u13-4 llc-0b30 1 13 0 13 0
l1d_u13-4 llc-0b31 1 13 0 13 0
l1d_u13-5 llc-0b0 1 13 0 13 0
l1d_u13-5 llc-0b1 1 13 0 13 0
l1d_u13-5 llc-0b2 1 13 0 13 0
l1d_u13-5 llc-0b3 1 13 0 13 0
l1d_u13-5 llc-0b4 1 13 0 13 0
l1d_u13-5 llc-0b5 1 13 0 13 0
l1d_u13-5 llc-0b6 1 13 0 13 0
l1d_u13-5 llc-0b7 1 13 0 13 0
l1d_u13-5 llc-0b8 1 13 0 13 0
l1d_u13-5 llc-0b9 1 13 0 13 0
l1d_u13-5 llc-0b10 1 13 0 13 0
l1d_u13-5 llc-0b11 1 13 0 13 0
l1d_u13-5 llc-0b12 1 13 0 13 0
l1d_u13-5 llc-0b13 1 13 0 13 0
l1d_u13-5 llc-0b14 1 13 0 13 0
l1d_u13-5 llc-0b15 1 13 0 13 0
l1d_u13-5 llc-0b16 1 13 0 13 0
l1d_u13-5 llc-0b17 1 13 0 13 0
l1d_u13-5 llc-0b18 1 13 0 13 0
l1d_u13-5 llc-0b19 1 13 0 13 0
l1d_u13-5 llc-0b20 1 13 0 13 0
l1d_u13-5 llc-0b21 1 13 0 13 0
l1d_u13-5 llc-0b22 1 13 0 13 0
l1d_u13-5 llc-0b23 1 13 0 13 0
l1d_u13-5 llc-0b24 1 13 0 13 0
l1d_u13-5 llc-0b25 1 13 0 13 0
l1d_u13-5 llc-0b26 1 13 0 13 0
l1d_u13-5 llc-0b27 1 13 0 13 0
l1d_u13-5 llc-0b28 1 13 0 13 0
l1d_u13-5 llc-0b29 1 13 0 13 0
l1d_u13-5 llc-0b30 1 13 0 13 0
l1d_u13-5 llc-0b31 1 13 0 13 0
l1d_u13-6 llc-0b0 1 13 0 13 0
l1d_u13-6 llc-0b1 1 13 0 13 0
l1d_u13-6 llc-0b2 1 13 0 13 0
l1d_u13-6 llc-0b3 1 13 0 13 0
l1d_u13-6 llc-0b4 1 13 0 13 0
l1d_u13-6 llc-0b5 1 13 0 13 0
l1d_u13-6 llc-0b6 1 13 0 13 0
l1d_u13-6 llc-0b7 1 13 0 13 0
l1d_u13-6 llc-0b8 1 13 0 13 0
l1d_u13-6 llc-0b9 1 13 0 13 0
l1d_u13-6 llc-0b10 1 13 0 13 0
l1d_u13-6 llc-0b11 1 13 0 13 0
l1d_u13-6 llc-0b12 1 13 0 13 0
l1d_u13-6 llc-0b13 1 13 0 13 0
l1d_u13-6 llc-0b14 1 13 0 13 0
l1d_u13-6 llc-0b15 1 13 0 13 0
l1d_u13-6 llc-0b16 1 13 0 13 0
l1d_u13-6 llc-0b17 1 13 0 13 0
l1d_u13-6 llc-0b18 1 13 0 13 0
l1d_u13-6 llc-0b19 1 13 0 13 0
l1d_u13-6 llc-0b20 1 13 0 13 0
l1d_u13-6 llc-0b21 1 13 0 13 0
l1d_u13-6 llc-0b22 1 13 0 13 0
l1d_u13-6 llc-0b23 1 13 0 13 0
l1d_u13-6 llc-0b24 1 13 0 13 0
l1d_u13-6 llc-0b25 1 13 0 13 0
l1d_u13-6 llc-0b26 1 13 0 13 0
l1d_u13-6 llc-0b27 1 13 0 13 0
l1d_u13-6 llc-0b28 1 13 0 13 0
l1d_u13-6 llc-0b29 1 13 0 13 0
l1d_u13-6 llc-0b30 1 13 0 13 0
l1d_u13-6 llc-0b31 1 13 0 13 0
l1d_u13-7 llc-0b0 1 13 0 13 0
l1d_u13-7 llc-0b1 1 13 0 13 0
l1d_u13-7 llc-0b2 1 13 0 13 0
l1d_u13-7 llc-0b3 1 13 0 13 0
l1d_u13-7 llc-0b4 1 13 0 13 0
l1d_u13-7 llc-0b5 1 13 0 13 0
l1d_u13-7 llc-0b6 1 13 0 13 0
l1d_u13-7 llc-0b7 1 13 0 13 0
l1d_u13-7 llc-0b8 1 13 0 13 0
l1d_u13-7 llc-0b9 1 13 0 13 0
l1d_u13-7 llc-0b10 1 13 0 13 0
l1d_u13-7 llc-0b11 1 13 0 13 0
l1d_u13-7 llc-0b12 1 13 0 13 0
l1d_u13-7 llc-0b13 1 13 0 13 0
l1d_u13-7 llc-0b14 1 13 0 13 0
l1d_u13-7 llc-0b15 1 13 0 13 0
l1d_u13-7 llc-0b16 1 13 0 13 0
l1d_u13-7 llc-0b17 1 13 0 13 0
l1d_u13-7 llc-0b18 1 13 0 13 0
l1d_u13-7 llc-0b19 1 13 0 13 0
l1d_u13-7 llc-0b20 1 13 0 13 0
l1d_u13-7 llc-0b21 1 13 0 13 0
l1d_u13-7 llc-0b22 1 13 0 13 0
l1d_u13-7 llc-0b23 1 13 0 13 0
l1d_u13-7 llc-0b24 1 13 0 13 0
l1d_u13-7 llc-0b25 1 13 0 13 0
l1d_u13-7 llc-0b26 1 13 0 13 0
l1d_u13-7 llc-0b27 1 13 0 13 0
l1d_u13-7 llc-0b28 1 13 0 13 0
l1d_u13-7 llc-0b29 1 13 0 13 0
l1d_u13-7 llc-0b30 1 13 0 13 0
l1d_u13-7 llc-0b31 1 13 0 13 0
l1d_u13-8 llc-0b0 1 13 0 13 0
l1d_u13-8 llc-0b1 1 13 0 13 0
l1d_u13-8 llc-0b2 1 13 0 13 0
l1d_u13-8 llc-0b3 1 13 0 13 0
l1d_u13-8 llc-0b4 1 13 0 13 0
l1d_u13-8 llc-0b5 1 13 0 13 0
l1d_u13-8 llc-0b6 1 13 0 13 0
l1d_u13-8 llc-0b7 1 13 0 13 0
l1d_u13-8 llc-0b8 1 13 0 13 0
l1d_u13-8 llc-0b9 1 13 0 13 0
l1d_u13-8 llc-0b10 1 13 0 13 0
l1d_u13-8 llc-0b11 1 13 0 13 0
l1d_u13-8 llc-0b12 1 13 0 13 0
l1d_u13-8 llc-0b13 1 13 0 13 0
l1d_u13-8 llc-0b14 1 13 0 13 0
l1d_u13-8 llc-0b15 1 13 0 13 0
l1d_u13-8 llc-0b16 1 13 0 13 0
l1d_u13-8 llc-0b17 1 13 0 13 0
l1d_u13-8 llc-0b18 1 13 0 13 0
l1d_u13-8 llc-0b19 1 13 0 13 0
l1d_u13-8 llc-0b20 1 13 0 13 0
l1d_u13-8 llc-0b21 1 13 0 13 0
l1d_u13-8 llc-0b22 1 13 0 13 0
l1d_u13-8 llc-0b23 1 13 0 13 0
l1d_u13-8 llc-0b24 1 13 0 13 0
l1d_u13-8 llc-0b25 1 13 0 13 0
l1d_u13-8 llc-0b26 1 13 0 13 0
l1d_u13-8 llc-0b27 1 13 0 13 0
l1d_u13-8 llc-0b28 1 13 0 13 0
l1d_u13-8 llc-0b29 1 13 0 13 0
l1d_u13-8 llc-0b30 1 13 0 13 0
l1d_u13-8 llc-0b31 1 13 0 13 0
l1d_u13-9 llc-0b0 1 13 0 13 0
l1d_u13-9 llc-0b1 1 13 0 13 0
l1d_u13-9 llc-0b2 1 13 0 13 0
l1d_u13-9 llc-0b3 1 13 0 13 0
l1d_u13-9 llc-0b4 1 13 0 13 0
l1d_u13-9 llc-0b5 1 13 0 13 0
l1d_u13-9 llc-0b6 1 13 0 13 0
l1d_u13-9 llc-0b7 1 13 0 13 0
l1d_u13-9 llc-0b8 1 13 0 13 0
l1d_u13-9 llc-0b9 1 13 0 13 0
l1d_u13-9 llc-0b10 1 13 0 13 0
l1d_u13-9 llc-0b11 1 13 0 13 0
l1d_u13-9 llc-0b12 1 13 0 13 0
l1d_u13-9 llc-0b13 1 13 0 13 0
l1d_u13-9 llc-0b14 1 13 0 13 0
l1d_u13-9 llc-0b15 1 13 0 13 0
l1d_u13-9 llc-0b16 1 13 0 13 0
l1d_u13-9 llc-0b17 1 13 0 13 0
l1d_u13-9 llc-0b18 1 13 0 13 0
l1d_u13-9 llc-0b19 1 13 0 13 0
l1d_u13-9 llc-0b20 1 13 0 13 0
l1d_u13-9 llc-0b21 1 13 0 13 0
l1d_u13-9 llc-0b22 1 13 0 13 0
l1d_u13-9 llc-0b23 1 13 0 13 0
l1d_u13-9 llc-0b24 1 13 0 13 0
l1d_u13-9 llc-0b25 1 13 0 13 0
l1d_u13-9 llc-0b26 1 13 0 13 0
l1d_u13-9 llc-0b27 1 13 0 13 0
l1d_u13-9 llc-0b28 1 13 0 13 0
l1d_u13-9 llc-0b29 1 13 0 13 0
l1d_u13-9 llc-0b30 1 13 0 13 0
l1d_u13-9 llc-0b31 1 13 0 13 0
l1d_u13-10 llc-0b0 1 13 0 13 0
l1d_u13-10 llc-0b1 1 13 0 13 0
l1d_u13-10 llc-0b2 1 13 0 13 0
l1d_u13-10 llc-0b3 1 13 0 13 0
l1d_u13-10 llc-0b4 1 13 0 13 0
l1d_u13-10 llc-0b5 1 13 0 13 0
l1d_u13-10 llc-0b6 1 13 0 13 0
l1d_u13-10 llc-0b7 1 13 0 13 0
l1d_u13-10 llc-0b8 1 13 0 13 0
l1d_u13-10 llc-0b9 1 13 0 13 0
l1d_u13-10 llc-0b10 1 13 0 13 0
l1d_u13-10 llc-0b11 1 13 0 13 0
l1d_u13-10 llc-0b12 1 13 0 13 0
l1d_u13-10 llc-0b13 1 13 0 13 0
l1d_u13-10 llc-0b14 1 13 0 13 0
l1d_u13-10 llc-0b15 1 13 0 13 0
l1d_u13-10 llc-0b16 1 13 0 13 0
l1d_u13-10 llc-0b17 1 13 0 13 0
l1d_u13-10 llc-0b18 1 13 0 13 0
l1d_u13-10 llc-0b19 1 13 0 13 0
l1d_u13-10 llc-0b20 1 13 0 13 0
l1d_u13-10 llc-0b21 1 13 0 13 0
l1d_u13-10 llc-0b22 1 13 0 13 0
l1d_u13-10 llc-0b23 1 13 0 13 0
l1d_u13-10 llc-0b24 1 13 0 13 0
l1d_u13-10 llc-0b25 1 13 0 13 0
l1d_u13-10 llc-0b26 1 13 0 13 0
l1d_u13-10 llc-0b27 1 13 0 13 0
l1d_u13-10 llc-0b28 1 13 0 13 0
l1d_u13-10 llc-0b29 1 13 0 13 0
l1d_u13-10 llc-0b30 1 13 0 13 0
l1d_u13-10 llc-0b31 1 13 0 13 0
l1d_u13-11 llc-0b0 1 13 0 13 0
l1d_u13-11 llc-0b1 1 13 0 13 0
l1d_u13-11 llc-0b2 1 13 0 13 0
l1d_u13-11 llc-0b3 1 13 0 13 0
l1d_u13-11 llc-0b4 1 13 0 13 0
l1d_u13-11 llc-0b5 1 13 0 13 0
l1d_u13-11 llc-0b6 1 13 0 13 0
l1d_u13-11 llc-0b7 1 13 0 13 0
l1d_u13-11 llc-0b8 1 13 0 13 0
l1d_u13-11 llc-0b9 1 13 0 13 0
l1d_u13-11 llc-0b10 1 13 0 13 0
l1d_u13-11 llc-0b11 1 13 0 13 0
l1d_u13-11 llc-0b12 1 13 0 13 0
l1d_u13-11 llc-0b13 1 13 0 13 0
l1d_u13-11 llc-0b14 1 13 0 13 0
l1d_u13-11 llc-0b15 1 13 0 13 0
l1d_u13-11 llc-0b16 1 13 0 13 0
l1d_u13-11 llc-0b17 1 13 0 13 0
l1d_u13-11 llc-0b18 1 13 0 13 0
l1d_u13-11 llc-0b19 1 13 0 13 0
l1d_u13-11 llc-0b20 1 13 0 13 0
l1d_u13-11 llc-0b21 1 13 0 13 0
l1d_u13-11 llc-0b22 1 13 0 13 0
l1d_u13-11 llc-0b23 1 13 0 13 0
l1d_u13-11 llc-0b24 1 13 0 13 0
l1d_u13-11 llc-0b25 1 13 0 13 0
l1d_u13-11 llc-0b26 1 13 0 13 0
l1d_u13-11 llc-0b27 1 13 0 13 0
l1d_u13-11 llc-0b28 1 13 0 13 0
l1d_u13-11 llc-0b29 1 13 0 13 0
l1d_u13-11 llc-0b30 1 13 0 13 0
l1d_u13-11 llc-0b31 1 13 0 13 0
l1d_u13-12 llc-0b0 1 13 0 13 0
l1d_u13-12 llc-0b1 1 13 0 13 0
l1d_u13-12 llc-0b2 1 13 0 13 0
l1d_u13-12 llc-0b3 1 13 0 13 0
l1d_u13-12 llc-0b4 1 13 0 13 0
l1d_u13-12 llc-0b5 1 13 0 13 0
l1d_u13-12 llc-0b6 1 13 0 13 0
l1d_u13-12 llc-0b7 1 13 0 13 0
l1d_u13-12 llc-0b8 1 13 0 13 0
l1d_u13-12 llc-0b9 1 13 0 13 0
l1d_u13-12 llc-0b10 1 13 0 13 0
l1d_u13-12 llc-0b11 1 13 0 13 0
l1d_u13-12 llc-0b12 1 13 0 13 0
l1d_u13-12 llc-0b13 1 13 0 13 0
l1d_u13-12 llc-0b14 1 13 0 13 0
l1d_u13-12 llc-0b15 1 13 0 13 0
l1d_u13-12 llc-0b16 1 13 0 13 0
l1d_u13-12 llc-0b17 1 13 0 13 0
l1d_u13-12 llc-0b18 1 13 0 13 0
l1d_u13-12 llc-0b19 1 13 0 13 0
l1d_u13-12 llc-0b20 1 13 0 13 0
l1d_u13-12 llc-0b21 1 13 0 13 0
l1d_u13-12 llc-0b22 1 13 0 13 0
l1d_u13-12 llc-0b23 1 13 0 13 0
l1d_u13-12 llc-0b24 1 13 0 13 0
l1d_u13-12 llc-0b25 1 13 0 13 0
l1d_u13-12 llc-0b26 1 13 0 13 0
l1d_u13-12 llc-0b27 1 13 0 13 0
l1d_u13-12 llc-0b28 1 13 0 13 0
l1d_u13-12 llc-0b29 1 13 0 13 0
l1d_u13-12 llc-0b30 1 13 0 13 0
l1d_u13-12 llc-0b31 1 13 0 13 0
l1d_u13-13 llc-0b0 1 13 0 13 0
l1d_u13-13 llc-0b1 1 13 0 13 0
l1d_u13-13 llc-0b2 1 13 0 13 0
l1d_u13-13 llc-0b3 1 13 0 13 0
l1d_u13-13 llc-0b4 1 13 0 13 0
l1d_u13-13 llc-0b5 1 13 0 13 0
l1d_u13-13 llc-0b6 1 13 0 13 0
l1d_u13-13 llc-0b7 1 13 0 13 0
l1d_u13-13 llc-0b8 1 13 0 13 0
l1d_u13-13 llc-0b9 1 13 0 13 0
l1d_u13-13 llc-0b10 1 13 0 13 0
l1d_u13-13 llc-0b11 1 13 0 13 0
l1d_u13-13 llc-0b12 1 13 0 13 0
l1d_u13-13 llc-0b13 1 13 0 13 0
l1d_u13-13 llc-0b14 1 13 0 13 0
l1d_u13-13 llc-0b15 1 13 0 13 0
l1d_u13-13 llc-0b16 1 13 0 13 0
l1d_u13-13 llc-0b17 1 13 0 13 0
l1d_u13-13 llc-0b18 1 13 0 13 0
l1d_u13-13 llc-0b19 1 13 0 13 0
l1d_u13-13 llc-0b20 1 13 0 13 0
l1d_u13-13 llc-0b21 1 13 0 13 0
l1d_u13-13 llc-0b22 1 13 0 13 0
l1d_u13-13 llc-0b23 1 13 0 13 0
l1d_u13-13 llc-0b24 1 13 0 13 0
l1d_u13-13 llc-0b25 1 13 0 13 0
l1d_u13-13 llc-0b26 1 13 0 13 0
l1d_u13-13 llc-0b27 1 13 0 13 0
l1d_u13-13 llc-0b28 1 13 0 13 0
l1d_u13-13 llc-0b29 1 13 0 13 0
l1d_u13-13 llc-0b30 1 13 0 13 0
l1d_u13-13 llc-0b31 1 13 0 13 0
l1d_u13-14 llc-0b0 1 13 0 13 0
l1d_u13-14 llc-0b1 1 13 0 13 0
l1d_u13-14 llc-0b2 1 13 0 13 0
l1d_u13-14 llc-0b3 1 13 0 13 0
l1d_u13-14 llc-0b4 1 13 0 13 0
l1d_u13-14 llc-0b5 1 13 0 13 0
l1d_u13-14 llc-0b6 1 13 0 13 0
l1d_u13-14 llc-0b7 1 13 0 13 0
l1d_u13-14 llc-0b8 1 13 0 13 0
l1d_u13-14 llc-0b9 1 13 0 13 0
l1d_u13-14 llc-0b10 1 13 0 13 0
l1d_u13-14 llc-0b11 1 13 0 13 0
l1d_u13-14 llc-0b12 1 13 0 13 0
l1d_u13-14 llc-0b13 1 13 0 13 0
l1d_u13-14 llc-0b14 1 13 0 13 0
l1d_u13-14 llc-0b15 1 13 0 13 0
l1d_u13-14 llc-0b16 1 13 0 13 0
l1d_u13-14 llc-0b17 1 13 0 13 0
l1d_u13-14 llc-0b18 1 13 0 13 0
l1d_u13-14 llc-0b19 1 13 0 13 0
l1d_u13-14 llc-0b20 1 13 0 13 0
l1d_u13-14 llc-0b21 1 13 0 13 0
l1d_u13-14 llc-0b22 1 13 0 13 0
l1d_u13-14 llc-0b23 1 13 0 13 0
l1d_u13-14 llc-0b24 1 13 0 13 0
l1d_u13-14 llc-0b25 1 13 0 13 0
l1d_u13-14 llc-0b26 1 13 0 13 0
l1d_u13-14 llc-0b27 1 13 0 13 0
l1d_u13-14 llc-0b28 1 13 0 13 0
l1d_u13-14 llc-0b29 1 13 0 13 0
l1d_u13-14 llc-0b30 1 13 0 13 0
l1d_u13-14 llc-0b31 1 13 0 13 0
l1d_u13-15 llc-0b0 1 13 0 13 0
l1d_u13-15 llc-0b1 1 13 0 13 0
l1d_u13-15 llc-0b2 1 13 0 13 0
l1d_u13-15 llc-0b3 1 13 0 13 0
l1d_u13-15 llc-0b4 1 13 0 13 0
l1d_u13-15 llc-0b5 1 13 0 13 0
l1d_u13-15 llc-0b6 1 13 0 13 0
l1d_u13-15 llc-0b7 1 13 0 13 0
l1d_u13-15 llc-0b8 1 13 0 13 0
l1d_u13-15 llc-0b9 1 13 0 13 0
l1d_u13-15 llc-0b10 1 13 0 13 0
l1d_u13-15 llc-0b11 1 13 0 13 0
l1d_u13-15 llc-0b12 1 13 0 13 0
l1d_u13-15 llc-0b13 1 13 0 13 0
l1d_u13-15 llc-0b14 1 13 0 13 0
l1d_u13-15 llc-0b15 1 13 0 13 0
l1d_u13-15 llc-0b16 1 13 0 13 0
l1d_u13-15 llc-0b17 1 13 0 13 0
l1d_u13-15 llc-0b18 1 13 0 13 0
l1d_u13-15 llc-0b19 1 13 0 13 0
l1d_u13-15 llc-0b20 1 13 0 13 0
l1d_u13-15 llc-0b21 1 13 0 13 0
l1d_u13-15 llc-0b22 1 13 0 13 0
l1d_u13-15 llc-0b23 1 13 0 13 0
l1d_u13-15 llc-0b24 1 13 0 13 0
l1d_u13-15 llc-0b25 1 13 0 13 0
l1d_u13-15 llc-0b26 1 13 0 13 0
l1d_u13-15 llc-0b27 1 13 0 13 0
l1d_u13-15 llc-0b28 1 13 0 13 0
l1d_u13-15 llc-0b29 1 13 0 13 0
l1d_u13-15 llc-0b30 1 13 0 13 0
l1d_u13-15 llc-0b31 1 13 0 13 0
l1i_u14-0 llc-0b0 1 14 0 14 0
l1i_u14-0 llc-0b1 1 14 0 14 0
l1i_u14-0 llc-0b2 1 14 0 14 0
l1i_u14-0 llc-0b3 1 14 0 14 0
l1i_u14-0 llc-0b4 1 14 0 14 0
l1i_u14-0 llc-0b5 1 14 0 14 0
l1i_u14-0 llc-0b6 1 14 0 14 0
l1i_u14-0 llc-0b7 1 14 0 14 0
l1i_u14-0 llc-0b8 1 14 0 14 0
l1i_u14-0 llc-0b9 1 14 0 14 0
l1i_u14-0 llc-0b10 1 14 0 14 0
l1i_u14-0 llc-0b11 1 14 0 14 0
l1i_u14-0 llc-0b12 1 14 0 14 0
l1i_u14-0 llc-0b13 1 14 0 14 0
l1i_u14-0 llc-0b14 1 14 0 14 0
l1i_u14-0 llc-0b15 1 14 0 14 0
l1i_u14-0 llc-0b16 1 14 0 14 0
l1i_u14-0 llc-0b17 1 14 0 14 0
l1i_u14-0 llc-0b18 1 14 0 14 0
l1i_u14-0 llc-0b19 1 14 0 14 0
l1i_u14-0 llc-0b20 1 14 0 14 0
l1i_u14-0 llc-0b21 1 14 0 14 0
l1i_u14-0 llc-0b22 1 14 0 14 0
l1i_u14-0 llc-0b23 1 14 0 14 0
l1i_u14-0 llc-0b24 1 14 0 14 0
l1i_u14-0 llc-0b25 1 14 0 14 0
l1i_u14-0 llc-0b26 1 14 0 14 0
l1i_u14-0 llc-0b27 1 14 0 14 0
l1i_u14-0 llc-0b28 1 14 0 14 0
l1i_u14-0 llc-0b29 1 14 0 14 0
l1i_u14-0 llc-0b30 1 14 0 14 0
l1i_u14-0 llc-0b31 1 14 0 14 0
l1i_u14-1 llc-0b0 1 14 0 14 0
l1i_u14-1 llc-0b1 1 14 0 14 0
l1i_u14-1 llc-0b2 1 14 0 14 0
l1i_u14-1 llc-0b3 1 14 0 14 0
l1i_u14-1 llc-0b4 1 14 0 14 0
l1i_u14-1 llc-0b5 1 14 0 14 0
l1i_u14-1 llc-0b6 1 14 0 14 0
l1i_u14-1 llc-0b7 1 14 0 14 0
l1i_u14-1 llc-0b8 1 14 0 14 0
l1i_u14-1 llc-0b9 1 14 0 14 0
l1i_u14-1 llc-0b10 1 14 0 14 0
l1i_u14-1 llc-0b11 1 14 0 14 0
l1i_u14-1 llc-0b12 1 14 0 14 0
l1i_u14-1 llc-0b13 1 14 0 14 0
l1i_u14-1 llc-0b14 1 14 0 14 0
l1i_u14-1 llc-0b15 1 14 0 14 0
l1i_u14-1 llc-0b16 1 14 0 14 0
l1i_u14-1 llc-0b17 1 14 0 14 0
l1i_u14-1 llc-0b18 1 14 0 14 0
l1i_u14-1 llc-0b19 1 14 0 14 0
l1i_u14-1 llc-0b20 1 14 0 14 0
l1i_u14-1 llc-0b21 1 14 0 14 0
l1i_u14-1 llc-0b22 1 14 0 14 0
l1i_u14-1 llc-0b23 1 14 0 14 0
l1i_u14-1 llc-0b24 1 14 0 14 0
l1i_u14-1 llc-0b25 1 14 0 14 0
l1i_u14-1 llc-0b26 1 14 0 14 0
l1i_u14-1 llc-0b27 1 14 0 14 0
l1i_u14-1 llc-0b28 1 14 0 14 0
l1i_u14-1 llc-0b29 1 14 0 14 0
l1i_u14-1 llc-0b30 1 14 0 14 0
l1i_u14-1 llc-0b31 1 14 0 14 0
l1i_u14-2 llc-0b0 1 14 0 14 0
l1i_u14-2 llc-0b1 1 14 0 14 0
l1i_u14-2 llc-0b2 1 14 0 14 0
l1i_u14-2 llc-0b3 1 14 0 14 0
l1i_u14-2 llc-0b4 1 14 0 14 0
l1i_u14-2 llc-0b5 1 14 0 14 0
l1i_u14-2 llc-0b6 1 14 0 14 0
l1i_u14-2 llc-0b7 1 14 0 14 0
l1i_u14-2 llc-0b8 1 14 0 14 0
l1i_u14-2 llc-0b9 1 14 0 14 0
l1i_u14-2 llc-0b10 1 14 0 14 0
l1i_u14-2 llc-0b11 1 14 0 14 0
l1i_u14-2 llc-0b12 1 14 0 14 0
l1i_u14-2 llc-0b13 1 14 0 14 0
l1i_u14-2 llc-0b14 1 14 0 14 0
l1i_u14-2 llc-0b15 1 14 0 14 0
l1i_u14-2 llc-0b16 1 14 0 14 0
l1i_u14-2 llc-0b17 1 14 0 14 0
l1i_u14-2 llc-0b18 1 14 0 14 0
l1i_u14-2 llc-0b19 1 14 0 14 0
l1i_u14-2 llc-0b20 1 14 0 14 0
l1i_u14-2 llc-0b21 1 14 0 14 0
l1i_u14-2 llc-0b22 1 14 0 14 0
l1i_u14-2 llc-0b23 1 14 0 14 0
l1i_u14-2 llc-0b24 1 14 0 14 0
l1i_u14-2 llc-0b25 1 14 0 14 0
l1i_u14-2 llc-0b26 1 14 0 14 0
l1i_u14-2 llc-0b27 1 14 0 14 0
l1i_u14-2 llc-0b28 1 14 0 14 0
l1i_u14-2 llc-0b29 1 14 0 14 0
l1i_u14-2 llc-0b30 1 14 0 14 0
l1i_u14-2 llc-0b31 1 14 0 14 0
l1i_u14-3 llc-0b0 1 14 0 14 0
l1i_u14-3 llc-0b1 1 14 0 14 0
l1i_u14-3 llc-0b2 1 14 0 14 0
l1i_u14-3 llc-0b3 1 14 0 14 0
l1i_u14-3 llc-0b4 1 14 0 14 0
l1i_u14-3 llc-0b5 1 14 0 14 0
l1i_u14-3 llc-0b6 1 14 0 14 0
l1i_u14-3 llc-0b7 1 14 0 14 0
l1i_u14-3 llc-0b8 1 14 0 14 0
l1i_u14-3 llc-0b9 1 14 0 14 0
l1i_u14-3 llc-0b10 1 14 0 14 0
l1i_u14-3 llc-0b11 1 14 0 14 0
l1i_u14-3 llc-0b12 1 14 0 14 0
l1i_u14-3 llc-0b13 1 14 0 14 0
l1i_u14-3 llc-0b14 1 14 0 14 0
l1i_u14-3 llc-0b15 1 14 0 14 0
l1i_u14-3 llc-0b16 1 14 0 14 0
l1i_u14-3 llc-0b17 1 14 0 14 0
l1i_u14-3 llc-0b18 1 14 0 14 0
l1i_u14-3 llc-0b19 1 14 0 14 0
l1i_u14-3 llc-0b20 1 14 0 14 0
l1i_u14-3 llc-0b21 1 14 0 14 0
l1i_u14-3 llc-0b22 1 14 0 14 0
l1i_u14-3 llc-0b23 1 14 0 14 0
l1i_u14-3 llc-0b24 1 14 0 14 0
l1i_u14-3 llc-0b25 1 14 0 14 0
l1i_u14-3 llc-0b26 1 14 0 14 0
l1i_u14-3 llc-0b27 1 14 0 14 0
l1i_u14-3 llc-0b28 1 14 0 14 0
l1i_u14-3 llc-0b29 1 14 0 14 0
l1i_u14-3 llc-0b30 1 14 0 14 0
l1i_u14-3 llc-0b31 1 14 0 14 0
l1i_u14-4 llc-0b0 1 14 0 14 0
l1i_u14-4 llc-0b1 1 14 0 14 0
l1i_u14-4 llc-0b2 1 14 0 14 0
l1i_u14-4 llc-0b3 1 14 0 14 0
l1i_u14-4 llc-0b4 1 14 0 14 0
l1i_u14-4 llc-0b5 1 14 0 14 0
l1i_u14-4 llc-0b6 1 14 0 14 0
l1i_u14-4 llc-0b7 1 14 0 14 0
l1i_u14-4 llc-0b8 1 14 0 14 0
l1i_u14-4 llc-0b9 1 14 0 14 0
l1i_u14-4 llc-0b10 1 14 0 14 0
l1i_u14-4 llc-0b11 1 14 0 14 0
l1i_u14-4 llc-0b12 1 14 0 14 0
l1i_u14-4 llc-0b13 1 14 0 14 0
l1i_u14-4 llc-0b14 1 14 0 14 0
l1i_u14-4 llc-0b15 1 14 0 14 0
l1i_u14-4 llc-0b16 1 14 0 14 0
l1i_u14-4 llc-0b17 1 14 0 14 0
l1i_u14-4 llc-0b18 1 14 0 14 0
l1i_u14-4 llc-0b19 1 14 0 14 0
l1i_u14-4 llc-0b20 1 14 0 14 0
l1i_u14-4 llc-0b21 1 14 0 14 0
l1i_u14-4 llc-0b22 1 14 0 14 0
l1i_u14-4 llc-0b23 1 14 0 14 0
l1i_u14-4 llc-0b24 1 14 0 14 0
l1i_u14-4 llc-0b25 1 14 0 14 0
l1i_u14-4 llc-0b26 1 14 0 14 0
l1i_u14-4 llc-0b27 1 14 0 14 0
l1i_u14-4 llc-0b28 1 14 0 14 0
l1i_u14-4 llc-0b29 1 14 0 14 0
l1i_u14-4 llc-0b30 1 14 0 14 0
l1i_u14-4 llc-0b31 1 14 0 14 0
l1i_u14-5 llc-0b0 1 14 0 14 0
l1i_u14-5 llc-0b1 1 14 0 14 0
l1i_u14-5 llc-0b2 1 14 0 14 0
l1i_u14-5 llc-0b3 1 14 0 14 0
l1i_u14-5 llc-0b4 1 14 0 14 0
l1i_u14-5 llc-0b5 1 14 0 14 0
l1i_u14-5 llc-0b6 1 14 0 14 0
l1i_u14-5 llc-0b7 1 14 0 14 0
l1i_u14-5 llc-0b8 1 14 0 14 0
l1i_u14-5 llc-0b9 1 14 0 14 0
l1i_u14-5 llc-0b10 1 14 0 14 0
l1i_u14-5 llc-0b11 1 14 0 14 0
l1i_u14-5 llc-0b12 1 14 0 14 0
l1i_u14-5 llc-0b13 1 14 0 14 0
l1i_u14-5 llc-0b14 1 14 0 14 0
l1i_u14-5 llc-0b15 1 14 0 14 0
l1i_u14-5 llc-0b16 1 14 0 14 0
l1i_u14-5 llc-0b17 1 14 0 14 0
l1i_u14-5 llc-0b18 1 14 0 14 0
l1i_u14-5 llc-0b19 1 14 0 14 0
l1i_u14-5 llc-0b20 1 14 0 14 0
l1i_u14-5 llc-0b21 1 14 0 14 0
l1i_u14-5 llc-0b22 1 14 0 14 0
l1i_u14-5 llc-0b23 1 14 0 14 0
l1i_u14-5 llc-0b24 1 14 0 14 0
l1i_u14-5 llc-0b25 1 14 0 14 0
l1i_u14-5 llc-0b26 1 14 0 14 0
l1i_u14-5 llc-0b27 1 14 0 14 0
l1i_u14-5 llc-0b28 1 14 0 14 0
l1i_u14-5 llc-0b29 1 14 0 14 0
l1i_u14-5 llc-0b30 1 14 0 14 0
l1i_u14-5 llc-0b31 1 14 0 14 0
l1i_u14-6 llc-0b0 1 14 0 14 0
l1i_u14-6 llc-0b1 1 14 0 14 0
l1i_u14-6 llc-0b2 1 14 0 14 0
l1i_u14-6 llc-0b3 1 14 0 14 0
l1i_u14-6 llc-0b4 1 14 0 14 0
l1i_u14-6 llc-0b5 1 14 0 14 0
l1i_u14-6 llc-0b6 1 14 0 14 0
l1i_u14-6 llc-0b7 1 14 0 14 0
l1i_u14-6 llc-0b8 1 14 0 14 0
l1i_u14-6 llc-0b9 1 14 0 14 0
l1i_u14-6 llc-0b10 1 14 0 14 0
l1i_u14-6 llc-0b11 1 14 0 14 0
l1i_u14-6 llc-0b12 1 14 0 14 0
l1i_u14-6 llc-0b13 1 14 0 14 0
l1i_u14-6 llc-0b14 1 14 0 14 0
l1i_u14-6 llc-0b15 1 14 0 14 0
l1i_u14-6 llc-0b16 1 14 0 14 0
l1i_u14-6 llc-0b17 1 14 0 14 0
l1i_u14-6 llc-0b18 1 14 0 14 0
l1i_u14-6 llc-0b19 1 14 0 14 0
l1i_u14-6 llc-0b20 1 14 0 14 0
l1i_u14-6 llc-0b21 1 14 0 14 0
l1i_u14-6 llc-0b22 1 14 0 14 0
l1i_u14-6 llc-0b23 1 14 0 14 0
l1i_u14-6 llc-0b24 1 14 0 14 0
l1i_u14-6 llc-0b25 1 14 0 14 0
l1i_u14-6 llc-0b26 1 14 0 14 0
l1i_u14-6 llc-0b27 1 14 0 14 0
l1i_u14-6 llc-0b28 1 14 0 14 0
l1i_u14-6 llc-0b29 1 14 0 14 0
l1i_u14-6 llc-0b30 1 14 0 14 0
l1i_u14-6 llc-0b31 1 14 0 14 0
l1i_u14-7 llc-0b0 1 14 0 14 0
l1i_u14-7 llc-0b1 1 14 0 14 0
l1i_u14-7 llc-0b2 1 14 0 14 0
l1i_u14-7 llc-0b3 1 14 0 14 0
l1i_u14-7 llc-0b4 1 14 0 14 0
l1i_u14-7 llc-0b5 1 14 0 14 0
l1i_u14-7 llc-0b6 1 14 0 14 0
l1i_u14-7 llc-0b7 1 14 0 14 0
l1i_u14-7 llc-0b8 1 14 0 14 0
l1i_u14-7 llc-0b9 1 14 0 14 0
l1i_u14-7 llc-0b10 1 14 0 14 0
l1i_u14-7 llc-0b11 1 14 0 14 0
l1i_u14-7 llc-0b12 1 14 0 14 0
l1i_u14-7 llc-0b13 1 14 0 14 0
l1i_u14-7 llc-0b14 1 14 0 14 0
l1i_u14-7 llc-0b15 1 14 0 14 0
l1i_u14-7 llc-0b16 1 14 0 14 0
l1i_u14-7 llc-0b17 1 14 0 14 0
l1i_u14-7 llc-0b18 1 14 0 14 0
l1i_u14-7 llc-0b19 1 14 0 14 0
l1i_u14-7 llc-0b20 1 14 0 14 0
l1i_u14-7 llc-0b21 1 14 0 14 0
l1i_u14-7 llc-0b22 1 14 0 14 0
l1i_u14-7 llc-0b23 1 14 0 14 0
l1i_u14-7 llc-0b24 1 14 0 14 0
l1i_u14-7 llc-0b25 1 14 0 14 0
l1i_u14-7 llc-0b26 1 14 0 14 0
l1i_u14-7 llc-0b27 1 14 0 14 0
l1i_u14-7 llc-0b28 1 14 0 14 0
l1i_u14-7 llc-0b29 1 14 0 14 0
l1i_u14-7 llc-0b30 1 14 0 14 0
l1i_u14-7 llc-0b31 1 14 0 14 0
l1i_u14-8 llc-0b0 1 14 0 14 0
l1i_u14-8 llc-0b1 1 14 0 14 0
l1i_u14-8 llc-0b2 1 14 0 14 0
l1i_u14-8 llc-0b3 1 14 0 14 0
l1i_u14-8 llc-0b4 1 14 0 14 0
l1i_u14-8 llc-0b5 1 14 0 14 0
l1i_u14-8 llc-0b6 1 14 0 14 0
l1i_u14-8 llc-0b7 1 14 0 14 0
l1i_u14-8 llc-0b8 1 14 0 14 0
l1i_u14-8 llc-0b9 1 14 0 14 0
l1i_u14-8 llc-0b10 1 14 0 14 0
l1i_u14-8 llc-0b11 1 14 0 14 0
l1i_u14-8 llc-0b12 1 14 0 14 0
l1i_u14-8 llc-0b13 1 14 0 14 0
l1i_u14-8 llc-0b14 1 14 0 14 0
l1i_u14-8 llc-0b15 1 14 0 14 0
l1i_u14-8 llc-0b16 1 14 0 14 0
l1i_u14-8 llc-0b17 1 14 0 14 0
l1i_u14-8 llc-0b18 1 14 0 14 0
l1i_u14-8 llc-0b19 1 14 0 14 0
l1i_u14-8 llc-0b20 1 14 0 14 0
l1i_u14-8 llc-0b21 1 14 0 14 0
l1i_u14-8 llc-0b22 1 14 0 14 0
l1i_u14-8 llc-0b23 1 14 0 14 0
l1i_u14-8 llc-0b24 1 14 0 14 0
l1i_u14-8 llc-0b25 1 14 0 14 0
l1i_u14-8 llc-0b26 1 14 0 14 0
l1i_u14-8 llc-0b27 1 14 0 14 0
l1i_u14-8 llc-0b28 1 14 0 14 0
l1i_u14-8 llc-0b29 1 14 0 14 0
l1i_u14-8 llc-0b30 1 14 0 14 0
l1i_u14-8 llc-0b31 1 14 0 14 0
l1i_u14-9 llc-0b0 1 14 0 14 0
l1i_u14-9 llc-0b1 1 14 0 14 0
l1i_u14-9 llc-0b2 1 14 0 14 0
l1i_u14-9 llc-0b3 1 14 0 14 0
l1i_u14-9 llc-0b4 1 14 0 14 0
l1i_u14-9 llc-0b5 1 14 0 14 0
l1i_u14-9 llc-0b6 1 14 0 14 0
l1i_u14-9 llc-0b7 1 14 0 14 0
l1i_u14-9 llc-0b8 1 14 0 14 0
l1i_u14-9 llc-0b9 1 14 0 14 0
l1i_u14-9 llc-0b10 1 14 0 14 0
l1i_u14-9 llc-0b11 1 14 0 14 0
l1i_u14-9 llc-0b12 1 14 0 14 0
l1i_u14-9 llc-0b13 1 14 0 14 0
l1i_u14-9 llc-0b14 1 14 0 14 0
l1i_u14-9 llc-0b15 1 14 0 14 0
l1i_u14-9 llc-0b16 1 14 0 14 0
l1i_u14-9 llc-0b17 1 14 0 14 0
l1i_u14-9 llc-0b18 1 14 0 14 0
l1i_u14-9 llc-0b19 1 14 0 14 0
l1i_u14-9 llc-0b20 1 14 0 14 0
l1i_u14-9 llc-0b21 1 14 0 14 0
l1i_u14-9 llc-0b22 1 14 0 14 0
l1i_u14-9 llc-0b23 1 14 0 14 0
l1i_u14-9 llc-0b24 1 14 0 14 0
l1i_u14-9 llc-0b25 1 14 0 14 0
l1i_u14-9 llc-0b26 1 14 0 14 0
l1i_u14-9 llc-0b27 1 14 0 14 0
l1i_u14-9 llc-0b28 1 14 0 14 0
l1i_u14-9 llc-0b29 1 14 0 14 0
l1i_u14-9 llc-0b30 1 14 0 14 0
l1i_u14-9 llc-0b31 1 14 0 14 0
l1i_u14-10 llc-0b0 1 14 0 14 0
l1i_u14-10 llc-0b1 1 14 0 14 0
l1i_u14-10 llc-0b2 1 14 0 14 0
l1i_u14-10 llc-0b3 1 14 0 14 0
l1i_u14-10 llc-0b4 1 14 0 14 0
l1i_u14-10 llc-0b5 1 14 0 14 0
l1i_u14-10 llc-0b6 1 14 0 14 0
l1i_u14-10 llc-0b7 1 14 0 14 0
l1i_u14-10 llc-0b8 1 14 0 14 0
l1i_u14-10 llc-0b9 1 14 0 14 0
l1i_u14-10 llc-0b10 1 14 0 14 0
l1i_u14-10 llc-0b11 1 14 0 14 0
l1i_u14-10 llc-0b12 1 14 0 14 0
l1i_u14-10 llc-0b13 1 14 0 14 0
l1i_u14-10 llc-0b14 1 14 0 14 0
l1i_u14-10 llc-0b15 1 14 0 14 0
l1i_u14-10 llc-0b16 1 14 0 14 0
l1i_u14-10 llc-0b17 1 14 0 14 0
l1i_u14-10 llc-0b18 1 14 0 14 0
l1i_u14-10 llc-0b19 1 14 0 14 0
l1i_u14-10 llc-0b20 1 14 0 14 0
l1i_u14-10 llc-0b21 1 14 0 14 0
l1i_u14-10 llc-0b22 1 14 0 14 0
l1i_u14-10 llc-0b23 1 14 0 14 0
l1i_u14-10 llc-0b24 1 14 0 14 0
l1i_u14-10 llc-0b25 1 14 0 14 0
l1i_u14-10 llc-0b26 1 14 0 14 0
l1i_u14-10 llc-0b27 1 14 0 14 0
l1i_u14-10 llc-0b28 1 14 0 14 0
l1i_u14-10 llc-0b29 1 14 0 14 0
l1i_u14-10 llc-0b30 1 14 0 14 0
l1i_u14-10 llc-0b31 1 14 0 14 0
l1i_u14-11 llc-0b0 1 14 0 14 0
l1i_u14-11 llc-0b1 1 14 0 14 0
l1i_u14-11 llc-0b2 1 14 0 14 0
l1i_u14-11 llc-0b3 1 14 0 14 0
l1i_u14-11 llc-0b4 1 14 0 14 0
l1i_u14-11 llc-0b5 1 14 0 14 0
l1i_u14-11 llc-0b6 1 14 0 14 0
l1i_u14-11 llc-0b7 1 14 0 14 0
l1i_u14-11 llc-0b8 1 14 0 14 0
l1i_u14-11 llc-0b9 1 14 0 14 0
l1i_u14-11 llc-0b10 1 14 0 14 0
l1i_u14-11 llc-0b11 1 14 0 14 0
l1i_u14-11 llc-0b12 1 14 0 14 0
l1i_u14-11 llc-0b13 1 14 0 14 0
l1i_u14-11 llc-0b14 1 14 0 14 0
l1i_u14-11 llc-0b15 1 14 0 14 0
l1i_u14-11 llc-0b16 1 14 0 14 0
l1i_u14-11 llc-0b17 1 14 0 14 0
l1i_u14-11 llc-0b18 1 14 0 14 0
l1i_u14-11 llc-0b19 1 14 0 14 0
l1i_u14-11 llc-0b20 1 14 0 14 0
l1i_u14-11 llc-0b21 1 14 0 14 0
l1i_u14-11 llc-0b22 1 14 0 14 0
l1i_u14-11 llc-0b23 1 14 0 14 0
l1i_u14-11 llc-0b24 1 14 0 14 0
l1i_u14-11 llc-0b25 1 14 0 14 0
l1i_u14-11 llc-0b26 1 14 0 14 0
l1i_u14-11 llc-0b27 1 14 0 14 0
l1i_u14-11 llc-0b28 1 14 0 14 0
l1i_u14-11 llc-0b29 1 14 0 14 0
l1i_u14-11 llc-0b30 1 14 0 14 0
l1i_u14-11 llc-0b31 1 14 0 14 0
l1i_u14-12 llc-0b0 1 14 0 14 0
l1i_u14-12 llc-0b1 1 14 0 14 0
l1i_u14-12 llc-0b2 1 14 0 14 0
l1i_u14-12 llc-0b3 1 14 0 14 0
l1i_u14-12 llc-0b4 1 14 0 14 0
l1i_u14-12 llc-0b5 1 14 0 14 0
l1i_u14-12 llc-0b6 1 14 0 14 0
l1i_u14-12 llc-0b7 1 14 0 14 0
l1i_u14-12 llc-0b8 1 14 0 14 0
l1i_u14-12 llc-0b9 1 14 0 14 0
l1i_u14-12 llc-0b10 1 14 0 14 0
l1i_u14-12 llc-0b11 1 14 0 14 0
l1i_u14-12 llc-0b12 1 14 0 14 0
l1i_u14-12 llc-0b13 1 14 0 14 0
l1i_u14-12 llc-0b14 1 14 0 14 0
l1i_u14-12 llc-0b15 1 14 0 14 0
l1i_u14-12 llc-0b16 1 14 0 14 0
l1i_u14-12 llc-0b17 1 14 0 14 0
l1i_u14-12 llc-0b18 1 14 0 14 0
l1i_u14-12 llc-0b19 1 14 0 14 0
l1i_u14-12 llc-0b20 1 14 0 14 0
l1i_u14-12 llc-0b21 1 14 0 14 0
l1i_u14-12 llc-0b22 1 14 0 14 0
l1i_u14-12 llc-0b23 1 14 0 14 0
l1i_u14-12 llc-0b24 1 14 0 14 0
l1i_u14-12 llc-0b25 1 14 0 14 0
l1i_u14-12 llc-0b26 1 14 0 14 0
l1i_u14-12 llc-0b27 1 14 0 14 0
l1i_u14-12 llc-0b28 1 14 0 14 0
l1i_u14-12 llc-0b29 1 14 0 14 0
l1i_u14-12 llc-0b30 1 14 0 14 0
l1i_u14-12 llc-0b31 1 14 0 14 0
l1i_u14-13 llc-0b0 1 14 0 14 0
l1i_u14-13 llc-0b1 1 14 0 14 0
l1i_u14-13 llc-0b2 1 14 0 14 0
l1i_u14-13 llc-0b3 1 14 0 14 0
l1i_u14-13 llc-0b4 1 14 0 14 0
l1i_u14-13 llc-0b5 1 14 0 14 0
l1i_u14-13 llc-0b6 1 14 0 14 0
l1i_u14-13 llc-0b7 1 14 0 14 0
l1i_u14-13 llc-0b8 1 14 0 14 0
l1i_u14-13 llc-0b9 1 14 0 14 0
l1i_u14-13 llc-0b10 1 14 0 14 0
l1i_u14-13 llc-0b11 1 14 0 14 0
l1i_u14-13 llc-0b12 1 14 0 14 0
l1i_u14-13 llc-0b13 1 14 0 14 0
l1i_u14-13 llc-0b14 1 14 0 14 0
l1i_u14-13 llc-0b15 1 14 0 14 0
l1i_u14-13 llc-0b16 1 14 0 14 0
l1i_u14-13 llc-0b17 1 14 0 14 0
l1i_u14-13 llc-0b18 1 14 0 14 0
l1i_u14-13 llc-0b19 1 14 0 14 0
l1i_u14-13 llc-0b20 1 14 0 14 0
l1i_u14-13 llc-0b21 1 14 0 14 0
l1i_u14-13 llc-0b22 1 14 0 14 0
l1i_u14-13 llc-0b23 1 14 0 14 0
l1i_u14-13 llc-0b24 1 14 0 14 0
l1i_u14-13 llc-0b25 1 14 0 14 0
l1i_u14-13 llc-0b26 1 14 0 14 0
l1i_u14-13 llc-0b27 1 14 0 14 0
l1i_u14-13 llc-0b28 1 14 0 14 0
l1i_u14-13 llc-0b29 1 14 0 14 0
l1i_u14-13 llc-0b30 1 14 0 14 0
l1i_u14-13 llc-0b31 1 14 0 14 0
l1i_u14-14 llc-0b0 1 14 0 14 0
l1i_u14-14 llc-0b1 1 14 0 14 0
l1i_u14-14 llc-0b2 1 14 0 14 0
l1i_u14-14 llc-0b3 1 14 0 14 0
l1i_u14-14 llc-0b4 1 14 0 14 0
l1i_u14-14 llc-0b5 1 14 0 14 0
l1i_u14-14 llc-0b6 1 14 0 14 0
l1i_u14-14 llc-0b7 1 14 0 14 0
l1i_u14-14 llc-0b8 1 14 0 14 0
l1i_u14-14 llc-0b9 1 14 0 14 0
l1i_u14-14 llc-0b10 1 14 0 14 0
l1i_u14-14 llc-0b11 1 14 0 14 0
l1i_u14-14 llc-0b12 1 14 0 14 0
l1i_u14-14 llc-0b13 1 14 0 14 0
l1i_u14-14 llc-0b14 1 14 0 14 0
l1i_u14-14 llc-0b15 1 14 0 14 0
l1i_u14-14 llc-0b16 1 14 0 14 0
l1i_u14-14 llc-0b17 1 14 0 14 0
l1i_u14-14 llc-0b18 1 14 0 14 0
l1i_u14-14 llc-0b19 1 14 0 14 0
l1i_u14-14 llc-0b20 1 14 0 14 0
l1i_u14-14 llc-0b21 1 14 0 14 0
l1i_u14-14 llc-0b22 1 14 0 14 0
l1i_u14-14 llc-0b23 1 14 0 14 0
l1i_u14-14 llc-0b24 1 14 0 14 0
l1i_u14-14 llc-0b25 1 14 0 14 0
l1i_u14-14 llc-0b26 1 14 0 14 0
l1i_u14-14 llc-0b27 1 14 0 14 0
l1i_u14-14 llc-0b28 1 14 0 14 0
l1i_u14-14 llc-0b29 1 14 0 14 0
l1i_u14-14 llc-0b30 1 14 0 14 0
l1i_u14-14 llc-0b31 1 14 0 14 0
l1i_u14-15 llc-0b0 1 14 0 14 0
l1i_u14-15 llc-0b1 1 14 0 14 0
l1i_u14-15 llc-0b2 1 14 0 14 0
l1i_u14-15 llc-0b3 1 14 0 14 0
l1i_u14-15 llc-0b4 1 14 0 14 0
l1i_u14-15 llc-0b5 1 14 0 14 0
l1i_u14-15 llc-0b6 1 14 0 14 0
l1i_u14-15 llc-0b7 1 14 0 14 0
l1i_u14-15 llc-0b8 1 14 0 14 0
l1i_u14-15 llc-0b9 1 14 0 14 0
l1i_u14-15 llc-0b10 1 14 0 14 0
l1i_u14-15 llc-0b11 1 14 0 14 0
l1i_u14-15 llc-0b12 1 14 0 14 0
l1i_u14-15 llc-0b13 1 14 0 14 0
l1i_u14-15 llc-0b14 1 14 0 14 0
l1i_u14-15 llc-0b15 1 14 0 14 0
l1i_u14-15 llc-0b16 1 14 0 14 0
l1i_u14-15 llc-0b17 1 14 0 14 0
l1i_u14-15 llc-0b18 1 14 0 14 0
l1i_u14-15 llc-0b19 1 14 0 14 0
l1i_u14-15 llc-0b20 1 14 0 14 0
l1i_u14-15 llc-0b21 1 14 0 14 0
l1i_u14-15 llc-0b22 1 14 0 14 0
l1i_u14-15 llc-0b23 1 14 0 14 0
l1i_u14-15 llc-0b24 1 14 0 14 0
l1i_u14-15 llc-0b25 1 14 0 14 0
l1i_u14-15 llc-0b26 1 14 0 14 0
l1i_u14-15 llc-0b27 1 14 0 14 0
l1i_u14-15 llc-0b28 1 14 0 14 0
l1i_u14-15 llc-0b29 1 14 0 14 0
l1i_u14-15 llc-0b30 1 14 0 14 0
l1i_u14-15 llc-0b31 1 14 0 14 0
l1d_u14-0 llc-0b0 1 14 0 14 0
l1d_u14-0 llc-0b1 1 14 0 14 0
l1d_u14-0 llc-0b2 1 14 0 14 0
l1d_u14-0 llc-0b3 1 14 0 14 0
l1d_u14-0 llc-0b4 1 14 0 14 0
l1d_u14-0 llc-0b5 1 14 0 14 0
l1d_u14-0 llc-0b6 1 14 0 14 0
l1d_u14-0 llc-0b7 1 14 0 14 0
l1d_u14-0 llc-0b8 1 14 0 14 0
l1d_u14-0 llc-0b9 1 14 0 14 0
l1d_u14-0 llc-0b10 1 14 0 14 0
l1d_u14-0 llc-0b11 1 14 0 14 0
l1d_u14-0 llc-0b12 1 14 0 14 0
l1d_u14-0 llc-0b13 1 14 0 14 0
l1d_u14-0 llc-0b14 1 14 0 14 0
l1d_u14-0 llc-0b15 1 14 0 14 0
l1d_u14-0 llc-0b16 1 14 0 14 0
l1d_u14-0 llc-0b17 1 14 0 14 0
l1d_u14-0 llc-0b18 1 14 0 14 0
l1d_u14-0 llc-0b19 1 14 0 14 0
l1d_u14-0 llc-0b20 1 14 0 14 0
l1d_u14-0 llc-0b21 1 14 0 14 0
l1d_u14-0 llc-0b22 1 14 0 14 0
l1d_u14-0 llc-0b23 1 14 0 14 0
l1d_u14-0 llc-0b24 1 14 0 14 0
l1d_u14-0 llc-0b25 1 14 0 14 0
l1d_u14-0 llc-0b26 1 14 0 14 0
l1d_u14-0 llc-0b27 1 14 0 14 0
l1d_u14-0 llc-0b28 1 14 0 14 0
l1d_u14-0 llc-0b29 1 14 0 14 0
l1d_u14-0 llc-0b30 1 14 0 14 0
l1d_u14-0 llc-0b31 1 14 0 14 0
l1d_u14-1 llc-0b0 1 14 0 14 0
l1d_u14-1 llc-0b1 1 14 0 14 0
l1d_u14-1 llc-0b2 1 14 0 14 0
l1d_u14-1 llc-0b3 1 14 0 14 0
l1d_u14-1 llc-0b4 1 14 0 14 0
l1d_u14-1 llc-0b5 1 14 0 14 0
l1d_u14-1 llc-0b6 1 14 0 14 0
l1d_u14-1 llc-0b7 1 14 0 14 0
l1d_u14-1 llc-0b8 1 14 0 14 0
l1d_u14-1 llc-0b9 1 14 0 14 0
l1d_u14-1 llc-0b10 1 14 0 14 0
l1d_u14-1 llc-0b11 1 14 0 14 0
l1d_u14-1 llc-0b12 1 14 0 14 0
l1d_u14-1 llc-0b13 1 14 0 14 0
l1d_u14-1 llc-0b14 1 14 0 14 0
l1d_u14-1 llc-0b15 1 14 0 14 0
l1d_u14-1 llc-0b16 1 14 0 14 0
l1d_u14-1 llc-0b17 1 14 0 14 0
l1d_u14-1 llc-0b18 1 14 0 14 0
l1d_u14-1 llc-0b19 1 14 0 14 0
l1d_u14-1 llc-0b20 1 14 0 14 0
l1d_u14-1 llc-0b21 1 14 0 14 0
l1d_u14-1 llc-0b22 1 14 0 14 0
l1d_u14-1 llc-0b23 1 14 0 14 0
l1d_u14-1 llc-0b24 1 14 0 14 0
l1d_u14-1 llc-0b25 1 14 0 14 0
l1d_u14-1 llc-0b26 1 14 0 14 0
l1d_u14-1 llc-0b27 1 14 0 14 0
l1d_u14-1 llc-0b28 1 14 0 14 0
l1d_u14-1 llc-0b29 1 14 0 14 0
l1d_u14-1 llc-0b30 1 14 0 14 0
l1d_u14-1 llc-0b31 1 14 0 14 0
l1d_u14-2 llc-0b0 1 14 0 14 0
l1d_u14-2 llc-0b1 1 14 0 14 0
l1d_u14-2 llc-0b2 1 14 0 14 0
l1d_u14-2 llc-0b3 1 14 0 14 0
l1d_u14-2 llc-0b4 1 14 0 14 0
l1d_u14-2 llc-0b5 1 14 0 14 0
l1d_u14-2 llc-0b6 1 14 0 14 0
l1d_u14-2 llc-0b7 1 14 0 14 0
l1d_u14-2 llc-0b8 1 14 0 14 0
l1d_u14-2 llc-0b9 1 14 0 14 0
l1d_u14-2 llc-0b10 1 14 0 14 0
l1d_u14-2 llc-0b11 1 14 0 14 0
l1d_u14-2 llc-0b12 1 14 0 14 0
l1d_u14-2 llc-0b13 1 14 0 14 0
l1d_u14-2 llc-0b14 1 14 0 14 0
l1d_u14-2 llc-0b15 1 14 0 14 0
l1d_u14-2 llc-0b16 1 14 0 14 0
l1d_u14-2 llc-0b17 1 14 0 14 0
l1d_u14-2 llc-0b18 1 14 0 14 0
l1d_u14-2 llc-0b19 1 14 0 14 0
l1d_u14-2 llc-0b20 1 14 0 14 0
l1d_u14-2 llc-0b21 1 14 0 14 0
l1d_u14-2 llc-0b22 1 14 0 14 0
l1d_u14-2 llc-0b23 1 14 0 14 0
l1d_u14-2 llc-0b24 1 14 0 14 0
l1d_u14-2 llc-0b25 1 14 0 14 0
l1d_u14-2 llc-0b26 1 14 0 14 0
l1d_u14-2 llc-0b27 1 14 0 14 0
l1d_u14-2 llc-0b28 1 14 0 14 0
l1d_u14-2 llc-0b29 1 14 0 14 0
l1d_u14-2 llc-0b30 1 14 0 14 0
l1d_u14-2 llc-0b31 1 14 0 14 0
l1d_u14-3 llc-0b0 1 14 0 14 0
l1d_u14-3 llc-0b1 1 14 0 14 0
l1d_u14-3 llc-0b2 1 14 0 14 0
l1d_u14-3 llc-0b3 1 14 0 14 0
l1d_u14-3 llc-0b4 1 14 0 14 0
l1d_u14-3 llc-0b5 1 14 0 14 0
l1d_u14-3 llc-0b6 1 14 0 14 0
l1d_u14-3 llc-0b7 1 14 0 14 0
l1d_u14-3 llc-0b8 1 14 0 14 0
l1d_u14-3 llc-0b9 1 14 0 14 0
l1d_u14-3 llc-0b10 1 14 0 14 0
l1d_u14-3 llc-0b11 1 14 0 14 0
l1d_u14-3 llc-0b12 1 14 0 14 0
l1d_u14-3 llc-0b13 1 14 0 14 0
l1d_u14-3 llc-0b14 1 14 0 14 0
l1d_u14-3 llc-0b15 1 14 0 14 0
l1d_u14-3 llc-0b16 1 14 0 14 0
l1d_u14-3 llc-0b17 1 14 0 14 0
l1d_u14-3 llc-0b18 1 14 0 14 0
l1d_u14-3 llc-0b19 1 14 0 14 0
l1d_u14-3 llc-0b20 1 14 0 14 0
l1d_u14-3 llc-0b21 1 14 0 14 0
l1d_u14-3 llc-0b22 1 14 0 14 0
l1d_u14-3 llc-0b23 1 14 0 14 0
l1d_u14-3 llc-0b24 1 14 0 14 0
l1d_u14-3 llc-0b25 1 14 0 14 0
l1d_u14-3 llc-0b26 1 14 0 14 0
l1d_u14-3 llc-0b27 1 14 0 14 0
l1d_u14-3 llc-0b28 1 14 0 14 0
l1d_u14-3 llc-0b29 1 14 0 14 0
l1d_u14-3 llc-0b30 1 14 0 14 0
l1d_u14-3 llc-0b31 1 14 0 14 0
l1d_u14-4 llc-0b0 1 14 0 14 0
l1d_u14-4 llc-0b1 1 14 0 14 0
l1d_u14-4 llc-0b2 1 14 0 14 0
l1d_u14-4 llc-0b3 1 14 0 14 0
l1d_u14-4 llc-0b4 1 14 0 14 0
l1d_u14-4 llc-0b5 1 14 0 14 0
l1d_u14-4 llc-0b6 1 14 0 14 0
l1d_u14-4 llc-0b7 1 14 0 14 0
l1d_u14-4 llc-0b8 1 14 0 14 0
l1d_u14-4 llc-0b9 1 14 0 14 0
l1d_u14-4 llc-0b10 1 14 0 14 0
l1d_u14-4 llc-0b11 1 14 0 14 0
l1d_u14-4 llc-0b12 1 14 0 14 0
l1d_u14-4 llc-0b13 1 14 0 14 0
l1d_u14-4 llc-0b14 1 14 0 14 0
l1d_u14-4 llc-0b15 1 14 0 14 0
l1d_u14-4 llc-0b16 1 14 0 14 0
l1d_u14-4 llc-0b17 1 14 0 14 0
l1d_u14-4 llc-0b18 1 14 0 14 0
l1d_u14-4 llc-0b19 1 14 0 14 0
l1d_u14-4 llc-0b20 1 14 0 14 0
l1d_u14-4 llc-0b21 1 14 0 14 0
l1d_u14-4 llc-0b22 1 14 0 14 0
l1d_u14-4 llc-0b23 1 14 0 14 0
l1d_u14-4 llc-0b24 1 14 0 14 0
l1d_u14-4 llc-0b25 1 14 0 14 0
l1d_u14-4 llc-0b26 1 14 0 14 0
l1d_u14-4 llc-0b27 1 14 0 14 0
l1d_u14-4 llc-0b28 1 14 0 14 0
l1d_u14-4 llc-0b29 1 14 0 14 0
l1d_u14-4 llc-0b30 1 14 0 14 0
l1d_u14-4 llc-0b31 1 14 0 14 0
l1d_u14-5 llc-0b0 1 14 0 14 0
l1d_u14-5 llc-0b1 1 14 0 14 0
l1d_u14-5 llc-0b2 1 14 0 14 0
l1d_u14-5 llc-0b3 1 14 0 14 0
l1d_u14-5 llc-0b4 1 14 0 14 0
l1d_u14-5 llc-0b5 1 14 0 14 0
l1d_u14-5 llc-0b6 1 14 0 14 0
l1d_u14-5 llc-0b7 1 14 0 14 0
l1d_u14-5 llc-0b8 1 14 0 14 0
l1d_u14-5 llc-0b9 1 14 0 14 0
l1d_u14-5 llc-0b10 1 14 0 14 0
l1d_u14-5 llc-0b11 1 14 0 14 0
l1d_u14-5 llc-0b12 1 14 0 14 0
l1d_u14-5 llc-0b13 1 14 0 14 0
l1d_u14-5 llc-0b14 1 14 0 14 0
l1d_u14-5 llc-0b15 1 14 0 14 0
l1d_u14-5 llc-0b16 1 14 0 14 0
l1d_u14-5 llc-0b17 1 14 0 14 0
l1d_u14-5 llc-0b18 1 14 0 14 0
l1d_u14-5 llc-0b19 1 14 0 14 0
l1d_u14-5 llc-0b20 1 14 0 14 0
l1d_u14-5 llc-0b21 1 14 0 14 0
l1d_u14-5 llc-0b22 1 14 0 14 0
l1d_u14-5 llc-0b23 1 14 0 14 0
l1d_u14-5 llc-0b24 1 14 0 14 0
l1d_u14-5 llc-0b25 1 14 0 14 0
l1d_u14-5 llc-0b26 1 14 0 14 0
l1d_u14-5 llc-0b27 1 14 0 14 0
l1d_u14-5 llc-0b28 1 14 0 14 0
l1d_u14-5 llc-0b29 1 14 0 14 0
l1d_u14-5 llc-0b30 1 14 0 14 0
l1d_u14-5 llc-0b31 1 14 0 14 0
l1d_u14-6 llc-0b0 1 14 0 14 0
l1d_u14-6 llc-0b1 1 14 0 14 0
l1d_u14-6 llc-0b2 1 14 0 14 0
l1d_u14-6 llc-0b3 1 14 0 14 0
l1d_u14-6 llc-0b4 1 14 0 14 0
l1d_u14-6 llc-0b5 1 14 0 14 0
l1d_u14-6 llc-0b6 1 14 0 14 0
l1d_u14-6 llc-0b7 1 14 0 14 0
l1d_u14-6 llc-0b8 1 14 0 14 0
l1d_u14-6 llc-0b9 1 14 0 14 0
l1d_u14-6 llc-0b10 1 14 0 14 0
l1d_u14-6 llc-0b11 1 14 0 14 0
l1d_u14-6 llc-0b12 1 14 0 14 0
l1d_u14-6 llc-0b13 1 14 0 14 0
l1d_u14-6 llc-0b14 1 14 0 14 0
l1d_u14-6 llc-0b15 1 14 0 14 0
l1d_u14-6 llc-0b16 1 14 0 14 0
l1d_u14-6 llc-0b17 1 14 0 14 0
l1d_u14-6 llc-0b18 1 14 0 14 0
l1d_u14-6 llc-0b19 1 14 0 14 0
l1d_u14-6 llc-0b20 1 14 0 14 0
l1d_u14-6 llc-0b21 1 14 0 14 0
l1d_u14-6 llc-0b22 1 14 0 14 0
l1d_u14-6 llc-0b23 1 14 0 14 0
l1d_u14-6 llc-0b24 1 14 0 14 0
l1d_u14-6 llc-0b25 1 14 0 14 0
l1d_u14-6 llc-0b26 1 14 0 14 0
l1d_u14-6 llc-0b27 1 14 0 14 0
l1d_u14-6 llc-0b28 1 14 0 14 0
l1d_u14-6 llc-0b29 1 14 0 14 0
l1d_u14-6 llc-0b30 1 14 0 14 0
l1d_u14-6 llc-0b31 1 14 0 14 0
l1d_u14-7 llc-0b0 1 14 0 14 0
l1d_u14-7 llc-0b1 1 14 0 14 0
l1d_u14-7 llc-0b2 1 14 0 14 0
l1d_u14-7 llc-0b3 1 14 0 14 0
l1d_u14-7 llc-0b4 1 14 0 14 0
l1d_u14-7 llc-0b5 1 14 0 14 0
l1d_u14-7 llc-0b6 1 14 0 14 0
l1d_u14-7 llc-0b7 1 14 0 14 0
l1d_u14-7 llc-0b8 1 14 0 14 0
l1d_u14-7 llc-0b9 1 14 0 14 0
l1d_u14-7 llc-0b10 1 14 0 14 0
l1d_u14-7 llc-0b11 1 14 0 14 0
l1d_u14-7 llc-0b12 1 14 0 14 0
l1d_u14-7 llc-0b13 1 14 0 14 0
l1d_u14-7 llc-0b14 1 14 0 14 0
l1d_u14-7 llc-0b15 1 14 0 14 0
l1d_u14-7 llc-0b16 1 14 0 14 0
l1d_u14-7 llc-0b17 1 14 0 14 0
l1d_u14-7 llc-0b18 1 14 0 14 0
l1d_u14-7 llc-0b19 1 14 0 14 0
l1d_u14-7 llc-0b20 1 14 0 14 0
l1d_u14-7 llc-0b21 1 14 0 14 0
l1d_u14-7 llc-0b22 1 14 0 14 0
l1d_u14-7 llc-0b23 1 14 0 14 0
l1d_u14-7 llc-0b24 1 14 0 14 0
l1d_u14-7 llc-0b25 1 14 0 14 0
l1d_u14-7 llc-0b26 1 14 0 14 0
l1d_u14-7 llc-0b27 1 14 0 14 0
l1d_u14-7 llc-0b28 1 14 0 14 0
l1d_u14-7 llc-0b29 1 14 0 14 0
l1d_u14-7 llc-0b30 1 14 0 14 0
l1d_u14-7 llc-0b31 1 14 0 14 0
l1d_u14-8 llc-0b0 1 14 0 14 0
l1d_u14-8 llc-0b1 1 14 0 14 0
l1d_u14-8 llc-0b2 1 14 0 14 0
l1d_u14-8 llc-0b3 1 14 0 14 0
l1d_u14-8 llc-0b4 1 14 0 14 0
l1d_u14-8 llc-0b5 1 14 0 14 0
l1d_u14-8 llc-0b6 1 14 0 14 0
l1d_u14-8 llc-0b7 1 14 0 14 0
l1d_u14-8 llc-0b8 1 14 0 14 0
l1d_u14-8 llc-0b9 1 14 0 14 0
l1d_u14-8 llc-0b10 1 14 0 14 0
l1d_u14-8 llc-0b11 1 14 0 14 0
l1d_u14-8 llc-0b12 1 14 0 14 0
l1d_u14-8 llc-0b13 1 14 0 14 0
l1d_u14-8 llc-0b14 1 14 0 14 0
l1d_u14-8 llc-0b15 1 14 0 14 0
l1d_u14-8 llc-0b16 1 14 0 14 0
l1d_u14-8 llc-0b17 1 14 0 14 0
l1d_u14-8 llc-0b18 1 14 0 14 0
l1d_u14-8 llc-0b19 1 14 0 14 0
l1d_u14-8 llc-0b20 1 14 0 14 0
l1d_u14-8 llc-0b21 1 14 0 14 0
l1d_u14-8 llc-0b22 1 14 0 14 0
l1d_u14-8 llc-0b23 1 14 0 14 0
l1d_u14-8 llc-0b24 1 14 0 14 0
l1d_u14-8 llc-0b25 1 14 0 14 0
l1d_u14-8 llc-0b26 1 14 0 14 0
l1d_u14-8 llc-0b27 1 14 0 14 0
l1d_u14-8 llc-0b28 1 14 0 14 0
l1d_u14-8 llc-0b29 1 14 0 14 0
l1d_u14-8 llc-0b30 1 14 0 14 0
l1d_u14-8 llc-0b31 1 14 0 14 0
l1d_u14-9 llc-0b0 1 14 0 14 0
l1d_u14-9 llc-0b1 1 14 0 14 0
l1d_u14-9 llc-0b2 1 14 0 14 0
l1d_u14-9 llc-0b3 1 14 0 14 0
l1d_u14-9 llc-0b4 1 14 0 14 0
l1d_u14-9 llc-0b5 1 14 0 14 0
l1d_u14-9 llc-0b6 1 14 0 14 0
l1d_u14-9 llc-0b7 1 14 0 14 0
l1d_u14-9 llc-0b8 1 14 0 14 0
l1d_u14-9 llc-0b9 1 14 0 14 0
l1d_u14-9 llc-0b10 1 14 0 14 0
l1d_u14-9 llc-0b11 1 14 0 14 0
l1d_u14-9 llc-0b12 1 14 0 14 0
l1d_u14-9 llc-0b13 1 14 0 14 0
l1d_u14-9 llc-0b14 1 14 0 14 0
l1d_u14-9 llc-0b15 1 14 0 14 0
l1d_u14-9 llc-0b16 1 14 0 14 0
l1d_u14-9 llc-0b17 1 14 0 14 0
l1d_u14-9 llc-0b18 1 14 0 14 0
l1d_u14-9 llc-0b19 1 14 0 14 0
l1d_u14-9 llc-0b20 1 14 0 14 0
l1d_u14-9 llc-0b21 1 14 0 14 0
l1d_u14-9 llc-0b22 1 14 0 14 0
l1d_u14-9 llc-0b23 1 14 0 14 0
l1d_u14-9 llc-0b24 1 14 0 14 0
l1d_u14-9 llc-0b25 1 14 0 14 0
l1d_u14-9 llc-0b26 1 14 0 14 0
l1d_u14-9 llc-0b27 1 14 0 14 0
l1d_u14-9 llc-0b28 1 14 0 14 0
l1d_u14-9 llc-0b29 1 14 0 14 0
l1d_u14-9 llc-0b30 1 14 0 14 0
l1d_u14-9 llc-0b31 1 14 0 14 0
l1d_u14-10 llc-0b0 1 14 0 14 0
l1d_u14-10 llc-0b1 1 14 0 14 0
l1d_u14-10 llc-0b2 1 14 0 14 0
l1d_u14-10 llc-0b3 1 14 0 14 0
l1d_u14-10 llc-0b4 1 14 0 14 0
l1d_u14-10 llc-0b5 1 14 0 14 0
l1d_u14-10 llc-0b6 1 14 0 14 0
l1d_u14-10 llc-0b7 1 14 0 14 0
l1d_u14-10 llc-0b8 1 14 0 14 0
l1d_u14-10 llc-0b9 1 14 0 14 0
l1d_u14-10 llc-0b10 1 14 0 14 0
l1d_u14-10 llc-0b11 1 14 0 14 0
l1d_u14-10 llc-0b12 1 14 0 14 0
l1d_u14-10 llc-0b13 1 14 0 14 0
l1d_u14-10 llc-0b14 1 14 0 14 0
l1d_u14-10 llc-0b15 1 14 0 14 0
l1d_u14-10 llc-0b16 1 14 0 14 0
l1d_u14-10 llc-0b17 1 14 0 14 0
l1d_u14-10 llc-0b18 1 14 0 14 0
l1d_u14-10 llc-0b19 1 14 0 14 0
l1d_u14-10 llc-0b20 1 14 0 14 0
l1d_u14-10 llc-0b21 1 14 0 14 0
l1d_u14-10 llc-0b22 1 14 0 14 0
l1d_u14-10 llc-0b23 1 14 0 14 0
l1d_u14-10 llc-0b24 1 14 0 14 0
l1d_u14-10 llc-0b25 1 14 0 14 0
l1d_u14-10 llc-0b26 1 14 0 14 0
l1d_u14-10 llc-0b27 1 14 0 14 0
l1d_u14-10 llc-0b28 1 14 0 14 0
l1d_u14-10 llc-0b29 1 14 0 14 0
l1d_u14-10 llc-0b30 1 14 0 14 0
l1d_u14-10 llc-0b31 1 14 0 14 0
l1d_u14-11 llc-0b0 1 14 0 14 0
l1d_u14-11 llc-0b1 1 14 0 14 0
l1d_u14-11 llc-0b2 1 14 0 14 0
l1d_u14-11 llc-0b3 1 14 0 14 0
l1d_u14-11 llc-0b4 1 14 0 14 0
l1d_u14-11 llc-0b5 1 14 0 14 0
l1d_u14-11 llc-0b6 1 14 0 14 0
l1d_u14-11 llc-0b7 1 14 0 14 0
l1d_u14-11 llc-0b8 1 14 0 14 0
l1d_u14-11 llc-0b9 1 14 0 14 0
l1d_u14-11 llc-0b10 1 14 0 14 0
l1d_u14-11 llc-0b11 1 14 0 14 0
l1d_u14-11 llc-0b12 1 14 0 14 0
l1d_u14-11 llc-0b13 1 14 0 14 0
l1d_u14-11 llc-0b14 1 14 0 14 0
l1d_u14-11 llc-0b15 1 14 0 14 0
l1d_u14-11 llc-0b16 1 14 0 14 0
l1d_u14-11 llc-0b17 1 14 0 14 0
l1d_u14-11 llc-0b18 1 14 0 14 0
l1d_u14-11 llc-0b19 1 14 0 14 0
l1d_u14-11 llc-0b20 1 14 0 14 0
l1d_u14-11 llc-0b21 1 14 0 14 0
l1d_u14-11 llc-0b22 1 14 0 14 0
l1d_u14-11 llc-0b23 1 14 0 14 0
l1d_u14-11 llc-0b24 1 14 0 14 0
l1d_u14-11 llc-0b25 1 14 0 14 0
l1d_u14-11 llc-0b26 1 14 0 14 0
l1d_u14-11 llc-0b27 1 14 0 14 0
l1d_u14-11 llc-0b28 1 14 0 14 0
l1d_u14-11 llc-0b29 1 14 0 14 0
l1d_u14-11 llc-0b30 1 14 0 14 0
l1d_u14-11 llc-0b31 1 14 0 14 0
l1d_u14-12 llc-0b0 1 14 0 14 0
l1d_u14-12 llc-0b1 1 14 0 14 0
l1d_u14-12 llc-0b2 1 14 0 14 0
l1d_u14-12 llc-0b3 1 14 0 14 0
l1d_u14-12 llc-0b4 1 14 0 14 0
l1d_u14-12 llc-0b5 1 14 0 14 0
l1d_u14-12 llc-0b6 1 14 0 14 0
l1d_u14-12 llc-0b7 1 14 0 14 0
l1d_u14-12 llc-0b8 1 14 0 14 0
l1d_u14-12 llc-0b9 1 14 0 14 0
l1d_u14-12 llc-0b10 1 14 0 14 0
l1d_u14-12 llc-0b11 1 14 0 14 0
l1d_u14-12 llc-0b12 1 14 0 14 0
l1d_u14-12 llc-0b13 1 14 0 14 0
l1d_u14-12 llc-0b14 1 14 0 14 0
l1d_u14-12 llc-0b15 1 14 0 14 0
l1d_u14-12 llc-0b16 1 14 0 14 0
l1d_u14-12 llc-0b17 1 14 0 14 0
l1d_u14-12 llc-0b18 1 14 0 14 0
l1d_u14-12 llc-0b19 1 14 0 14 0
l1d_u14-12 llc-0b20 1 14 0 14 0
l1d_u14-12 llc-0b21 1 14 0 14 0
l1d_u14-12 llc-0b22 1 14 0 14 0
l1d_u14-12 llc-0b23 1 14 0 14 0
l1d_u14-12 llc-0b24 1 14 0 14 0
l1d_u14-12 llc-0b25 1 14 0 14 0
l1d_u14-12 llc-0b26 1 14 0 14 0
l1d_u14-12 llc-0b27 1 14 0 14 0
l1d_u14-12 llc-0b28 1 14 0 14 0
l1d_u14-12 llc-0b29 1 14 0 14 0
l1d_u14-12 llc-0b30 1 14 0 14 0
l1d_u14-12 llc-0b31 1 14 0 14 0
l1d_u14-13 llc-0b0 1 14 0 14 0
l1d_u14-13 llc-0b1 1 14 0 14 0
l1d_u14-13 llc-0b2 1 14 0 14 0
l1d_u14-13 llc-0b3 1 14 0 14 0
l1d_u14-13 llc-0b4 1 14 0 14 0
l1d_u14-13 llc-0b5 1 14 0 14 0
l1d_u14-13 llc-0b6 1 14 0 14 0
l1d_u14-13 llc-0b7 1 14 0 14 0
l1d_u14-13 llc-0b8 1 14 0 14 0
l1d_u14-13 llc-0b9 1 14 0 14 0
l1d_u14-13 llc-0b10 1 14 0 14 0
l1d_u14-13 llc-0b11 1 14 0 14 0
l1d_u14-13 llc-0b12 1 14 0 14 0
l1d_u14-13 llc-0b13 1 14 0 14 0
l1d_u14-13 llc-0b14 1 14 0 14 0
l1d_u14-13 llc-0b15 1 14 0 14 0
l1d_u14-13 llc-0b16 1 14 0 14 0
l1d_u14-13 llc-0b17 1 14 0 14 0
l1d_u14-13 llc-0b18 1 14 0 14 0
l1d_u14-13 llc-0b19 1 14 0 14 0
l1d_u14-13 llc-0b20 1 14 0 14 0
l1d_u14-13 llc-0b21 1 14 0 14 0
l1d_u14-13 llc-0b22 1 14 0 14 0
l1d_u14-13 llc-0b23 1 14 0 14 0
l1d_u14-13 llc-0b24 1 14 0 14 0
l1d_u14-13 llc-0b25 1 14 0 14 0
l1d_u14-13 llc-0b26 1 14 0 14 0
l1d_u14-13 llc-0b27 1 14 0 14 0
l1d_u14-13 llc-0b28 1 14 0 14 0
l1d_u14-13 llc-0b29 1 14 0 14 0
l1d_u14-13 llc-0b30 1 14 0 14 0
l1d_u14-13 llc-0b31 1 14 0 14 0
l1d_u14-14 llc-0b0 1 14 0 14 0
l1d_u14-14 llc-0b1 1 14 0 14 0
l1d_u14-14 llc-0b2 1 14 0 14 0
l1d_u14-14 llc-0b3 1 14 0 14 0
l1d_u14-14 llc-0b4 1 14 0 14 0
l1d_u14-14 llc-0b5 1 14 0 14 0
l1d_u14-14 llc-0b6 1 14 0 14 0
l1d_u14-14 llc-0b7 1 14 0 14 0
l1d_u14-14 llc-0b8 1 14 0 14 0
l1d_u14-14 llc-0b9 1 14 0 14 0
l1d_u14-14 llc-0b10 1 14 0 14 0
l1d_u14-14 llc-0b11 1 14 0 14 0
l1d_u14-14 llc-0b12 1 14 0 14 0
l1d_u14-14 llc-0b13 1 14 0 14 0
l1d_u14-14 llc-0b14 1 14 0 14 0
l1d_u14-14 llc-0b15 1 14 0 14 0
l1d_u14-14 llc-0b16 1 14 0 14 0
l1d_u14-14 llc-0b17 1 14 0 14 0
l1d_u14-14 llc-0b18 1 14 0 14 0
l1d_u14-14 llc-0b19 1 14 0 14 0
l1d_u14-14 llc-0b20 1 14 0 14 0
l1d_u14-14 llc-0b21 1 14 0 14 0
l1d_u14-14 llc-0b22 1 14 0 14 0
l1d_u14-14 llc-0b23 1 14 0 14 0
l1d_u14-14 llc-0b24 1 14 0 14 0
l1d_u14-14 llc-0b25 1 14 0 14 0
l1d_u14-14 llc-0b26 1 14 0 14 0
l1d_u14-14 llc-0b27 1 14 0 14 0
l1d_u14-14 llc-0b28 1 14 0 14 0
l1d_u14-14 llc-0b29 1 14 0 14 0
l1d_u14-14 llc-0b30 1 14 0 14 0
l1d_u14-14 llc-0b31 1 14 0 14 0
l1d_u14-15 llc-0b0 1 14 0 14 0
l1d_u14-15 llc-0b1 1 14 0 14 0
l1d_u14-15 llc-0b2 1 14 0 14 0
l1d_u14-15 llc-0b3 1 14 0 14 0
l1d_u14-15 llc-0b4 1 14 0 14 0
l1d_u14-15 llc-0b5 1 14 0 14 0
l1d_u14-15 llc-0b6 1 14 0 14 0
l1d_u14-15 llc-0b7 1 14 0 14 0
l1d_u14-15 llc-0b8 1 14 0 14 0
l1d_u14-15 llc-0b9 1 14 0 14 0
l1d_u14-15 llc-0b10 1 14 0 14 0
l1d_u14-15 llc-0b11 1 14 0 14 0
l1d_u14-15 llc-0b12 1 14 0 14 0
l1d_u14-15 llc-0b13 1 14 0 14 0
l1d_u14-15 llc-0b14 1 14 0 14 0
l1d_u14-15 llc-0b15 1 14 0 14 0
l1d_u14-15 llc-0b16 1 14 0 14 0
l1d_u14-15 llc-0b17 1 14 0 14 0
l1d_u14-15 llc-0b18 1 14 0 14 0
l1d_u14-15 llc-0b19 1 14 0 14 0
l1d_u14-15 llc-0b20 1 14 0 14 0
l1d_u14-15 llc-0b21 1 14 0 14 0
l1d_u14-15 llc-0b22 1 14 0 14 0
l1d_u14-15 llc-0b23 1 14 0 14 0
l1d_u14-15 llc-0b24 1 14 0 14 0
l1d_u14-15 llc-0b25 1 14 0 14 0
l1d_u14-15 llc-0b26 1 14 0 14 0
l1d_u14-15 llc-0b27 1 14 0 14 0
l1d_u14-15 llc-0b28 1 14 0 14 0
l1d_u14-15 llc-0b29 1 14 0 14 0
l1d_u14-15 llc-0b30 1 14 0 14 0
l1d_u14-15 llc-0b31 1 14 0 14 0
l1i_u15-0 llc-0b0 1 15 0 15 0
l1i_u15-0 llc-0b1 1 15 0 15 0
l1i_u15-0 llc-0b2 1 15 0 15 0
l1i_u15-0 llc-0b3 1 15 0 15 0
l1i_u15-0 llc-0b4 1 15 0 15 0
l1i_u15-0 llc-0b5 1 15 0 15 0
l1i_u15-0 llc-0b6 1 15 0 15 0
l1i_u15-0 llc-0b7 1 15 0 15 0
l1i_u15-0 llc-0b8 1 15 0 15 0
l1i_u15-0 llc-0b9 1 15 0 15 0
l1i_u15-0 llc-0b10 1 15 0 15 0
l1i_u15-0 llc-0b11 1 15 0 15 0
l1i_u15-0 llc-0b12 1 15 0 15 0
l1i_u15-0 llc-0b13 1 15 0 15 0
l1i_u15-0 llc-0b14 1 15 0 15 0
l1i_u15-0 llc-0b15 1 15 0 15 0
l1i_u15-0 llc-0b16 1 15 0 15 0
l1i_u15-0 llc-0b17 1 15 0 15 0
l1i_u15-0 llc-0b18 1 15 0 15 0
l1i_u15-0 llc-0b19 1 15 0 15 0
l1i_u15-0 llc-0b20 1 15 0 15 0
l1i_u15-0 llc-0b21 1 15 0 15 0
l1i_u15-0 llc-0b22 1 15 0 15 0
l1i_u15-0 llc-0b23 1 15 0 15 0
l1i_u15-0 llc-0b24 1 15 0 15 0
l1i_u15-0 llc-0b25 1 15 0 15 0
l1i_u15-0 llc-0b26 1 15 0 15 0
l1i_u15-0 llc-0b27 1 15 0 15 0
l1i_u15-0 llc-0b28 1 15 0 15 0
l1i_u15-0 llc-0b29 1 15 0 15 0
l1i_u15-0 llc-0b30 1 15 0 15 0
l1i_u15-0 llc-0b31 1 15 0 15 0
l1i_u15-1 llc-0b0 1 15 0 15 0
l1i_u15-1 llc-0b1 1 15 0 15 0
l1i_u15-1 llc-0b2 1 15 0 15 0
l1i_u15-1 llc-0b3 1 15 0 15 0
l1i_u15-1 llc-0b4 1 15 0 15 0
l1i_u15-1 llc-0b5 1 15 0 15 0
l1i_u15-1 llc-0b6 1 15 0 15 0
l1i_u15-1 llc-0b7 1 15 0 15 0
l1i_u15-1 llc-0b8 1 15 0 15 0
l1i_u15-1 llc-0b9 1 15 0 15 0
l1i_u15-1 llc-0b10 1 15 0 15 0
l1i_u15-1 llc-0b11 1 15 0 15 0
l1i_u15-1 llc-0b12 1 15 0 15 0
l1i_u15-1 llc-0b13 1 15 0 15 0
l1i_u15-1 llc-0b14 1 15 0 15 0
l1i_u15-1 llc-0b15 1 15 0 15 0
l1i_u15-1 llc-0b16 1 15 0 15 0
l1i_u15-1 llc-0b17 1 15 0 15 0
l1i_u15-1 llc-0b18 1 15 0 15 0
l1i_u15-1 llc-0b19 1 15 0 15 0
l1i_u15-1 llc-0b20 1 15 0 15 0
l1i_u15-1 llc-0b21 1 15 0 15 0
l1i_u15-1 llc-0b22 1 15 0 15 0
l1i_u15-1 llc-0b23 1 15 0 15 0
l1i_u15-1 llc-0b24 1 15 0 15 0
l1i_u15-1 llc-0b25 1 15 0 15 0
l1i_u15-1 llc-0b26 1 15 0 15 0
l1i_u15-1 llc-0b27 1 15 0 15 0
l1i_u15-1 llc-0b28 1 15 0 15 0
l1i_u15-1 llc-0b29 1 15 0 15 0
l1i_u15-1 llc-0b30 1 15 0 15 0
l1i_u15-1 llc-0b31 1 15 0 15 0
l1i_u15-2 llc-0b0 1 15 0 15 0
l1i_u15-2 llc-0b1 1 15 0 15 0
l1i_u15-2 llc-0b2 1 15 0 15 0
l1i_u15-2 llc-0b3 1 15 0 15 0
l1i_u15-2 llc-0b4 1 15 0 15 0
l1i_u15-2 llc-0b5 1 15 0 15 0
l1i_u15-2 llc-0b6 1 15 0 15 0
l1i_u15-2 llc-0b7 1 15 0 15 0
l1i_u15-2 llc-0b8 1 15 0 15 0
l1i_u15-2 llc-0b9 1 15 0 15 0
l1i_u15-2 llc-0b10 1 15 0 15 0
l1i_u15-2 llc-0b11 1 15 0 15 0
l1i_u15-2 llc-0b12 1 15 0 15 0
l1i_u15-2 llc-0b13 1 15 0 15 0
l1i_u15-2 llc-0b14 1 15 0 15 0
l1i_u15-2 llc-0b15 1 15 0 15 0
l1i_u15-2 llc-0b16 1 15 0 15 0
l1i_u15-2 llc-0b17 1 15 0 15 0
l1i_u15-2 llc-0b18 1 15 0 15 0
l1i_u15-2 llc-0b19 1 15 0 15 0
l1i_u15-2 llc-0b20 1 15 0 15 0
l1i_u15-2 llc-0b21 1 15 0 15 0
l1i_u15-2 llc-0b22 1 15 0 15 0
l1i_u15-2 llc-0b23 1 15 0 15 0
l1i_u15-2 llc-0b24 1 15 0 15 0
l1i_u15-2 llc-0b25 1 15 0 15 0
l1i_u15-2 llc-0b26 1 15 0 15 0
l1i_u15-2 llc-0b27 1 15 0 15 0
l1i_u15-2 llc-0b28 1 15 0 15 0
l1i_u15-2 llc-0b29 1 15 0 15 0
l1i_u15-2 llc-0b30 1 15 0 15 0
l1i_u15-2 llc-0b31 1 15 0 15 0
l1i_u15-3 llc-0b0 1 15 0 15 0
l1i_u15-3 llc-0b1 1 15 0 15 0
l1i_u15-3 llc-0b2 1 15 0 15 0
l1i_u15-3 llc-0b3 1 15 0 15 0
l1i_u15-3 llc-0b4 1 15 0 15 0
l1i_u15-3 llc-0b5 1 15 0 15 0
l1i_u15-3 llc-0b6 1 15 0 15 0
l1i_u15-3 llc-0b7 1 15 0 15 0
l1i_u15-3 llc-0b8 1 15 0 15 0
l1i_u15-3 llc-0b9 1 15 0 15 0
l1i_u15-3 llc-0b10 1 15 0 15 0
l1i_u15-3 llc-0b11 1 15 0 15 0
l1i_u15-3 llc-0b12 1 15 0 15 0
l1i_u15-3 llc-0b13 1 15 0 15 0
l1i_u15-3 llc-0b14 1 15 0 15 0
l1i_u15-3 llc-0b15 1 15 0 15 0
l1i_u15-3 llc-0b16 1 15 0 15 0
l1i_u15-3 llc-0b17 1 15 0 15 0
l1i_u15-3 llc-0b18 1 15 0 15 0
l1i_u15-3 llc-0b19 1 15 0 15 0
l1i_u15-3 llc-0b20 1 15 0 15 0
l1i_u15-3 llc-0b21 1 15 0 15 0
l1i_u15-3 llc-0b22 1 15 0 15 0
l1i_u15-3 llc-0b23 1 15 0 15 0
l1i_u15-3 llc-0b24 1 15 0 15 0
l1i_u15-3 llc-0b25 1 15 0 15 0
l1i_u15-3 llc-0b26 1 15 0 15 0
l1i_u15-3 llc-0b27 1 15 0 15 0
l1i_u15-3 llc-0b28 1 15 0 15 0
l1i_u15-3 llc-0b29 1 15 0 15 0
l1i_u15-3 llc-0b30 1 15 0 15 0
l1i_u15-3 llc-0b31 1 15 0 15 0
l1i_u15-4 llc-0b0 1 15 0 15 0
l1i_u15-4 llc-0b1 1 15 0 15 0
l1i_u15-4 llc-0b2 1 15 0 15 0
l1i_u15-4 llc-0b3 1 15 0 15 0
l1i_u15-4 llc-0b4 1 15 0 15 0
l1i_u15-4 llc-0b5 1 15 0 15 0
l1i_u15-4 llc-0b6 1 15 0 15 0
l1i_u15-4 llc-0b7 1 15 0 15 0
l1i_u15-4 llc-0b8 1 15 0 15 0
l1i_u15-4 llc-0b9 1 15 0 15 0
l1i_u15-4 llc-0b10 1 15 0 15 0
l1i_u15-4 llc-0b11 1 15 0 15 0
l1i_u15-4 llc-0b12 1 15 0 15 0
l1i_u15-4 llc-0b13 1 15 0 15 0
l1i_u15-4 llc-0b14 1 15 0 15 0
l1i_u15-4 llc-0b15 1 15 0 15 0
l1i_u15-4 llc-0b16 1 15 0 15 0
l1i_u15-4 llc-0b17 1 15 0 15 0
l1i_u15-4 llc-0b18 1 15 0 15 0
l1i_u15-4 llc-0b19 1 15 0 15 0
l1i_u15-4 llc-0b20 1 15 0 15 0
l1i_u15-4 llc-0b21 1 15 0 15 0
l1i_u15-4 llc-0b22 1 15 0 15 0
l1i_u15-4 llc-0b23 1 15 0 15 0
l1i_u15-4 llc-0b24 1 15 0 15 0
l1i_u15-4 llc-0b25 1 15 0 15 0
l1i_u15-4 llc-0b26 1 15 0 15 0
l1i_u15-4 llc-0b27 1 15 0 15 0
l1i_u15-4 llc-0b28 1 15 0 15 0
l1i_u15-4 llc-0b29 1 15 0 15 0
l1i_u15-4 llc-0b30 1 15 0 15 0
l1i_u15-4 llc-0b31 1 15 0 15 0
l1i_u15-5 llc-0b0 1 15 0 15 0
l1i_u15-5 llc-0b1 1 15 0 15 0
l1i_u15-5 llc-0b2 1 15 0 15 0
l1i_u15-5 llc-0b3 1 15 0 15 0
l1i_u15-5 llc-0b4 1 15 0 15 0
l1i_u15-5 llc-0b5 1 15 0 15 0
l1i_u15-5 llc-0b6 1 15 0 15 0
l1i_u15-5 llc-0b7 1 15 0 15 0
l1i_u15-5 llc-0b8 1 15 0 15 0
l1i_u15-5 llc-0b9 1 15 0 15 0
l1i_u15-5 llc-0b10 1 15 0 15 0
l1i_u15-5 llc-0b11 1 15 0 15 0
l1i_u15-5 llc-0b12 1 15 0 15 0
l1i_u15-5 llc-0b13 1 15 0 15 0
l1i_u15-5 llc-0b14 1 15 0 15 0
l1i_u15-5 llc-0b15 1 15 0 15 0
l1i_u15-5 llc-0b16 1 15 0 15 0
l1i_u15-5 llc-0b17 1 15 0 15 0
l1i_u15-5 llc-0b18 1 15 0 15 0
l1i_u15-5 llc-0b19 1 15 0 15 0
l1i_u15-5 llc-0b20 1 15 0 15 0
l1i_u15-5 llc-0b21 1 15 0 15 0
l1i_u15-5 llc-0b22 1 15 0 15 0
l1i_u15-5 llc-0b23 1 15 0 15 0
l1i_u15-5 llc-0b24 1 15 0 15 0
l1i_u15-5 llc-0b25 1 15 0 15 0
l1i_u15-5 llc-0b26 1 15 0 15 0
l1i_u15-5 llc-0b27 1 15 0 15 0
l1i_u15-5 llc-0b28 1 15 0 15 0
l1i_u15-5 llc-0b29 1 15 0 15 0
l1i_u15-5 llc-0b30 1 15 0 15 0
l1i_u15-5 llc-0b31 1 15 0 15 0
l1i_u15-6 llc-0b0 1 15 0 15 0
l1i_u15-6 llc-0b1 1 15 0 15 0
l1i_u15-6 llc-0b2 1 15 0 15 0
l1i_u15-6 llc-0b3 1 15 0 15 0
l1i_u15-6 llc-0b4 1 15 0 15 0
l1i_u15-6 llc-0b5 1 15 0 15 0
l1i_u15-6 llc-0b6 1 15 0 15 0
l1i_u15-6 llc-0b7 1 15 0 15 0
l1i_u15-6 llc-0b8 1 15 0 15 0
l1i_u15-6 llc-0b9 1 15 0 15 0
l1i_u15-6 llc-0b10 1 15 0 15 0
l1i_u15-6 llc-0b11 1 15 0 15 0
l1i_u15-6 llc-0b12 1 15 0 15 0
l1i_u15-6 llc-0b13 1 15 0 15 0
l1i_u15-6 llc-0b14 1 15 0 15 0
l1i_u15-6 llc-0b15 1 15 0 15 0
l1i_u15-6 llc-0b16 1 15 0 15 0
l1i_u15-6 llc-0b17 1 15 0 15 0
l1i_u15-6 llc-0b18 1 15 0 15 0
l1i_u15-6 llc-0b19 1 15 0 15 0
l1i_u15-6 llc-0b20 1 15 0 15 0
l1i_u15-6 llc-0b21 1 15 0 15 0
l1i_u15-6 llc-0b22 1 15 0 15 0
l1i_u15-6 llc-0b23 1 15 0 15 0
l1i_u15-6 llc-0b24 1 15 0 15 0
l1i_u15-6 llc-0b25 1 15 0 15 0
l1i_u15-6 llc-0b26 1 15 0 15 0
l1i_u15-6 llc-0b27 1 15 0 15 0
l1i_u15-6 llc-0b28 1 15 0 15 0
l1i_u15-6 llc-0b29 1 15 0 15 0
l1i_u15-6 llc-0b30 1 15 0 15 0
l1i_u15-6 llc-0b31 1 15 0 15 0
l1i_u15-7 llc-0b0 1 15 0 15 0
l1i_u15-7 llc-0b1 1 15 0 15 0
l1i_u15-7 llc-0b2 1 15 0 15 0
l1i_u15-7 llc-0b3 1 15 0 15 0
l1i_u15-7 llc-0b4 1 15 0 15 0
l1i_u15-7 llc-0b5 1 15 0 15 0
l1i_u15-7 llc-0b6 1 15 0 15 0
l1i_u15-7 llc-0b7 1 15 0 15 0
l1i_u15-7 llc-0b8 1 15 0 15 0
l1i_u15-7 llc-0b9 1 15 0 15 0
l1i_u15-7 llc-0b10 1 15 0 15 0
l1i_u15-7 llc-0b11 1 15 0 15 0
l1i_u15-7 llc-0b12 1 15 0 15 0
l1i_u15-7 llc-0b13 1 15 0 15 0
l1i_u15-7 llc-0b14 1 15 0 15 0
l1i_u15-7 llc-0b15 1 15 0 15 0
l1i_u15-7 llc-0b16 1 15 0 15 0
l1i_u15-7 llc-0b17 1 15 0 15 0
l1i_u15-7 llc-0b18 1 15 0 15 0
l1i_u15-7 llc-0b19 1 15 0 15 0
l1i_u15-7 llc-0b20 1 15 0 15 0
l1i_u15-7 llc-0b21 1 15 0 15 0
l1i_u15-7 llc-0b22 1 15 0 15 0
l1i_u15-7 llc-0b23 1 15 0 15 0
l1i_u15-7 llc-0b24 1 15 0 15 0
l1i_u15-7 llc-0b25 1 15 0 15 0
l1i_u15-7 llc-0b26 1 15 0 15 0
l1i_u15-7 llc-0b27 1 15 0 15 0
l1i_u15-7 llc-0b28 1 15 0 15 0
l1i_u15-7 llc-0b29 1 15 0 15 0
l1i_u15-7 llc-0b30 1 15 0 15 0
l1i_u15-7 llc-0b31 1 15 0 15 0
l1i_u15-8 llc-0b0 1 15 0 15 0
l1i_u15-8 llc-0b1 1 15 0 15 0
l1i_u15-8 llc-0b2 1 15 0 15 0
l1i_u15-8 llc-0b3 1 15 0 15 0
l1i_u15-8 llc-0b4 1 15 0 15 0
l1i_u15-8 llc-0b5 1 15 0 15 0
l1i_u15-8 llc-0b6 1 15 0 15 0
l1i_u15-8 llc-0b7 1 15 0 15 0
l1i_u15-8 llc-0b8 1 15 0 15 0
l1i_u15-8 llc-0b9 1 15 0 15 0
l1i_u15-8 llc-0b10 1 15 0 15 0
l1i_u15-8 llc-0b11 1 15 0 15 0
l1i_u15-8 llc-0b12 1 15 0 15 0
l1i_u15-8 llc-0b13 1 15 0 15 0
l1i_u15-8 llc-0b14 1 15 0 15 0
l1i_u15-8 llc-0b15 1 15 0 15 0
l1i_u15-8 llc-0b16 1 15 0 15 0
l1i_u15-8 llc-0b17 1 15 0 15 0
l1i_u15-8 llc-0b18 1 15 0 15 0
l1i_u15-8 llc-0b19 1 15 0 15 0
l1i_u15-8 llc-0b20 1 15 0 15 0
l1i_u15-8 llc-0b21 1 15 0 15 0
l1i_u15-8 llc-0b22 1 15 0 15 0
l1i_u15-8 llc-0b23 1 15 0 15 0
l1i_u15-8 llc-0b24 1 15 0 15 0
l1i_u15-8 llc-0b25 1 15 0 15 0
l1i_u15-8 llc-0b26 1 15 0 15 0
l1i_u15-8 llc-0b27 1 15 0 15 0
l1i_u15-8 llc-0b28 1 15 0 15 0
l1i_u15-8 llc-0b29 1 15 0 15 0
l1i_u15-8 llc-0b30 1 15 0 15 0
l1i_u15-8 llc-0b31 1 15 0 15 0
l1i_u15-9 llc-0b0 1 15 0 15 0
l1i_u15-9 llc-0b1 1 15 0 15 0
l1i_u15-9 llc-0b2 1 15 0 15 0
l1i_u15-9 llc-0b3 1 15 0 15 0
l1i_u15-9 llc-0b4 1 15 0 15 0
l1i_u15-9 llc-0b5 1 15 0 15 0
l1i_u15-9 llc-0b6 1 15 0 15 0
l1i_u15-9 llc-0b7 1 15 0 15 0
l1i_u15-9 llc-0b8 1 15 0 15 0
l1i_u15-9 llc-0b9 1 15 0 15 0
l1i_u15-9 llc-0b10 1 15 0 15 0
l1i_u15-9 llc-0b11 1 15 0 15 0
l1i_u15-9 llc-0b12 1 15 0 15 0
l1i_u15-9 llc-0b13 1 15 0 15 0
l1i_u15-9 llc-0b14 1 15 0 15 0
l1i_u15-9 llc-0b15 1 15 0 15 0
l1i_u15-9 llc-0b16 1 15 0 15 0
l1i_u15-9 llc-0b17 1 15 0 15 0
l1i_u15-9 llc-0b18 1 15 0 15 0
l1i_u15-9 llc-0b19 1 15 0 15 0
l1i_u15-9 llc-0b20 1 15 0 15 0
l1i_u15-9 llc-0b21 1 15 0 15 0
l1i_u15-9 llc-0b22 1 15 0 15 0
l1i_u15-9 llc-0b23 1 15 0 15 0
l1i_u15-9 llc-0b24 1 15 0 15 0
l1i_u15-9 llc-0b25 1 15 0 15 0
l1i_u15-9 llc-0b26 1 15 0 15 0
l1i_u15-9 llc-0b27 1 15 0 15 0
l1i_u15-9 llc-0b28 1 15 0 15 0
l1i_u15-9 llc-0b29 1 15 0 15 0
l1i_u15-9 llc-0b30 1 15 0 15 0
l1i_u15-9 llc-0b31 1 15 0 15 0
l1i_u15-10 llc-0b0 1 15 0 15 0
l1i_u15-10 llc-0b1 1 15 0 15 0
l1i_u15-10 llc-0b2 1 15 0 15 0
l1i_u15-10 llc-0b3 1 15 0 15 0
l1i_u15-10 llc-0b4 1 15 0 15 0
l1i_u15-10 llc-0b5 1 15 0 15 0
l1i_u15-10 llc-0b6 1 15 0 15 0
l1i_u15-10 llc-0b7 1 15 0 15 0
l1i_u15-10 llc-0b8 1 15 0 15 0
l1i_u15-10 llc-0b9 1 15 0 15 0
l1i_u15-10 llc-0b10 1 15 0 15 0
l1i_u15-10 llc-0b11 1 15 0 15 0
l1i_u15-10 llc-0b12 1 15 0 15 0
l1i_u15-10 llc-0b13 1 15 0 15 0
l1i_u15-10 llc-0b14 1 15 0 15 0
l1i_u15-10 llc-0b15 1 15 0 15 0
l1i_u15-10 llc-0b16 1 15 0 15 0
l1i_u15-10 llc-0b17 1 15 0 15 0
l1i_u15-10 llc-0b18 1 15 0 15 0
l1i_u15-10 llc-0b19 1 15 0 15 0
l1i_u15-10 llc-0b20 1 15 0 15 0
l1i_u15-10 llc-0b21 1 15 0 15 0
l1i_u15-10 llc-0b22 1 15 0 15 0
l1i_u15-10 llc-0b23 1 15 0 15 0
l1i_u15-10 llc-0b24 1 15 0 15 0
l1i_u15-10 llc-0b25 1 15 0 15 0
l1i_u15-10 llc-0b26 1 15 0 15 0
l1i_u15-10 llc-0b27 1 15 0 15 0
l1i_u15-10 llc-0b28 1 15 0 15 0
l1i_u15-10 llc-0b29 1 15 0 15 0
l1i_u15-10 llc-0b30 1 15 0 15 0
l1i_u15-10 llc-0b31 1 15 0 15 0
l1i_u15-11 llc-0b0 1 15 0 15 0
l1i_u15-11 llc-0b1 1 15 0 15 0
l1i_u15-11 llc-0b2 1 15 0 15 0
l1i_u15-11 llc-0b3 1 15 0 15 0
l1i_u15-11 llc-0b4 1 15 0 15 0
l1i_u15-11 llc-0b5 1 15 0 15 0
l1i_u15-11 llc-0b6 1 15 0 15 0
l1i_u15-11 llc-0b7 1 15 0 15 0
l1i_u15-11 llc-0b8 1 15 0 15 0
l1i_u15-11 llc-0b9 1 15 0 15 0
l1i_u15-11 llc-0b10 1 15 0 15 0
l1i_u15-11 llc-0b11 1 15 0 15 0
l1i_u15-11 llc-0b12 1 15 0 15 0
l1i_u15-11 llc-0b13 1 15 0 15 0
l1i_u15-11 llc-0b14 1 15 0 15 0
l1i_u15-11 llc-0b15 1 15 0 15 0
l1i_u15-11 llc-0b16 1 15 0 15 0
l1i_u15-11 llc-0b17 1 15 0 15 0
l1i_u15-11 llc-0b18 1 15 0 15 0
l1i_u15-11 llc-0b19 1 15 0 15 0
l1i_u15-11 llc-0b20 1 15 0 15 0
l1i_u15-11 llc-0b21 1 15 0 15 0
l1i_u15-11 llc-0b22 1 15 0 15 0
l1i_u15-11 llc-0b23 1 15 0 15 0
l1i_u15-11 llc-0b24 1 15 0 15 0
l1i_u15-11 llc-0b25 1 15 0 15 0
l1i_u15-11 llc-0b26 1 15 0 15 0
l1i_u15-11 llc-0b27 1 15 0 15 0
l1i_u15-11 llc-0b28 1 15 0 15 0
l1i_u15-11 llc-0b29 1 15 0 15 0
l1i_u15-11 llc-0b30 1 15 0 15 0
l1i_u15-11 llc-0b31 1 15 0 15 0
l1i_u15-12 llc-0b0 1 15 0 15 0
l1i_u15-12 llc-0b1 1 15 0 15 0
l1i_u15-12 llc-0b2 1 15 0 15 0
l1i_u15-12 llc-0b3 1 15 0 15 0
l1i_u15-12 llc-0b4 1 15 0 15 0
l1i_u15-12 llc-0b5 1 15 0 15 0
l1i_u15-12 llc-0b6 1 15 0 15 0
l1i_u15-12 llc-0b7 1 15 0 15 0
l1i_u15-12 llc-0b8 1 15 0 15 0
l1i_u15-12 llc-0b9 1 15 0 15 0
l1i_u15-12 llc-0b10 1 15 0 15 0
l1i_u15-12 llc-0b11 1 15 0 15 0
l1i_u15-12 llc-0b12 1 15 0 15 0
l1i_u15-12 llc-0b13 1 15 0 15 0
l1i_u15-12 llc-0b14 1 15 0 15 0
l1i_u15-12 llc-0b15 1 15 0 15 0
l1i_u15-12 llc-0b16 1 15 0 15 0
l1i_u15-12 llc-0b17 1 15 0 15 0
l1i_u15-12 llc-0b18 1 15 0 15 0
l1i_u15-12 llc-0b19 1 15 0 15 0
l1i_u15-12 llc-0b20 1 15 0 15 0
l1i_u15-12 llc-0b21 1 15 0 15 0
l1i_u15-12 llc-0b22 1 15 0 15 0
l1i_u15-12 llc-0b23 1 15 0 15 0
l1i_u15-12 llc-0b24 1 15 0 15 0
l1i_u15-12 llc-0b25 1 15 0 15 0
l1i_u15-12 llc-0b26 1 15 0 15 0
l1i_u15-12 llc-0b27 1 15 0 15 0
l1i_u15-12 llc-0b28 1 15 0 15 0
l1i_u15-12 llc-0b29 1 15 0 15 0
l1i_u15-12 llc-0b30 1 15 0 15 0
l1i_u15-12 llc-0b31 1 15 0 15 0
l1i_u15-13 llc-0b0 1 15 0 15 0
l1i_u15-13 llc-0b1 1 15 0 15 0
l1i_u15-13 llc-0b2 1 15 0 15 0
l1i_u15-13 llc-0b3 1 15 0 15 0
l1i_u15-13 llc-0b4 1 15 0 15 0
l1i_u15-13 llc-0b5 1 15 0 15 0
l1i_u15-13 llc-0b6 1 15 0 15 0
l1i_u15-13 llc-0b7 1 15 0 15 0
l1i_u15-13 llc-0b8 1 15 0 15 0
l1i_u15-13 llc-0b9 1 15 0 15 0
l1i_u15-13 llc-0b10 1 15 0 15 0
l1i_u15-13 llc-0b11 1 15 0 15 0
l1i_u15-13 llc-0b12 1 15 0 15 0
l1i_u15-13 llc-0b13 1 15 0 15 0
l1i_u15-13 llc-0b14 1 15 0 15 0
l1i_u15-13 llc-0b15 1 15 0 15 0
l1i_u15-13 llc-0b16 1 15 0 15 0
l1i_u15-13 llc-0b17 1 15 0 15 0
l1i_u15-13 llc-0b18 1 15 0 15 0
l1i_u15-13 llc-0b19 1 15 0 15 0
l1i_u15-13 llc-0b20 1 15 0 15 0
l1i_u15-13 llc-0b21 1 15 0 15 0
l1i_u15-13 llc-0b22 1 15 0 15 0
l1i_u15-13 llc-0b23 1 15 0 15 0
l1i_u15-13 llc-0b24 1 15 0 15 0
l1i_u15-13 llc-0b25 1 15 0 15 0
l1i_u15-13 llc-0b26 1 15 0 15 0
l1i_u15-13 llc-0b27 1 15 0 15 0
l1i_u15-13 llc-0b28 1 15 0 15 0
l1i_u15-13 llc-0b29 1 15 0 15 0
l1i_u15-13 llc-0b30 1 15 0 15 0
l1i_u15-13 llc-0b31 1 15 0 15 0
l1i_u15-14 llc-0b0 1 15 0 15 0
l1i_u15-14 llc-0b1 1 15 0 15 0
l1i_u15-14 llc-0b2 1 15 0 15 0
l1i_u15-14 llc-0b3 1 15 0 15 0
l1i_u15-14 llc-0b4 1 15 0 15 0
l1i_u15-14 llc-0b5 1 15 0 15 0
l1i_u15-14 llc-0b6 1 15 0 15 0
l1i_u15-14 llc-0b7 1 15 0 15 0
l1i_u15-14 llc-0b8 1 15 0 15 0
l1i_u15-14 llc-0b9 1 15 0 15 0
l1i_u15-14 llc-0b10 1 15 0 15 0
l1i_u15-14 llc-0b11 1 15 0 15 0
l1i_u15-14 llc-0b12 1 15 0 15 0
l1i_u15-14 llc-0b13 1 15 0 15 0
l1i_u15-14 llc-0b14 1 15 0 15 0
l1i_u15-14 llc-0b15 1 15 0 15 0
l1i_u15-14 llc-0b16 1 15 0 15 0
l1i_u15-14 llc-0b17 1 15 0 15 0
l1i_u15-14 llc-0b18 1 15 0 15 0
l1i_u15-14 llc-0b19 1 15 0 15 0
l1i_u15-14 llc-0b20 1 15 0 15 0
l1i_u15-14 llc-0b21 1 15 0 15 0
l1i_u15-14 llc-0b22 1 15 0 15 0
l1i_u15-14 llc-0b23 1 15 0 15 0
l1i_u15-14 llc-0b24 1 15 0 15 0
l1i_u15-14 llc-0b25 1 15 0 15 0
l1i_u15-14 llc-0b26 1 15 0 15 0
l1i_u15-14 llc-0b27 1 15 0 15 0
l1i_u15-14 llc-0b28 1 15 0 15 0
l1i_u15-14 llc-0b29 1 15 0 15 0
l1i_u15-14 llc-0b30 1 15 0 15 0
l1i_u15-14 llc-0b31 1 15 0 15 0
l1i_u15-15 llc-0b0 1 15 0 15 0
l1i_u15-15 llc-0b1 1 15 0 15 0
l1i_u15-15 llc-0b2 1 15 0 15 0
l1i_u15-15 llc-0b3 1 15 0 15 0
l1i_u15-15 llc-0b4 1 15 0 15 0
l1i_u15-15 llc-0b5 1 15 0 15 0
l1i_u15-15 llc-0b6 1 15 0 15 0
l1i_u15-15 llc-0b7 1 15 0 15 0
l1i_u15-15 llc-0b8 1 15 0 15 0
l1i_u15-15 llc-0b9 1 15 0 15 0
l1i_u15-15 llc-0b10 1 15 0 15 0
l1i_u15-15 llc-0b11 1 15 0 15 0
l1i_u15-15 llc-0b12 1 15 0 15 0
l1i_u15-15 llc-0b13 1 15 0 15 0
l1i_u15-15 llc-0b14 1 15 0 15 0
l1i_u15-15 llc-0b15 1 15 0 15 0
l1i_u15-15 llc-0b16 1 15 0 15 0
l1i_u15-15 llc-0b17 1 15 0 15 0
l1i_u15-15 llc-0b18 1 15 0 15 0
l1i_u15-15 llc-0b19 1 15 0 15 0
l1i_u15-15 llc-0b20 1 15 0 15 0
l1i_u15-15 llc-0b21 1 15 0 15 0
l1i_u15-15 llc-0b22 1 15 0 15 0
l1i_u15-15 llc-0b23 1 15 0 15 0
l1i_u15-15 llc-0b24 1 15 0 15 0
l1i_u15-15 llc-0b25 1 15 0 15 0
l1i_u15-15 llc-0b26 1 15 0 15 0
l1i_u15-15 llc-0b27 1 15 0 15 0
l1i_u15-15 llc-0b28 1 15 0 15 0
l1i_u15-15 llc-0b29 1 15 0 15 0
l1i_u15-15 llc-0b30 1 15 0 15 0
l1i_u15-15 llc-0b31 1 15 0 15 0
l1d_u15-0 llc-0b0 1 15 0 15 0
l1d_u15-0 llc-0b1 1 15 0 15 0
l1d_u15-0 llc-0b2 1 15 0 15 0
l1d_u15-0 llc-0b3 1 15 0 15 0
l1d_u15-0 llc-0b4 1 15 0 15 0
l1d_u15-0 llc-0b5 1 15 0 15 0
l1d_u15-0 llc-0b6 1 15 0 15 0
l1d_u15-0 llc-0b7 1 15 0 15 0
l1d_u15-0 llc-0b8 1 15 0 15 0
l1d_u15-0 llc-0b9 1 15 0 15 0
l1d_u15-0 llc-0b10 1 15 0 15 0
l1d_u15-0 llc-0b11 1 15 0 15 0
l1d_u15-0 llc-0b12 1 15 0 15 0
l1d_u15-0 llc-0b13 1 15 0 15 0
l1d_u15-0 llc-0b14 1 15 0 15 0
l1d_u15-0 llc-0b15 1 15 0 15 0
l1d_u15-0 llc-0b16 1 15 0 15 0
l1d_u15-0 llc-0b17 1 15 0 15 0
l1d_u15-0 llc-0b18 1 15 0 15 0
l1d_u15-0 llc-0b19 1 15 0 15 0
l1d_u15-0 llc-0b20 1 15 0 15 0
l1d_u15-0 llc-0b21 1 15 0 15 0
l1d_u15-0 llc-0b22 1 15 0 15 0
l1d_u15-0 llc-0b23 1 15 0 15 0
l1d_u15-0 llc-0b24 1 15 0 15 0
l1d_u15-0 llc-0b25 1 15 0 15 0
l1d_u15-0 llc-0b26 1 15 0 15 0
l1d_u15-0 llc-0b27 1 15 0 15 0
l1d_u15-0 llc-0b28 1 15 0 15 0
l1d_u15-0 llc-0b29 1 15 0 15 0
l1d_u15-0 llc-0b30 1 15 0 15 0
l1d_u15-0 llc-0b31 1 15 0 15 0
l1d_u15-1 llc-0b0 1 15 0 15 0
l1d_u15-1 llc-0b1 1 15 0 15 0
l1d_u15-1 llc-0b2 1 15 0 15 0
l1d_u15-1 llc-0b3 1 15 0 15 0
l1d_u15-1 llc-0b4 1 15 0 15 0
l1d_u15-1 llc-0b5 1 15 0 15 0
l1d_u15-1 llc-0b6 1 15 0 15 0
l1d_u15-1 llc-0b7 1 15 0 15 0
l1d_u15-1 llc-0b8 1 15 0 15 0
l1d_u15-1 llc-0b9 1 15 0 15 0
l1d_u15-1 llc-0b10 1 15 0 15 0
l1d_u15-1 llc-0b11 1 15 0 15 0
l1d_u15-1 llc-0b12 1 15 0 15 0
l1d_u15-1 llc-0b13 1 15 0 15 0
l1d_u15-1 llc-0b14 1 15 0 15 0
l1d_u15-1 llc-0b15 1 15 0 15 0
l1d_u15-1 llc-0b16 1 15 0 15 0
l1d_u15-1 llc-0b17 1 15 0 15 0
l1d_u15-1 llc-0b18 1 15 0 15 0
l1d_u15-1 llc-0b19 1 15 0 15 0
l1d_u15-1 llc-0b20 1 15 0 15 0
l1d_u15-1 llc-0b21 1 15 0 15 0
l1d_u15-1 llc-0b22 1 15 0 15 0
l1d_u15-1 llc-0b23 1 15 0 15 0
l1d_u15-1 llc-0b24 1 15 0 15 0
l1d_u15-1 llc-0b25 1 15 0 15 0
l1d_u15-1 llc-0b26 1 15 0 15 0
l1d_u15-1 llc-0b27 1 15 0 15 0
l1d_u15-1 llc-0b28 1 15 0 15 0
l1d_u15-1 llc-0b29 1 15 0 15 0
l1d_u15-1 llc-0b30 1 15 0 15 0
l1d_u15-1 llc-0b31 1 15 0 15 0
l1d_u15-2 llc-0b0 1 15 0 15 0
l1d_u15-2 llc-0b1 1 15 0 15 0
l1d_u15-2 llc-0b2 1 15 0 15 0
l1d_u15-2 llc-0b3 1 15 0 15 0
l1d_u15-2 llc-0b4 1 15 0 15 0
l1d_u15-2 llc-0b5 1 15 0 15 0
l1d_u15-2 llc-0b6 1 15 0 15 0
l1d_u15-2 llc-0b7 1 15 0 15 0
l1d_u15-2 llc-0b8 1 15 0 15 0
l1d_u15-2 llc-0b9 1 15 0 15 0
l1d_u15-2 llc-0b10 1 15 0 15 0
l1d_u15-2 llc-0b11 1 15 0 15 0
l1d_u15-2 llc-0b12 1 15 0 15 0
l1d_u15-2 llc-0b13 1 15 0 15 0
l1d_u15-2 llc-0b14 1 15 0 15 0
l1d_u15-2 llc-0b15 1 15 0 15 0
l1d_u15-2 llc-0b16 1 15 0 15 0
l1d_u15-2 llc-0b17 1 15 0 15 0
l1d_u15-2 llc-0b18 1 15 0 15 0
l1d_u15-2 llc-0b19 1 15 0 15 0
l1d_u15-2 llc-0b20 1 15 0 15 0
l1d_u15-2 llc-0b21 1 15 0 15 0
l1d_u15-2 llc-0b22 1 15 0 15 0
l1d_u15-2 llc-0b23 1 15 0 15 0
l1d_u15-2 llc-0b24 1 15 0 15 0
l1d_u15-2 llc-0b25 1 15 0 15 0
l1d_u15-2 llc-0b26 1 15 0 15 0
l1d_u15-2 llc-0b27 1 15 0 15 0
l1d_u15-2 llc-0b28 1 15 0 15 0
l1d_u15-2 llc-0b29 1 15 0 15 0
l1d_u15-2 llc-0b30 1 15 0 15 0
l1d_u15-2 llc-0b31 1 15 0 15 0
l1d_u15-3 llc-0b0 1 15 0 15 0
l1d_u15-3 llc-0b1 1 15 0 15 0
l1d_u15-3 llc-0b2 1 15 0 15 0
l1d_u15-3 llc-0b3 1 15 0 15 0
l1d_u15-3 llc-0b4 1 15 0 15 0
l1d_u15-3 llc-0b5 1 15 0 15 0
l1d_u15-3 llc-0b6 1 15 0 15 0
l1d_u15-3 llc-0b7 1 15 0 15 0
l1d_u15-3 llc-0b8 1 15 0 15 0
l1d_u15-3 llc-0b9 1 15 0 15 0
l1d_u15-3 llc-0b10 1 15 0 15 0
l1d_u15-3 llc-0b11 1 15 0 15 0
l1d_u15-3 llc-0b12 1 15 0 15 0
l1d_u15-3 llc-0b13 1 15 0 15 0
l1d_u15-3 llc-0b14 1 15 0 15 0
l1d_u15-3 llc-0b15 1 15 0 15 0
l1d_u15-3 llc-0b16 1 15 0 15 0
l1d_u15-3 llc-0b17 1 15 0 15 0
l1d_u15-3 llc-0b18 1 15 0 15 0
l1d_u15-3 llc-0b19 1 15 0 15 0
l1d_u15-3 llc-0b20 1 15 0 15 0
l1d_u15-3 llc-0b21 1 15 0 15 0
l1d_u15-3 llc-0b22 1 15 0 15 0
l1d_u15-3 llc-0b23 1 15 0 15 0
l1d_u15-3 llc-0b24 1 15 0 15 0
l1d_u15-3 llc-0b25 1 15 0 15 0
l1d_u15-3 llc-0b26 1 15 0 15 0
l1d_u15-3 llc-0b27 1 15 0 15 0
l1d_u15-3 llc-0b28 1 15 0 15 0
l1d_u15-3 llc-0b29 1 15 0 15 0
l1d_u15-3 llc-0b30 1 15 0 15 0
l1d_u15-3 llc-0b31 1 15 0 15 0
l1d_u15-4 llc-0b0 1 15 0 15 0
l1d_u15-4 llc-0b1 1 15 0 15 0
l1d_u15-4 llc-0b2 1 15 0 15 0
l1d_u15-4 llc-0b3 1 15 0 15 0
l1d_u15-4 llc-0b4 1 15 0 15 0
l1d_u15-4 llc-0b5 1 15 0 15 0
l1d_u15-4 llc-0b6 1 15 0 15 0
l1d_u15-4 llc-0b7 1 15 0 15 0
l1d_u15-4 llc-0b8 1 15 0 15 0
l1d_u15-4 llc-0b9 1 15 0 15 0
l1d_u15-4 llc-0b10 1 15 0 15 0
l1d_u15-4 llc-0b11 1 15 0 15 0
l1d_u15-4 llc-0b12 1 15 0 15 0
l1d_u15-4 llc-0b13 1 15 0 15 0
l1d_u15-4 llc-0b14 1 15 0 15 0
l1d_u15-4 llc-0b15 1 15 0 15 0
l1d_u15-4 llc-0b16 1 15 0 15 0
l1d_u15-4 llc-0b17 1 15 0 15 0
l1d_u15-4 llc-0b18 1 15 0 15 0
l1d_u15-4 llc-0b19 1 15 0 15 0
l1d_u15-4 llc-0b20 1 15 0 15 0
l1d_u15-4 llc-0b21 1 15 0 15 0
l1d_u15-4 llc-0b22 1 15 0 15 0
l1d_u15-4 llc-0b23 1 15 0 15 0
l1d_u15-4 llc-0b24 1 15 0 15 0
l1d_u15-4 llc-0b25 1 15 0 15 0
l1d_u15-4 llc-0b26 1 15 0 15 0
l1d_u15-4 llc-0b27 1 15 0 15 0
l1d_u15-4 llc-0b28 1 15 0 15 0
l1d_u15-4 llc-0b29 1 15 0 15 0
l1d_u15-4 llc-0b30 1 15 0 15 0
l1d_u15-4 llc-0b31 1 15 0 15 0
l1d_u15-5 llc-0b0 1 15 0 15 0
l1d_u15-5 llc-0b1 1 15 0 15 0
l1d_u15-5 llc-0b2 1 15 0 15 0
l1d_u15-5 llc-0b3 1 15 0 15 0
l1d_u15-5 llc-0b4 1 15 0 15 0
l1d_u15-5 llc-0b5 1 15 0 15 0
l1d_u15-5 llc-0b6 1 15 0 15 0
l1d_u15-5 llc-0b7 1 15 0 15 0
l1d_u15-5 llc-0b8 1 15 0 15 0
l1d_u15-5 llc-0b9 1 15 0 15 0
l1d_u15-5 llc-0b10 1 15 0 15 0
l1d_u15-5 llc-0b11 1 15 0 15 0
l1d_u15-5 llc-0b12 1 15 0 15 0
l1d_u15-5 llc-0b13 1 15 0 15 0
l1d_u15-5 llc-0b14 1 15 0 15 0
l1d_u15-5 llc-0b15 1 15 0 15 0
l1d_u15-5 llc-0b16 1 15 0 15 0
l1d_u15-5 llc-0b17 1 15 0 15 0
l1d_u15-5 llc-0b18 1 15 0 15 0
l1d_u15-5 llc-0b19 1 15 0 15 0
l1d_u15-5 llc-0b20 1 15 0 15 0
l1d_u15-5 llc-0b21 1 15 0 15 0
l1d_u15-5 llc-0b22 1 15 0 15 0
l1d_u15-5 llc-0b23 1 15 0 15 0
l1d_u15-5 llc-0b24 1 15 0 15 0
l1d_u15-5 llc-0b25 1 15 0 15 0
l1d_u15-5 llc-0b26 1 15 0 15 0
l1d_u15-5 llc-0b27 1 15 0 15 0
l1d_u15-5 llc-0b28 1 15 0 15 0
l1d_u15-5 llc-0b29 1 15 0 15 0
l1d_u15-5 llc-0b30 1 15 0 15 0
l1d_u15-5 llc-0b31 1 15 0 15 0
l1d_u15-6 llc-0b0 1 15 0 15 0
l1d_u15-6 llc-0b1 1 15 0 15 0
l1d_u15-6 llc-0b2 1 15 0 15 0
l1d_u15-6 llc-0b3 1 15 0 15 0
l1d_u15-6 llc-0b4 1 15 0 15 0
l1d_u15-6 llc-0b5 1 15 0 15 0
l1d_u15-6 llc-0b6 1 15 0 15 0
l1d_u15-6 llc-0b7 1 15 0 15 0
l1d_u15-6 llc-0b8 1 15 0 15 0
l1d_u15-6 llc-0b9 1 15 0 15 0
l1d_u15-6 llc-0b10 1 15 0 15 0
l1d_u15-6 llc-0b11 1 15 0 15 0
l1d_u15-6 llc-0b12 1 15 0 15 0
l1d_u15-6 llc-0b13 1 15 0 15 0
l1d_u15-6 llc-0b14 1 15 0 15 0
l1d_u15-6 llc-0b15 1 15 0 15 0
l1d_u15-6 llc-0b16 1 15 0 15 0
l1d_u15-6 llc-0b17 1 15 0 15 0
l1d_u15-6 llc-0b18 1 15 0 15 0
l1d_u15-6 llc-0b19 1 15 0 15 0
l1d_u15-6 llc-0b20 1 15 0 15 0
l1d_u15-6 llc-0b21 1 15 0 15 0
l1d_u15-6 llc-0b22 1 15 0 15 0
l1d_u15-6 llc-0b23 1 15 0 15 0
l1d_u15-6 llc-0b24 1 15 0 15 0
l1d_u15-6 llc-0b25 1 15 0 15 0
l1d_u15-6 llc-0b26 1 15 0 15 0
l1d_u15-6 llc-0b27 1 15 0 15 0
l1d_u15-6 llc-0b28 1 15 0 15 0
l1d_u15-6 llc-0b29 1 15 0 15 0
l1d_u15-6 llc-0b30 1 15 0 15 0
l1d_u15-6 llc-0b31 1 15 0 15 0
l1d_u15-7 llc-0b0 1 15 0 15 0
l1d_u15-7 llc-0b1 1 15 0 15 0
l1d_u15-7 llc-0b2 1 15 0 15 0
l1d_u15-7 llc-0b3 1 15 0 15 0
l1d_u15-7 llc-0b4 1 15 0 15 0
l1d_u15-7 llc-0b5 1 15 0 15 0
l1d_u15-7 llc-0b6 1 15 0 15 0
l1d_u15-7 llc-0b7 1 15 0 15 0
l1d_u15-7 llc-0b8 1 15 0 15 0
l1d_u15-7 llc-0b9 1 15 0 15 0
l1d_u15-7 llc-0b10 1 15 0 15 0
l1d_u15-7 llc-0b11 1 15 0 15 0
l1d_u15-7 llc-0b12 1 15 0 15 0
l1d_u15-7 llc-0b13 1 15 0 15 0
l1d_u15-7 llc-0b14 1 15 0 15 0
l1d_u15-7 llc-0b15 1 15 0 15 0
l1d_u15-7 llc-0b16 1 15 0 15 0
l1d_u15-7 llc-0b17 1 15 0 15 0
l1d_u15-7 llc-0b18 1 15 0 15 0
l1d_u15-7 llc-0b19 1 15 0 15 0
l1d_u15-7 llc-0b20 1 15 0 15 0
l1d_u15-7 llc-0b21 1 15 0 15 0
l1d_u15-7 llc-0b22 1 15 0 15 0
l1d_u15-7 llc-0b23 1 15 0 15 0
l1d_u15-7 llc-0b24 1 15 0 15 0
l1d_u15-7 llc-0b25 1 15 0 15 0
l1d_u15-7 llc-0b26 1 15 0 15 0
l1d_u15-7 llc-0b27 1 15 0 15 0
l1d_u15-7 llc-0b28 1 15 0 15 0
l1d_u15-7 llc-0b29 1 15 0 15 0
l1d_u15-7 llc-0b30 1 15 0 15 0
l1d_u15-7 llc-0b31 1 15 0 15 0
l1d_u15-8 llc-0b0 1 15 0 15 0
l1d_u15-8 llc-0b1 1 15 0 15 0
l1d_u15-8 llc-0b2 1 15 0 15 0
l1d_u15-8 llc-0b3 1 15 0 15 0
l1d_u15-8 llc-0b4 1 15 0 15 0
l1d_u15-8 llc-0b5 1 15 0 15 0
l1d_u15-8 llc-0b6 1 15 0 15 0
l1d_u15-8 llc-0b7 1 15 0 15 0
l1d_u15-8 llc-0b8 1 15 0 15 0
l1d_u15-8 llc-0b9 1 15 0 15 0
l1d_u15-8 llc-0b10 1 15 0 15 0
l1d_u15-8 llc-0b11 1 15 0 15 0
l1d_u15-8 llc-0b12 1 15 0 15 0
l1d_u15-8 llc-0b13 1 15 0 15 0
l1d_u15-8 llc-0b14 1 15 0 15 0
l1d_u15-8 llc-0b15 1 15 0 15 0
l1d_u15-8 llc-0b16 1 15 0 15 0
l1d_u15-8 llc-0b17 1 15 0 15 0
l1d_u15-8 llc-0b18 1 15 0 15 0
l1d_u15-8 llc-0b19 1 15 0 15 0
l1d_u15-8 llc-0b20 1 15 0 15 0
l1d_u15-8 llc-0b21 1 15 0 15 0
l1d_u15-8 llc-0b22 1 15 0 15 0
l1d_u15-8 llc-0b23 1 15 0 15 0
l1d_u15-8 llc-0b24 1 15 0 15 0
l1d_u15-8 llc-0b25 1 15 0 15 0
l1d_u15-8 llc-0b26 1 15 0 15 0
l1d_u15-8 llc-0b27 1 15 0 15 0
l1d_u15-8 llc-0b28 1 15 0 15 0
l1d_u15-8 llc-0b29 1 15 0 15 0
l1d_u15-8 llc-0b30 1 15 0 15 0
l1d_u15-8 llc-0b31 1 15 0 15 0
l1d_u15-9 llc-0b0 1 15 0 15 0
l1d_u15-9 llc-0b1 1 15 0 15 0
l1d_u15-9 llc-0b2 1 15 0 15 0
l1d_u15-9 llc-0b3 1 15 0 15 0
l1d_u15-9 llc-0b4 1 15 0 15 0
l1d_u15-9 llc-0b5 1 15 0 15 0
l1d_u15-9 llc-0b6 1 15 0 15 0
l1d_u15-9 llc-0b7 1 15 0 15 0
l1d_u15-9 llc-0b8 1 15 0 15 0
l1d_u15-9 llc-0b9 1 15 0 15 0
l1d_u15-9 llc-0b10 1 15 0 15 0
l1d_u15-9 llc-0b11 1 15 0 15 0
l1d_u15-9 llc-0b12 1 15 0 15 0
l1d_u15-9 llc-0b13 1 15 0 15 0
l1d_u15-9 llc-0b14 1 15 0 15 0
l1d_u15-9 llc-0b15 1 15 0 15 0
l1d_u15-9 llc-0b16 1 15 0 15 0
l1d_u15-9 llc-0b17 1 15 0 15 0
l1d_u15-9 llc-0b18 1 15 0 15 0
l1d_u15-9 llc-0b19 1 15 0 15 0
l1d_u15-9 llc-0b20 1 15 0 15 0
l1d_u15-9 llc-0b21 1 15 0 15 0
l1d_u15-9 llc-0b22 1 15 0 15 0
l1d_u15-9 llc-0b23 1 15 0 15 0
l1d_u15-9 llc-0b24 1 15 0 15 0
l1d_u15-9 llc-0b25 1 15 0 15 0
l1d_u15-9 llc-0b26 1 15 0 15 0
l1d_u15-9 llc-0b27 1 15 0 15 0
l1d_u15-9 llc-0b28 1 15 0 15 0
l1d_u15-9 llc-0b29 1 15 0 15 0
l1d_u15-9 llc-0b30 1 15 0 15 0
l1d_u15-9 llc-0b31 1 15 0 15 0
l1d_u15-10 llc-0b0 1 15 0 15 0
l1d_u15-10 llc-0b1 1 15 0 15 0
l1d_u15-10 llc-0b2 1 15 0 15 0
l1d_u15-10 llc-0b3 1 15 0 15 0
l1d_u15-10 llc-0b4 1 15 0 15 0
l1d_u15-10 llc-0b5 1 15 0 15 0
l1d_u15-10 llc-0b6 1 15 0 15 0
l1d_u15-10 llc-0b7 1 15 0 15 0
l1d_u15-10 llc-0b8 1 15 0 15 0
l1d_u15-10 llc-0b9 1 15 0 15 0
l1d_u15-10 llc-0b10 1 15 0 15 0
l1d_u15-10 llc-0b11 1 15 0 15 0
l1d_u15-10 llc-0b12 1 15 0 15 0
l1d_u15-10 llc-0b13 1 15 0 15 0
l1d_u15-10 llc-0b14 1 15 0 15 0
l1d_u15-10 llc-0b15 1 15 0 15 0
l1d_u15-10 llc-0b16 1 15 0 15 0
l1d_u15-10 llc-0b17 1 15 0 15 0
l1d_u15-10 llc-0b18 1 15 0 15 0
l1d_u15-10 llc-0b19 1 15 0 15 0
l1d_u15-10 llc-0b20 1 15 0 15 0
l1d_u15-10 llc-0b21 1 15 0 15 0
l1d_u15-10 llc-0b22 1 15 0 15 0
l1d_u15-10 llc-0b23 1 15 0 15 0
l1d_u15-10 llc-0b24 1 15 0 15 0
l1d_u15-10 llc-0b25 1 15 0 15 0
l1d_u15-10 llc-0b26 1 15 0 15 0
l1d_u15-10 llc-0b27 1 15 0 15 0
l1d_u15-10 llc-0b28 1 15 0 15 0
l1d_u15-10 llc-0b29 1 15 0 15 0
l1d_u15-10 llc-0b30 1 15 0 15 0
l1d_u15-10 llc-0b31 1 15 0 15 0
l1d_u15-11 llc-0b0 1 15 0 15 0
l1d_u15-11 llc-0b1 1 15 0 15 0
l1d_u15-11 llc-0b2 1 15 0 15 0
l1d_u15-11 llc-0b3 1 15 0 15 0
l1d_u15-11 llc-0b4 1 15 0 15 0
l1d_u15-11 llc-0b5 1 15 0 15 0
l1d_u15-11 llc-0b6 1 15 0 15 0
l1d_u15-11 llc-0b7 1 15 0 15 0
l1d_u15-11 llc-0b8 1 15 0 15 0
l1d_u15-11 llc-0b9 1 15 0 15 0
l1d_u15-11 llc-0b10 1 15 0 15 0
l1d_u15-11 llc-0b11 1 15 0 15 0
l1d_u15-11 llc-0b12 1 15 0 15 0
l1d_u15-11 llc-0b13 1 15 0 15 0
l1d_u15-11 llc-0b14 1 15 0 15 0
l1d_u15-11 llc-0b15 1 15 0 15 0
l1d_u15-11 llc-0b16 1 15 0 15 0
l1d_u15-11 llc-0b17 1 15 0 15 0
l1d_u15-11 llc-0b18 1 15 0 15 0
l1d_u15-11 llc-0b19 1 15 0 15 0
l1d_u15-11 llc-0b20 1 15 0 15 0
l1d_u15-11 llc-0b21 1 15 0 15 0
l1d_u15-11 llc-0b22 1 15 0 15 0
l1d_u15-11 llc-0b23 1 15 0 15 0
l1d_u15-11 llc-0b24 1 15 0 15 0
l1d_u15-11 llc-0b25 1 15 0 15 0
l1d_u15-11 llc-0b26 1 15 0 15 0
l1d_u15-11 llc-0b27 1 15 0 15 0
l1d_u15-11 llc-0b28 1 15 0 15 0
l1d_u15-11 llc-0b29 1 15 0 15 0
l1d_u15-11 llc-0b30 1 15 0 15 0
l1d_u15-11 llc-0b31 1 15 0 15 0
l1d_u15-12 llc-0b0 1 15 0 15 0
l1d_u15-12 llc-0b1 1 15 0 15 0
l1d_u15-12 llc-0b2 1 15 0 15 0
l1d_u15-12 llc-0b3 1 15 0 15 0
l1d_u15-12 llc-0b4 1 15 0 15 0
l1d_u15-12 llc-0b5 1 15 0 15 0
l1d_u15-12 llc-0b6 1 15 0 15 0
l1d_u15-12 llc-0b7 1 15 0 15 0
l1d_u15-12 llc-0b8 1 15 0 15 0
l1d_u15-12 llc-0b9 1 15 0 15 0
l1d_u15-12 llc-0b10 1 15 0 15 0
l1d_u15-12 llc-0b11 1 15 0 15 0
l1d_u15-12 llc-0b12 1 15 0 15 0
l1d_u15-12 llc-0b13 1 15 0 15 0
l1d_u15-12 llc-0b14 1 15 0 15 0
l1d_u15-12 llc-0b15 1 15 0 15 0
l1d_u15-12 llc-0b16 1 15 0 15 0
l1d_u15-12 llc-0b17 1 15 0 15 0
l1d_u15-12 llc-0b18 1 15 0 15 0
l1d_u15-12 llc-0b19 1 15 0 15 0
l1d_u15-12 llc-0b20 1 15 0 15 0
l1d_u15-12 llc-0b21 1 15 0 15 0
l1d_u15-12 llc-0b22 1 15 0 15 0
l1d_u15-12 llc-0b23 1 15 0 15 0
l1d_u15-12 llc-0b24 1 15 0 15 0
l1d_u15-12 llc-0b25 1 15 0 15 0
l1d_u15-12 llc-0b26 1 15 0 15 0
l1d_u15-12 llc-0b27 1 15 0 15 0
l1d_u15-12 llc-0b28 1 15 0 15 0
l1d_u15-12 llc-0b29 1 15 0 15 0
l1d_u15-12 llc-0b30 1 15 0 15 0
l1d_u15-12 llc-0b31 1 15 0 15 0
l1d_u15-13 llc-0b0 1 15 0 15 0
l1d_u15-13 llc-0b1 1 15 0 15 0
l1d_u15-13 llc-0b2 1 15 0 15 0
l1d_u15-13 llc-0b3 1 15 0 15 0
l1d_u15-13 llc-0b4 1 15 0 15 0
l1d_u15-13 llc-0b5 1 15 0 15 0
l1d_u15-13 llc-0b6 1 15 0 15 0
l1d_u15-13 llc-0b7 1 15 0 15 0
l1d_u15-13 llc-0b8 1 15 0 15 0
l1d_u15-13 llc-0b9 1 15 0 15 0
l1d_u15-13 llc-0b10 1 15 0 15 0
l1d_u15-13 llc-0b11 1 15 0 15 0
l1d_u15-13 llc-0b12 1 15 0 15 0
l1d_u15-13 llc-0b13 1 15 0 15 0
l1d_u15-13 llc-0b14 1 15 0 15 0
l1d_u15-13 llc-0b15 1 15 0 15 0
l1d_u15-13 llc-0b16 1 15 0 15 0
l1d_u15-13 llc-0b17 1 15 0 15 0
l1d_u15-13 llc-0b18 1 15 0 15 0
l1d_u15-13 llc-0b19 1 15 0 15 0
l1d_u15-13 llc-0b20 1 15 0 15 0
l1d_u15-13 llc-0b21 1 15 0 15 0
l1d_u15-13 llc-0b22 1 15 0 15 0
l1d_u15-13 llc-0b23 1 15 0 15 0
l1d_u15-13 llc-0b24 1 15 0 15 0
l1d_u15-13 llc-0b25 1 15 0 15 0
l1d_u15-13 llc-0b26 1 15 0 15 0
l1d_u15-13 llc-0b27 1 15 0 15 0
l1d_u15-13 llc-0b28 1 15 0 15 0
l1d_u15-13 llc-0b29 1 15 0 15 0
l1d_u15-13 llc-0b30 1 15 0 15 0
l1d_u15-13 llc-0b31 1 15 0 15 0
l1d_u15-14 llc-0b0 1 15 0 15 0
l1d_u15-14 llc-0b1 1 15 0 15 0
l1d_u15-14 llc-0b2 1 15 0 15 0
l1d_u15-14 llc-0b3 1 15 0 15 0
l1d_u15-14 llc-0b4 1 15 0 15 0
l1d_u15-14 llc-0b5 1 15 0 15 0
l1d_u15-14 llc-0b6 1 15 0 15 0
l1d_u15-14 llc-0b7 1 15 0 15 0
l1d_u15-14 llc-0b8 1 15 0 15 0
l1d_u15-14 llc-0b9 1 15 0 15 0
l1d_u15-14 llc-0b10 1 15 0 15 0
l1d_u15-14 llc-0b11 1 15 0 15 0
l1d_u15-14 llc-0b12 1 15 0 15 0
l1d_u15-14 llc-0b13 1 15 0 15 0
l1d_u15-14 llc-0b14 1 15 0 15 0
l1d_u15-14 llc-0b15 1 15 0 15 0
l1d_u15-14 llc-0b16 1 15 0 15 0
l1d_u15-14 llc-0b17 1 15 0 15 0
l1d_u15-14 llc-0b18 1 15 0 15 0
l1d_u15-14 llc-0b19 1 15 0 15 0
l1d_u15-14 llc-0b20 1 15 0 15 0
l1d_u15-14 llc-0b21 1 15 0 15 0
l1d_u15-14 llc-0b22 1 15 0 15 0
l1d_u15-14 llc-0b23 1 15 0 15 0
l1d_u15-14 llc-0b24 1 15 0 15 0
l1d_u15-14 llc-0b25 1 15 0 15 0
l1d_u15-14 llc-0b26 1 15 0 15 0
l1d_u15-14 llc-0b27 1 15 0 15 0
l1d_u15-14 llc-0b28 1 15 0 15 0
l1d_u15-14 llc-0b29 1 15 0 15 0
l1d_u15-14 llc-0b30 1 15 0 15 0
l1d_u15-14 llc-0b31 1 15 0 15 0
l1d_u15-15 llc-0b0 1 15 0 15 0
l1d_u15-15 llc-0b1 1 15 0 15 0
l1d_u15-15 llc-0b2 1 15 0 15 0
l1d_u15-15 llc-0b3 1 15 0 15 0
l1d_u15-15 llc-0b4 1 15 0 15 0
l1d_u15-15 llc-0b5 1 15 0 15 0
l1d_u15-15 llc-0b6 1 15 0 15 0
l1d_u15-15 llc-0b7 1 15 0 15 0
l1d_u15-15 llc-0b8 1 15 0 15 0
l1d_u15-15 llc-0b9 1 15 0 15 0
l1d_u15-15 llc-0b10 1 15 0 15 0
l1d_u15-15 llc-0b11 1 15 0 15 0
l1d_u15-15 llc-0b12 1 15 0 15 0
l1d_u15-15 llc-0b13 1 15 0 15 0
l1d_u15-15 llc-0b14 1 15 0 15 0
l1d_u15-15 llc-0b15 1 15 0 15 0
l1d_u15-15 llc-0b16 1 15 0 15 0
l1d_u15-15 llc-0b17 1 15 0 15 0
l1d_u15-15 llc-0b18 1 15 0 15 0
l1d_u15-15 llc-0b19 1 15 0 15 0
l1d_u15-15 llc-0b20 1 15 0 15 0
l1d_u15-15 llc-0b21 1 15 0 15 0
l1d_u15-15 llc-0b22 1 15 0 15 0
l1d_u15-15 llc-0b23 1 15 0 15 0
l1d_u15-15 llc-0b24 1 15 0 15 0
l1d_u15-15 llc-0b25 1 15 0 15 0
l1d_u15-15 llc-0b26 1 15 0 15 0
l1d_u15-15 llc-0b27 1 15 0 15 0
l1d_u15-15 llc-0b28 1 15 0 15 0
l1d_u15-15 llc-0b29 1 15 0 15 0
l1d_u15-15 llc-0b30 1 15 0 15 0
l1d_u15-15 llc-0b31 1 15 0 15 0
l1i_u16-0 llc-0b0 1 16 0 16 0
l1i_u16-0 llc-0b1 1 16 0 16 0
l1i_u16-0 llc-0b2 1 16 0 16 0
l1i_u16-0 llc-0b3 1 16 0 16 0
l1i_u16-0 llc-0b4 1 16 0 16 0
l1i_u16-0 llc-0b5 1 16 0 16 0
l1i_u16-0 llc-0b6 1 16 0 16 0
l1i_u16-0 llc-0b7 1 16 0 16 0
l1i_u16-0 llc-0b8 1 16 0 16 0
l1i_u16-0 llc-0b9 1 16 0 16 0
l1i_u16-0 llc-0b10 1 16 0 16 0
l1i_u16-0 llc-0b11 1 16 0 16 0
l1i_u16-0 llc-0b12 1 16 0 16 0
l1i_u16-0 llc-0b13 1 16 0 16 0
l1i_u16-0 llc-0b14 1 16 0 16 0
l1i_u16-0 llc-0b15 1 16 0 16 0
l1i_u16-0 llc-0b16 1 16 0 16 0
l1i_u16-0 llc-0b17 1 16 0 16 0
l1i_u16-0 llc-0b18 1 16 0 16 0
l1i_u16-0 llc-0b19 1 16 0 16 0
l1i_u16-0 llc-0b20 1 16 0 16 0
l1i_u16-0 llc-0b21 1 16 0 16 0
l1i_u16-0 llc-0b22 1 16 0 16 0
l1i_u16-0 llc-0b23 1 16 0 16 0
l1i_u16-0 llc-0b24 1 16 0 16 0
l1i_u16-0 llc-0b25 1 16 0 16 0
l1i_u16-0 llc-0b26 1 16 0 16 0
l1i_u16-0 llc-0b27 1 16 0 16 0
l1i_u16-0 llc-0b28 1 16 0 16 0
l1i_u16-0 llc-0b29 1 16 0 16 0
l1i_u16-0 llc-0b30 1 16 0 16 0
l1i_u16-0 llc-0b31 1 16 0 16 0
l1i_u16-1 llc-0b0 1 16 0 16 0
l1i_u16-1 llc-0b1 1 16 0 16 0
l1i_u16-1 llc-0b2 1 16 0 16 0
l1i_u16-1 llc-0b3 1 16 0 16 0
l1i_u16-1 llc-0b4 1 16 0 16 0
l1i_u16-1 llc-0b5 1 16 0 16 0
l1i_u16-1 llc-0b6 1 16 0 16 0
l1i_u16-1 llc-0b7 1 16 0 16 0
l1i_u16-1 llc-0b8 1 16 0 16 0
l1i_u16-1 llc-0b9 1 16 0 16 0
l1i_u16-1 llc-0b10 1 16 0 16 0
l1i_u16-1 llc-0b11 1 16 0 16 0
l1i_u16-1 llc-0b12 1 16 0 16 0
l1i_u16-1 llc-0b13 1 16 0 16 0
l1i_u16-1 llc-0b14 1 16 0 16 0
l1i_u16-1 llc-0b15 1 16 0 16 0
l1i_u16-1 llc-0b16 1 16 0 16 0
l1i_u16-1 llc-0b17 1 16 0 16 0
l1i_u16-1 llc-0b18 1 16 0 16 0
l1i_u16-1 llc-0b19 1 16 0 16 0
l1i_u16-1 llc-0b20 1 16 0 16 0
l1i_u16-1 llc-0b21 1 16 0 16 0
l1i_u16-1 llc-0b22 1 16 0 16 0
l1i_u16-1 llc-0b23 1 16 0 16 0
l1i_u16-1 llc-0b24 1 16 0 16 0
l1i_u16-1 llc-0b25 1 16 0 16 0
l1i_u16-1 llc-0b26 1 16 0 16 0
l1i_u16-1 llc-0b27 1 16 0 16 0
l1i_u16-1 llc-0b28 1 16 0 16 0
l1i_u16-1 llc-0b29 1 16 0 16 0
l1i_u16-1 llc-0b30 1 16 0 16 0
l1i_u16-1 llc-0b31 1 16 0 16 0
l1i_u16-2 llc-0b0 1 16 0 16 0
l1i_u16-2 llc-0b1 1 16 0 16 0
l1i_u16-2 llc-0b2 1 16 0 16 0
l1i_u16-2 llc-0b3 1 16 0 16 0
l1i_u16-2 llc-0b4 1 16 0 16 0
l1i_u16-2 llc-0b5 1 16 0 16 0
l1i_u16-2 llc-0b6 1 16 0 16 0
l1i_u16-2 llc-0b7 1 16 0 16 0
l1i_u16-2 llc-0b8 1 16 0 16 0
l1i_u16-2 llc-0b9 1 16 0 16 0
l1i_u16-2 llc-0b10 1 16 0 16 0
l1i_u16-2 llc-0b11 1 16 0 16 0
l1i_u16-2 llc-0b12 1 16 0 16 0
l1i_u16-2 llc-0b13 1 16 0 16 0
l1i_u16-2 llc-0b14 1 16 0 16 0
l1i_u16-2 llc-0b15 1 16 0 16 0
l1i_u16-2 llc-0b16 1 16 0 16 0
l1i_u16-2 llc-0b17 1 16 0 16 0
l1i_u16-2 llc-0b18 1 16 0 16 0
l1i_u16-2 llc-0b19 1 16 0 16 0
l1i_u16-2 llc-0b20 1 16 0 16 0
l1i_u16-2 llc-0b21 1 16 0 16 0
l1i_u16-2 llc-0b22 1 16 0 16 0
l1i_u16-2 llc-0b23 1 16 0 16 0
l1i_u16-2 llc-0b24 1 16 0 16 0
l1i_u16-2 llc-0b25 1 16 0 16 0
l1i_u16-2 llc-0b26 1 16 0 16 0
l1i_u16-2 llc-0b27 1 16 0 16 0
l1i_u16-2 llc-0b28 1 16 0 16 0
l1i_u16-2 llc-0b29 1 16 0 16 0
l1i_u16-2 llc-0b30 1 16 0 16 0
l1i_u16-2 llc-0b31 1 16 0 16 0
l1i_u16-3 llc-0b0 1 16 0 16 0
l1i_u16-3 llc-0b1 1 16 0 16 0
l1i_u16-3 llc-0b2 1 16 0 16 0
l1i_u16-3 llc-0b3 1 16 0 16 0
l1i_u16-3 llc-0b4 1 16 0 16 0
l1i_u16-3 llc-0b5 1 16 0 16 0
l1i_u16-3 llc-0b6 1 16 0 16 0
l1i_u16-3 llc-0b7 1 16 0 16 0
l1i_u16-3 llc-0b8 1 16 0 16 0
l1i_u16-3 llc-0b9 1 16 0 16 0
l1i_u16-3 llc-0b10 1 16 0 16 0
l1i_u16-3 llc-0b11 1 16 0 16 0
l1i_u16-3 llc-0b12 1 16 0 16 0
l1i_u16-3 llc-0b13 1 16 0 16 0
l1i_u16-3 llc-0b14 1 16 0 16 0
l1i_u16-3 llc-0b15 1 16 0 16 0
l1i_u16-3 llc-0b16 1 16 0 16 0
l1i_u16-3 llc-0b17 1 16 0 16 0
l1i_u16-3 llc-0b18 1 16 0 16 0
l1i_u16-3 llc-0b19 1 16 0 16 0
l1i_u16-3 llc-0b20 1 16 0 16 0
l1i_u16-3 llc-0b21 1 16 0 16 0
l1i_u16-3 llc-0b22 1 16 0 16 0
l1i_u16-3 llc-0b23 1 16 0 16 0
l1i_u16-3 llc-0b24 1 16 0 16 0
l1i_u16-3 llc-0b25 1 16 0 16 0
l1i_u16-3 llc-0b26 1 16 0 16 0
l1i_u16-3 llc-0b27 1 16 0 16 0
l1i_u16-3 llc-0b28 1 16 0 16 0
l1i_u16-3 llc-0b29 1 16 0 16 0
l1i_u16-3 llc-0b30 1 16 0 16 0
l1i_u16-3 llc-0b31 1 16 0 16 0
l1i_u16-4 llc-0b0 1 16 0 16 0
l1i_u16-4 llc-0b1 1 16 0 16 0
l1i_u16-4 llc-0b2 1 16 0 16 0
l1i_u16-4 llc-0b3 1 16 0 16 0
l1i_u16-4 llc-0b4 1 16 0 16 0
l1i_u16-4 llc-0b5 1 16 0 16 0
l1i_u16-4 llc-0b6 1 16 0 16 0
l1i_u16-4 llc-0b7 1 16 0 16 0
l1i_u16-4 llc-0b8 1 16 0 16 0
l1i_u16-4 llc-0b9 1 16 0 16 0
l1i_u16-4 llc-0b10 1 16 0 16 0
l1i_u16-4 llc-0b11 1 16 0 16 0
l1i_u16-4 llc-0b12 1 16 0 16 0
l1i_u16-4 llc-0b13 1 16 0 16 0
l1i_u16-4 llc-0b14 1 16 0 16 0
l1i_u16-4 llc-0b15 1 16 0 16 0
l1i_u16-4 llc-0b16 1 16 0 16 0
l1i_u16-4 llc-0b17 1 16 0 16 0
l1i_u16-4 llc-0b18 1 16 0 16 0
l1i_u16-4 llc-0b19 1 16 0 16 0
l1i_u16-4 llc-0b20 1 16 0 16 0
l1i_u16-4 llc-0b21 1 16 0 16 0
l1i_u16-4 llc-0b22 1 16 0 16 0
l1i_u16-4 llc-0b23 1 16 0 16 0
l1i_u16-4 llc-0b24 1 16 0 16 0
l1i_u16-4 llc-0b25 1 16 0 16 0
l1i_u16-4 llc-0b26 1 16 0 16 0
l1i_u16-4 llc-0b27 1 16 0 16 0
l1i_u16-4 llc-0b28 1 16 0 16 0
l1i_u16-4 llc-0b29 1 16 0 16 0
l1i_u16-4 llc-0b30 1 16 0 16 0
l1i_u16-4 llc-0b31 1 16 0 16 0
l1i_u16-5 llc-0b0 1 16 0 16 0
l1i_u16-5 llc-0b1 1 16 0 16 0
l1i_u16-5 llc-0b2 1 16 0 16 0
l1i_u16-5 llc-0b3 1 16 0 16 0
l1i_u16-5 llc-0b4 1 16 0 16 0
l1i_u16-5 llc-0b5 1 16 0 16 0
l1i_u16-5 llc-0b6 1 16 0 16 0
l1i_u16-5 llc-0b7 1 16 0 16 0
l1i_u16-5 llc-0b8 1 16 0 16 0
l1i_u16-5 llc-0b9 1 16 0 16 0
l1i_u16-5 llc-0b10 1 16 0 16 0
l1i_u16-5 llc-0b11 1 16 0 16 0
l1i_u16-5 llc-0b12 1 16 0 16 0
l1i_u16-5 llc-0b13 1 16 0 16 0
l1i_u16-5 llc-0b14 1 16 0 16 0
l1i_u16-5 llc-0b15 1 16 0 16 0
l1i_u16-5 llc-0b16 1 16 0 16 0
l1i_u16-5 llc-0b17 1 16 0 16 0
l1i_u16-5 llc-0b18 1 16 0 16 0
l1i_u16-5 llc-0b19 1 16 0 16 0
l1i_u16-5 llc-0b20 1 16 0 16 0
l1i_u16-5 llc-0b21 1 16 0 16 0
l1i_u16-5 llc-0b22 1 16 0 16 0
l1i_u16-5 llc-0b23 1 16 0 16 0
l1i_u16-5 llc-0b24 1 16 0 16 0
l1i_u16-5 llc-0b25 1 16 0 16 0
l1i_u16-5 llc-0b26 1 16 0 16 0
l1i_u16-5 llc-0b27 1 16 0 16 0
l1i_u16-5 llc-0b28 1 16 0 16 0
l1i_u16-5 llc-0b29 1 16 0 16 0
l1i_u16-5 llc-0b30 1 16 0 16 0
l1i_u16-5 llc-0b31 1 16 0 16 0
l1i_u16-6 llc-0b0 1 16 0 16 0
l1i_u16-6 llc-0b1 1 16 0 16 0
l1i_u16-6 llc-0b2 1 16 0 16 0
l1i_u16-6 llc-0b3 1 16 0 16 0
l1i_u16-6 llc-0b4 1 16 0 16 0
l1i_u16-6 llc-0b5 1 16 0 16 0
l1i_u16-6 llc-0b6 1 16 0 16 0
l1i_u16-6 llc-0b7 1 16 0 16 0
l1i_u16-6 llc-0b8 1 16 0 16 0
l1i_u16-6 llc-0b9 1 16 0 16 0
l1i_u16-6 llc-0b10 1 16 0 16 0
l1i_u16-6 llc-0b11 1 16 0 16 0
l1i_u16-6 llc-0b12 1 16 0 16 0
l1i_u16-6 llc-0b13 1 16 0 16 0
l1i_u16-6 llc-0b14 1 16 0 16 0
l1i_u16-6 llc-0b15 1 16 0 16 0
l1i_u16-6 llc-0b16 1 16 0 16 0
l1i_u16-6 llc-0b17 1 16 0 16 0
l1i_u16-6 llc-0b18 1 16 0 16 0
l1i_u16-6 llc-0b19 1 16 0 16 0
l1i_u16-6 llc-0b20 1 16 0 16 0
l1i_u16-6 llc-0b21 1 16 0 16 0
l1i_u16-6 llc-0b22 1 16 0 16 0
l1i_u16-6 llc-0b23 1 16 0 16 0
l1i_u16-6 llc-0b24 1 16 0 16 0
l1i_u16-6 llc-0b25 1 16 0 16 0
l1i_u16-6 llc-0b26 1 16 0 16 0
l1i_u16-6 llc-0b27 1 16 0 16 0
l1i_u16-6 llc-0b28 1 16 0 16 0
l1i_u16-6 llc-0b29 1 16 0 16 0
l1i_u16-6 llc-0b30 1 16 0 16 0
l1i_u16-6 llc-0b31 1 16 0 16 0
l1i_u16-7 llc-0b0 1 16 0 16 0
l1i_u16-7 llc-0b1 1 16 0 16 0
l1i_u16-7 llc-0b2 1 16 0 16 0
l1i_u16-7 llc-0b3 1 16 0 16 0
l1i_u16-7 llc-0b4 1 16 0 16 0
l1i_u16-7 llc-0b5 1 16 0 16 0
l1i_u16-7 llc-0b6 1 16 0 16 0
l1i_u16-7 llc-0b7 1 16 0 16 0
l1i_u16-7 llc-0b8 1 16 0 16 0
l1i_u16-7 llc-0b9 1 16 0 16 0
l1i_u16-7 llc-0b10 1 16 0 16 0
l1i_u16-7 llc-0b11 1 16 0 16 0
l1i_u16-7 llc-0b12 1 16 0 16 0
l1i_u16-7 llc-0b13 1 16 0 16 0
l1i_u16-7 llc-0b14 1 16 0 16 0
l1i_u16-7 llc-0b15 1 16 0 16 0
l1i_u16-7 llc-0b16 1 16 0 16 0
l1i_u16-7 llc-0b17 1 16 0 16 0
l1i_u16-7 llc-0b18 1 16 0 16 0
l1i_u16-7 llc-0b19 1 16 0 16 0
l1i_u16-7 llc-0b20 1 16 0 16 0
l1i_u16-7 llc-0b21 1 16 0 16 0
l1i_u16-7 llc-0b22 1 16 0 16 0
l1i_u16-7 llc-0b23 1 16 0 16 0
l1i_u16-7 llc-0b24 1 16 0 16 0
l1i_u16-7 llc-0b25 1 16 0 16 0
l1i_u16-7 llc-0b26 1 16 0 16 0
l1i_u16-7 llc-0b27 1 16 0 16 0
l1i_u16-7 llc-0b28 1 16 0 16 0
l1i_u16-7 llc-0b29 1 16 0 16 0
l1i_u16-7 llc-0b30 1 16 0 16 0
l1i_u16-7 llc-0b31 1 16 0 16 0
l1i_u16-8 llc-0b0 1 16 0 16 0
l1i_u16-8 llc-0b1 1 16 0 16 0
l1i_u16-8 llc-0b2 1 16 0 16 0
l1i_u16-8 llc-0b3 1 16 0 16 0
l1i_u16-8 llc-0b4 1 16 0 16 0
l1i_u16-8 llc-0b5 1 16 0 16 0
l1i_u16-8 llc-0b6 1 16 0 16 0
l1i_u16-8 llc-0b7 1 16 0 16 0
l1i_u16-8 llc-0b8 1 16 0 16 0
l1i_u16-8 llc-0b9 1 16 0 16 0
l1i_u16-8 llc-0b10 1 16 0 16 0
l1i_u16-8 llc-0b11 1 16 0 16 0
l1i_u16-8 llc-0b12 1 16 0 16 0
l1i_u16-8 llc-0b13 1 16 0 16 0
l1i_u16-8 llc-0b14 1 16 0 16 0
l1i_u16-8 llc-0b15 1 16 0 16 0
l1i_u16-8 llc-0b16 1 16 0 16 0
l1i_u16-8 llc-0b17 1 16 0 16 0
l1i_u16-8 llc-0b18 1 16 0 16 0
l1i_u16-8 llc-0b19 1 16 0 16 0
l1i_u16-8 llc-0b20 1 16 0 16 0
l1i_u16-8 llc-0b21 1 16 0 16 0
l1i_u16-8 llc-0b22 1 16 0 16 0
l1i_u16-8 llc-0b23 1 16 0 16 0
l1i_u16-8 llc-0b24 1 16 0 16 0
l1i_u16-8 llc-0b25 1 16 0 16 0
l1i_u16-8 llc-0b26 1 16 0 16 0
l1i_u16-8 llc-0b27 1 16 0 16 0
l1i_u16-8 llc-0b28 1 16 0 16 0
l1i_u16-8 llc-0b29 1 16 0 16 0
l1i_u16-8 llc-0b30 1 16 0 16 0
l1i_u16-8 llc-0b31 1 16 0 16 0
l1i_u16-9 llc-0b0 1 16 0 16 0
l1i_u16-9 llc-0b1 1 16 0 16 0
l1i_u16-9 llc-0b2 1 16 0 16 0
l1i_u16-9 llc-0b3 1 16 0 16 0
l1i_u16-9 llc-0b4 1 16 0 16 0
l1i_u16-9 llc-0b5 1 16 0 16 0
l1i_u16-9 llc-0b6 1 16 0 16 0
l1i_u16-9 llc-0b7 1 16 0 16 0
l1i_u16-9 llc-0b8 1 16 0 16 0
l1i_u16-9 llc-0b9 1 16 0 16 0
l1i_u16-9 llc-0b10 1 16 0 16 0
l1i_u16-9 llc-0b11 1 16 0 16 0
l1i_u16-9 llc-0b12 1 16 0 16 0
l1i_u16-9 llc-0b13 1 16 0 16 0
l1i_u16-9 llc-0b14 1 16 0 16 0
l1i_u16-9 llc-0b15 1 16 0 16 0
l1i_u16-9 llc-0b16 1 16 0 16 0
l1i_u16-9 llc-0b17 1 16 0 16 0
l1i_u16-9 llc-0b18 1 16 0 16 0
l1i_u16-9 llc-0b19 1 16 0 16 0
l1i_u16-9 llc-0b20 1 16 0 16 0
l1i_u16-9 llc-0b21 1 16 0 16 0
l1i_u16-9 llc-0b22 1 16 0 16 0
l1i_u16-9 llc-0b23 1 16 0 16 0
l1i_u16-9 llc-0b24 1 16 0 16 0
l1i_u16-9 llc-0b25 1 16 0 16 0
l1i_u16-9 llc-0b26 1 16 0 16 0
l1i_u16-9 llc-0b27 1 16 0 16 0
l1i_u16-9 llc-0b28 1 16 0 16 0
l1i_u16-9 llc-0b29 1 16 0 16 0
l1i_u16-9 llc-0b30 1 16 0 16 0
l1i_u16-9 llc-0b31 1 16 0 16 0
l1i_u16-10 llc-0b0 1 16 0 16 0
l1i_u16-10 llc-0b1 1 16 0 16 0
l1i_u16-10 llc-0b2 1 16 0 16 0
l1i_u16-10 llc-0b3 1 16 0 16 0
l1i_u16-10 llc-0b4 1 16 0 16 0
l1i_u16-10 llc-0b5 1 16 0 16 0
l1i_u16-10 llc-0b6 1 16 0 16 0
l1i_u16-10 llc-0b7 1 16 0 16 0
l1i_u16-10 llc-0b8 1 16 0 16 0
l1i_u16-10 llc-0b9 1 16 0 16 0
l1i_u16-10 llc-0b10 1 16 0 16 0
l1i_u16-10 llc-0b11 1 16 0 16 0
l1i_u16-10 llc-0b12 1 16 0 16 0
l1i_u16-10 llc-0b13 1 16 0 16 0
l1i_u16-10 llc-0b14 1 16 0 16 0
l1i_u16-10 llc-0b15 1 16 0 16 0
l1i_u16-10 llc-0b16 1 16 0 16 0
l1i_u16-10 llc-0b17 1 16 0 16 0
l1i_u16-10 llc-0b18 1 16 0 16 0
l1i_u16-10 llc-0b19 1 16 0 16 0
l1i_u16-10 llc-0b20 1 16 0 16 0
l1i_u16-10 llc-0b21 1 16 0 16 0
l1i_u16-10 llc-0b22 1 16 0 16 0
l1i_u16-10 llc-0b23 1 16 0 16 0
l1i_u16-10 llc-0b24 1 16 0 16 0
l1i_u16-10 llc-0b25 1 16 0 16 0
l1i_u16-10 llc-0b26 1 16 0 16 0
l1i_u16-10 llc-0b27 1 16 0 16 0
l1i_u16-10 llc-0b28 1 16 0 16 0
l1i_u16-10 llc-0b29 1 16 0 16 0
l1i_u16-10 llc-0b30 1 16 0 16 0
l1i_u16-10 llc-0b31 1 16 0 16 0
l1i_u16-11 llc-0b0 1 16 0 16 0
l1i_u16-11 llc-0b1 1 16 0 16 0
l1i_u16-11 llc-0b2 1 16 0 16 0
l1i_u16-11 llc-0b3 1 16 0 16 0
l1i_u16-11 llc-0b4 1 16 0 16 0
l1i_u16-11 llc-0b5 1 16 0 16 0
l1i_u16-11 llc-0b6 1 16 0 16 0
l1i_u16-11 llc-0b7 1 16 0 16 0
l1i_u16-11 llc-0b8 1 16 0 16 0
l1i_u16-11 llc-0b9 1 16 0 16 0
l1i_u16-11 llc-0b10 1 16 0 16 0
l1i_u16-11 llc-0b11 1 16 0 16 0
l1i_u16-11 llc-0b12 1 16 0 16 0
l1i_u16-11 llc-0b13 1 16 0 16 0
l1i_u16-11 llc-0b14 1 16 0 16 0
l1i_u16-11 llc-0b15 1 16 0 16 0
l1i_u16-11 llc-0b16 1 16 0 16 0
l1i_u16-11 llc-0b17 1 16 0 16 0
l1i_u16-11 llc-0b18 1 16 0 16 0
l1i_u16-11 llc-0b19 1 16 0 16 0
l1i_u16-11 llc-0b20 1 16 0 16 0
l1i_u16-11 llc-0b21 1 16 0 16 0
l1i_u16-11 llc-0b22 1 16 0 16 0
l1i_u16-11 llc-0b23 1 16 0 16 0
l1i_u16-11 llc-0b24 1 16 0 16 0
l1i_u16-11 llc-0b25 1 16 0 16 0
l1i_u16-11 llc-0b26 1 16 0 16 0
l1i_u16-11 llc-0b27 1 16 0 16 0
l1i_u16-11 llc-0b28 1 16 0 16 0
l1i_u16-11 llc-0b29 1 16 0 16 0
l1i_u16-11 llc-0b30 1 16 0 16 0
l1i_u16-11 llc-0b31 1 16 0 16 0
l1i_u16-12 llc-0b0 1 16 0 16 0
l1i_u16-12 llc-0b1 1 16 0 16 0
l1i_u16-12 llc-0b2 1 16 0 16 0
l1i_u16-12 llc-0b3 1 16 0 16 0
l1i_u16-12 llc-0b4 1 16 0 16 0
l1i_u16-12 llc-0b5 1 16 0 16 0
l1i_u16-12 llc-0b6 1 16 0 16 0
l1i_u16-12 llc-0b7 1 16 0 16 0
l1i_u16-12 llc-0b8 1 16 0 16 0
l1i_u16-12 llc-0b9 1 16 0 16 0
l1i_u16-12 llc-0b10 1 16 0 16 0
l1i_u16-12 llc-0b11 1 16 0 16 0
l1i_u16-12 llc-0b12 1 16 0 16 0
l1i_u16-12 llc-0b13 1 16 0 16 0
l1i_u16-12 llc-0b14 1 16 0 16 0
l1i_u16-12 llc-0b15 1 16 0 16 0
l1i_u16-12 llc-0b16 1 16 0 16 0
l1i_u16-12 llc-0b17 1 16 0 16 0
l1i_u16-12 llc-0b18 1 16 0 16 0
l1i_u16-12 llc-0b19 1 16 0 16 0
l1i_u16-12 llc-0b20 1 16 0 16 0
l1i_u16-12 llc-0b21 1 16 0 16 0
l1i_u16-12 llc-0b22 1 16 0 16 0
l1i_u16-12 llc-0b23 1 16 0 16 0
l1i_u16-12 llc-0b24 1 16 0 16 0
l1i_u16-12 llc-0b25 1 16 0 16 0
l1i_u16-12 llc-0b26 1 16 0 16 0
l1i_u16-12 llc-0b27 1 16 0 16 0
l1i_u16-12 llc-0b28 1 16 0 16 0
l1i_u16-12 llc-0b29 1 16 0 16 0
l1i_u16-12 llc-0b30 1 16 0 16 0
l1i_u16-12 llc-0b31 1 16 0 16 0
l1i_u16-13 llc-0b0 1 16 0 16 0
l1i_u16-13 llc-0b1 1 16 0 16 0
l1i_u16-13 llc-0b2 1 16 0 16 0
l1i_u16-13 llc-0b3 1 16 0 16 0
l1i_u16-13 llc-0b4 1 16 0 16 0
l1i_u16-13 llc-0b5 1 16 0 16 0
l1i_u16-13 llc-0b6 1 16 0 16 0
l1i_u16-13 llc-0b7 1 16 0 16 0
l1i_u16-13 llc-0b8 1 16 0 16 0
l1i_u16-13 llc-0b9 1 16 0 16 0
l1i_u16-13 llc-0b10 1 16 0 16 0
l1i_u16-13 llc-0b11 1 16 0 16 0
l1i_u16-13 llc-0b12 1 16 0 16 0
l1i_u16-13 llc-0b13 1 16 0 16 0
l1i_u16-13 llc-0b14 1 16 0 16 0
l1i_u16-13 llc-0b15 1 16 0 16 0
l1i_u16-13 llc-0b16 1 16 0 16 0
l1i_u16-13 llc-0b17 1 16 0 16 0
l1i_u16-13 llc-0b18 1 16 0 16 0
l1i_u16-13 llc-0b19 1 16 0 16 0
l1i_u16-13 llc-0b20 1 16 0 16 0
l1i_u16-13 llc-0b21 1 16 0 16 0
l1i_u16-13 llc-0b22 1 16 0 16 0
l1i_u16-13 llc-0b23 1 16 0 16 0
l1i_u16-13 llc-0b24 1 16 0 16 0
l1i_u16-13 llc-0b25 1 16 0 16 0
l1i_u16-13 llc-0b26 1 16 0 16 0
l1i_u16-13 llc-0b27 1 16 0 16 0
l1i_u16-13 llc-0b28 1 16 0 16 0
l1i_u16-13 llc-0b29 1 16 0 16 0
l1i_u16-13 llc-0b30 1 16 0 16 0
l1i_u16-13 llc-0b31 1 16 0 16 0
l1i_u16-14 llc-0b0 1 16 0 16 0
l1i_u16-14 llc-0b1 1 16 0 16 0
l1i_u16-14 llc-0b2 1 16 0 16 0
l1i_u16-14 llc-0b3 1 16 0 16 0
l1i_u16-14 llc-0b4 1 16 0 16 0
l1i_u16-14 llc-0b5 1 16 0 16 0
l1i_u16-14 llc-0b6 1 16 0 16 0
l1i_u16-14 llc-0b7 1 16 0 16 0
l1i_u16-14 llc-0b8 1 16 0 16 0
l1i_u16-14 llc-0b9 1 16 0 16 0
l1i_u16-14 llc-0b10 1 16 0 16 0
l1i_u16-14 llc-0b11 1 16 0 16 0
l1i_u16-14 llc-0b12 1 16 0 16 0
l1i_u16-14 llc-0b13 1 16 0 16 0
l1i_u16-14 llc-0b14 1 16 0 16 0
l1i_u16-14 llc-0b15 1 16 0 16 0
l1i_u16-14 llc-0b16 1 16 0 16 0
l1i_u16-14 llc-0b17 1 16 0 16 0
l1i_u16-14 llc-0b18 1 16 0 16 0
l1i_u16-14 llc-0b19 1 16 0 16 0
l1i_u16-14 llc-0b20 1 16 0 16 0
l1i_u16-14 llc-0b21 1 16 0 16 0
l1i_u16-14 llc-0b22 1 16 0 16 0
l1i_u16-14 llc-0b23 1 16 0 16 0
l1i_u16-14 llc-0b24 1 16 0 16 0
l1i_u16-14 llc-0b25 1 16 0 16 0
l1i_u16-14 llc-0b26 1 16 0 16 0
l1i_u16-14 llc-0b27 1 16 0 16 0
l1i_u16-14 llc-0b28 1 16 0 16 0
l1i_u16-14 llc-0b29 1 16 0 16 0
l1i_u16-14 llc-0b30 1 16 0 16 0
l1i_u16-14 llc-0b31 1 16 0 16 0
l1i_u16-15 llc-0b0 1 16 0 16 0
l1i_u16-15 llc-0b1 1 16 0 16 0
l1i_u16-15 llc-0b2 1 16 0 16 0
l1i_u16-15 llc-0b3 1 16 0 16 0
l1i_u16-15 llc-0b4 1 16 0 16 0
l1i_u16-15 llc-0b5 1 16 0 16 0
l1i_u16-15 llc-0b6 1 16 0 16 0
l1i_u16-15 llc-0b7 1 16 0 16 0
l1i_u16-15 llc-0b8 1 16 0 16 0
l1i_u16-15 llc-0b9 1 16 0 16 0
l1i_u16-15 llc-0b10 1 16 0 16 0
l1i_u16-15 llc-0b11 1 16 0 16 0
l1i_u16-15 llc-0b12 1 16 0 16 0
l1i_u16-15 llc-0b13 1 16 0 16 0
l1i_u16-15 llc-0b14 1 16 0 16 0
l1i_u16-15 llc-0b15 1 16 0 16 0
l1i_u16-15 llc-0b16 1 16 0 16 0
l1i_u16-15 llc-0b17 1 16 0 16 0
l1i_u16-15 llc-0b18 1 16 0 16 0
l1i_u16-15 llc-0b19 1 16 0 16 0
l1i_u16-15 llc-0b20 1 16 0 16 0
l1i_u16-15 llc-0b21 1 16 0 16 0
l1i_u16-15 llc-0b22 1 16 0 16 0
l1i_u16-15 llc-0b23 1 16 0 16 0
l1i_u16-15 llc-0b24 1 16 0 16 0
l1i_u16-15 llc-0b25 1 16 0 16 0
l1i_u16-15 llc-0b26 1 16 0 16 0
l1i_u16-15 llc-0b27 1 16 0 16 0
l1i_u16-15 llc-0b28 1 16 0 16 0
l1i_u16-15 llc-0b29 1 16 0 16 0
l1i_u16-15 llc-0b30 1 16 0 16 0
l1i_u16-15 llc-0b31 1 16 0 16 0
l1d_u16-0 llc-0b0 1 16 0 16 0
l1d_u16-0 llc-0b1 1 16 0 16 0
l1d_u16-0 llc-0b2 1 16 0 16 0
l1d_u16-0 llc-0b3 1 16 0 16 0
l1d_u16-0 llc-0b4 1 16 0 16 0
l1d_u16-0 llc-0b5 1 16 0 16 0
l1d_u16-0 llc-0b6 1 16 0 16 0
l1d_u16-0 llc-0b7 1 16 0 16 0
l1d_u16-0 llc-0b8 1 16 0 16 0
l1d_u16-0 llc-0b9 1 16 0 16 0
l1d_u16-0 llc-0b10 1 16 0 16 0
l1d_u16-0 llc-0b11 1 16 0 16 0
l1d_u16-0 llc-0b12 1 16 0 16 0
l1d_u16-0 llc-0b13 1 16 0 16 0
l1d_u16-0 llc-0b14 1 16 0 16 0
l1d_u16-0 llc-0b15 1 16 0 16 0
l1d_u16-0 llc-0b16 1 16 0 16 0
l1d_u16-0 llc-0b17 1 16 0 16 0
l1d_u16-0 llc-0b18 1 16 0 16 0
l1d_u16-0 llc-0b19 1 16 0 16 0
l1d_u16-0 llc-0b20 1 16 0 16 0
l1d_u16-0 llc-0b21 1 16 0 16 0
l1d_u16-0 llc-0b22 1 16 0 16 0
l1d_u16-0 llc-0b23 1 16 0 16 0
l1d_u16-0 llc-0b24 1 16 0 16 0
l1d_u16-0 llc-0b25 1 16 0 16 0
l1d_u16-0 llc-0b26 1 16 0 16 0
l1d_u16-0 llc-0b27 1 16 0 16 0
l1d_u16-0 llc-0b28 1 16 0 16 0
l1d_u16-0 llc-0b29 1 16 0 16 0
l1d_u16-0 llc-0b30 1 16 0 16 0
l1d_u16-0 llc-0b31 1 16 0 16 0
l1d_u16-1 llc-0b0 1 16 0 16 0
l1d_u16-1 llc-0b1 1 16 0 16 0
l1d_u16-1 llc-0b2 1 16 0 16 0
l1d_u16-1 llc-0b3 1 16 0 16 0
l1d_u16-1 llc-0b4 1 16 0 16 0
l1d_u16-1 llc-0b5 1 16 0 16 0
l1d_u16-1 llc-0b6 1 16 0 16 0
l1d_u16-1 llc-0b7 1 16 0 16 0
l1d_u16-1 llc-0b8 1 16 0 16 0
l1d_u16-1 llc-0b9 1 16 0 16 0
l1d_u16-1 llc-0b10 1 16 0 16 0
l1d_u16-1 llc-0b11 1 16 0 16 0
l1d_u16-1 llc-0b12 1 16 0 16 0
l1d_u16-1 llc-0b13 1 16 0 16 0
l1d_u16-1 llc-0b14 1 16 0 16 0
l1d_u16-1 llc-0b15 1 16 0 16 0
l1d_u16-1 llc-0b16 1 16 0 16 0
l1d_u16-1 llc-0b17 1 16 0 16 0
l1d_u16-1 llc-0b18 1 16 0 16 0
l1d_u16-1 llc-0b19 1 16 0 16 0
l1d_u16-1 llc-0b20 1 16 0 16 0
l1d_u16-1 llc-0b21 1 16 0 16 0
l1d_u16-1 llc-0b22 1 16 0 16 0
l1d_u16-1 llc-0b23 1 16 0 16 0
l1d_u16-1 llc-0b24 1 16 0 16 0
l1d_u16-1 llc-0b25 1 16 0 16 0
l1d_u16-1 llc-0b26 1 16 0 16 0
l1d_u16-1 llc-0b27 1 16 0 16 0
l1d_u16-1 llc-0b28 1 16 0 16 0
l1d_u16-1 llc-0b29 1 16 0 16 0
l1d_u16-1 llc-0b30 1 16 0 16 0
l1d_u16-1 llc-0b31 1 16 0 16 0
l1d_u16-2 llc-0b0 1 16 0 16 0
l1d_u16-2 llc-0b1 1 16 0 16 0
l1d_u16-2 llc-0b2 1 16 0 16 0
l1d_u16-2 llc-0b3 1 16 0 16 0
l1d_u16-2 llc-0b4 1 16 0 16 0
l1d_u16-2 llc-0b5 1 16 0 16 0
l1d_u16-2 llc-0b6 1 16 0 16 0
l1d_u16-2 llc-0b7 1 16 0 16 0
l1d_u16-2 llc-0b8 1 16 0 16 0
l1d_u16-2 llc-0b9 1 16 0 16 0
l1d_u16-2 llc-0b10 1 16 0 16 0
l1d_u16-2 llc-0b11 1 16 0 16 0
l1d_u16-2 llc-0b12 1 16 0 16 0
l1d_u16-2 llc-0b13 1 16 0 16 0
l1d_u16-2 llc-0b14 1 16 0 16 0
l1d_u16-2 llc-0b15 1 16 0 16 0
l1d_u16-2 llc-0b16 1 16 0 16 0
l1d_u16-2 llc-0b17 1 16 0 16 0
l1d_u16-2 llc-0b18 1 16 0 16 0
l1d_u16-2 llc-0b19 1 16 0 16 0
l1d_u16-2 llc-0b20 1 16 0 16 0
l1d_u16-2 llc-0b21 1 16 0 16 0
l1d_u16-2 llc-0b22 1 16 0 16 0
l1d_u16-2 llc-0b23 1 16 0 16 0
l1d_u16-2 llc-0b24 1 16 0 16 0
l1d_u16-2 llc-0b25 1 16 0 16 0
l1d_u16-2 llc-0b26 1 16 0 16 0
l1d_u16-2 llc-0b27 1 16 0 16 0
l1d_u16-2 llc-0b28 1 16 0 16 0
l1d_u16-2 llc-0b29 1 16 0 16 0
l1d_u16-2 llc-0b30 1 16 0 16 0
l1d_u16-2 llc-0b31 1 16 0 16 0
l1d_u16-3 llc-0b0 1 16 0 16 0
l1d_u16-3 llc-0b1 1 16 0 16 0
l1d_u16-3 llc-0b2 1 16 0 16 0
l1d_u16-3 llc-0b3 1 16 0 16 0
l1d_u16-3 llc-0b4 1 16 0 16 0
l1d_u16-3 llc-0b5 1 16 0 16 0
l1d_u16-3 llc-0b6 1 16 0 16 0
l1d_u16-3 llc-0b7 1 16 0 16 0
l1d_u16-3 llc-0b8 1 16 0 16 0
l1d_u16-3 llc-0b9 1 16 0 16 0
l1d_u16-3 llc-0b10 1 16 0 16 0
l1d_u16-3 llc-0b11 1 16 0 16 0
l1d_u16-3 llc-0b12 1 16 0 16 0
l1d_u16-3 llc-0b13 1 16 0 16 0
l1d_u16-3 llc-0b14 1 16 0 16 0
l1d_u16-3 llc-0b15 1 16 0 16 0
l1d_u16-3 llc-0b16 1 16 0 16 0
l1d_u16-3 llc-0b17 1 16 0 16 0
l1d_u16-3 llc-0b18 1 16 0 16 0
l1d_u16-3 llc-0b19 1 16 0 16 0
l1d_u16-3 llc-0b20 1 16 0 16 0
l1d_u16-3 llc-0b21 1 16 0 16 0
l1d_u16-3 llc-0b22 1 16 0 16 0
l1d_u16-3 llc-0b23 1 16 0 16 0
l1d_u16-3 llc-0b24 1 16 0 16 0
l1d_u16-3 llc-0b25 1 16 0 16 0
l1d_u16-3 llc-0b26 1 16 0 16 0
l1d_u16-3 llc-0b27 1 16 0 16 0
l1d_u16-3 llc-0b28 1 16 0 16 0
l1d_u16-3 llc-0b29 1 16 0 16 0
l1d_u16-3 llc-0b30 1 16 0 16 0
l1d_u16-3 llc-0b31 1 16 0 16 0
l1d_u16-4 llc-0b0 1 16 0 16 0
l1d_u16-4 llc-0b1 1 16 0 16 0
l1d_u16-4 llc-0b2 1 16 0 16 0
l1d_u16-4 llc-0b3 1 16 0 16 0
l1d_u16-4 llc-0b4 1 16 0 16 0
l1d_u16-4 llc-0b5 1 16 0 16 0
l1d_u16-4 llc-0b6 1 16 0 16 0
l1d_u16-4 llc-0b7 1 16 0 16 0
l1d_u16-4 llc-0b8 1 16 0 16 0
l1d_u16-4 llc-0b9 1 16 0 16 0
l1d_u16-4 llc-0b10 1 16 0 16 0
l1d_u16-4 llc-0b11 1 16 0 16 0
l1d_u16-4 llc-0b12 1 16 0 16 0
l1d_u16-4 llc-0b13 1 16 0 16 0
l1d_u16-4 llc-0b14 1 16 0 16 0
l1d_u16-4 llc-0b15 1 16 0 16 0
l1d_u16-4 llc-0b16 1 16 0 16 0
l1d_u16-4 llc-0b17 1 16 0 16 0
l1d_u16-4 llc-0b18 1 16 0 16 0
l1d_u16-4 llc-0b19 1 16 0 16 0
l1d_u16-4 llc-0b20 1 16 0 16 0
l1d_u16-4 llc-0b21 1 16 0 16 0
l1d_u16-4 llc-0b22 1 16 0 16 0
l1d_u16-4 llc-0b23 1 16 0 16 0
l1d_u16-4 llc-0b24 1 16 0 16 0
l1d_u16-4 llc-0b25 1 16 0 16 0
l1d_u16-4 llc-0b26 1 16 0 16 0
l1d_u16-4 llc-0b27 1 16 0 16 0
l1d_u16-4 llc-0b28 1 16 0 16 0
l1d_u16-4 llc-0b29 1 16 0 16 0
l1d_u16-4 llc-0b30 1 16 0 16 0
l1d_u16-4 llc-0b31 1 16 0 16 0
l1d_u16-5 llc-0b0 1 16 0 16 0
l1d_u16-5 llc-0b1 1 16 0 16 0
l1d_u16-5 llc-0b2 1 16 0 16 0
l1d_u16-5 llc-0b3 1 16 0 16 0
l1d_u16-5 llc-0b4 1 16 0 16 0
l1d_u16-5 llc-0b5 1 16 0 16 0
l1d_u16-5 llc-0b6 1 16 0 16 0
l1d_u16-5 llc-0b7 1 16 0 16 0
l1d_u16-5 llc-0b8 1 16 0 16 0
l1d_u16-5 llc-0b9 1 16 0 16 0
l1d_u16-5 llc-0b10 1 16 0 16 0
l1d_u16-5 llc-0b11 1 16 0 16 0
l1d_u16-5 llc-0b12 1 16 0 16 0
l1d_u16-5 llc-0b13 1 16 0 16 0
l1d_u16-5 llc-0b14 1 16 0 16 0
l1d_u16-5 llc-0b15 1 16 0 16 0
l1d_u16-5 llc-0b16 1 16 0 16 0
l1d_u16-5 llc-0b17 1 16 0 16 0
l1d_u16-5 llc-0b18 1 16 0 16 0
l1d_u16-5 llc-0b19 1 16 0 16 0
l1d_u16-5 llc-0b20 1 16 0 16 0
l1d_u16-5 llc-0b21 1 16 0 16 0
l1d_u16-5 llc-0b22 1 16 0 16 0
l1d_u16-5 llc-0b23 1 16 0 16 0
l1d_u16-5 llc-0b24 1 16 0 16 0
l1d_u16-5 llc-0b25 1 16 0 16 0
l1d_u16-5 llc-0b26 1 16 0 16 0
l1d_u16-5 llc-0b27 1 16 0 16 0
l1d_u16-5 llc-0b28 1 16 0 16 0
l1d_u16-5 llc-0b29 1 16 0 16 0
l1d_u16-5 llc-0b30 1 16 0 16 0
l1d_u16-5 llc-0b31 1 16 0 16 0
l1d_u16-6 llc-0b0 1 16 0 16 0
l1d_u16-6 llc-0b1 1 16 0 16 0
l1d_u16-6 llc-0b2 1 16 0 16 0
l1d_u16-6 llc-0b3 1 16 0 16 0
l1d_u16-6 llc-0b4 1 16 0 16 0
l1d_u16-6 llc-0b5 1 16 0 16 0
l1d_u16-6 llc-0b6 1 16 0 16 0
l1d_u16-6 llc-0b7 1 16 0 16 0
l1d_u16-6 llc-0b8 1 16 0 16 0
l1d_u16-6 llc-0b9 1 16 0 16 0
l1d_u16-6 llc-0b10 1 16 0 16 0
l1d_u16-6 llc-0b11 1 16 0 16 0
l1d_u16-6 llc-0b12 1 16 0 16 0
l1d_u16-6 llc-0b13 1 16 0 16 0
l1d_u16-6 llc-0b14 1 16 0 16 0
l1d_u16-6 llc-0b15 1 16 0 16 0
l1d_u16-6 llc-0b16 1 16 0 16 0
l1d_u16-6 llc-0b17 1 16 0 16 0
l1d_u16-6 llc-0b18 1 16 0 16 0
l1d_u16-6 llc-0b19 1 16 0 16 0
l1d_u16-6 llc-0b20 1 16 0 16 0
l1d_u16-6 llc-0b21 1 16 0 16 0
l1d_u16-6 llc-0b22 1 16 0 16 0
l1d_u16-6 llc-0b23 1 16 0 16 0
l1d_u16-6 llc-0b24 1 16 0 16 0
l1d_u16-6 llc-0b25 1 16 0 16 0
l1d_u16-6 llc-0b26 1 16 0 16 0
l1d_u16-6 llc-0b27 1 16 0 16 0
l1d_u16-6 llc-0b28 1 16 0 16 0
l1d_u16-6 llc-0b29 1 16 0 16 0
l1d_u16-6 llc-0b30 1 16 0 16 0
l1d_u16-6 llc-0b31 1 16 0 16 0
l1d_u16-7 llc-0b0 1 16 0 16 0
l1d_u16-7 llc-0b1 1 16 0 16 0
l1d_u16-7 llc-0b2 1 16 0 16 0
l1d_u16-7 llc-0b3 1 16 0 16 0
l1d_u16-7 llc-0b4 1 16 0 16 0
l1d_u16-7 llc-0b5 1 16 0 16 0
l1d_u16-7 llc-0b6 1 16 0 16 0
l1d_u16-7 llc-0b7 1 16 0 16 0
l1d_u16-7 llc-0b8 1 16 0 16 0
l1d_u16-7 llc-0b9 1 16 0 16 0
l1d_u16-7 llc-0b10 1 16 0 16 0
l1d_u16-7 llc-0b11 1 16 0 16 0
l1d_u16-7 llc-0b12 1 16 0 16 0
l1d_u16-7 llc-0b13 1 16 0 16 0
l1d_u16-7 llc-0b14 1 16 0 16 0
l1d_u16-7 llc-0b15 1 16 0 16 0
l1d_u16-7 llc-0b16 1 16 0 16 0
l1d_u16-7 llc-0b17 1 16 0 16 0
l1d_u16-7 llc-0b18 1 16 0 16 0
l1d_u16-7 llc-0b19 1 16 0 16 0
l1d_u16-7 llc-0b20 1 16 0 16 0
l1d_u16-7 llc-0b21 1 16 0 16 0
l1d_u16-7 llc-0b22 1 16 0 16 0
l1d_u16-7 llc-0b23 1 16 0 16 0
l1d_u16-7 llc-0b24 1 16 0 16 0
l1d_u16-7 llc-0b25 1 16 0 16 0
l1d_u16-7 llc-0b26 1 16 0 16 0
l1d_u16-7 llc-0b27 1 16 0 16 0
l1d_u16-7 llc-0b28 1 16 0 16 0
l1d_u16-7 llc-0b29 1 16 0 16 0
l1d_u16-7 llc-0b30 1 16 0 16 0
l1d_u16-7 llc-0b31 1 16 0 16 0
l1d_u16-8 llc-0b0 1 16 0 16 0
l1d_u16-8 llc-0b1 1 16 0 16 0
l1d_u16-8 llc-0b2 1 16 0 16 0
l1d_u16-8 llc-0b3 1 16 0 16 0
l1d_u16-8 llc-0b4 1 16 0 16 0
l1d_u16-8 llc-0b5 1 16 0 16 0
l1d_u16-8 llc-0b6 1 16 0 16 0
l1d_u16-8 llc-0b7 1 16 0 16 0
l1d_u16-8 llc-0b8 1 16 0 16 0
l1d_u16-8 llc-0b9 1 16 0 16 0
l1d_u16-8 llc-0b10 1 16 0 16 0
l1d_u16-8 llc-0b11 1 16 0 16 0
l1d_u16-8 llc-0b12 1 16 0 16 0
l1d_u16-8 llc-0b13 1 16 0 16 0
l1d_u16-8 llc-0b14 1 16 0 16 0
l1d_u16-8 llc-0b15 1 16 0 16 0
l1d_u16-8 llc-0b16 1 16 0 16 0
l1d_u16-8 llc-0b17 1 16 0 16 0
l1d_u16-8 llc-0b18 1 16 0 16 0
l1d_u16-8 llc-0b19 1 16 0 16 0
l1d_u16-8 llc-0b20 1 16 0 16 0
l1d_u16-8 llc-0b21 1 16 0 16 0
l1d_u16-8 llc-0b22 1 16 0 16 0
l1d_u16-8 llc-0b23 1 16 0 16 0
l1d_u16-8 llc-0b24 1 16 0 16 0
l1d_u16-8 llc-0b25 1 16 0 16 0
l1d_u16-8 llc-0b26 1 16 0 16 0
l1d_u16-8 llc-0b27 1 16 0 16 0
l1d_u16-8 llc-0b28 1 16 0 16 0
l1d_u16-8 llc-0b29 1 16 0 16 0
l1d_u16-8 llc-0b30 1 16 0 16 0
l1d_u16-8 llc-0b31 1 16 0 16 0
l1d_u16-9 llc-0b0 1 16 0 16 0
l1d_u16-9 llc-0b1 1 16 0 16 0
l1d_u16-9 llc-0b2 1 16 0 16 0
l1d_u16-9 llc-0b3 1 16 0 16 0
l1d_u16-9 llc-0b4 1 16 0 16 0
l1d_u16-9 llc-0b5 1 16 0 16 0
l1d_u16-9 llc-0b6 1 16 0 16 0
l1d_u16-9 llc-0b7 1 16 0 16 0
l1d_u16-9 llc-0b8 1 16 0 16 0
l1d_u16-9 llc-0b9 1 16 0 16 0
l1d_u16-9 llc-0b10 1 16 0 16 0
l1d_u16-9 llc-0b11 1 16 0 16 0
l1d_u16-9 llc-0b12 1 16 0 16 0
l1d_u16-9 llc-0b13 1 16 0 16 0
l1d_u16-9 llc-0b14 1 16 0 16 0
l1d_u16-9 llc-0b15 1 16 0 16 0
l1d_u16-9 llc-0b16 1 16 0 16 0
l1d_u16-9 llc-0b17 1 16 0 16 0
l1d_u16-9 llc-0b18 1 16 0 16 0
l1d_u16-9 llc-0b19 1 16 0 16 0
l1d_u16-9 llc-0b20 1 16 0 16 0
l1d_u16-9 llc-0b21 1 16 0 16 0
l1d_u16-9 llc-0b22 1 16 0 16 0
l1d_u16-9 llc-0b23 1 16 0 16 0
l1d_u16-9 llc-0b24 1 16 0 16 0
l1d_u16-9 llc-0b25 1 16 0 16 0
l1d_u16-9 llc-0b26 1 16 0 16 0
l1d_u16-9 llc-0b27 1 16 0 16 0
l1d_u16-9 llc-0b28 1 16 0 16 0
l1d_u16-9 llc-0b29 1 16 0 16 0
l1d_u16-9 llc-0b30 1 16 0 16 0
l1d_u16-9 llc-0b31 1 16 0 16 0
l1d_u16-10 llc-0b0 1 16 0 16 0
l1d_u16-10 llc-0b1 1 16 0 16 0
l1d_u16-10 llc-0b2 1 16 0 16 0
l1d_u16-10 llc-0b3 1 16 0 16 0
l1d_u16-10 llc-0b4 1 16 0 16 0
l1d_u16-10 llc-0b5 1 16 0 16 0
l1d_u16-10 llc-0b6 1 16 0 16 0
l1d_u16-10 llc-0b7 1 16 0 16 0
l1d_u16-10 llc-0b8 1 16 0 16 0
l1d_u16-10 llc-0b9 1 16 0 16 0
l1d_u16-10 llc-0b10 1 16 0 16 0
l1d_u16-10 llc-0b11 1 16 0 16 0
l1d_u16-10 llc-0b12 1 16 0 16 0
l1d_u16-10 llc-0b13 1 16 0 16 0
l1d_u16-10 llc-0b14 1 16 0 16 0
l1d_u16-10 llc-0b15 1 16 0 16 0
l1d_u16-10 llc-0b16 1 16 0 16 0
l1d_u16-10 llc-0b17 1 16 0 16 0
l1d_u16-10 llc-0b18 1 16 0 16 0
l1d_u16-10 llc-0b19 1 16 0 16 0
l1d_u16-10 llc-0b20 1 16 0 16 0
l1d_u16-10 llc-0b21 1 16 0 16 0
l1d_u16-10 llc-0b22 1 16 0 16 0
l1d_u16-10 llc-0b23 1 16 0 16 0
l1d_u16-10 llc-0b24 1 16 0 16 0
l1d_u16-10 llc-0b25 1 16 0 16 0
l1d_u16-10 llc-0b26 1 16 0 16 0
l1d_u16-10 llc-0b27 1 16 0 16 0
l1d_u16-10 llc-0b28 1 16 0 16 0
l1d_u16-10 llc-0b29 1 16 0 16 0
l1d_u16-10 llc-0b30 1 16 0 16 0
l1d_u16-10 llc-0b31 1 16 0 16 0
l1d_u16-11 llc-0b0 1 16 0 16 0
l1d_u16-11 llc-0b1 1 16 0 16 0
l1d_u16-11 llc-0b2 1 16 0 16 0
l1d_u16-11 llc-0b3 1 16 0 16 0
l1d_u16-11 llc-0b4 1 16 0 16 0
l1d_u16-11 llc-0b5 1 16 0 16 0
l1d_u16-11 llc-0b6 1 16 0 16 0
l1d_u16-11 llc-0b7 1 16 0 16 0
l1d_u16-11 llc-0b8 1 16 0 16 0
l1d_u16-11 llc-0b9 1 16 0 16 0
l1d_u16-11 llc-0b10 1 16 0 16 0
l1d_u16-11 llc-0b11 1 16 0 16 0
l1d_u16-11 llc-0b12 1 16 0 16 0
l1d_u16-11 llc-0b13 1 16 0 16 0
l1d_u16-11 llc-0b14 1 16 0 16 0
l1d_u16-11 llc-0b15 1 16 0 16 0
l1d_u16-11 llc-0b16 1 16 0 16 0
l1d_u16-11 llc-0b17 1 16 0 16 0
l1d_u16-11 llc-0b18 1 16 0 16 0
l1d_u16-11 llc-0b19 1 16 0 16 0
l1d_u16-11 llc-0b20 1 16 0 16 0
l1d_u16-11 llc-0b21 1 16 0 16 0
l1d_u16-11 llc-0b22 1 16 0 16 0
l1d_u16-11 llc-0b23 1 16 0 16 0
l1d_u16-11 llc-0b24 1 16 0 16 0
l1d_u16-11 llc-0b25 1 16 0 16 0
l1d_u16-11 llc-0b26 1 16 0 16 0
l1d_u16-11 llc-0b27 1 16 0 16 0
l1d_u16-11 llc-0b28 1 16 0 16 0
l1d_u16-11 llc-0b29 1 16 0 16 0
l1d_u16-11 llc-0b30 1 16 0 16 0
l1d_u16-11 llc-0b31 1 16 0 16 0
l1d_u16-12 llc-0b0 1 16 0 16 0
l1d_u16-12 llc-0b1 1 16 0 16 0
l1d_u16-12 llc-0b2 1 16 0 16 0
l1d_u16-12 llc-0b3 1 16 0 16 0
l1d_u16-12 llc-0b4 1 16 0 16 0
l1d_u16-12 llc-0b5 1 16 0 16 0
l1d_u16-12 llc-0b6 1 16 0 16 0
l1d_u16-12 llc-0b7 1 16 0 16 0
l1d_u16-12 llc-0b8 1 16 0 16 0
l1d_u16-12 llc-0b9 1 16 0 16 0
l1d_u16-12 llc-0b10 1 16 0 16 0
l1d_u16-12 llc-0b11 1 16 0 16 0
l1d_u16-12 llc-0b12 1 16 0 16 0
l1d_u16-12 llc-0b13 1 16 0 16 0
l1d_u16-12 llc-0b14 1 16 0 16 0
l1d_u16-12 llc-0b15 1 16 0 16 0
l1d_u16-12 llc-0b16 1 16 0 16 0
l1d_u16-12 llc-0b17 1 16 0 16 0
l1d_u16-12 llc-0b18 1 16 0 16 0
l1d_u16-12 llc-0b19 1 16 0 16 0
l1d_u16-12 llc-0b20 1 16 0 16 0
l1d_u16-12 llc-0b21 1 16 0 16 0
l1d_u16-12 llc-0b22 1 16 0 16 0
l1d_u16-12 llc-0b23 1 16 0 16 0
l1d_u16-12 llc-0b24 1 16 0 16 0
l1d_u16-12 llc-0b25 1 16 0 16 0
l1d_u16-12 llc-0b26 1 16 0 16 0
l1d_u16-12 llc-0b27 1 16 0 16 0
l1d_u16-12 llc-0b28 1 16 0 16 0
l1d_u16-12 llc-0b29 1 16 0 16 0
l1d_u16-12 llc-0b30 1 16 0 16 0
l1d_u16-12 llc-0b31 1 16 0 16 0
l1d_u16-13 llc-0b0 1 16 0 16 0
l1d_u16-13 llc-0b1 1 16 0 16 0
l1d_u16-13 llc-0b2 1 16 0 16 0
l1d_u16-13 llc-0b3 1 16 0 16 0
l1d_u16-13 llc-0b4 1 16 0 16 0
l1d_u16-13 llc-0b5 1 16 0 16 0
l1d_u16-13 llc-0b6 1 16 0 16 0
l1d_u16-13 llc-0b7 1 16 0 16 0
l1d_u16-13 llc-0b8 1 16 0 16 0
l1d_u16-13 llc-0b9 1 16 0 16 0
l1d_u16-13 llc-0b10 1 16 0 16 0
l1d_u16-13 llc-0b11 1 16 0 16 0
l1d_u16-13 llc-0b12 1 16 0 16 0
l1d_u16-13 llc-0b13 1 16 0 16 0
l1d_u16-13 llc-0b14 1 16 0 16 0
l1d_u16-13 llc-0b15 1 16 0 16 0
l1d_u16-13 llc-0b16 1 16 0 16 0
l1d_u16-13 llc-0b17 1 16 0 16 0
l1d_u16-13 llc-0b18 1 16 0 16 0
l1d_u16-13 llc-0b19 1 16 0 16 0
l1d_u16-13 llc-0b20 1 16 0 16 0
l1d_u16-13 llc-0b21 1 16 0 16 0
l1d_u16-13 llc-0b22 1 16 0 16 0
l1d_u16-13 llc-0b23 1 16 0 16 0
l1d_u16-13 llc-0b24 1 16 0 16 0
l1d_u16-13 llc-0b25 1 16 0 16 0
l1d_u16-13 llc-0b26 1 16 0 16 0
l1d_u16-13 llc-0b27 1 16 0 16 0
l1d_u16-13 llc-0b28 1 16 0 16 0
l1d_u16-13 llc-0b29 1 16 0 16 0
l1d_u16-13 llc-0b30 1 16 0 16 0
l1d_u16-13 llc-0b31 1 16 0 16 0
l1d_u16-14 llc-0b0 1 16 0 16 0
l1d_u16-14 llc-0b1 1 16 0 16 0
l1d_u16-14 llc-0b2 1 16 0 16 0
l1d_u16-14 llc-0b3 1 16 0 16 0
l1d_u16-14 llc-0b4 1 16 0 16 0
l1d_u16-14 llc-0b5 1 16 0 16 0
l1d_u16-14 llc-0b6 1 16 0 16 0
l1d_u16-14 llc-0b7 1 16 0 16 0
l1d_u16-14 llc-0b8 1 16 0 16 0
l1d_u16-14 llc-0b9 1 16 0 16 0
l1d_u16-14 llc-0b10 1 16 0 16 0
l1d_u16-14 llc-0b11 1 16 0 16 0
l1d_u16-14 llc-0b12 1 16 0 16 0
l1d_u16-14 llc-0b13 1 16 0 16 0
l1d_u16-14 llc-0b14 1 16 0 16 0
l1d_u16-14 llc-0b15 1 16 0 16 0
l1d_u16-14 llc-0b16 1 16 0 16 0
l1d_u16-14 llc-0b17 1 16 0 16 0
l1d_u16-14 llc-0b18 1 16 0 16 0
l1d_u16-14 llc-0b19 1 16 0 16 0
l1d_u16-14 llc-0b20 1 16 0 16 0
l1d_u16-14 llc-0b21 1 16 0 16 0
l1d_u16-14 llc-0b22 1 16 0 16 0
l1d_u16-14 llc-0b23 1 16 0 16 0
l1d_u16-14 llc-0b24 1 16 0 16 0
l1d_u16-14 llc-0b25 1 16 0 16 0
l1d_u16-14 llc-0b26 1 16 0 16 0
l1d_u16-14 llc-0b27 1 16 0 16 0
l1d_u16-14 llc-0b28 1 16 0 16 0
l1d_u16-14 llc-0b29 1 16 0 16 0
l1d_u16-14 llc-0b30 1 16 0 16 0
l1d_u16-14 llc-0b31 1 16 0 16 0
l1d_u16-15 llc-0b0 1 16 0 16 0
l1d_u16-15 llc-0b1 1 16 0 16 0
l1d_u16-15 llc-0b2 1 16 0 16 0
l1d_u16-15 llc-0b3 1 16 0 16 0
l1d_u16-15 llc-0b4 1 16 0 16 0
l1d_u16-15 llc-0b5 1 16 0 16 0
l1d_u16-15 llc-0b6 1 16 0 16 0
l1d_u16-15 llc-0b7 1 16 0 16 0
l1d_u16-15 llc-0b8 1 16 0 16 0
l1d_u16-15 llc-0b9 1 16 0 16 0
l1d_u16-15 llc-0b10 1 16 0 16 0
l1d_u16-15 llc-0b11 1 16 0 16 0
l1d_u16-15 llc-0b12 1 16 0 16 0
l1d_u16-15 llc-0b13 1 16 0 16 0
l1d_u16-15 llc-0b14 1 16 0 16 0
l1d_u16-15 llc-0b15 1 16 0 16 0
l1d_u16-15 llc-0b16 1 16 0 16 0
l1d_u16-15 llc-0b17 1 16 0 16 0
l1d_u16-15 llc-0b18 1 16 0 16 0
l1d_u16-15 llc-0b19 1 16 0 16 0
l1d_u16-15 llc-0b20 1 16 0 16 0
l1d_u16-15 llc-0b21 1 16 0 16 0
l1d_u16-15 llc-0b22 1 16 0 16 0
l1d_u16-15 llc-0b23 1 16 0 16 0
l1d_u16-15 llc-0b24 1 16 0 16 0
l1d_u16-15 llc-0b25 1 16 0 16 0
l1d_u16-15 llc-0b26 1 16 0 16 0
l1d_u16-15 llc-0b27 1 16 0 16 0
l1d_u16-15 llc-0b28 1 16 0 16 0
l1d_u16-15 llc-0b29 1 16 0 16 0
l1d_u16-15 llc-0b30 1 16 0 16 0
l1d_u16-15 llc-0b31 1 16 0 16 0
l1i_u17-0 llc-0b0 1 17 0 17 0
l1i_u17-0 llc-0b1 1 17 0 17 0
l1i_u17-0 llc-0b2 1 17 0 17 0
l1i_u17-0 llc-0b3 1 17 0 17 0
l1i_u17-0 llc-0b4 1 17 0 17 0
l1i_u17-0 llc-0b5 1 17 0 17 0
l1i_u17-0 llc-0b6 1 17 0 17 0
l1i_u17-0 llc-0b7 1 17 0 17 0
l1i_u17-0 llc-0b8 1 17 0 17 0
l1i_u17-0 llc-0b9 1 17 0 17 0
l1i_u17-0 llc-0b10 1 17 0 17 0
l1i_u17-0 llc-0b11 1 17 0 17 0
l1i_u17-0 llc-0b12 1 17 0 17 0
l1i_u17-0 llc-0b13 1 17 0 17 0
l1i_u17-0 llc-0b14 1 17 0 17 0
l1i_u17-0 llc-0b15 1 17 0 17 0
l1i_u17-0 llc-0b16 1 17 0 17 0
l1i_u17-0 llc-0b17 1 17 0 17 0
l1i_u17-0 llc-0b18 1 17 0 17 0
l1i_u17-0 llc-0b19 1 17 0 17 0
l1i_u17-0 llc-0b20 1 17 0 17 0
l1i_u17-0 llc-0b21 1 17 0 17 0
l1i_u17-0 llc-0b22 1 17 0 17 0
l1i_u17-0 llc-0b23 1 17 0 17 0
l1i_u17-0 llc-0b24 1 17 0 17 0
l1i_u17-0 llc-0b25 1 17 0 17 0
l1i_u17-0 llc-0b26 1 17 0 17 0
l1i_u17-0 llc-0b27 1 17 0 17 0
l1i_u17-0 llc-0b28 1 17 0 17 0
l1i_u17-0 llc-0b29 1 17 0 17 0
l1i_u17-0 llc-0b30 1 17 0 17 0
l1i_u17-0 llc-0b31 1 17 0 17 0
l1i_u17-1 llc-0b0 1 17 0 17 0
l1i_u17-1 llc-0b1 1 17 0 17 0
l1i_u17-1 llc-0b2 1 17 0 17 0
l1i_u17-1 llc-0b3 1 17 0 17 0
l1i_u17-1 llc-0b4 1 17 0 17 0
l1i_u17-1 llc-0b5 1 17 0 17 0
l1i_u17-1 llc-0b6 1 17 0 17 0
l1i_u17-1 llc-0b7 1 17 0 17 0
l1i_u17-1 llc-0b8 1 17 0 17 0
l1i_u17-1 llc-0b9 1 17 0 17 0
l1i_u17-1 llc-0b10 1 17 0 17 0
l1i_u17-1 llc-0b11 1 17 0 17 0
l1i_u17-1 llc-0b12 1 17 0 17 0
l1i_u17-1 llc-0b13 1 17 0 17 0
l1i_u17-1 llc-0b14 1 17 0 17 0
l1i_u17-1 llc-0b15 1 17 0 17 0
l1i_u17-1 llc-0b16 1 17 0 17 0
l1i_u17-1 llc-0b17 1 17 0 17 0
l1i_u17-1 llc-0b18 1 17 0 17 0
l1i_u17-1 llc-0b19 1 17 0 17 0
l1i_u17-1 llc-0b20 1 17 0 17 0
l1i_u17-1 llc-0b21 1 17 0 17 0
l1i_u17-1 llc-0b22 1 17 0 17 0
l1i_u17-1 llc-0b23 1 17 0 17 0
l1i_u17-1 llc-0b24 1 17 0 17 0
l1i_u17-1 llc-0b25 1 17 0 17 0
l1i_u17-1 llc-0b26 1 17 0 17 0
l1i_u17-1 llc-0b27 1 17 0 17 0
l1i_u17-1 llc-0b28 1 17 0 17 0
l1i_u17-1 llc-0b29 1 17 0 17 0
l1i_u17-1 llc-0b30 1 17 0 17 0
l1i_u17-1 llc-0b31 1 17 0 17 0
l1i_u17-2 llc-0b0 1 17 0 17 0
l1i_u17-2 llc-0b1 1 17 0 17 0
l1i_u17-2 llc-0b2 1 17 0 17 0
l1i_u17-2 llc-0b3 1 17 0 17 0
l1i_u17-2 llc-0b4 1 17 0 17 0
l1i_u17-2 llc-0b5 1 17 0 17 0
l1i_u17-2 llc-0b6 1 17 0 17 0
l1i_u17-2 llc-0b7 1 17 0 17 0
l1i_u17-2 llc-0b8 1 17 0 17 0
l1i_u17-2 llc-0b9 1 17 0 17 0
l1i_u17-2 llc-0b10 1 17 0 17 0
l1i_u17-2 llc-0b11 1 17 0 17 0
l1i_u17-2 llc-0b12 1 17 0 17 0
l1i_u17-2 llc-0b13 1 17 0 17 0
l1i_u17-2 llc-0b14 1 17 0 17 0
l1i_u17-2 llc-0b15 1 17 0 17 0
l1i_u17-2 llc-0b16 1 17 0 17 0
l1i_u17-2 llc-0b17 1 17 0 17 0
l1i_u17-2 llc-0b18 1 17 0 17 0
l1i_u17-2 llc-0b19 1 17 0 17 0
l1i_u17-2 llc-0b20 1 17 0 17 0
l1i_u17-2 llc-0b21 1 17 0 17 0
l1i_u17-2 llc-0b22 1 17 0 17 0
l1i_u17-2 llc-0b23 1 17 0 17 0
l1i_u17-2 llc-0b24 1 17 0 17 0
l1i_u17-2 llc-0b25 1 17 0 17 0
l1i_u17-2 llc-0b26 1 17 0 17 0
l1i_u17-2 llc-0b27 1 17 0 17 0
l1i_u17-2 llc-0b28 1 17 0 17 0
l1i_u17-2 llc-0b29 1 17 0 17 0
l1i_u17-2 llc-0b30 1 17 0 17 0
l1i_u17-2 llc-0b31 1 17 0 17 0
l1i_u17-3 llc-0b0 1 17 0 17 0
l1i_u17-3 llc-0b1 1 17 0 17 0
l1i_u17-3 llc-0b2 1 17 0 17 0
l1i_u17-3 llc-0b3 1 17 0 17 0
l1i_u17-3 llc-0b4 1 17 0 17 0
l1i_u17-3 llc-0b5 1 17 0 17 0
l1i_u17-3 llc-0b6 1 17 0 17 0
l1i_u17-3 llc-0b7 1 17 0 17 0
l1i_u17-3 llc-0b8 1 17 0 17 0
l1i_u17-3 llc-0b9 1 17 0 17 0
l1i_u17-3 llc-0b10 1 17 0 17 0
l1i_u17-3 llc-0b11 1 17 0 17 0
l1i_u17-3 llc-0b12 1 17 0 17 0
l1i_u17-3 llc-0b13 1 17 0 17 0
l1i_u17-3 llc-0b14 1 17 0 17 0
l1i_u17-3 llc-0b15 1 17 0 17 0
l1i_u17-3 llc-0b16 1 17 0 17 0
l1i_u17-3 llc-0b17 1 17 0 17 0
l1i_u17-3 llc-0b18 1 17 0 17 0
l1i_u17-3 llc-0b19 1 17 0 17 0
l1i_u17-3 llc-0b20 1 17 0 17 0
l1i_u17-3 llc-0b21 1 17 0 17 0
l1i_u17-3 llc-0b22 1 17 0 17 0
l1i_u17-3 llc-0b23 1 17 0 17 0
l1i_u17-3 llc-0b24 1 17 0 17 0
l1i_u17-3 llc-0b25 1 17 0 17 0
l1i_u17-3 llc-0b26 1 17 0 17 0
l1i_u17-3 llc-0b27 1 17 0 17 0
l1i_u17-3 llc-0b28 1 17 0 17 0
l1i_u17-3 llc-0b29 1 17 0 17 0
l1i_u17-3 llc-0b30 1 17 0 17 0
l1i_u17-3 llc-0b31 1 17 0 17 0
l1i_u17-4 llc-0b0 1 17 0 17 0
l1i_u17-4 llc-0b1 1 17 0 17 0
l1i_u17-4 llc-0b2 1 17 0 17 0
l1i_u17-4 llc-0b3 1 17 0 17 0
l1i_u17-4 llc-0b4 1 17 0 17 0
l1i_u17-4 llc-0b5 1 17 0 17 0
l1i_u17-4 llc-0b6 1 17 0 17 0
l1i_u17-4 llc-0b7 1 17 0 17 0
l1i_u17-4 llc-0b8 1 17 0 17 0
l1i_u17-4 llc-0b9 1 17 0 17 0
l1i_u17-4 llc-0b10 1 17 0 17 0
l1i_u17-4 llc-0b11 1 17 0 17 0
l1i_u17-4 llc-0b12 1 17 0 17 0
l1i_u17-4 llc-0b13 1 17 0 17 0
l1i_u17-4 llc-0b14 1 17 0 17 0
l1i_u17-4 llc-0b15 1 17 0 17 0
l1i_u17-4 llc-0b16 1 17 0 17 0
l1i_u17-4 llc-0b17 1 17 0 17 0
l1i_u17-4 llc-0b18 1 17 0 17 0
l1i_u17-4 llc-0b19 1 17 0 17 0
l1i_u17-4 llc-0b20 1 17 0 17 0
l1i_u17-4 llc-0b21 1 17 0 17 0
l1i_u17-4 llc-0b22 1 17 0 17 0
l1i_u17-4 llc-0b23 1 17 0 17 0
l1i_u17-4 llc-0b24 1 17 0 17 0
l1i_u17-4 llc-0b25 1 17 0 17 0
l1i_u17-4 llc-0b26 1 17 0 17 0
l1i_u17-4 llc-0b27 1 17 0 17 0
l1i_u17-4 llc-0b28 1 17 0 17 0
l1i_u17-4 llc-0b29 1 17 0 17 0
l1i_u17-4 llc-0b30 1 17 0 17 0
l1i_u17-4 llc-0b31 1 17 0 17 0
l1i_u17-5 llc-0b0 1 17 0 17 0
l1i_u17-5 llc-0b1 1 17 0 17 0
l1i_u17-5 llc-0b2 1 17 0 17 0
l1i_u17-5 llc-0b3 1 17 0 17 0
l1i_u17-5 llc-0b4 1 17 0 17 0
l1i_u17-5 llc-0b5 1 17 0 17 0
l1i_u17-5 llc-0b6 1 17 0 17 0
l1i_u17-5 llc-0b7 1 17 0 17 0
l1i_u17-5 llc-0b8 1 17 0 17 0
l1i_u17-5 llc-0b9 1 17 0 17 0
l1i_u17-5 llc-0b10 1 17 0 17 0
l1i_u17-5 llc-0b11 1 17 0 17 0
l1i_u17-5 llc-0b12 1 17 0 17 0
l1i_u17-5 llc-0b13 1 17 0 17 0
l1i_u17-5 llc-0b14 1 17 0 17 0
l1i_u17-5 llc-0b15 1 17 0 17 0
l1i_u17-5 llc-0b16 1 17 0 17 0
l1i_u17-5 llc-0b17 1 17 0 17 0
l1i_u17-5 llc-0b18 1 17 0 17 0
l1i_u17-5 llc-0b19 1 17 0 17 0
l1i_u17-5 llc-0b20 1 17 0 17 0
l1i_u17-5 llc-0b21 1 17 0 17 0
l1i_u17-5 llc-0b22 1 17 0 17 0
l1i_u17-5 llc-0b23 1 17 0 17 0
l1i_u17-5 llc-0b24 1 17 0 17 0
l1i_u17-5 llc-0b25 1 17 0 17 0
l1i_u17-5 llc-0b26 1 17 0 17 0
l1i_u17-5 llc-0b27 1 17 0 17 0
l1i_u17-5 llc-0b28 1 17 0 17 0
l1i_u17-5 llc-0b29 1 17 0 17 0
l1i_u17-5 llc-0b30 1 17 0 17 0
l1i_u17-5 llc-0b31 1 17 0 17 0
l1i_u17-6 llc-0b0 1 17 0 17 0
l1i_u17-6 llc-0b1 1 17 0 17 0
l1i_u17-6 llc-0b2 1 17 0 17 0
l1i_u17-6 llc-0b3 1 17 0 17 0
l1i_u17-6 llc-0b4 1 17 0 17 0
l1i_u17-6 llc-0b5 1 17 0 17 0
l1i_u17-6 llc-0b6 1 17 0 17 0
l1i_u17-6 llc-0b7 1 17 0 17 0
l1i_u17-6 llc-0b8 1 17 0 17 0
l1i_u17-6 llc-0b9 1 17 0 17 0
l1i_u17-6 llc-0b10 1 17 0 17 0
l1i_u17-6 llc-0b11 1 17 0 17 0
l1i_u17-6 llc-0b12 1 17 0 17 0
l1i_u17-6 llc-0b13 1 17 0 17 0
l1i_u17-6 llc-0b14 1 17 0 17 0
l1i_u17-6 llc-0b15 1 17 0 17 0
l1i_u17-6 llc-0b16 1 17 0 17 0
l1i_u17-6 llc-0b17 1 17 0 17 0
l1i_u17-6 llc-0b18 1 17 0 17 0
l1i_u17-6 llc-0b19 1 17 0 17 0
l1i_u17-6 llc-0b20 1 17 0 17 0
l1i_u17-6 llc-0b21 1 17 0 17 0
l1i_u17-6 llc-0b22 1 17 0 17 0
l1i_u17-6 llc-0b23 1 17 0 17 0
l1i_u17-6 llc-0b24 1 17 0 17 0
l1i_u17-6 llc-0b25 1 17 0 17 0
l1i_u17-6 llc-0b26 1 17 0 17 0
l1i_u17-6 llc-0b27 1 17 0 17 0
l1i_u17-6 llc-0b28 1 17 0 17 0
l1i_u17-6 llc-0b29 1 17 0 17 0
l1i_u17-6 llc-0b30 1 17 0 17 0
l1i_u17-6 llc-0b31 1 17 0 17 0
l1i_u17-7 llc-0b0 1 17 0 17 0
l1i_u17-7 llc-0b1 1 17 0 17 0
l1i_u17-7 llc-0b2 1 17 0 17 0
l1i_u17-7 llc-0b3 1 17 0 17 0
l1i_u17-7 llc-0b4 1 17 0 17 0
l1i_u17-7 llc-0b5 1 17 0 17 0
l1i_u17-7 llc-0b6 1 17 0 17 0
l1i_u17-7 llc-0b7 1 17 0 17 0
l1i_u17-7 llc-0b8 1 17 0 17 0
l1i_u17-7 llc-0b9 1 17 0 17 0
l1i_u17-7 llc-0b10 1 17 0 17 0
l1i_u17-7 llc-0b11 1 17 0 17 0
l1i_u17-7 llc-0b12 1 17 0 17 0
l1i_u17-7 llc-0b13 1 17 0 17 0
l1i_u17-7 llc-0b14 1 17 0 17 0
l1i_u17-7 llc-0b15 1 17 0 17 0
l1i_u17-7 llc-0b16 1 17 0 17 0
l1i_u17-7 llc-0b17 1 17 0 17 0
l1i_u17-7 llc-0b18 1 17 0 17 0
l1i_u17-7 llc-0b19 1 17 0 17 0
l1i_u17-7 llc-0b20 1 17 0 17 0
l1i_u17-7 llc-0b21 1 17 0 17 0
l1i_u17-7 llc-0b22 1 17 0 17 0
l1i_u17-7 llc-0b23 1 17 0 17 0
l1i_u17-7 llc-0b24 1 17 0 17 0
l1i_u17-7 llc-0b25 1 17 0 17 0
l1i_u17-7 llc-0b26 1 17 0 17 0
l1i_u17-7 llc-0b27 1 17 0 17 0
l1i_u17-7 llc-0b28 1 17 0 17 0
l1i_u17-7 llc-0b29 1 17 0 17 0
l1i_u17-7 llc-0b30 1 17 0 17 0
l1i_u17-7 llc-0b31 1 17 0 17 0
l1i_u17-8 llc-0b0 1 17 0 17 0
l1i_u17-8 llc-0b1 1 17 0 17 0
l1i_u17-8 llc-0b2 1 17 0 17 0
l1i_u17-8 llc-0b3 1 17 0 17 0
l1i_u17-8 llc-0b4 1 17 0 17 0
l1i_u17-8 llc-0b5 1 17 0 17 0
l1i_u17-8 llc-0b6 1 17 0 17 0
l1i_u17-8 llc-0b7 1 17 0 17 0
l1i_u17-8 llc-0b8 1 17 0 17 0
l1i_u17-8 llc-0b9 1 17 0 17 0
l1i_u17-8 llc-0b10 1 17 0 17 0
l1i_u17-8 llc-0b11 1 17 0 17 0
l1i_u17-8 llc-0b12 1 17 0 17 0
l1i_u17-8 llc-0b13 1 17 0 17 0
l1i_u17-8 llc-0b14 1 17 0 17 0
l1i_u17-8 llc-0b15 1 17 0 17 0
l1i_u17-8 llc-0b16 1 17 0 17 0
l1i_u17-8 llc-0b17 1 17 0 17 0
l1i_u17-8 llc-0b18 1 17 0 17 0
l1i_u17-8 llc-0b19 1 17 0 17 0
l1i_u17-8 llc-0b20 1 17 0 17 0
l1i_u17-8 llc-0b21 1 17 0 17 0
l1i_u17-8 llc-0b22 1 17 0 17 0
l1i_u17-8 llc-0b23 1 17 0 17 0
l1i_u17-8 llc-0b24 1 17 0 17 0
l1i_u17-8 llc-0b25 1 17 0 17 0
l1i_u17-8 llc-0b26 1 17 0 17 0
l1i_u17-8 llc-0b27 1 17 0 17 0
l1i_u17-8 llc-0b28 1 17 0 17 0
l1i_u17-8 llc-0b29 1 17 0 17 0
l1i_u17-8 llc-0b30 1 17 0 17 0
l1i_u17-8 llc-0b31 1 17 0 17 0
l1i_u17-9 llc-0b0 1 17 0 17 0
l1i_u17-9 llc-0b1 1 17 0 17 0
l1i_u17-9 llc-0b2 1 17 0 17 0
l1i_u17-9 llc-0b3 1 17 0 17 0
l1i_u17-9 llc-0b4 1 17 0 17 0
l1i_u17-9 llc-0b5 1 17 0 17 0
l1i_u17-9 llc-0b6 1 17 0 17 0
l1i_u17-9 llc-0b7 1 17 0 17 0
l1i_u17-9 llc-0b8 1 17 0 17 0
l1i_u17-9 llc-0b9 1 17 0 17 0
l1i_u17-9 llc-0b10 1 17 0 17 0
l1i_u17-9 llc-0b11 1 17 0 17 0
l1i_u17-9 llc-0b12 1 17 0 17 0
l1i_u17-9 llc-0b13 1 17 0 17 0
l1i_u17-9 llc-0b14 1 17 0 17 0
l1i_u17-9 llc-0b15 1 17 0 17 0
l1i_u17-9 llc-0b16 1 17 0 17 0
l1i_u17-9 llc-0b17 1 17 0 17 0
l1i_u17-9 llc-0b18 1 17 0 17 0
l1i_u17-9 llc-0b19 1 17 0 17 0
l1i_u17-9 llc-0b20 1 17 0 17 0
l1i_u17-9 llc-0b21 1 17 0 17 0
l1i_u17-9 llc-0b22 1 17 0 17 0
l1i_u17-9 llc-0b23 1 17 0 17 0
l1i_u17-9 llc-0b24 1 17 0 17 0
l1i_u17-9 llc-0b25 1 17 0 17 0
l1i_u17-9 llc-0b26 1 17 0 17 0
l1i_u17-9 llc-0b27 1 17 0 17 0
l1i_u17-9 llc-0b28 1 17 0 17 0
l1i_u17-9 llc-0b29 1 17 0 17 0
l1i_u17-9 llc-0b30 1 17 0 17 0
l1i_u17-9 llc-0b31 1 17 0 17 0
l1i_u17-10 llc-0b0 1 17 0 17 0
l1i_u17-10 llc-0b1 1 17 0 17 0
l1i_u17-10 llc-0b2 1 17 0 17 0
l1i_u17-10 llc-0b3 1 17 0 17 0
l1i_u17-10 llc-0b4 1 17 0 17 0
l1i_u17-10 llc-0b5 1 17 0 17 0
l1i_u17-10 llc-0b6 1 17 0 17 0
l1i_u17-10 llc-0b7 1 17 0 17 0
l1i_u17-10 llc-0b8 1 17 0 17 0
l1i_u17-10 llc-0b9 1 17 0 17 0
l1i_u17-10 llc-0b10 1 17 0 17 0
l1i_u17-10 llc-0b11 1 17 0 17 0
l1i_u17-10 llc-0b12 1 17 0 17 0
l1i_u17-10 llc-0b13 1 17 0 17 0
l1i_u17-10 llc-0b14 1 17 0 17 0
l1i_u17-10 llc-0b15 1 17 0 17 0
l1i_u17-10 llc-0b16 1 17 0 17 0
l1i_u17-10 llc-0b17 1 17 0 17 0
l1i_u17-10 llc-0b18 1 17 0 17 0
l1i_u17-10 llc-0b19 1 17 0 17 0
l1i_u17-10 llc-0b20 1 17 0 17 0
l1i_u17-10 llc-0b21 1 17 0 17 0
l1i_u17-10 llc-0b22 1 17 0 17 0
l1i_u17-10 llc-0b23 1 17 0 17 0
l1i_u17-10 llc-0b24 1 17 0 17 0
l1i_u17-10 llc-0b25 1 17 0 17 0
l1i_u17-10 llc-0b26 1 17 0 17 0
l1i_u17-10 llc-0b27 1 17 0 17 0
l1i_u17-10 llc-0b28 1 17 0 17 0
l1i_u17-10 llc-0b29 1 17 0 17 0
l1i_u17-10 llc-0b30 1 17 0 17 0
l1i_u17-10 llc-0b31 1 17 0 17 0
l1i_u17-11 llc-0b0 1 17 0 17 0
l1i_u17-11 llc-0b1 1 17 0 17 0
l1i_u17-11 llc-0b2 1 17 0 17 0
l1i_u17-11 llc-0b3 1 17 0 17 0
l1i_u17-11 llc-0b4 1 17 0 17 0
l1i_u17-11 llc-0b5 1 17 0 17 0
l1i_u17-11 llc-0b6 1 17 0 17 0
l1i_u17-11 llc-0b7 1 17 0 17 0
l1i_u17-11 llc-0b8 1 17 0 17 0
l1i_u17-11 llc-0b9 1 17 0 17 0
l1i_u17-11 llc-0b10 1 17 0 17 0
l1i_u17-11 llc-0b11 1 17 0 17 0
l1i_u17-11 llc-0b12 1 17 0 17 0
l1i_u17-11 llc-0b13 1 17 0 17 0
l1i_u17-11 llc-0b14 1 17 0 17 0
l1i_u17-11 llc-0b15 1 17 0 17 0
l1i_u17-11 llc-0b16 1 17 0 17 0
l1i_u17-11 llc-0b17 1 17 0 17 0
l1i_u17-11 llc-0b18 1 17 0 17 0
l1i_u17-11 llc-0b19 1 17 0 17 0
l1i_u17-11 llc-0b20 1 17 0 17 0
l1i_u17-11 llc-0b21 1 17 0 17 0
l1i_u17-11 llc-0b22 1 17 0 17 0
l1i_u17-11 llc-0b23 1 17 0 17 0
l1i_u17-11 llc-0b24 1 17 0 17 0
l1i_u17-11 llc-0b25 1 17 0 17 0
l1i_u17-11 llc-0b26 1 17 0 17 0
l1i_u17-11 llc-0b27 1 17 0 17 0
l1i_u17-11 llc-0b28 1 17 0 17 0
l1i_u17-11 llc-0b29 1 17 0 17 0
l1i_u17-11 llc-0b30 1 17 0 17 0
l1i_u17-11 llc-0b31 1 17 0 17 0
l1i_u17-12 llc-0b0 1 17 0 17 0
l1i_u17-12 llc-0b1 1 17 0 17 0
l1i_u17-12 llc-0b2 1 17 0 17 0
l1i_u17-12 llc-0b3 1 17 0 17 0
l1i_u17-12 llc-0b4 1 17 0 17 0
l1i_u17-12 llc-0b5 1 17 0 17 0
l1i_u17-12 llc-0b6 1 17 0 17 0
l1i_u17-12 llc-0b7 1 17 0 17 0
l1i_u17-12 llc-0b8 1 17 0 17 0
l1i_u17-12 llc-0b9 1 17 0 17 0
l1i_u17-12 llc-0b10 1 17 0 17 0
l1i_u17-12 llc-0b11 1 17 0 17 0
l1i_u17-12 llc-0b12 1 17 0 17 0
l1i_u17-12 llc-0b13 1 17 0 17 0
l1i_u17-12 llc-0b14 1 17 0 17 0
l1i_u17-12 llc-0b15 1 17 0 17 0
l1i_u17-12 llc-0b16 1 17 0 17 0
l1i_u17-12 llc-0b17 1 17 0 17 0
l1i_u17-12 llc-0b18 1 17 0 17 0
l1i_u17-12 llc-0b19 1 17 0 17 0
l1i_u17-12 llc-0b20 1 17 0 17 0
l1i_u17-12 llc-0b21 1 17 0 17 0
l1i_u17-12 llc-0b22 1 17 0 17 0
l1i_u17-12 llc-0b23 1 17 0 17 0
l1i_u17-12 llc-0b24 1 17 0 17 0
l1i_u17-12 llc-0b25 1 17 0 17 0
l1i_u17-12 llc-0b26 1 17 0 17 0
l1i_u17-12 llc-0b27 1 17 0 17 0
l1i_u17-12 llc-0b28 1 17 0 17 0
l1i_u17-12 llc-0b29 1 17 0 17 0
l1i_u17-12 llc-0b30 1 17 0 17 0
l1i_u17-12 llc-0b31 1 17 0 17 0
l1i_u17-13 llc-0b0 1 17 0 17 0
l1i_u17-13 llc-0b1 1 17 0 17 0
l1i_u17-13 llc-0b2 1 17 0 17 0
l1i_u17-13 llc-0b3 1 17 0 17 0
l1i_u17-13 llc-0b4 1 17 0 17 0
l1i_u17-13 llc-0b5 1 17 0 17 0
l1i_u17-13 llc-0b6 1 17 0 17 0
l1i_u17-13 llc-0b7 1 17 0 17 0
l1i_u17-13 llc-0b8 1 17 0 17 0
l1i_u17-13 llc-0b9 1 17 0 17 0
l1i_u17-13 llc-0b10 1 17 0 17 0
l1i_u17-13 llc-0b11 1 17 0 17 0
l1i_u17-13 llc-0b12 1 17 0 17 0
l1i_u17-13 llc-0b13 1 17 0 17 0
l1i_u17-13 llc-0b14 1 17 0 17 0
l1i_u17-13 llc-0b15 1 17 0 17 0
l1i_u17-13 llc-0b16 1 17 0 17 0
l1i_u17-13 llc-0b17 1 17 0 17 0
l1i_u17-13 llc-0b18 1 17 0 17 0
l1i_u17-13 llc-0b19 1 17 0 17 0
l1i_u17-13 llc-0b20 1 17 0 17 0
l1i_u17-13 llc-0b21 1 17 0 17 0
l1i_u17-13 llc-0b22 1 17 0 17 0
l1i_u17-13 llc-0b23 1 17 0 17 0
l1i_u17-13 llc-0b24 1 17 0 17 0
l1i_u17-13 llc-0b25 1 17 0 17 0
l1i_u17-13 llc-0b26 1 17 0 17 0
l1i_u17-13 llc-0b27 1 17 0 17 0
l1i_u17-13 llc-0b28 1 17 0 17 0
l1i_u17-13 llc-0b29 1 17 0 17 0
l1i_u17-13 llc-0b30 1 17 0 17 0
l1i_u17-13 llc-0b31 1 17 0 17 0
l1i_u17-14 llc-0b0 1 17 0 17 0
l1i_u17-14 llc-0b1 1 17 0 17 0
l1i_u17-14 llc-0b2 1 17 0 17 0
l1i_u17-14 llc-0b3 1 17 0 17 0
l1i_u17-14 llc-0b4 1 17 0 17 0
l1i_u17-14 llc-0b5 1 17 0 17 0
l1i_u17-14 llc-0b6 1 17 0 17 0
l1i_u17-14 llc-0b7 1 17 0 17 0
l1i_u17-14 llc-0b8 1 17 0 17 0
l1i_u17-14 llc-0b9 1 17 0 17 0
l1i_u17-14 llc-0b10 1 17 0 17 0
l1i_u17-14 llc-0b11 1 17 0 17 0
l1i_u17-14 llc-0b12 1 17 0 17 0
l1i_u17-14 llc-0b13 1 17 0 17 0
l1i_u17-14 llc-0b14 1 17 0 17 0
l1i_u17-14 llc-0b15 1 17 0 17 0
l1i_u17-14 llc-0b16 1 17 0 17 0
l1i_u17-14 llc-0b17 1 17 0 17 0
l1i_u17-14 llc-0b18 1 17 0 17 0
l1i_u17-14 llc-0b19 1 17 0 17 0
l1i_u17-14 llc-0b20 1 17 0 17 0
l1i_u17-14 llc-0b21 1 17 0 17 0
l1i_u17-14 llc-0b22 1 17 0 17 0
l1i_u17-14 llc-0b23 1 17 0 17 0
l1i_u17-14 llc-0b24 1 17 0 17 0
l1i_u17-14 llc-0b25 1 17 0 17 0
l1i_u17-14 llc-0b26 1 17 0 17 0
l1i_u17-14 llc-0b27 1 17 0 17 0
l1i_u17-14 llc-0b28 1 17 0 17 0
l1i_u17-14 llc-0b29 1 17 0 17 0
l1i_u17-14 llc-0b30 1 17 0 17 0
l1i_u17-14 llc-0b31 1 17 0 17 0
l1i_u17-15 llc-0b0 1 17 0 17 0
l1i_u17-15 llc-0b1 1 17 0 17 0
l1i_u17-15 llc-0b2 1 17 0 17 0
l1i_u17-15 llc-0b3 1 17 0 17 0
l1i_u17-15 llc-0b4 1 17 0 17 0
l1i_u17-15 llc-0b5 1 17 0 17 0
l1i_u17-15 llc-0b6 1 17 0 17 0
l1i_u17-15 llc-0b7 1 17 0 17 0
l1i_u17-15 llc-0b8 1 17 0 17 0
l1i_u17-15 llc-0b9 1 17 0 17 0
l1i_u17-15 llc-0b10 1 17 0 17 0
l1i_u17-15 llc-0b11 1 17 0 17 0
l1i_u17-15 llc-0b12 1 17 0 17 0
l1i_u17-15 llc-0b13 1 17 0 17 0
l1i_u17-15 llc-0b14 1 17 0 17 0
l1i_u17-15 llc-0b15 1 17 0 17 0
l1i_u17-15 llc-0b16 1 17 0 17 0
l1i_u17-15 llc-0b17 1 17 0 17 0
l1i_u17-15 llc-0b18 1 17 0 17 0
l1i_u17-15 llc-0b19 1 17 0 17 0
l1i_u17-15 llc-0b20 1 17 0 17 0
l1i_u17-15 llc-0b21 1 17 0 17 0
l1i_u17-15 llc-0b22 1 17 0 17 0
l1i_u17-15 llc-0b23 1 17 0 17 0
l1i_u17-15 llc-0b24 1 17 0 17 0
l1i_u17-15 llc-0b25 1 17 0 17 0
l1i_u17-15 llc-0b26 1 17 0 17 0
l1i_u17-15 llc-0b27 1 17 0 17 0
l1i_u17-15 llc-0b28 1 17 0 17 0
l1i_u17-15 llc-0b29 1 17 0 17 0
l1i_u17-15 llc-0b30 1 17 0 17 0
l1i_u17-15 llc-0b31 1 17 0 17 0
l1d_u17-0 llc-0b0 1 17 0 17 0
l1d_u17-0 llc-0b1 1 17 0 17 0
l1d_u17-0 llc-0b2 1 17 0 17 0
l1d_u17-0 llc-0b3 1 17 0 17 0
l1d_u17-0 llc-0b4 1 17 0 17 0
l1d_u17-0 llc-0b5 1 17 0 17 0
l1d_u17-0 llc-0b6 1 17 0 17 0
l1d_u17-0 llc-0b7 1 17 0 17 0
l1d_u17-0 llc-0b8 1 17 0 17 0
l1d_u17-0 llc-0b9 1 17 0 17 0
l1d_u17-0 llc-0b10 1 17 0 17 0
l1d_u17-0 llc-0b11 1 17 0 17 0
l1d_u17-0 llc-0b12 1 17 0 17 0
l1d_u17-0 llc-0b13 1 17 0 17 0
l1d_u17-0 llc-0b14 1 17 0 17 0
l1d_u17-0 llc-0b15 1 17 0 17 0
l1d_u17-0 llc-0b16 1 17 0 17 0
l1d_u17-0 llc-0b17 1 17 0 17 0
l1d_u17-0 llc-0b18 1 17 0 17 0
l1d_u17-0 llc-0b19 1 17 0 17 0
l1d_u17-0 llc-0b20 1 17 0 17 0
l1d_u17-0 llc-0b21 1 17 0 17 0
l1d_u17-0 llc-0b22 1 17 0 17 0
l1d_u17-0 llc-0b23 1 17 0 17 0
l1d_u17-0 llc-0b24 1 17 0 17 0
l1d_u17-0 llc-0b25 1 17 0 17 0
l1d_u17-0 llc-0b26 1 17 0 17 0
l1d_u17-0 llc-0b27 1 17 0 17 0
l1d_u17-0 llc-0b28 1 17 0 17 0
l1d_u17-0 llc-0b29 1 17 0 17 0
l1d_u17-0 llc-0b30 1 17 0 17 0
l1d_u17-0 llc-0b31 1 17 0 17 0
l1d_u17-1 llc-0b0 1 17 0 17 0
l1d_u17-1 llc-0b1 1 17 0 17 0
l1d_u17-1 llc-0b2 1 17 0 17 0
l1d_u17-1 llc-0b3 1 17 0 17 0
l1d_u17-1 llc-0b4 1 17 0 17 0
l1d_u17-1 llc-0b5 1 17 0 17 0
l1d_u17-1 llc-0b6 1 17 0 17 0
l1d_u17-1 llc-0b7 1 17 0 17 0
l1d_u17-1 llc-0b8 1 17 0 17 0
l1d_u17-1 llc-0b9 1 17 0 17 0
l1d_u17-1 llc-0b10 1 17 0 17 0
l1d_u17-1 llc-0b11 1 17 0 17 0
l1d_u17-1 llc-0b12 1 17 0 17 0
l1d_u17-1 llc-0b13 1 17 0 17 0
l1d_u17-1 llc-0b14 1 17 0 17 0
l1d_u17-1 llc-0b15 1 17 0 17 0
l1d_u17-1 llc-0b16 1 17 0 17 0
l1d_u17-1 llc-0b17 1 17 0 17 0
l1d_u17-1 llc-0b18 1 17 0 17 0
l1d_u17-1 llc-0b19 1 17 0 17 0
l1d_u17-1 llc-0b20 1 17 0 17 0
l1d_u17-1 llc-0b21 1 17 0 17 0
l1d_u17-1 llc-0b22 1 17 0 17 0
l1d_u17-1 llc-0b23 1 17 0 17 0
l1d_u17-1 llc-0b24 1 17 0 17 0
l1d_u17-1 llc-0b25 1 17 0 17 0
l1d_u17-1 llc-0b26 1 17 0 17 0
l1d_u17-1 llc-0b27 1 17 0 17 0
l1d_u17-1 llc-0b28 1 17 0 17 0
l1d_u17-1 llc-0b29 1 17 0 17 0
l1d_u17-1 llc-0b30 1 17 0 17 0
l1d_u17-1 llc-0b31 1 17 0 17 0
l1d_u17-2 llc-0b0 1 17 0 17 0
l1d_u17-2 llc-0b1 1 17 0 17 0
l1d_u17-2 llc-0b2 1 17 0 17 0
l1d_u17-2 llc-0b3 1 17 0 17 0
l1d_u17-2 llc-0b4 1 17 0 17 0
l1d_u17-2 llc-0b5 1 17 0 17 0
l1d_u17-2 llc-0b6 1 17 0 17 0
l1d_u17-2 llc-0b7 1 17 0 17 0
l1d_u17-2 llc-0b8 1 17 0 17 0
l1d_u17-2 llc-0b9 1 17 0 17 0
l1d_u17-2 llc-0b10 1 17 0 17 0
l1d_u17-2 llc-0b11 1 17 0 17 0
l1d_u17-2 llc-0b12 1 17 0 17 0
l1d_u17-2 llc-0b13 1 17 0 17 0
l1d_u17-2 llc-0b14 1 17 0 17 0
l1d_u17-2 llc-0b15 1 17 0 17 0
l1d_u17-2 llc-0b16 1 17 0 17 0
l1d_u17-2 llc-0b17 1 17 0 17 0
l1d_u17-2 llc-0b18 1 17 0 17 0
l1d_u17-2 llc-0b19 1 17 0 17 0
l1d_u17-2 llc-0b20 1 17 0 17 0
l1d_u17-2 llc-0b21 1 17 0 17 0
l1d_u17-2 llc-0b22 1 17 0 17 0
l1d_u17-2 llc-0b23 1 17 0 17 0
l1d_u17-2 llc-0b24 1 17 0 17 0
l1d_u17-2 llc-0b25 1 17 0 17 0
l1d_u17-2 llc-0b26 1 17 0 17 0
l1d_u17-2 llc-0b27 1 17 0 17 0
l1d_u17-2 llc-0b28 1 17 0 17 0
l1d_u17-2 llc-0b29 1 17 0 17 0
l1d_u17-2 llc-0b30 1 17 0 17 0
l1d_u17-2 llc-0b31 1 17 0 17 0
l1d_u17-3 llc-0b0 1 17 0 17 0
l1d_u17-3 llc-0b1 1 17 0 17 0
l1d_u17-3 llc-0b2 1 17 0 17 0
l1d_u17-3 llc-0b3 1 17 0 17 0
l1d_u17-3 llc-0b4 1 17 0 17 0
l1d_u17-3 llc-0b5 1 17 0 17 0
l1d_u17-3 llc-0b6 1 17 0 17 0
l1d_u17-3 llc-0b7 1 17 0 17 0
l1d_u17-3 llc-0b8 1 17 0 17 0
l1d_u17-3 llc-0b9 1 17 0 17 0
l1d_u17-3 llc-0b10 1 17 0 17 0
l1d_u17-3 llc-0b11 1 17 0 17 0
l1d_u17-3 llc-0b12 1 17 0 17 0
l1d_u17-3 llc-0b13 1 17 0 17 0
l1d_u17-3 llc-0b14 1 17 0 17 0
l1d_u17-3 llc-0b15 1 17 0 17 0
l1d_u17-3 llc-0b16 1 17 0 17 0
l1d_u17-3 llc-0b17 1 17 0 17 0
l1d_u17-3 llc-0b18 1 17 0 17 0
l1d_u17-3 llc-0b19 1 17 0 17 0
l1d_u17-3 llc-0b20 1 17 0 17 0
l1d_u17-3 llc-0b21 1 17 0 17 0
l1d_u17-3 llc-0b22 1 17 0 17 0
l1d_u17-3 llc-0b23 1 17 0 17 0
l1d_u17-3 llc-0b24 1 17 0 17 0
l1d_u17-3 llc-0b25 1 17 0 17 0
l1d_u17-3 llc-0b26 1 17 0 17 0
l1d_u17-3 llc-0b27 1 17 0 17 0
l1d_u17-3 llc-0b28 1 17 0 17 0
l1d_u17-3 llc-0b29 1 17 0 17 0
l1d_u17-3 llc-0b30 1 17 0 17 0
l1d_u17-3 llc-0b31 1 17 0 17 0
l1d_u17-4 llc-0b0 1 17 0 17 0
l1d_u17-4 llc-0b1 1 17 0 17 0
l1d_u17-4 llc-0b2 1 17 0 17 0
l1d_u17-4 llc-0b3 1 17 0 17 0
l1d_u17-4 llc-0b4 1 17 0 17 0
l1d_u17-4 llc-0b5 1 17 0 17 0
l1d_u17-4 llc-0b6 1 17 0 17 0
l1d_u17-4 llc-0b7 1 17 0 17 0
l1d_u17-4 llc-0b8 1 17 0 17 0
l1d_u17-4 llc-0b9 1 17 0 17 0
l1d_u17-4 llc-0b10 1 17 0 17 0
l1d_u17-4 llc-0b11 1 17 0 17 0
l1d_u17-4 llc-0b12 1 17 0 17 0
l1d_u17-4 llc-0b13 1 17 0 17 0
l1d_u17-4 llc-0b14 1 17 0 17 0
l1d_u17-4 llc-0b15 1 17 0 17 0
l1d_u17-4 llc-0b16 1 17 0 17 0
l1d_u17-4 llc-0b17 1 17 0 17 0
l1d_u17-4 llc-0b18 1 17 0 17 0
l1d_u17-4 llc-0b19 1 17 0 17 0
l1d_u17-4 llc-0b20 1 17 0 17 0
l1d_u17-4 llc-0b21 1 17 0 17 0
l1d_u17-4 llc-0b22 1 17 0 17 0
l1d_u17-4 llc-0b23 1 17 0 17 0
l1d_u17-4 llc-0b24 1 17 0 17 0
l1d_u17-4 llc-0b25 1 17 0 17 0
l1d_u17-4 llc-0b26 1 17 0 17 0
l1d_u17-4 llc-0b27 1 17 0 17 0
l1d_u17-4 llc-0b28 1 17 0 17 0
l1d_u17-4 llc-0b29 1 17 0 17 0
l1d_u17-4 llc-0b30 1 17 0 17 0
l1d_u17-4 llc-0b31 1 17 0 17 0
l1d_u17-5 llc-0b0 1 17 0 17 0
l1d_u17-5 llc-0b1 1 17 0 17 0
l1d_u17-5 llc-0b2 1 17 0 17 0
l1d_u17-5 llc-0b3 1 17 0 17 0
l1d_u17-5 llc-0b4 1 17 0 17 0
l1d_u17-5 llc-0b5 1 17 0 17 0
l1d_u17-5 llc-0b6 1 17 0 17 0
l1d_u17-5 llc-0b7 1 17 0 17 0
l1d_u17-5 llc-0b8 1 17 0 17 0
l1d_u17-5 llc-0b9 1 17 0 17 0
l1d_u17-5 llc-0b10 1 17 0 17 0
l1d_u17-5 llc-0b11 1 17 0 17 0
l1d_u17-5 llc-0b12 1 17 0 17 0
l1d_u17-5 llc-0b13 1 17 0 17 0
l1d_u17-5 llc-0b14 1 17 0 17 0
l1d_u17-5 llc-0b15 1 17 0 17 0
l1d_u17-5 llc-0b16 1 17 0 17 0
l1d_u17-5 llc-0b17 1 17 0 17 0
l1d_u17-5 llc-0b18 1 17 0 17 0
l1d_u17-5 llc-0b19 1 17 0 17 0
l1d_u17-5 llc-0b20 1 17 0 17 0
l1d_u17-5 llc-0b21 1 17 0 17 0
l1d_u17-5 llc-0b22 1 17 0 17 0
l1d_u17-5 llc-0b23 1 17 0 17 0
l1d_u17-5 llc-0b24 1 17 0 17 0
l1d_u17-5 llc-0b25 1 17 0 17 0
l1d_u17-5 llc-0b26 1 17 0 17 0
l1d_u17-5 llc-0b27 1 17 0 17 0
l1d_u17-5 llc-0b28 1 17 0 17 0
l1d_u17-5 llc-0b29 1 17 0 17 0
l1d_u17-5 llc-0b30 1 17 0 17 0
l1d_u17-5 llc-0b31 1 17 0 17 0
l1d_u17-6 llc-0b0 1 17 0 17 0
l1d_u17-6 llc-0b1 1 17 0 17 0
l1d_u17-6 llc-0b2 1 17 0 17 0
l1d_u17-6 llc-0b3 1 17 0 17 0
l1d_u17-6 llc-0b4 1 17 0 17 0
l1d_u17-6 llc-0b5 1 17 0 17 0
l1d_u17-6 llc-0b6 1 17 0 17 0
l1d_u17-6 llc-0b7 1 17 0 17 0
l1d_u17-6 llc-0b8 1 17 0 17 0
l1d_u17-6 llc-0b9 1 17 0 17 0
l1d_u17-6 llc-0b10 1 17 0 17 0
l1d_u17-6 llc-0b11 1 17 0 17 0
l1d_u17-6 llc-0b12 1 17 0 17 0
l1d_u17-6 llc-0b13 1 17 0 17 0
l1d_u17-6 llc-0b14 1 17 0 17 0
l1d_u17-6 llc-0b15 1 17 0 17 0
l1d_u17-6 llc-0b16 1 17 0 17 0
l1d_u17-6 llc-0b17 1 17 0 17 0
l1d_u17-6 llc-0b18 1 17 0 17 0
l1d_u17-6 llc-0b19 1 17 0 17 0
l1d_u17-6 llc-0b20 1 17 0 17 0
l1d_u17-6 llc-0b21 1 17 0 17 0
l1d_u17-6 llc-0b22 1 17 0 17 0
l1d_u17-6 llc-0b23 1 17 0 17 0
l1d_u17-6 llc-0b24 1 17 0 17 0
l1d_u17-6 llc-0b25 1 17 0 17 0
l1d_u17-6 llc-0b26 1 17 0 17 0
l1d_u17-6 llc-0b27 1 17 0 17 0
l1d_u17-6 llc-0b28 1 17 0 17 0
l1d_u17-6 llc-0b29 1 17 0 17 0
l1d_u17-6 llc-0b30 1 17 0 17 0
l1d_u17-6 llc-0b31 1 17 0 17 0
l1d_u17-7 llc-0b0 1 17 0 17 0
l1d_u17-7 llc-0b1 1 17 0 17 0
l1d_u17-7 llc-0b2 1 17 0 17 0
l1d_u17-7 llc-0b3 1 17 0 17 0
l1d_u17-7 llc-0b4 1 17 0 17 0
l1d_u17-7 llc-0b5 1 17 0 17 0
l1d_u17-7 llc-0b6 1 17 0 17 0
l1d_u17-7 llc-0b7 1 17 0 17 0
l1d_u17-7 llc-0b8 1 17 0 17 0
l1d_u17-7 llc-0b9 1 17 0 17 0
l1d_u17-7 llc-0b10 1 17 0 17 0
l1d_u17-7 llc-0b11 1 17 0 17 0
l1d_u17-7 llc-0b12 1 17 0 17 0
l1d_u17-7 llc-0b13 1 17 0 17 0
l1d_u17-7 llc-0b14 1 17 0 17 0
l1d_u17-7 llc-0b15 1 17 0 17 0
l1d_u17-7 llc-0b16 1 17 0 17 0
l1d_u17-7 llc-0b17 1 17 0 17 0
l1d_u17-7 llc-0b18 1 17 0 17 0
l1d_u17-7 llc-0b19 1 17 0 17 0
l1d_u17-7 llc-0b20 1 17 0 17 0
l1d_u17-7 llc-0b21 1 17 0 17 0
l1d_u17-7 llc-0b22 1 17 0 17 0
l1d_u17-7 llc-0b23 1 17 0 17 0
l1d_u17-7 llc-0b24 1 17 0 17 0
l1d_u17-7 llc-0b25 1 17 0 17 0
l1d_u17-7 llc-0b26 1 17 0 17 0
l1d_u17-7 llc-0b27 1 17 0 17 0
l1d_u17-7 llc-0b28 1 17 0 17 0
l1d_u17-7 llc-0b29 1 17 0 17 0
l1d_u17-7 llc-0b30 1 17 0 17 0
l1d_u17-7 llc-0b31 1 17 0 17 0
l1d_u17-8 llc-0b0 1 17 0 17 0
l1d_u17-8 llc-0b1 1 17 0 17 0
l1d_u17-8 llc-0b2 1 17 0 17 0
l1d_u17-8 llc-0b3 1 17 0 17 0
l1d_u17-8 llc-0b4 1 17 0 17 0
l1d_u17-8 llc-0b5 1 17 0 17 0
l1d_u17-8 llc-0b6 1 17 0 17 0
l1d_u17-8 llc-0b7 1 17 0 17 0
l1d_u17-8 llc-0b8 1 17 0 17 0
l1d_u17-8 llc-0b9 1 17 0 17 0
l1d_u17-8 llc-0b10 1 17 0 17 0
l1d_u17-8 llc-0b11 1 17 0 17 0
l1d_u17-8 llc-0b12 1 17 0 17 0
l1d_u17-8 llc-0b13 1 17 0 17 0
l1d_u17-8 llc-0b14 1 17 0 17 0
l1d_u17-8 llc-0b15 1 17 0 17 0
l1d_u17-8 llc-0b16 1 17 0 17 0
l1d_u17-8 llc-0b17 1 17 0 17 0
l1d_u17-8 llc-0b18 1 17 0 17 0
l1d_u17-8 llc-0b19 1 17 0 17 0
l1d_u17-8 llc-0b20 1 17 0 17 0
l1d_u17-8 llc-0b21 1 17 0 17 0
l1d_u17-8 llc-0b22 1 17 0 17 0
l1d_u17-8 llc-0b23 1 17 0 17 0
l1d_u17-8 llc-0b24 1 17 0 17 0
l1d_u17-8 llc-0b25 1 17 0 17 0
l1d_u17-8 llc-0b26 1 17 0 17 0
l1d_u17-8 llc-0b27 1 17 0 17 0
l1d_u17-8 llc-0b28 1 17 0 17 0
l1d_u17-8 llc-0b29 1 17 0 17 0
l1d_u17-8 llc-0b30 1 17 0 17 0
l1d_u17-8 llc-0b31 1 17 0 17 0
l1d_u17-9 llc-0b0 1 17 0 17 0
l1d_u17-9 llc-0b1 1 17 0 17 0
l1d_u17-9 llc-0b2 1 17 0 17 0
l1d_u17-9 llc-0b3 1 17 0 17 0
l1d_u17-9 llc-0b4 1 17 0 17 0
l1d_u17-9 llc-0b5 1 17 0 17 0
l1d_u17-9 llc-0b6 1 17 0 17 0
l1d_u17-9 llc-0b7 1 17 0 17 0
l1d_u17-9 llc-0b8 1 17 0 17 0
l1d_u17-9 llc-0b9 1 17 0 17 0
l1d_u17-9 llc-0b10 1 17 0 17 0
l1d_u17-9 llc-0b11 1 17 0 17 0
l1d_u17-9 llc-0b12 1 17 0 17 0
l1d_u17-9 llc-0b13 1 17 0 17 0
l1d_u17-9 llc-0b14 1 17 0 17 0
l1d_u17-9 llc-0b15 1 17 0 17 0
l1d_u17-9 llc-0b16 1 17 0 17 0
l1d_u17-9 llc-0b17 1 17 0 17 0
l1d_u17-9 llc-0b18 1 17 0 17 0
l1d_u17-9 llc-0b19 1 17 0 17 0
l1d_u17-9 llc-0b20 1 17 0 17 0
l1d_u17-9 llc-0b21 1 17 0 17 0
l1d_u17-9 llc-0b22 1 17 0 17 0
l1d_u17-9 llc-0b23 1 17 0 17 0
l1d_u17-9 llc-0b24 1 17 0 17 0
l1d_u17-9 llc-0b25 1 17 0 17 0
l1d_u17-9 llc-0b26 1 17 0 17 0
l1d_u17-9 llc-0b27 1 17 0 17 0
l1d_u17-9 llc-0b28 1 17 0 17 0
l1d_u17-9 llc-0b29 1 17 0 17 0
l1d_u17-9 llc-0b30 1 17 0 17 0
l1d_u17-9 llc-0b31 1 17 0 17 0
l1d_u17-10 llc-0b0 1 17 0 17 0
l1d_u17-10 llc-0b1 1 17 0 17 0
l1d_u17-10 llc-0b2 1 17 0 17 0
l1d_u17-10 llc-0b3 1 17 0 17 0
l1d_u17-10 llc-0b4 1 17 0 17 0
l1d_u17-10 llc-0b5 1 17 0 17 0
l1d_u17-10 llc-0b6 1 17 0 17 0
l1d_u17-10 llc-0b7 1 17 0 17 0
l1d_u17-10 llc-0b8 1 17 0 17 0
l1d_u17-10 llc-0b9 1 17 0 17 0
l1d_u17-10 llc-0b10 1 17 0 17 0
l1d_u17-10 llc-0b11 1 17 0 17 0
l1d_u17-10 llc-0b12 1 17 0 17 0
l1d_u17-10 llc-0b13 1 17 0 17 0
l1d_u17-10 llc-0b14 1 17 0 17 0
l1d_u17-10 llc-0b15 1 17 0 17 0
l1d_u17-10 llc-0b16 1 17 0 17 0
l1d_u17-10 llc-0b17 1 17 0 17 0
l1d_u17-10 llc-0b18 1 17 0 17 0
l1d_u17-10 llc-0b19 1 17 0 17 0
l1d_u17-10 llc-0b20 1 17 0 17 0
l1d_u17-10 llc-0b21 1 17 0 17 0
l1d_u17-10 llc-0b22 1 17 0 17 0
l1d_u17-10 llc-0b23 1 17 0 17 0
l1d_u17-10 llc-0b24 1 17 0 17 0
l1d_u17-10 llc-0b25 1 17 0 17 0
l1d_u17-10 llc-0b26 1 17 0 17 0
l1d_u17-10 llc-0b27 1 17 0 17 0
l1d_u17-10 llc-0b28 1 17 0 17 0
l1d_u17-10 llc-0b29 1 17 0 17 0
l1d_u17-10 llc-0b30 1 17 0 17 0
l1d_u17-10 llc-0b31 1 17 0 17 0
l1d_u17-11 llc-0b0 1 17 0 17 0
l1d_u17-11 llc-0b1 1 17 0 17 0
l1d_u17-11 llc-0b2 1 17 0 17 0
l1d_u17-11 llc-0b3 1 17 0 17 0
l1d_u17-11 llc-0b4 1 17 0 17 0
l1d_u17-11 llc-0b5 1 17 0 17 0
l1d_u17-11 llc-0b6 1 17 0 17 0
l1d_u17-11 llc-0b7 1 17 0 17 0
l1d_u17-11 llc-0b8 1 17 0 17 0
l1d_u17-11 llc-0b9 1 17 0 17 0
l1d_u17-11 llc-0b10 1 17 0 17 0
l1d_u17-11 llc-0b11 1 17 0 17 0
l1d_u17-11 llc-0b12 1 17 0 17 0
l1d_u17-11 llc-0b13 1 17 0 17 0
l1d_u17-11 llc-0b14 1 17 0 17 0
l1d_u17-11 llc-0b15 1 17 0 17 0
l1d_u17-11 llc-0b16 1 17 0 17 0
l1d_u17-11 llc-0b17 1 17 0 17 0
l1d_u17-11 llc-0b18 1 17 0 17 0
l1d_u17-11 llc-0b19 1 17 0 17 0
l1d_u17-11 llc-0b20 1 17 0 17 0
l1d_u17-11 llc-0b21 1 17 0 17 0
l1d_u17-11 llc-0b22 1 17 0 17 0
l1d_u17-11 llc-0b23 1 17 0 17 0
l1d_u17-11 llc-0b24 1 17 0 17 0
l1d_u17-11 llc-0b25 1 17 0 17 0
l1d_u17-11 llc-0b26 1 17 0 17 0
l1d_u17-11 llc-0b27 1 17 0 17 0
l1d_u17-11 llc-0b28 1 17 0 17 0
l1d_u17-11 llc-0b29 1 17 0 17 0
l1d_u17-11 llc-0b30 1 17 0 17 0
l1d_u17-11 llc-0b31 1 17 0 17 0
l1d_u17-12 llc-0b0 1 17 0 17 0
l1d_u17-12 llc-0b1 1 17 0 17 0
l1d_u17-12 llc-0b2 1 17 0 17 0
l1d_u17-12 llc-0b3 1 17 0 17 0
l1d_u17-12 llc-0b4 1 17 0 17 0
l1d_u17-12 llc-0b5 1 17 0 17 0
l1d_u17-12 llc-0b6 1 17 0 17 0
l1d_u17-12 llc-0b7 1 17 0 17 0
l1d_u17-12 llc-0b8 1 17 0 17 0
l1d_u17-12 llc-0b9 1 17 0 17 0
l1d_u17-12 llc-0b10 1 17 0 17 0
l1d_u17-12 llc-0b11 1 17 0 17 0
l1d_u17-12 llc-0b12 1 17 0 17 0
l1d_u17-12 llc-0b13 1 17 0 17 0
l1d_u17-12 llc-0b14 1 17 0 17 0
l1d_u17-12 llc-0b15 1 17 0 17 0
l1d_u17-12 llc-0b16 1 17 0 17 0
l1d_u17-12 llc-0b17 1 17 0 17 0
l1d_u17-12 llc-0b18 1 17 0 17 0
l1d_u17-12 llc-0b19 1 17 0 17 0
l1d_u17-12 llc-0b20 1 17 0 17 0
l1d_u17-12 llc-0b21 1 17 0 17 0
l1d_u17-12 llc-0b22 1 17 0 17 0
l1d_u17-12 llc-0b23 1 17 0 17 0
l1d_u17-12 llc-0b24 1 17 0 17 0
l1d_u17-12 llc-0b25 1 17 0 17 0
l1d_u17-12 llc-0b26 1 17 0 17 0
l1d_u17-12 llc-0b27 1 17 0 17 0
l1d_u17-12 llc-0b28 1 17 0 17 0
l1d_u17-12 llc-0b29 1 17 0 17 0
l1d_u17-12 llc-0b30 1 17 0 17 0
l1d_u17-12 llc-0b31 1 17 0 17 0
l1d_u17-13 llc-0b0 1 17 0 17 0
l1d_u17-13 llc-0b1 1 17 0 17 0
l1d_u17-13 llc-0b2 1 17 0 17 0
l1d_u17-13 llc-0b3 1 17 0 17 0
l1d_u17-13 llc-0b4 1 17 0 17 0
l1d_u17-13 llc-0b5 1 17 0 17 0
l1d_u17-13 llc-0b6 1 17 0 17 0
l1d_u17-13 llc-0b7 1 17 0 17 0
l1d_u17-13 llc-0b8 1 17 0 17 0
l1d_u17-13 llc-0b9 1 17 0 17 0
l1d_u17-13 llc-0b10 1 17 0 17 0
l1d_u17-13 llc-0b11 1 17 0 17 0
l1d_u17-13 llc-0b12 1 17 0 17 0
l1d_u17-13 llc-0b13 1 17 0 17 0
l1d_u17-13 llc-0b14 1 17 0 17 0
l1d_u17-13 llc-0b15 1 17 0 17 0
l1d_u17-13 llc-0b16 1 17 0 17 0
l1d_u17-13 llc-0b17 1 17 0 17 0
l1d_u17-13 llc-0b18 1 17 0 17 0
l1d_u17-13 llc-0b19 1 17 0 17 0
l1d_u17-13 llc-0b20 1 17 0 17 0
l1d_u17-13 llc-0b21 1 17 0 17 0
l1d_u17-13 llc-0b22 1 17 0 17 0
l1d_u17-13 llc-0b23 1 17 0 17 0
l1d_u17-13 llc-0b24 1 17 0 17 0
l1d_u17-13 llc-0b25 1 17 0 17 0
l1d_u17-13 llc-0b26 1 17 0 17 0
l1d_u17-13 llc-0b27 1 17 0 17 0
l1d_u17-13 llc-0b28 1 17 0 17 0
l1d_u17-13 llc-0b29 1 17 0 17 0
l1d_u17-13 llc-0b30 1 17 0 17 0
l1d_u17-13 llc-0b31 1 17 0 17 0
l1d_u17-14 llc-0b0 1 17 0 17 0
l1d_u17-14 llc-0b1 1 17 0 17 0
l1d_u17-14 llc-0b2 1 17 0 17 0
l1d_u17-14 llc-0b3 1 17 0 17 0
l1d_u17-14 llc-0b4 1 17 0 17 0
l1d_u17-14 llc-0b5 1 17 0 17 0
l1d_u17-14 llc-0b6 1 17 0 17 0
l1d_u17-14 llc-0b7 1 17 0 17 0
l1d_u17-14 llc-0b8 1 17 0 17 0
l1d_u17-14 llc-0b9 1 17 0 17 0
l1d_u17-14 llc-0b10 1 17 0 17 0
l1d_u17-14 llc-0b11 1 17 0 17 0
l1d_u17-14 llc-0b12 1 17 0 17 0
l1d_u17-14 llc-0b13 1 17 0 17 0
l1d_u17-14 llc-0b14 1 17 0 17 0
l1d_u17-14 llc-0b15 1 17 0 17 0
l1d_u17-14 llc-0b16 1 17 0 17 0
l1d_u17-14 llc-0b17 1 17 0 17 0
l1d_u17-14 llc-0b18 1 17 0 17 0
l1d_u17-14 llc-0b19 1 17 0 17 0
l1d_u17-14 llc-0b20 1 17 0 17 0
l1d_u17-14 llc-0b21 1 17 0 17 0
l1d_u17-14 llc-0b22 1 17 0 17 0
l1d_u17-14 llc-0b23 1 17 0 17 0
l1d_u17-14 llc-0b24 1 17 0 17 0
l1d_u17-14 llc-0b25 1 17 0 17 0
l1d_u17-14 llc-0b26 1 17 0 17 0
l1d_u17-14 llc-0b27 1 17 0 17 0
l1d_u17-14 llc-0b28 1 17 0 17 0
l1d_u17-14 llc-0b29 1 17 0 17 0
l1d_u17-14 llc-0b30 1 17 0 17 0
l1d_u17-14 llc-0b31 1 17 0 17 0
l1d_u17-15 llc-0b0 1 17 0 17 0
l1d_u17-15 llc-0b1 1 17 0 17 0
l1d_u17-15 llc-0b2 1 17 0 17 0
l1d_u17-15 llc-0b3 1 17 0 17 0
l1d_u17-15 llc-0b4 1 17 0 17 0
l1d_u17-15 llc-0b5 1 17 0 17 0
l1d_u17-15 llc-0b6 1 17 0 17 0
l1d_u17-15 llc-0b7 1 17 0 17 0
l1d_u17-15 llc-0b8 1 17 0 17 0
l1d_u17-15 llc-0b9 1 17 0 17 0
l1d_u17-15 llc-0b10 1 17 0 17 0
l1d_u17-15 llc-0b11 1 17 0 17 0
l1d_u17-15 llc-0b12 1 17 0 17 0
l1d_u17-15 llc-0b13 1 17 0 17 0
l1d_u17-15 llc-0b14 1 17 0 17 0
l1d_u17-15 llc-0b15 1 17 0 17 0
l1d_u17-15 llc-0b16 1 17 0 17 0
l1d_u17-15 llc-0b17 1 17 0 17 0
l1d_u17-15 llc-0b18 1 17 0 17 0
l1d_u17-15 llc-0b19 1 17 0 17 0
l1d_u17-15 llc-0b20 1 17 0 17 0
l1d_u17-15 llc-0b21 1 17 0 17 0
l1d_u17-15 llc-0b22 1 17 0 17 0
l1d_u17-15 llc-0b23 1 17 0 17 0
l1d_u17-15 llc-0b24 1 17 0 17 0
l1d_u17-15 llc-0b25 1 17 0 17 0
l1d_u17-15 llc-0b26 1 17 0 17 0
l1d_u17-15 llc-0b27 1 17 0 17 0
l1d_u17-15 llc-0b28 1 17 0 17 0
l1d_u17-15 llc-0b29 1 17 0 17 0
l1d_u17-15 llc-0b30 1 17 0 17 0
l1d_u17-15 llc-0b31 1 17 0 17 0
l1i_u18-0 llc-0b0 1 18 0 18 0
l1i_u18-0 llc-0b1 1 18 0 18 0
l1i_u18-0 llc-0b2 1 18 0 18 0
l1i_u18-0 llc-0b3 1 18 0 18 0
l1i_u18-0 llc-0b4 1 18 0 18 0
l1i_u18-0 llc-0b5 1 18 0 18 0
l1i_u18-0 llc-0b6 1 18 0 18 0
l1i_u18-0 llc-0b7 1 18 0 18 0
l1i_u18-0 llc-0b8 1 18 0 18 0
l1i_u18-0 llc-0b9 1 18 0 18 0
l1i_u18-0 llc-0b10 1 18 0 18 0
l1i_u18-0 llc-0b11 1 18 0 18 0
l1i_u18-0 llc-0b12 1 18 0 18 0
l1i_u18-0 llc-0b13 1 18 0 18 0
l1i_u18-0 llc-0b14 1 18 0 18 0
l1i_u18-0 llc-0b15 1 18 0 18 0
l1i_u18-0 llc-0b16 1 18 0 18 0
l1i_u18-0 llc-0b17 1 18 0 18 0
l1i_u18-0 llc-0b18 1 18 0 18 0
l1i_u18-0 llc-0b19 1 18 0 18 0
l1i_u18-0 llc-0b20 1 18 0 18 0
l1i_u18-0 llc-0b21 1 18 0 18 0
l1i_u18-0 llc-0b22 1 18 0 18 0
l1i_u18-0 llc-0b23 1 18 0 18 0
l1i_u18-0 llc-0b24 1 18 0 18 0
l1i_u18-0 llc-0b25 1 18 0 18 0
l1i_u18-0 llc-0b26 1 18 0 18 0
l1i_u18-0 llc-0b27 1 18 0 18 0
l1i_u18-0 llc-0b28 1 18 0 18 0
l1i_u18-0 llc-0b29 1 18 0 18 0
l1i_u18-0 llc-0b30 1 18 0 18 0
l1i_u18-0 llc-0b31 1 18 0 18 0
l1i_u18-1 llc-0b0 1 18 0 18 0
l1i_u18-1 llc-0b1 1 18 0 18 0
l1i_u18-1 llc-0b2 1 18 0 18 0
l1i_u18-1 llc-0b3 1 18 0 18 0
l1i_u18-1 llc-0b4 1 18 0 18 0
l1i_u18-1 llc-0b5 1 18 0 18 0
l1i_u18-1 llc-0b6 1 18 0 18 0
l1i_u18-1 llc-0b7 1 18 0 18 0
l1i_u18-1 llc-0b8 1 18 0 18 0
l1i_u18-1 llc-0b9 1 18 0 18 0
l1i_u18-1 llc-0b10 1 18 0 18 0
l1i_u18-1 llc-0b11 1 18 0 18 0
l1i_u18-1 llc-0b12 1 18 0 18 0
l1i_u18-1 llc-0b13 1 18 0 18 0
l1i_u18-1 llc-0b14 1 18 0 18 0
l1i_u18-1 llc-0b15 1 18 0 18 0
l1i_u18-1 llc-0b16 1 18 0 18 0
l1i_u18-1 llc-0b17 1 18 0 18 0
l1i_u18-1 llc-0b18 1 18 0 18 0
l1i_u18-1 llc-0b19 1 18 0 18 0
l1i_u18-1 llc-0b20 1 18 0 18 0
l1i_u18-1 llc-0b21 1 18 0 18 0
l1i_u18-1 llc-0b22 1 18 0 18 0
l1i_u18-1 llc-0b23 1 18 0 18 0
l1i_u18-1 llc-0b24 1 18 0 18 0
l1i_u18-1 llc-0b25 1 18 0 18 0
l1i_u18-1 llc-0b26 1 18 0 18 0
l1i_u18-1 llc-0b27 1 18 0 18 0
l1i_u18-1 llc-0b28 1 18 0 18 0
l1i_u18-1 llc-0b29 1 18 0 18 0
l1i_u18-1 llc-0b30 1 18 0 18 0
l1i_u18-1 llc-0b31 1 18 0 18 0
l1i_u18-2 llc-0b0 1 18 0 18 0
l1i_u18-2 llc-0b1 1 18 0 18 0
l1i_u18-2 llc-0b2 1 18 0 18 0
l1i_u18-2 llc-0b3 1 18 0 18 0
l1i_u18-2 llc-0b4 1 18 0 18 0
l1i_u18-2 llc-0b5 1 18 0 18 0
l1i_u18-2 llc-0b6 1 18 0 18 0
l1i_u18-2 llc-0b7 1 18 0 18 0
l1i_u18-2 llc-0b8 1 18 0 18 0
l1i_u18-2 llc-0b9 1 18 0 18 0
l1i_u18-2 llc-0b10 1 18 0 18 0
l1i_u18-2 llc-0b11 1 18 0 18 0
l1i_u18-2 llc-0b12 1 18 0 18 0
l1i_u18-2 llc-0b13 1 18 0 18 0
l1i_u18-2 llc-0b14 1 18 0 18 0
l1i_u18-2 llc-0b15 1 18 0 18 0
l1i_u18-2 llc-0b16 1 18 0 18 0
l1i_u18-2 llc-0b17 1 18 0 18 0
l1i_u18-2 llc-0b18 1 18 0 18 0
l1i_u18-2 llc-0b19 1 18 0 18 0
l1i_u18-2 llc-0b20 1 18 0 18 0
l1i_u18-2 llc-0b21 1 18 0 18 0
l1i_u18-2 llc-0b22 1 18 0 18 0
l1i_u18-2 llc-0b23 1 18 0 18 0
l1i_u18-2 llc-0b24 1 18 0 18 0
l1i_u18-2 llc-0b25 1 18 0 18 0
l1i_u18-2 llc-0b26 1 18 0 18 0
l1i_u18-2 llc-0b27 1 18 0 18 0
l1i_u18-2 llc-0b28 1 18 0 18 0
l1i_u18-2 llc-0b29 1 18 0 18 0
l1i_u18-2 llc-0b30 1 18 0 18 0
l1i_u18-2 llc-0b31 1 18 0 18 0
l1i_u18-3 llc-0b0 1 18 0 18 0
l1i_u18-3 llc-0b1 1 18 0 18 0
l1i_u18-3 llc-0b2 1 18 0 18 0
l1i_u18-3 llc-0b3 1 18 0 18 0
l1i_u18-3 llc-0b4 1 18 0 18 0
l1i_u18-3 llc-0b5 1 18 0 18 0
l1i_u18-3 llc-0b6 1 18 0 18 0
l1i_u18-3 llc-0b7 1 18 0 18 0
l1i_u18-3 llc-0b8 1 18 0 18 0
l1i_u18-3 llc-0b9 1 18 0 18 0
l1i_u18-3 llc-0b10 1 18 0 18 0
l1i_u18-3 llc-0b11 1 18 0 18 0
l1i_u18-3 llc-0b12 1 18 0 18 0
l1i_u18-3 llc-0b13 1 18 0 18 0
l1i_u18-3 llc-0b14 1 18 0 18 0
l1i_u18-3 llc-0b15 1 18 0 18 0
l1i_u18-3 llc-0b16 1 18 0 18 0
l1i_u18-3 llc-0b17 1 18 0 18 0
l1i_u18-3 llc-0b18 1 18 0 18 0
l1i_u18-3 llc-0b19 1 18 0 18 0
l1i_u18-3 llc-0b20 1 18 0 18 0
l1i_u18-3 llc-0b21 1 18 0 18 0
l1i_u18-3 llc-0b22 1 18 0 18 0
l1i_u18-3 llc-0b23 1 18 0 18 0
l1i_u18-3 llc-0b24 1 18 0 18 0
l1i_u18-3 llc-0b25 1 18 0 18 0
l1i_u18-3 llc-0b26 1 18 0 18 0
l1i_u18-3 llc-0b27 1 18 0 18 0
l1i_u18-3 llc-0b28 1 18 0 18 0
l1i_u18-3 llc-0b29 1 18 0 18 0
l1i_u18-3 llc-0b30 1 18 0 18 0
l1i_u18-3 llc-0b31 1 18 0 18 0
l1i_u18-4 llc-0b0 1 18 0 18 0
l1i_u18-4 llc-0b1 1 18 0 18 0
l1i_u18-4 llc-0b2 1 18 0 18 0
l1i_u18-4 llc-0b3 1 18 0 18 0
l1i_u18-4 llc-0b4 1 18 0 18 0
l1i_u18-4 llc-0b5 1 18 0 18 0
l1i_u18-4 llc-0b6 1 18 0 18 0
l1i_u18-4 llc-0b7 1 18 0 18 0
l1i_u18-4 llc-0b8 1 18 0 18 0
l1i_u18-4 llc-0b9 1 18 0 18 0
l1i_u18-4 llc-0b10 1 18 0 18 0
l1i_u18-4 llc-0b11 1 18 0 18 0
l1i_u18-4 llc-0b12 1 18 0 18 0
l1i_u18-4 llc-0b13 1 18 0 18 0
l1i_u18-4 llc-0b14 1 18 0 18 0
l1i_u18-4 llc-0b15 1 18 0 18 0
l1i_u18-4 llc-0b16 1 18 0 18 0
l1i_u18-4 llc-0b17 1 18 0 18 0
l1i_u18-4 llc-0b18 1 18 0 18 0
l1i_u18-4 llc-0b19 1 18 0 18 0
l1i_u18-4 llc-0b20 1 18 0 18 0
l1i_u18-4 llc-0b21 1 18 0 18 0
l1i_u18-4 llc-0b22 1 18 0 18 0
l1i_u18-4 llc-0b23 1 18 0 18 0
l1i_u18-4 llc-0b24 1 18 0 18 0
l1i_u18-4 llc-0b25 1 18 0 18 0
l1i_u18-4 llc-0b26 1 18 0 18 0
l1i_u18-4 llc-0b27 1 18 0 18 0
l1i_u18-4 llc-0b28 1 18 0 18 0
l1i_u18-4 llc-0b29 1 18 0 18 0
l1i_u18-4 llc-0b30 1 18 0 18 0
l1i_u18-4 llc-0b31 1 18 0 18 0
l1i_u18-5 llc-0b0 1 18 0 18 0
l1i_u18-5 llc-0b1 1 18 0 18 0
l1i_u18-5 llc-0b2 1 18 0 18 0
l1i_u18-5 llc-0b3 1 18 0 18 0
l1i_u18-5 llc-0b4 1 18 0 18 0
l1i_u18-5 llc-0b5 1 18 0 18 0
l1i_u18-5 llc-0b6 1 18 0 18 0
l1i_u18-5 llc-0b7 1 18 0 18 0
l1i_u18-5 llc-0b8 1 18 0 18 0
l1i_u18-5 llc-0b9 1 18 0 18 0
l1i_u18-5 llc-0b10 1 18 0 18 0
l1i_u18-5 llc-0b11 1 18 0 18 0
l1i_u18-5 llc-0b12 1 18 0 18 0
l1i_u18-5 llc-0b13 1 18 0 18 0
l1i_u18-5 llc-0b14 1 18 0 18 0
l1i_u18-5 llc-0b15 1 18 0 18 0
l1i_u18-5 llc-0b16 1 18 0 18 0
l1i_u18-5 llc-0b17 1 18 0 18 0
l1i_u18-5 llc-0b18 1 18 0 18 0
l1i_u18-5 llc-0b19 1 18 0 18 0
l1i_u18-5 llc-0b20 1 18 0 18 0
l1i_u18-5 llc-0b21 1 18 0 18 0
l1i_u18-5 llc-0b22 1 18 0 18 0
l1i_u18-5 llc-0b23 1 18 0 18 0
l1i_u18-5 llc-0b24 1 18 0 18 0
l1i_u18-5 llc-0b25 1 18 0 18 0
l1i_u18-5 llc-0b26 1 18 0 18 0
l1i_u18-5 llc-0b27 1 18 0 18 0
l1i_u18-5 llc-0b28 1 18 0 18 0
l1i_u18-5 llc-0b29 1 18 0 18 0
l1i_u18-5 llc-0b30 1 18 0 18 0
l1i_u18-5 llc-0b31 1 18 0 18 0
l1i_u18-6 llc-0b0 1 18 0 18 0
l1i_u18-6 llc-0b1 1 18 0 18 0
l1i_u18-6 llc-0b2 1 18 0 18 0
l1i_u18-6 llc-0b3 1 18 0 18 0
l1i_u18-6 llc-0b4 1 18 0 18 0
l1i_u18-6 llc-0b5 1 18 0 18 0
l1i_u18-6 llc-0b6 1 18 0 18 0
l1i_u18-6 llc-0b7 1 18 0 18 0
l1i_u18-6 llc-0b8 1 18 0 18 0
l1i_u18-6 llc-0b9 1 18 0 18 0
l1i_u18-6 llc-0b10 1 18 0 18 0
l1i_u18-6 llc-0b11 1 18 0 18 0
l1i_u18-6 llc-0b12 1 18 0 18 0
l1i_u18-6 llc-0b13 1 18 0 18 0
l1i_u18-6 llc-0b14 1 18 0 18 0
l1i_u18-6 llc-0b15 1 18 0 18 0
l1i_u18-6 llc-0b16 1 18 0 18 0
l1i_u18-6 llc-0b17 1 18 0 18 0
l1i_u18-6 llc-0b18 1 18 0 18 0
l1i_u18-6 llc-0b19 1 18 0 18 0
l1i_u18-6 llc-0b20 1 18 0 18 0
l1i_u18-6 llc-0b21 1 18 0 18 0
l1i_u18-6 llc-0b22 1 18 0 18 0
l1i_u18-6 llc-0b23 1 18 0 18 0
l1i_u18-6 llc-0b24 1 18 0 18 0
l1i_u18-6 llc-0b25 1 18 0 18 0
l1i_u18-6 llc-0b26 1 18 0 18 0
l1i_u18-6 llc-0b27 1 18 0 18 0
l1i_u18-6 llc-0b28 1 18 0 18 0
l1i_u18-6 llc-0b29 1 18 0 18 0
l1i_u18-6 llc-0b30 1 18 0 18 0
l1i_u18-6 llc-0b31 1 18 0 18 0
l1i_u18-7 llc-0b0 1 18 0 18 0
l1i_u18-7 llc-0b1 1 18 0 18 0
l1i_u18-7 llc-0b2 1 18 0 18 0
l1i_u18-7 llc-0b3 1 18 0 18 0
l1i_u18-7 llc-0b4 1 18 0 18 0
l1i_u18-7 llc-0b5 1 18 0 18 0
l1i_u18-7 llc-0b6 1 18 0 18 0
l1i_u18-7 llc-0b7 1 18 0 18 0
l1i_u18-7 llc-0b8 1 18 0 18 0
l1i_u18-7 llc-0b9 1 18 0 18 0
l1i_u18-7 llc-0b10 1 18 0 18 0
l1i_u18-7 llc-0b11 1 18 0 18 0
l1i_u18-7 llc-0b12 1 18 0 18 0
l1i_u18-7 llc-0b13 1 18 0 18 0
l1i_u18-7 llc-0b14 1 18 0 18 0
l1i_u18-7 llc-0b15 1 18 0 18 0
l1i_u18-7 llc-0b16 1 18 0 18 0
l1i_u18-7 llc-0b17 1 18 0 18 0
l1i_u18-7 llc-0b18 1 18 0 18 0
l1i_u18-7 llc-0b19 1 18 0 18 0
l1i_u18-7 llc-0b20 1 18 0 18 0
l1i_u18-7 llc-0b21 1 18 0 18 0
l1i_u18-7 llc-0b22 1 18 0 18 0
l1i_u18-7 llc-0b23 1 18 0 18 0
l1i_u18-7 llc-0b24 1 18 0 18 0
l1i_u18-7 llc-0b25 1 18 0 18 0
l1i_u18-7 llc-0b26 1 18 0 18 0
l1i_u18-7 llc-0b27 1 18 0 18 0
l1i_u18-7 llc-0b28 1 18 0 18 0
l1i_u18-7 llc-0b29 1 18 0 18 0
l1i_u18-7 llc-0b30 1 18 0 18 0
l1i_u18-7 llc-0b31 1 18 0 18 0
l1i_u18-8 llc-0b0 1 18 0 18 0
l1i_u18-8 llc-0b1 1 18 0 18 0
l1i_u18-8 llc-0b2 1 18 0 18 0
l1i_u18-8 llc-0b3 1 18 0 18 0
l1i_u18-8 llc-0b4 1 18 0 18 0
l1i_u18-8 llc-0b5 1 18 0 18 0
l1i_u18-8 llc-0b6 1 18 0 18 0
l1i_u18-8 llc-0b7 1 18 0 18 0
l1i_u18-8 llc-0b8 1 18 0 18 0
l1i_u18-8 llc-0b9 1 18 0 18 0
l1i_u18-8 llc-0b10 1 18 0 18 0
l1i_u18-8 llc-0b11 1 18 0 18 0
l1i_u18-8 llc-0b12 1 18 0 18 0
l1i_u18-8 llc-0b13 1 18 0 18 0
l1i_u18-8 llc-0b14 1 18 0 18 0
l1i_u18-8 llc-0b15 1 18 0 18 0
l1i_u18-8 llc-0b16 1 18 0 18 0
l1i_u18-8 llc-0b17 1 18 0 18 0
l1i_u18-8 llc-0b18 1 18 0 18 0
l1i_u18-8 llc-0b19 1 18 0 18 0
l1i_u18-8 llc-0b20 1 18 0 18 0
l1i_u18-8 llc-0b21 1 18 0 18 0
l1i_u18-8 llc-0b22 1 18 0 18 0
l1i_u18-8 llc-0b23 1 18 0 18 0
l1i_u18-8 llc-0b24 1 18 0 18 0
l1i_u18-8 llc-0b25 1 18 0 18 0
l1i_u18-8 llc-0b26 1 18 0 18 0
l1i_u18-8 llc-0b27 1 18 0 18 0
l1i_u18-8 llc-0b28 1 18 0 18 0
l1i_u18-8 llc-0b29 1 18 0 18 0
l1i_u18-8 llc-0b30 1 18 0 18 0
l1i_u18-8 llc-0b31 1 18 0 18 0
l1i_u18-9 llc-0b0 1 18 0 18 0
l1i_u18-9 llc-0b1 1 18 0 18 0
l1i_u18-9 llc-0b2 1 18 0 18 0
l1i_u18-9 llc-0b3 1 18 0 18 0
l1i_u18-9 llc-0b4 1 18 0 18 0
l1i_u18-9 llc-0b5 1 18 0 18 0
l1i_u18-9 llc-0b6 1 18 0 18 0
l1i_u18-9 llc-0b7 1 18 0 18 0
l1i_u18-9 llc-0b8 1 18 0 18 0
l1i_u18-9 llc-0b9 1 18 0 18 0
l1i_u18-9 llc-0b10 1 18 0 18 0
l1i_u18-9 llc-0b11 1 18 0 18 0
l1i_u18-9 llc-0b12 1 18 0 18 0
l1i_u18-9 llc-0b13 1 18 0 18 0
l1i_u18-9 llc-0b14 1 18 0 18 0
l1i_u18-9 llc-0b15 1 18 0 18 0
l1i_u18-9 llc-0b16 1 18 0 18 0
l1i_u18-9 llc-0b17 1 18 0 18 0
l1i_u18-9 llc-0b18 1 18 0 18 0
l1i_u18-9 llc-0b19 1 18 0 18 0
l1i_u18-9 llc-0b20 1 18 0 18 0
l1i_u18-9 llc-0b21 1 18 0 18 0
l1i_u18-9 llc-0b22 1 18 0 18 0
l1i_u18-9 llc-0b23 1 18 0 18 0
l1i_u18-9 llc-0b24 1 18 0 18 0
l1i_u18-9 llc-0b25 1 18 0 18 0
l1i_u18-9 llc-0b26 1 18 0 18 0
l1i_u18-9 llc-0b27 1 18 0 18 0
l1i_u18-9 llc-0b28 1 18 0 18 0
l1i_u18-9 llc-0b29 1 18 0 18 0
l1i_u18-9 llc-0b30 1 18 0 18 0
l1i_u18-9 llc-0b31 1 18 0 18 0
l1i_u18-10 llc-0b0 1 18 0 18 0
l1i_u18-10 llc-0b1 1 18 0 18 0
l1i_u18-10 llc-0b2 1 18 0 18 0
l1i_u18-10 llc-0b3 1 18 0 18 0
l1i_u18-10 llc-0b4 1 18 0 18 0
l1i_u18-10 llc-0b5 1 18 0 18 0
l1i_u18-10 llc-0b6 1 18 0 18 0
l1i_u18-10 llc-0b7 1 18 0 18 0
l1i_u18-10 llc-0b8 1 18 0 18 0
l1i_u18-10 llc-0b9 1 18 0 18 0
l1i_u18-10 llc-0b10 1 18 0 18 0
l1i_u18-10 llc-0b11 1 18 0 18 0
l1i_u18-10 llc-0b12 1 18 0 18 0
l1i_u18-10 llc-0b13 1 18 0 18 0
l1i_u18-10 llc-0b14 1 18 0 18 0
l1i_u18-10 llc-0b15 1 18 0 18 0
l1i_u18-10 llc-0b16 1 18 0 18 0
l1i_u18-10 llc-0b17 1 18 0 18 0
l1i_u18-10 llc-0b18 1 18 0 18 0
l1i_u18-10 llc-0b19 1 18 0 18 0
l1i_u18-10 llc-0b20 1 18 0 18 0
l1i_u18-10 llc-0b21 1 18 0 18 0
l1i_u18-10 llc-0b22 1 18 0 18 0
l1i_u18-10 llc-0b23 1 18 0 18 0
l1i_u18-10 llc-0b24 1 18 0 18 0
l1i_u18-10 llc-0b25 1 18 0 18 0
l1i_u18-10 llc-0b26 1 18 0 18 0
l1i_u18-10 llc-0b27 1 18 0 18 0
l1i_u18-10 llc-0b28 1 18 0 18 0
l1i_u18-10 llc-0b29 1 18 0 18 0
l1i_u18-10 llc-0b30 1 18 0 18 0
l1i_u18-10 llc-0b31 1 18 0 18 0
l1i_u18-11 llc-0b0 1 18 0 18 0
l1i_u18-11 llc-0b1 1 18 0 18 0
l1i_u18-11 llc-0b2 1 18 0 18 0
l1i_u18-11 llc-0b3 1 18 0 18 0
l1i_u18-11 llc-0b4 1 18 0 18 0
l1i_u18-11 llc-0b5 1 18 0 18 0
l1i_u18-11 llc-0b6 1 18 0 18 0
l1i_u18-11 llc-0b7 1 18 0 18 0
l1i_u18-11 llc-0b8 1 18 0 18 0
l1i_u18-11 llc-0b9 1 18 0 18 0
l1i_u18-11 llc-0b10 1 18 0 18 0
l1i_u18-11 llc-0b11 1 18 0 18 0
l1i_u18-11 llc-0b12 1 18 0 18 0
l1i_u18-11 llc-0b13 1 18 0 18 0
l1i_u18-11 llc-0b14 1 18 0 18 0
l1i_u18-11 llc-0b15 1 18 0 18 0
l1i_u18-11 llc-0b16 1 18 0 18 0
l1i_u18-11 llc-0b17 1 18 0 18 0
l1i_u18-11 llc-0b18 1 18 0 18 0
l1i_u18-11 llc-0b19 1 18 0 18 0
l1i_u18-11 llc-0b20 1 18 0 18 0
l1i_u18-11 llc-0b21 1 18 0 18 0
l1i_u18-11 llc-0b22 1 18 0 18 0
l1i_u18-11 llc-0b23 1 18 0 18 0
l1i_u18-11 llc-0b24 1 18 0 18 0
l1i_u18-11 llc-0b25 1 18 0 18 0
l1i_u18-11 llc-0b26 1 18 0 18 0
l1i_u18-11 llc-0b27 1 18 0 18 0
l1i_u18-11 llc-0b28 1 18 0 18 0
l1i_u18-11 llc-0b29 1 18 0 18 0
l1i_u18-11 llc-0b30 1 18 0 18 0
l1i_u18-11 llc-0b31 1 18 0 18 0
l1i_u18-12 llc-0b0 1 18 0 18 0
l1i_u18-12 llc-0b1 1 18 0 18 0
l1i_u18-12 llc-0b2 1 18 0 18 0
l1i_u18-12 llc-0b3 1 18 0 18 0
l1i_u18-12 llc-0b4 1 18 0 18 0
l1i_u18-12 llc-0b5 1 18 0 18 0
l1i_u18-12 llc-0b6 1 18 0 18 0
l1i_u18-12 llc-0b7 1 18 0 18 0
l1i_u18-12 llc-0b8 1 18 0 18 0
l1i_u18-12 llc-0b9 1 18 0 18 0
l1i_u18-12 llc-0b10 1 18 0 18 0
l1i_u18-12 llc-0b11 1 18 0 18 0
l1i_u18-12 llc-0b12 1 18 0 18 0
l1i_u18-12 llc-0b13 1 18 0 18 0
l1i_u18-12 llc-0b14 1 18 0 18 0
l1i_u18-12 llc-0b15 1 18 0 18 0
l1i_u18-12 llc-0b16 1 18 0 18 0
l1i_u18-12 llc-0b17 1 18 0 18 0
l1i_u18-12 llc-0b18 1 18 0 18 0
l1i_u18-12 llc-0b19 1 18 0 18 0
l1i_u18-12 llc-0b20 1 18 0 18 0
l1i_u18-12 llc-0b21 1 18 0 18 0
l1i_u18-12 llc-0b22 1 18 0 18 0
l1i_u18-12 llc-0b23 1 18 0 18 0
l1i_u18-12 llc-0b24 1 18 0 18 0
l1i_u18-12 llc-0b25 1 18 0 18 0
l1i_u18-12 llc-0b26 1 18 0 18 0
l1i_u18-12 llc-0b27 1 18 0 18 0
l1i_u18-12 llc-0b28 1 18 0 18 0
l1i_u18-12 llc-0b29 1 18 0 18 0
l1i_u18-12 llc-0b30 1 18 0 18 0
l1i_u18-12 llc-0b31 1 18 0 18 0
l1i_u18-13 llc-0b0 1 18 0 18 0
l1i_u18-13 llc-0b1 1 18 0 18 0
l1i_u18-13 llc-0b2 1 18 0 18 0
l1i_u18-13 llc-0b3 1 18 0 18 0
l1i_u18-13 llc-0b4 1 18 0 18 0
l1i_u18-13 llc-0b5 1 18 0 18 0
l1i_u18-13 llc-0b6 1 18 0 18 0
l1i_u18-13 llc-0b7 1 18 0 18 0
l1i_u18-13 llc-0b8 1 18 0 18 0
l1i_u18-13 llc-0b9 1 18 0 18 0
l1i_u18-13 llc-0b10 1 18 0 18 0
l1i_u18-13 llc-0b11 1 18 0 18 0
l1i_u18-13 llc-0b12 1 18 0 18 0
l1i_u18-13 llc-0b13 1 18 0 18 0
l1i_u18-13 llc-0b14 1 18 0 18 0
l1i_u18-13 llc-0b15 1 18 0 18 0
l1i_u18-13 llc-0b16 1 18 0 18 0
l1i_u18-13 llc-0b17 1 18 0 18 0
l1i_u18-13 llc-0b18 1 18 0 18 0
l1i_u18-13 llc-0b19 1 18 0 18 0
l1i_u18-13 llc-0b20 1 18 0 18 0
l1i_u18-13 llc-0b21 1 18 0 18 0
l1i_u18-13 llc-0b22 1 18 0 18 0
l1i_u18-13 llc-0b23 1 18 0 18 0
l1i_u18-13 llc-0b24 1 18 0 18 0
l1i_u18-13 llc-0b25 1 18 0 18 0
l1i_u18-13 llc-0b26 1 18 0 18 0
l1i_u18-13 llc-0b27 1 18 0 18 0
l1i_u18-13 llc-0b28 1 18 0 18 0
l1i_u18-13 llc-0b29 1 18 0 18 0
l1i_u18-13 llc-0b30 1 18 0 18 0
l1i_u18-13 llc-0b31 1 18 0 18 0
l1i_u18-14 llc-0b0 1 18 0 18 0
l1i_u18-14 llc-0b1 1 18 0 18 0
l1i_u18-14 llc-0b2 1 18 0 18 0
l1i_u18-14 llc-0b3 1 18 0 18 0
l1i_u18-14 llc-0b4 1 18 0 18 0
l1i_u18-14 llc-0b5 1 18 0 18 0
l1i_u18-14 llc-0b6 1 18 0 18 0
l1i_u18-14 llc-0b7 1 18 0 18 0
l1i_u18-14 llc-0b8 1 18 0 18 0
l1i_u18-14 llc-0b9 1 18 0 18 0
l1i_u18-14 llc-0b10 1 18 0 18 0
l1i_u18-14 llc-0b11 1 18 0 18 0
l1i_u18-14 llc-0b12 1 18 0 18 0
l1i_u18-14 llc-0b13 1 18 0 18 0
l1i_u18-14 llc-0b14 1 18 0 18 0
l1i_u18-14 llc-0b15 1 18 0 18 0
l1i_u18-14 llc-0b16 1 18 0 18 0
l1i_u18-14 llc-0b17 1 18 0 18 0
l1i_u18-14 llc-0b18 1 18 0 18 0
l1i_u18-14 llc-0b19 1 18 0 18 0
l1i_u18-14 llc-0b20 1 18 0 18 0
l1i_u18-14 llc-0b21 1 18 0 18 0
l1i_u18-14 llc-0b22 1 18 0 18 0
l1i_u18-14 llc-0b23 1 18 0 18 0
l1i_u18-14 llc-0b24 1 18 0 18 0
l1i_u18-14 llc-0b25 1 18 0 18 0
l1i_u18-14 llc-0b26 1 18 0 18 0
l1i_u18-14 llc-0b27 1 18 0 18 0
l1i_u18-14 llc-0b28 1 18 0 18 0
l1i_u18-14 llc-0b29 1 18 0 18 0
l1i_u18-14 llc-0b30 1 18 0 18 0
l1i_u18-14 llc-0b31 1 18 0 18 0
l1i_u18-15 llc-0b0 1 18 0 18 0
l1i_u18-15 llc-0b1 1 18 0 18 0
l1i_u18-15 llc-0b2 1 18 0 18 0
l1i_u18-15 llc-0b3 1 18 0 18 0
l1i_u18-15 llc-0b4 1 18 0 18 0
l1i_u18-15 llc-0b5 1 18 0 18 0
l1i_u18-15 llc-0b6 1 18 0 18 0
l1i_u18-15 llc-0b7 1 18 0 18 0
l1i_u18-15 llc-0b8 1 18 0 18 0
l1i_u18-15 llc-0b9 1 18 0 18 0
l1i_u18-15 llc-0b10 1 18 0 18 0
l1i_u18-15 llc-0b11 1 18 0 18 0
l1i_u18-15 llc-0b12 1 18 0 18 0
l1i_u18-15 llc-0b13 1 18 0 18 0
l1i_u18-15 llc-0b14 1 18 0 18 0
l1i_u18-15 llc-0b15 1 18 0 18 0
l1i_u18-15 llc-0b16 1 18 0 18 0
l1i_u18-15 llc-0b17 1 18 0 18 0
l1i_u18-15 llc-0b18 1 18 0 18 0
l1i_u18-15 llc-0b19 1 18 0 18 0
l1i_u18-15 llc-0b20 1 18 0 18 0
l1i_u18-15 llc-0b21 1 18 0 18 0
l1i_u18-15 llc-0b22 1 18 0 18 0
l1i_u18-15 llc-0b23 1 18 0 18 0
l1i_u18-15 llc-0b24 1 18 0 18 0
l1i_u18-15 llc-0b25 1 18 0 18 0
l1i_u18-15 llc-0b26 1 18 0 18 0
l1i_u18-15 llc-0b27 1 18 0 18 0
l1i_u18-15 llc-0b28 1 18 0 18 0
l1i_u18-15 llc-0b29 1 18 0 18 0
l1i_u18-15 llc-0b30 1 18 0 18 0
l1i_u18-15 llc-0b31 1 18 0 18 0
l1d_u18-0 llc-0b0 1 18 0 18 0
l1d_u18-0 llc-0b1 1 18 0 18 0
l1d_u18-0 llc-0b2 1 18 0 18 0
l1d_u18-0 llc-0b3 1 18 0 18 0
l1d_u18-0 llc-0b4 1 18 0 18 0
l1d_u18-0 llc-0b5 1 18 0 18 0
l1d_u18-0 llc-0b6 1 18 0 18 0
l1d_u18-0 llc-0b7 1 18 0 18 0
l1d_u18-0 llc-0b8 1 18 0 18 0
l1d_u18-0 llc-0b9 1 18 0 18 0
l1d_u18-0 llc-0b10 1 18 0 18 0
l1d_u18-0 llc-0b11 1 18 0 18 0
l1d_u18-0 llc-0b12 1 18 0 18 0
l1d_u18-0 llc-0b13 1 18 0 18 0
l1d_u18-0 llc-0b14 1 18 0 18 0
l1d_u18-0 llc-0b15 1 18 0 18 0
l1d_u18-0 llc-0b16 1 18 0 18 0
l1d_u18-0 llc-0b17 1 18 0 18 0
l1d_u18-0 llc-0b18 1 18 0 18 0
l1d_u18-0 llc-0b19 1 18 0 18 0
l1d_u18-0 llc-0b20 1 18 0 18 0
l1d_u18-0 llc-0b21 1 18 0 18 0
l1d_u18-0 llc-0b22 1 18 0 18 0
l1d_u18-0 llc-0b23 1 18 0 18 0
l1d_u18-0 llc-0b24 1 18 0 18 0
l1d_u18-0 llc-0b25 1 18 0 18 0
l1d_u18-0 llc-0b26 1 18 0 18 0
l1d_u18-0 llc-0b27 1 18 0 18 0
l1d_u18-0 llc-0b28 1 18 0 18 0
l1d_u18-0 llc-0b29 1 18 0 18 0
l1d_u18-0 llc-0b30 1 18 0 18 0
l1d_u18-0 llc-0b31 1 18 0 18 0
l1d_u18-1 llc-0b0 1 18 0 18 0
l1d_u18-1 llc-0b1 1 18 0 18 0
l1d_u18-1 llc-0b2 1 18 0 18 0
l1d_u18-1 llc-0b3 1 18 0 18 0
l1d_u18-1 llc-0b4 1 18 0 18 0
l1d_u18-1 llc-0b5 1 18 0 18 0
l1d_u18-1 llc-0b6 1 18 0 18 0
l1d_u18-1 llc-0b7 1 18 0 18 0
l1d_u18-1 llc-0b8 1 18 0 18 0
l1d_u18-1 llc-0b9 1 18 0 18 0
l1d_u18-1 llc-0b10 1 18 0 18 0
l1d_u18-1 llc-0b11 1 18 0 18 0
l1d_u18-1 llc-0b12 1 18 0 18 0
l1d_u18-1 llc-0b13 1 18 0 18 0
l1d_u18-1 llc-0b14 1 18 0 18 0
l1d_u18-1 llc-0b15 1 18 0 18 0
l1d_u18-1 llc-0b16 1 18 0 18 0
l1d_u18-1 llc-0b17 1 18 0 18 0
l1d_u18-1 llc-0b18 1 18 0 18 0
l1d_u18-1 llc-0b19 1 18 0 18 0
l1d_u18-1 llc-0b20 1 18 0 18 0
l1d_u18-1 llc-0b21 1 18 0 18 0
l1d_u18-1 llc-0b22 1 18 0 18 0
l1d_u18-1 llc-0b23 1 18 0 18 0
l1d_u18-1 llc-0b24 1 18 0 18 0
l1d_u18-1 llc-0b25 1 18 0 18 0
l1d_u18-1 llc-0b26 1 18 0 18 0
l1d_u18-1 llc-0b27 1 18 0 18 0
l1d_u18-1 llc-0b28 1 18 0 18 0
l1d_u18-1 llc-0b29 1 18 0 18 0
l1d_u18-1 llc-0b30 1 18 0 18 0
l1d_u18-1 llc-0b31 1 18 0 18 0
l1d_u18-2 llc-0b0 1 18 0 18 0
l1d_u18-2 llc-0b1 1 18 0 18 0
l1d_u18-2 llc-0b2 1 18 0 18 0
l1d_u18-2 llc-0b3 1 18 0 18 0
l1d_u18-2 llc-0b4 1 18 0 18 0
l1d_u18-2 llc-0b5 1 18 0 18 0
l1d_u18-2 llc-0b6 1 18 0 18 0
l1d_u18-2 llc-0b7 1 18 0 18 0
l1d_u18-2 llc-0b8 1 18 0 18 0
l1d_u18-2 llc-0b9 1 18 0 18 0
l1d_u18-2 llc-0b10 1 18 0 18 0
l1d_u18-2 llc-0b11 1 18 0 18 0
l1d_u18-2 llc-0b12 1 18 0 18 0
l1d_u18-2 llc-0b13 1 18 0 18 0
l1d_u18-2 llc-0b14 1 18 0 18 0
l1d_u18-2 llc-0b15 1 18 0 18 0
l1d_u18-2 llc-0b16 1 18 0 18 0
l1d_u18-2 llc-0b17 1 18 0 18 0
l1d_u18-2 llc-0b18 1 18 0 18 0
l1d_u18-2 llc-0b19 1 18 0 18 0
l1d_u18-2 llc-0b20 1 18 0 18 0
l1d_u18-2 llc-0b21 1 18 0 18 0
l1d_u18-2 llc-0b22 1 18 0 18 0
l1d_u18-2 llc-0b23 1 18 0 18 0
l1d_u18-2 llc-0b24 1 18 0 18 0
l1d_u18-2 llc-0b25 1 18 0 18 0
l1d_u18-2 llc-0b26 1 18 0 18 0
l1d_u18-2 llc-0b27 1 18 0 18 0
l1d_u18-2 llc-0b28 1 18 0 18 0
l1d_u18-2 llc-0b29 1 18 0 18 0
l1d_u18-2 llc-0b30 1 18 0 18 0
l1d_u18-2 llc-0b31 1 18 0 18 0
l1d_u18-3 llc-0b0 1 18 0 18 0
l1d_u18-3 llc-0b1 1 18 0 18 0
l1d_u18-3 llc-0b2 1 18 0 18 0
l1d_u18-3 llc-0b3 1 18 0 18 0
l1d_u18-3 llc-0b4 1 18 0 18 0
l1d_u18-3 llc-0b5 1 18 0 18 0
l1d_u18-3 llc-0b6 1 18 0 18 0
l1d_u18-3 llc-0b7 1 18 0 18 0
l1d_u18-3 llc-0b8 1 18 0 18 0
l1d_u18-3 llc-0b9 1 18 0 18 0
l1d_u18-3 llc-0b10 1 18 0 18 0
l1d_u18-3 llc-0b11 1 18 0 18 0
l1d_u18-3 llc-0b12 1 18 0 18 0
l1d_u18-3 llc-0b13 1 18 0 18 0
l1d_u18-3 llc-0b14 1 18 0 18 0
l1d_u18-3 llc-0b15 1 18 0 18 0
l1d_u18-3 llc-0b16 1 18 0 18 0
l1d_u18-3 llc-0b17 1 18 0 18 0
l1d_u18-3 llc-0b18 1 18 0 18 0
l1d_u18-3 llc-0b19 1 18 0 18 0
l1d_u18-3 llc-0b20 1 18 0 18 0
l1d_u18-3 llc-0b21 1 18 0 18 0
l1d_u18-3 llc-0b22 1 18 0 18 0
l1d_u18-3 llc-0b23 1 18 0 18 0
l1d_u18-3 llc-0b24 1 18 0 18 0
l1d_u18-3 llc-0b25 1 18 0 18 0
l1d_u18-3 llc-0b26 1 18 0 18 0
l1d_u18-3 llc-0b27 1 18 0 18 0
l1d_u18-3 llc-0b28 1 18 0 18 0
l1d_u18-3 llc-0b29 1 18 0 18 0
l1d_u18-3 llc-0b30 1 18 0 18 0
l1d_u18-3 llc-0b31 1 18 0 18 0
l1d_u18-4 llc-0b0 1 18 0 18 0
l1d_u18-4 llc-0b1 1 18 0 18 0
l1d_u18-4 llc-0b2 1 18 0 18 0
l1d_u18-4 llc-0b3 1 18 0 18 0
l1d_u18-4 llc-0b4 1 18 0 18 0
l1d_u18-4 llc-0b5 1 18 0 18 0
l1d_u18-4 llc-0b6 1 18 0 18 0
l1d_u18-4 llc-0b7 1 18 0 18 0
l1d_u18-4 llc-0b8 1 18 0 18 0
l1d_u18-4 llc-0b9 1 18 0 18 0
l1d_u18-4 llc-0b10 1 18 0 18 0
l1d_u18-4 llc-0b11 1 18 0 18 0
l1d_u18-4 llc-0b12 1 18 0 18 0
l1d_u18-4 llc-0b13 1 18 0 18 0
l1d_u18-4 llc-0b14 1 18 0 18 0
l1d_u18-4 llc-0b15 1 18 0 18 0
l1d_u18-4 llc-0b16 1 18 0 18 0
l1d_u18-4 llc-0b17 1 18 0 18 0
l1d_u18-4 llc-0b18 1 18 0 18 0
l1d_u18-4 llc-0b19 1 18 0 18 0
l1d_u18-4 llc-0b20 1 18 0 18 0
l1d_u18-4 llc-0b21 1 18 0 18 0
l1d_u18-4 llc-0b22 1 18 0 18 0
l1d_u18-4 llc-0b23 1 18 0 18 0
l1d_u18-4 llc-0b24 1 18 0 18 0
l1d_u18-4 llc-0b25 1 18 0 18 0
l1d_u18-4 llc-0b26 1 18 0 18 0
l1d_u18-4 llc-0b27 1 18 0 18 0
l1d_u18-4 llc-0b28 1 18 0 18 0
l1d_u18-4 llc-0b29 1 18 0 18 0
l1d_u18-4 llc-0b30 1 18 0 18 0
l1d_u18-4 llc-0b31 1 18 0 18 0
l1d_u18-5 llc-0b0 1 18 0 18 0
l1d_u18-5 llc-0b1 1 18 0 18 0
l1d_u18-5 llc-0b2 1 18 0 18 0
l1d_u18-5 llc-0b3 1 18 0 18 0
l1d_u18-5 llc-0b4 1 18 0 18 0
l1d_u18-5 llc-0b5 1 18 0 18 0
l1d_u18-5 llc-0b6 1 18 0 18 0
l1d_u18-5 llc-0b7 1 18 0 18 0
l1d_u18-5 llc-0b8 1 18 0 18 0
l1d_u18-5 llc-0b9 1 18 0 18 0
l1d_u18-5 llc-0b10 1 18 0 18 0
l1d_u18-5 llc-0b11 1 18 0 18 0
l1d_u18-5 llc-0b12 1 18 0 18 0
l1d_u18-5 llc-0b13 1 18 0 18 0
l1d_u18-5 llc-0b14 1 18 0 18 0
l1d_u18-5 llc-0b15 1 18 0 18 0
l1d_u18-5 llc-0b16 1 18 0 18 0
l1d_u18-5 llc-0b17 1 18 0 18 0
l1d_u18-5 llc-0b18 1 18 0 18 0
l1d_u18-5 llc-0b19 1 18 0 18 0
l1d_u18-5 llc-0b20 1 18 0 18 0
l1d_u18-5 llc-0b21 1 18 0 18 0
l1d_u18-5 llc-0b22 1 18 0 18 0
l1d_u18-5 llc-0b23 1 18 0 18 0
l1d_u18-5 llc-0b24 1 18 0 18 0
l1d_u18-5 llc-0b25 1 18 0 18 0
l1d_u18-5 llc-0b26 1 18 0 18 0
l1d_u18-5 llc-0b27 1 18 0 18 0
l1d_u18-5 llc-0b28 1 18 0 18 0
l1d_u18-5 llc-0b29 1 18 0 18 0
l1d_u18-5 llc-0b30 1 18 0 18 0
l1d_u18-5 llc-0b31 1 18 0 18 0
l1d_u18-6 llc-0b0 1 18 0 18 0
l1d_u18-6 llc-0b1 1 18 0 18 0
l1d_u18-6 llc-0b2 1 18 0 18 0
l1d_u18-6 llc-0b3 1 18 0 18 0
l1d_u18-6 llc-0b4 1 18 0 18 0
l1d_u18-6 llc-0b5 1 18 0 18 0
l1d_u18-6 llc-0b6 1 18 0 18 0
l1d_u18-6 llc-0b7 1 18 0 18 0
l1d_u18-6 llc-0b8 1 18 0 18 0
l1d_u18-6 llc-0b9 1 18 0 18 0
l1d_u18-6 llc-0b10 1 18 0 18 0
l1d_u18-6 llc-0b11 1 18 0 18 0
l1d_u18-6 llc-0b12 1 18 0 18 0
l1d_u18-6 llc-0b13 1 18 0 18 0
l1d_u18-6 llc-0b14 1 18 0 18 0
l1d_u18-6 llc-0b15 1 18 0 18 0
l1d_u18-6 llc-0b16 1 18 0 18 0
l1d_u18-6 llc-0b17 1 18 0 18 0
l1d_u18-6 llc-0b18 1 18 0 18 0
l1d_u18-6 llc-0b19 1 18 0 18 0
l1d_u18-6 llc-0b20 1 18 0 18 0
l1d_u18-6 llc-0b21 1 18 0 18 0
l1d_u18-6 llc-0b22 1 18 0 18 0
l1d_u18-6 llc-0b23 1 18 0 18 0
l1d_u18-6 llc-0b24 1 18 0 18 0
l1d_u18-6 llc-0b25 1 18 0 18 0
l1d_u18-6 llc-0b26 1 18 0 18 0
l1d_u18-6 llc-0b27 1 18 0 18 0
l1d_u18-6 llc-0b28 1 18 0 18 0
l1d_u18-6 llc-0b29 1 18 0 18 0
l1d_u18-6 llc-0b30 1 18 0 18 0
l1d_u18-6 llc-0b31 1 18 0 18 0
l1d_u18-7 llc-0b0 1 18 0 18 0
l1d_u18-7 llc-0b1 1 18 0 18 0
l1d_u18-7 llc-0b2 1 18 0 18 0
l1d_u18-7 llc-0b3 1 18 0 18 0
l1d_u18-7 llc-0b4 1 18 0 18 0
l1d_u18-7 llc-0b5 1 18 0 18 0
l1d_u18-7 llc-0b6 1 18 0 18 0
l1d_u18-7 llc-0b7 1 18 0 18 0
l1d_u18-7 llc-0b8 1 18 0 18 0
l1d_u18-7 llc-0b9 1 18 0 18 0
l1d_u18-7 llc-0b10 1 18 0 18 0
l1d_u18-7 llc-0b11 1 18 0 18 0
l1d_u18-7 llc-0b12 1 18 0 18 0
l1d_u18-7 llc-0b13 1 18 0 18 0
l1d_u18-7 llc-0b14 1 18 0 18 0
l1d_u18-7 llc-0b15 1 18 0 18 0
l1d_u18-7 llc-0b16 1 18 0 18 0
l1d_u18-7 llc-0b17 1 18 0 18 0
l1d_u18-7 llc-0b18 1 18 0 18 0
l1d_u18-7 llc-0b19 1 18 0 18 0
l1d_u18-7 llc-0b20 1 18 0 18 0
l1d_u18-7 llc-0b21 1 18 0 18 0
l1d_u18-7 llc-0b22 1 18 0 18 0
l1d_u18-7 llc-0b23 1 18 0 18 0
l1d_u18-7 llc-0b24 1 18 0 18 0
l1d_u18-7 llc-0b25 1 18 0 18 0
l1d_u18-7 llc-0b26 1 18 0 18 0
l1d_u18-7 llc-0b27 1 18 0 18 0
l1d_u18-7 llc-0b28 1 18 0 18 0
l1d_u18-7 llc-0b29 1 18 0 18 0
l1d_u18-7 llc-0b30 1 18 0 18 0
l1d_u18-7 llc-0b31 1 18 0 18 0
l1d_u18-8 llc-0b0 1 18 0 18 0
l1d_u18-8 llc-0b1 1 18 0 18 0
l1d_u18-8 llc-0b2 1 18 0 18 0
l1d_u18-8 llc-0b3 1 18 0 18 0
l1d_u18-8 llc-0b4 1 18 0 18 0
l1d_u18-8 llc-0b5 1 18 0 18 0
l1d_u18-8 llc-0b6 1 18 0 18 0
l1d_u18-8 llc-0b7 1 18 0 18 0
l1d_u18-8 llc-0b8 1 18 0 18 0
l1d_u18-8 llc-0b9 1 18 0 18 0
l1d_u18-8 llc-0b10 1 18 0 18 0
l1d_u18-8 llc-0b11 1 18 0 18 0
l1d_u18-8 llc-0b12 1 18 0 18 0
l1d_u18-8 llc-0b13 1 18 0 18 0
l1d_u18-8 llc-0b14 1 18 0 18 0
l1d_u18-8 llc-0b15 1 18 0 18 0
l1d_u18-8 llc-0b16 1 18 0 18 0
l1d_u18-8 llc-0b17 1 18 0 18 0
l1d_u18-8 llc-0b18 1 18 0 18 0
l1d_u18-8 llc-0b19 1 18 0 18 0
l1d_u18-8 llc-0b20 1 18 0 18 0
l1d_u18-8 llc-0b21 1 18 0 18 0
l1d_u18-8 llc-0b22 1 18 0 18 0
l1d_u18-8 llc-0b23 1 18 0 18 0
l1d_u18-8 llc-0b24 1 18 0 18 0
l1d_u18-8 llc-0b25 1 18 0 18 0
l1d_u18-8 llc-0b26 1 18 0 18 0
l1d_u18-8 llc-0b27 1 18 0 18 0
l1d_u18-8 llc-0b28 1 18 0 18 0
l1d_u18-8 llc-0b29 1 18 0 18 0
l1d_u18-8 llc-0b30 1 18 0 18 0
l1d_u18-8 llc-0b31 1 18 0 18 0
l1d_u18-9 llc-0b0 1 18 0 18 0
l1d_u18-9 llc-0b1 1 18 0 18 0
l1d_u18-9 llc-0b2 1 18 0 18 0
l1d_u18-9 llc-0b3 1 18 0 18 0
l1d_u18-9 llc-0b4 1 18 0 18 0
l1d_u18-9 llc-0b5 1 18 0 18 0
l1d_u18-9 llc-0b6 1 18 0 18 0
l1d_u18-9 llc-0b7 1 18 0 18 0
l1d_u18-9 llc-0b8 1 18 0 18 0
l1d_u18-9 llc-0b9 1 18 0 18 0
l1d_u18-9 llc-0b10 1 18 0 18 0
l1d_u18-9 llc-0b11 1 18 0 18 0
l1d_u18-9 llc-0b12 1 18 0 18 0
l1d_u18-9 llc-0b13 1 18 0 18 0
l1d_u18-9 llc-0b14 1 18 0 18 0
l1d_u18-9 llc-0b15 1 18 0 18 0
l1d_u18-9 llc-0b16 1 18 0 18 0
l1d_u18-9 llc-0b17 1 18 0 18 0
l1d_u18-9 llc-0b18 1 18 0 18 0
l1d_u18-9 llc-0b19 1 18 0 18 0
l1d_u18-9 llc-0b20 1 18 0 18 0
l1d_u18-9 llc-0b21 1 18 0 18 0
l1d_u18-9 llc-0b22 1 18 0 18 0
l1d_u18-9 llc-0b23 1 18 0 18 0
l1d_u18-9 llc-0b24 1 18 0 18 0
l1d_u18-9 llc-0b25 1 18 0 18 0
l1d_u18-9 llc-0b26 1 18 0 18 0
l1d_u18-9 llc-0b27 1 18 0 18 0
l1d_u18-9 llc-0b28 1 18 0 18 0
l1d_u18-9 llc-0b29 1 18 0 18 0
l1d_u18-9 llc-0b30 1 18 0 18 0
l1d_u18-9 llc-0b31 1 18 0 18 0
l1d_u18-10 llc-0b0 1 18 0 18 0
l1d_u18-10 llc-0b1 1 18 0 18 0
l1d_u18-10 llc-0b2 1 18 0 18 0
l1d_u18-10 llc-0b3 1 18 0 18 0
l1d_u18-10 llc-0b4 1 18 0 18 0
l1d_u18-10 llc-0b5 1 18 0 18 0
l1d_u18-10 llc-0b6 1 18 0 18 0
l1d_u18-10 llc-0b7 1 18 0 18 0
l1d_u18-10 llc-0b8 1 18 0 18 0
l1d_u18-10 llc-0b9 1 18 0 18 0
l1d_u18-10 llc-0b10 1 18 0 18 0
l1d_u18-10 llc-0b11 1 18 0 18 0
l1d_u18-10 llc-0b12 1 18 0 18 0
l1d_u18-10 llc-0b13 1 18 0 18 0
l1d_u18-10 llc-0b14 1 18 0 18 0
l1d_u18-10 llc-0b15 1 18 0 18 0
l1d_u18-10 llc-0b16 1 18 0 18 0
l1d_u18-10 llc-0b17 1 18 0 18 0
l1d_u18-10 llc-0b18 1 18 0 18 0
l1d_u18-10 llc-0b19 1 18 0 18 0
l1d_u18-10 llc-0b20 1 18 0 18 0
l1d_u18-10 llc-0b21 1 18 0 18 0
l1d_u18-10 llc-0b22 1 18 0 18 0
l1d_u18-10 llc-0b23 1 18 0 18 0
l1d_u18-10 llc-0b24 1 18 0 18 0
l1d_u18-10 llc-0b25 1 18 0 18 0
l1d_u18-10 llc-0b26 1 18 0 18 0
l1d_u18-10 llc-0b27 1 18 0 18 0
l1d_u18-10 llc-0b28 1 18 0 18 0
l1d_u18-10 llc-0b29 1 18 0 18 0
l1d_u18-10 llc-0b30 1 18 0 18 0
l1d_u18-10 llc-0b31 1 18 0 18 0
l1d_u18-11 llc-0b0 1 18 0 18 0
l1d_u18-11 llc-0b1 1 18 0 18 0
l1d_u18-11 llc-0b2 1 18 0 18 0
l1d_u18-11 llc-0b3 1 18 0 18 0
l1d_u18-11 llc-0b4 1 18 0 18 0
l1d_u18-11 llc-0b5 1 18 0 18 0
l1d_u18-11 llc-0b6 1 18 0 18 0
l1d_u18-11 llc-0b7 1 18 0 18 0
l1d_u18-11 llc-0b8 1 18 0 18 0
l1d_u18-11 llc-0b9 1 18 0 18 0
l1d_u18-11 llc-0b10 1 18 0 18 0
l1d_u18-11 llc-0b11 1 18 0 18 0
l1d_u18-11 llc-0b12 1 18 0 18 0
l1d_u18-11 llc-0b13 1 18 0 18 0
l1d_u18-11 llc-0b14 1 18 0 18 0
l1d_u18-11 llc-0b15 1 18 0 18 0
l1d_u18-11 llc-0b16 1 18 0 18 0
l1d_u18-11 llc-0b17 1 18 0 18 0
l1d_u18-11 llc-0b18 1 18 0 18 0
l1d_u18-11 llc-0b19 1 18 0 18 0
l1d_u18-11 llc-0b20 1 18 0 18 0
l1d_u18-11 llc-0b21 1 18 0 18 0
l1d_u18-11 llc-0b22 1 18 0 18 0
l1d_u18-11 llc-0b23 1 18 0 18 0
l1d_u18-11 llc-0b24 1 18 0 18 0
l1d_u18-11 llc-0b25 1 18 0 18 0
l1d_u18-11 llc-0b26 1 18 0 18 0
l1d_u18-11 llc-0b27 1 18 0 18 0
l1d_u18-11 llc-0b28 1 18 0 18 0
l1d_u18-11 llc-0b29 1 18 0 18 0
l1d_u18-11 llc-0b30 1 18 0 18 0
l1d_u18-11 llc-0b31 1 18 0 18 0
l1d_u18-12 llc-0b0 1 18 0 18 0
l1d_u18-12 llc-0b1 1 18 0 18 0
l1d_u18-12 llc-0b2 1 18 0 18 0
l1d_u18-12 llc-0b3 1 18 0 18 0
l1d_u18-12 llc-0b4 1 18 0 18 0
l1d_u18-12 llc-0b5 1 18 0 18 0
l1d_u18-12 llc-0b6 1 18 0 18 0
l1d_u18-12 llc-0b7 1 18 0 18 0
l1d_u18-12 llc-0b8 1 18 0 18 0
l1d_u18-12 llc-0b9 1 18 0 18 0
l1d_u18-12 llc-0b10 1 18 0 18 0
l1d_u18-12 llc-0b11 1 18 0 18 0
l1d_u18-12 llc-0b12 1 18 0 18 0
l1d_u18-12 llc-0b13 1 18 0 18 0
l1d_u18-12 llc-0b14 1 18 0 18 0
l1d_u18-12 llc-0b15 1 18 0 18 0
l1d_u18-12 llc-0b16 1 18 0 18 0
l1d_u18-12 llc-0b17 1 18 0 18 0
l1d_u18-12 llc-0b18 1 18 0 18 0
l1d_u18-12 llc-0b19 1 18 0 18 0
l1d_u18-12 llc-0b20 1 18 0 18 0
l1d_u18-12 llc-0b21 1 18 0 18 0
l1d_u18-12 llc-0b22 1 18 0 18 0
l1d_u18-12 llc-0b23 1 18 0 18 0
l1d_u18-12 llc-0b24 1 18 0 18 0
l1d_u18-12 llc-0b25 1 18 0 18 0
l1d_u18-12 llc-0b26 1 18 0 18 0
l1d_u18-12 llc-0b27 1 18 0 18 0
l1d_u18-12 llc-0b28 1 18 0 18 0
l1d_u18-12 llc-0b29 1 18 0 18 0
l1d_u18-12 llc-0b30 1 18 0 18 0
l1d_u18-12 llc-0b31 1 18 0 18 0
l1d_u18-13 llc-0b0 1 18 0 18 0
l1d_u18-13 llc-0b1 1 18 0 18 0
l1d_u18-13 llc-0b2 1 18 0 18 0
l1d_u18-13 llc-0b3 1 18 0 18 0
l1d_u18-13 llc-0b4 1 18 0 18 0
l1d_u18-13 llc-0b5 1 18 0 18 0
l1d_u18-13 llc-0b6 1 18 0 18 0
l1d_u18-13 llc-0b7 1 18 0 18 0
l1d_u18-13 llc-0b8 1 18 0 18 0
l1d_u18-13 llc-0b9 1 18 0 18 0
l1d_u18-13 llc-0b10 1 18 0 18 0
l1d_u18-13 llc-0b11 1 18 0 18 0
l1d_u18-13 llc-0b12 1 18 0 18 0
l1d_u18-13 llc-0b13 1 18 0 18 0
l1d_u18-13 llc-0b14 1 18 0 18 0
l1d_u18-13 llc-0b15 1 18 0 18 0
l1d_u18-13 llc-0b16 1 18 0 18 0
l1d_u18-13 llc-0b17 1 18 0 18 0
l1d_u18-13 llc-0b18 1 18 0 18 0
l1d_u18-13 llc-0b19 1 18 0 18 0
l1d_u18-13 llc-0b20 1 18 0 18 0
l1d_u18-13 llc-0b21 1 18 0 18 0
l1d_u18-13 llc-0b22 1 18 0 18 0
l1d_u18-13 llc-0b23 1 18 0 18 0
l1d_u18-13 llc-0b24 1 18 0 18 0
l1d_u18-13 llc-0b25 1 18 0 18 0
l1d_u18-13 llc-0b26 1 18 0 18 0
l1d_u18-13 llc-0b27 1 18 0 18 0
l1d_u18-13 llc-0b28 1 18 0 18 0
l1d_u18-13 llc-0b29 1 18 0 18 0
l1d_u18-13 llc-0b30 1 18 0 18 0
l1d_u18-13 llc-0b31 1 18 0 18 0
l1d_u18-14 llc-0b0 1 18 0 18 0
l1d_u18-14 llc-0b1 1 18 0 18 0
l1d_u18-14 llc-0b2 1 18 0 18 0
l1d_u18-14 llc-0b3 1 18 0 18 0
l1d_u18-14 llc-0b4 1 18 0 18 0
l1d_u18-14 llc-0b5 1 18 0 18 0
l1d_u18-14 llc-0b6 1 18 0 18 0
l1d_u18-14 llc-0b7 1 18 0 18 0
l1d_u18-14 llc-0b8 1 18 0 18 0
l1d_u18-14 llc-0b9 1 18 0 18 0
l1d_u18-14 llc-0b10 1 18 0 18 0
l1d_u18-14 llc-0b11 1 18 0 18 0
l1d_u18-14 llc-0b12 1 18 0 18 0
l1d_u18-14 llc-0b13 1 18 0 18 0
l1d_u18-14 llc-0b14 1 18 0 18 0
l1d_u18-14 llc-0b15 1 18 0 18 0
l1d_u18-14 llc-0b16 1 18 0 18 0
l1d_u18-14 llc-0b17 1 18 0 18 0
l1d_u18-14 llc-0b18 1 18 0 18 0
l1d_u18-14 llc-0b19 1 18 0 18 0
l1d_u18-14 llc-0b20 1 18 0 18 0
l1d_u18-14 llc-0b21 1 18 0 18 0
l1d_u18-14 llc-0b22 1 18 0 18 0
l1d_u18-14 llc-0b23 1 18 0 18 0
l1d_u18-14 llc-0b24 1 18 0 18 0
l1d_u18-14 llc-0b25 1 18 0 18 0
l1d_u18-14 llc-0b26 1 18 0 18 0
l1d_u18-14 llc-0b27 1 18 0 18 0
l1d_u18-14 llc-0b28 1 18 0 18 0
l1d_u18-14 llc-0b29 1 18 0 18 0
l1d_u18-14 llc-0b30 1 18 0 18 0
l1d_u18-14 llc-0b31 1 18 0 18 0
l1d_u18-15 llc-0b0 1 18 0 18 0
l1d_u18-15 llc-0b1 1 18 0 18 0
l1d_u18-15 llc-0b2 1 18 0 18 0
l1d_u18-15 llc-0b3 1 18 0 18 0
l1d_u18-15 llc-0b4 1 18 0 18 0
l1d_u18-15 llc-0b5 1 18 0 18 0
l1d_u18-15 llc-0b6 1 18 0 18 0
l1d_u18-15 llc-0b7 1 18 0 18 0
l1d_u18-15 llc-0b8 1 18 0 18 0
l1d_u18-15 llc-0b9 1 18 0 18 0
l1d_u18-15 llc-0b10 1 18 0 18 0
l1d_u18-15 llc-0b11 1 18 0 18 0
l1d_u18-15 llc-0b12 1 18 0 18 0
l1d_u18-15 llc-0b13 1 18 0 18 0
l1d_u18-15 llc-0b14 1 18 0 18 0
l1d_u18-15 llc-0b15 1 18 0 18 0
l1d_u18-15 llc-0b16 1 18 0 18 0
l1d_u18-15 llc-0b17 1 18 0 18 0
l1d_u18-15 llc-0b18 1 18 0 18 0
l1d_u18-15 llc-0b19 1 18 0 18 0
l1d_u18-15 llc-0b20 1 18 0 18 0
l1d_u18-15 llc-0b21 1 18 0 18 0
l1d_u18-15 llc-0b22 1 18 0 18 0
l1d_u18-15 llc-0b23 1 18 0 18 0
l1d_u18-15 llc-0b24 1 18 0 18 0
l1d_u18-15 llc-0b25 1 18 0 18 0
l1d_u18-15 llc-0b26 1 18 0 18 0
l1d_u18-15 llc-0b27 1 18 0 18 0
l1d_u18-15 llc-0b28 1 18 0 18 0
l1d_u18-15 llc-0b29 1 18 0 18 0
l1d_u18-15 llc-0b30 1 18 0 18 0
l1d_u18-15 llc-0b31 1 18 0 18 0
l1i_u19-0 llc-0b0 1 19 0 19 0
l1i_u19-0 llc-0b1 1 19 0 19 0
l1i_u19-0 llc-0b2 1 19 0 19 0
l1i_u19-0 llc-0b3 1 19 0 19 0
l1i_u19-0 llc-0b4 1 19 0 19 0
l1i_u19-0 llc-0b5 1 19 0 19 0
l1i_u19-0 llc-0b6 1 19 0 19 0
l1i_u19-0 llc-0b7 1 19 0 19 0
l1i_u19-0 llc-0b8 1 19 0 19 0
l1i_u19-0 llc-0b9 1 19 0 19 0
l1i_u19-0 llc-0b10 1 19 0 19 0
l1i_u19-0 llc-0b11 1 19 0 19 0
l1i_u19-0 llc-0b12 1 19 0 19 0
l1i_u19-0 llc-0b13 1 19 0 19 0
l1i_u19-0 llc-0b14 1 19 0 19 0
l1i_u19-0 llc-0b15 1 19 0 19 0
l1i_u19-0 llc-0b16 1 19 0 19 0
l1i_u19-0 llc-0b17 1 19 0 19 0
l1i_u19-0 llc-0b18 1 19 0 19 0
l1i_u19-0 llc-0b19 1 19 0 19 0
l1i_u19-0 llc-0b20 1 19 0 19 0
l1i_u19-0 llc-0b21 1 19 0 19 0
l1i_u19-0 llc-0b22 1 19 0 19 0
l1i_u19-0 llc-0b23 1 19 0 19 0
l1i_u19-0 llc-0b24 1 19 0 19 0
l1i_u19-0 llc-0b25 1 19 0 19 0
l1i_u19-0 llc-0b26 1 19 0 19 0
l1i_u19-0 llc-0b27 1 19 0 19 0
l1i_u19-0 llc-0b28 1 19 0 19 0
l1i_u19-0 llc-0b29 1 19 0 19 0
l1i_u19-0 llc-0b30 1 19 0 19 0
l1i_u19-0 llc-0b31 1 19 0 19 0
l1i_u19-1 llc-0b0 1 19 0 19 0
l1i_u19-1 llc-0b1 1 19 0 19 0
l1i_u19-1 llc-0b2 1 19 0 19 0
l1i_u19-1 llc-0b3 1 19 0 19 0
l1i_u19-1 llc-0b4 1 19 0 19 0
l1i_u19-1 llc-0b5 1 19 0 19 0
l1i_u19-1 llc-0b6 1 19 0 19 0
l1i_u19-1 llc-0b7 1 19 0 19 0
l1i_u19-1 llc-0b8 1 19 0 19 0
l1i_u19-1 llc-0b9 1 19 0 19 0
l1i_u19-1 llc-0b10 1 19 0 19 0
l1i_u19-1 llc-0b11 1 19 0 19 0
l1i_u19-1 llc-0b12 1 19 0 19 0
l1i_u19-1 llc-0b13 1 19 0 19 0
l1i_u19-1 llc-0b14 1 19 0 19 0
l1i_u19-1 llc-0b15 1 19 0 19 0
l1i_u19-1 llc-0b16 1 19 0 19 0
l1i_u19-1 llc-0b17 1 19 0 19 0
l1i_u19-1 llc-0b18 1 19 0 19 0
l1i_u19-1 llc-0b19 1 19 0 19 0
l1i_u19-1 llc-0b20 1 19 0 19 0
l1i_u19-1 llc-0b21 1 19 0 19 0
l1i_u19-1 llc-0b22 1 19 0 19 0
l1i_u19-1 llc-0b23 1 19 0 19 0
l1i_u19-1 llc-0b24 1 19 0 19 0
l1i_u19-1 llc-0b25 1 19 0 19 0
l1i_u19-1 llc-0b26 1 19 0 19 0
l1i_u19-1 llc-0b27 1 19 0 19 0
l1i_u19-1 llc-0b28 1 19 0 19 0
l1i_u19-1 llc-0b29 1 19 0 19 0
l1i_u19-1 llc-0b30 1 19 0 19 0
l1i_u19-1 llc-0b31 1 19 0 19 0
l1i_u19-2 llc-0b0 1 19 0 19 0
l1i_u19-2 llc-0b1 1 19 0 19 0
l1i_u19-2 llc-0b2 1 19 0 19 0
l1i_u19-2 llc-0b3 1 19 0 19 0
l1i_u19-2 llc-0b4 1 19 0 19 0
l1i_u19-2 llc-0b5 1 19 0 19 0
l1i_u19-2 llc-0b6 1 19 0 19 0
l1i_u19-2 llc-0b7 1 19 0 19 0
l1i_u19-2 llc-0b8 1 19 0 19 0
l1i_u19-2 llc-0b9 1 19 0 19 0
l1i_u19-2 llc-0b10 1 19 0 19 0
l1i_u19-2 llc-0b11 1 19 0 19 0
l1i_u19-2 llc-0b12 1 19 0 19 0
l1i_u19-2 llc-0b13 1 19 0 19 0
l1i_u19-2 llc-0b14 1 19 0 19 0
l1i_u19-2 llc-0b15 1 19 0 19 0
l1i_u19-2 llc-0b16 1 19 0 19 0
l1i_u19-2 llc-0b17 1 19 0 19 0
l1i_u19-2 llc-0b18 1 19 0 19 0
l1i_u19-2 llc-0b19 1 19 0 19 0
l1i_u19-2 llc-0b20 1 19 0 19 0
l1i_u19-2 llc-0b21 1 19 0 19 0
l1i_u19-2 llc-0b22 1 19 0 19 0
l1i_u19-2 llc-0b23 1 19 0 19 0
l1i_u19-2 llc-0b24 1 19 0 19 0
l1i_u19-2 llc-0b25 1 19 0 19 0
l1i_u19-2 llc-0b26 1 19 0 19 0
l1i_u19-2 llc-0b27 1 19 0 19 0
l1i_u19-2 llc-0b28 1 19 0 19 0
l1i_u19-2 llc-0b29 1 19 0 19 0
l1i_u19-2 llc-0b30 1 19 0 19 0
l1i_u19-2 llc-0b31 1 19 0 19 0
l1i_u19-3 llc-0b0 1 19 0 19 0
l1i_u19-3 llc-0b1 1 19 0 19 0
l1i_u19-3 llc-0b2 1 19 0 19 0
l1i_u19-3 llc-0b3 1 19 0 19 0
l1i_u19-3 llc-0b4 1 19 0 19 0
l1i_u19-3 llc-0b5 1 19 0 19 0
l1i_u19-3 llc-0b6 1 19 0 19 0
l1i_u19-3 llc-0b7 1 19 0 19 0
l1i_u19-3 llc-0b8 1 19 0 19 0
l1i_u19-3 llc-0b9 1 19 0 19 0
l1i_u19-3 llc-0b10 1 19 0 19 0
l1i_u19-3 llc-0b11 1 19 0 19 0
l1i_u19-3 llc-0b12 1 19 0 19 0
l1i_u19-3 llc-0b13 1 19 0 19 0
l1i_u19-3 llc-0b14 1 19 0 19 0
l1i_u19-3 llc-0b15 1 19 0 19 0
l1i_u19-3 llc-0b16 1 19 0 19 0
l1i_u19-3 llc-0b17 1 19 0 19 0
l1i_u19-3 llc-0b18 1 19 0 19 0
l1i_u19-3 llc-0b19 1 19 0 19 0
l1i_u19-3 llc-0b20 1 19 0 19 0
l1i_u19-3 llc-0b21 1 19 0 19 0
l1i_u19-3 llc-0b22 1 19 0 19 0
l1i_u19-3 llc-0b23 1 19 0 19 0
l1i_u19-3 llc-0b24 1 19 0 19 0
l1i_u19-3 llc-0b25 1 19 0 19 0
l1i_u19-3 llc-0b26 1 19 0 19 0
l1i_u19-3 llc-0b27 1 19 0 19 0
l1i_u19-3 llc-0b28 1 19 0 19 0
l1i_u19-3 llc-0b29 1 19 0 19 0
l1i_u19-3 llc-0b30 1 19 0 19 0
l1i_u19-3 llc-0b31 1 19 0 19 0
l1i_u19-4 llc-0b0 1 19 0 19 0
l1i_u19-4 llc-0b1 1 19 0 19 0
l1i_u19-4 llc-0b2 1 19 0 19 0
l1i_u19-4 llc-0b3 1 19 0 19 0
l1i_u19-4 llc-0b4 1 19 0 19 0
l1i_u19-4 llc-0b5 1 19 0 19 0
l1i_u19-4 llc-0b6 1 19 0 19 0
l1i_u19-4 llc-0b7 1 19 0 19 0
l1i_u19-4 llc-0b8 1 19 0 19 0
l1i_u19-4 llc-0b9 1 19 0 19 0
l1i_u19-4 llc-0b10 1 19 0 19 0
l1i_u19-4 llc-0b11 1 19 0 19 0
l1i_u19-4 llc-0b12 1 19 0 19 0
l1i_u19-4 llc-0b13 1 19 0 19 0
l1i_u19-4 llc-0b14 1 19 0 19 0
l1i_u19-4 llc-0b15 1 19 0 19 0
l1i_u19-4 llc-0b16 1 19 0 19 0
l1i_u19-4 llc-0b17 1 19 0 19 0
l1i_u19-4 llc-0b18 1 19 0 19 0
l1i_u19-4 llc-0b19 1 19 0 19 0
l1i_u19-4 llc-0b20 1 19 0 19 0
l1i_u19-4 llc-0b21 1 19 0 19 0
l1i_u19-4 llc-0b22 1 19 0 19 0
l1i_u19-4 llc-0b23 1 19 0 19 0
l1i_u19-4 llc-0b24 1 19 0 19 0
l1i_u19-4 llc-0b25 1 19 0 19 0
l1i_u19-4 llc-0b26 1 19 0 19 0
l1i_u19-4 llc-0b27 1 19 0 19 0
l1i_u19-4 llc-0b28 1 19 0 19 0
l1i_u19-4 llc-0b29 1 19 0 19 0
l1i_u19-4 llc-0b30 1 19 0 19 0
l1i_u19-4 llc-0b31 1 19 0 19 0
l1i_u19-5 llc-0b0 1 19 0 19 0
l1i_u19-5 llc-0b1 1 19 0 19 0
l1i_u19-5 llc-0b2 1 19 0 19 0
l1i_u19-5 llc-0b3 1 19 0 19 0
l1i_u19-5 llc-0b4 1 19 0 19 0
l1i_u19-5 llc-0b5 1 19 0 19 0
l1i_u19-5 llc-0b6 1 19 0 19 0
l1i_u19-5 llc-0b7 1 19 0 19 0
l1i_u19-5 llc-0b8 1 19 0 19 0
l1i_u19-5 llc-0b9 1 19 0 19 0
l1i_u19-5 llc-0b10 1 19 0 19 0
l1i_u19-5 llc-0b11 1 19 0 19 0
l1i_u19-5 llc-0b12 1 19 0 19 0
l1i_u19-5 llc-0b13 1 19 0 19 0
l1i_u19-5 llc-0b14 1 19 0 19 0
l1i_u19-5 llc-0b15 1 19 0 19 0
l1i_u19-5 llc-0b16 1 19 0 19 0
l1i_u19-5 llc-0b17 1 19 0 19 0
l1i_u19-5 llc-0b18 1 19 0 19 0
l1i_u19-5 llc-0b19 1 19 0 19 0
l1i_u19-5 llc-0b20 1 19 0 19 0
l1i_u19-5 llc-0b21 1 19 0 19 0
l1i_u19-5 llc-0b22 1 19 0 19 0
l1i_u19-5 llc-0b23 1 19 0 19 0
l1i_u19-5 llc-0b24 1 19 0 19 0
l1i_u19-5 llc-0b25 1 19 0 19 0
l1i_u19-5 llc-0b26 1 19 0 19 0
l1i_u19-5 llc-0b27 1 19 0 19 0
l1i_u19-5 llc-0b28 1 19 0 19 0
l1i_u19-5 llc-0b29 1 19 0 19 0
l1i_u19-5 llc-0b30 1 19 0 19 0
l1i_u19-5 llc-0b31 1 19 0 19 0
l1i_u19-6 llc-0b0 1 19 0 19 0
l1i_u19-6 llc-0b1 1 19 0 19 0
l1i_u19-6 llc-0b2 1 19 0 19 0
l1i_u19-6 llc-0b3 1 19 0 19 0
l1i_u19-6 llc-0b4 1 19 0 19 0
l1i_u19-6 llc-0b5 1 19 0 19 0
l1i_u19-6 llc-0b6 1 19 0 19 0
l1i_u19-6 llc-0b7 1 19 0 19 0
l1i_u19-6 llc-0b8 1 19 0 19 0
l1i_u19-6 llc-0b9 1 19 0 19 0
l1i_u19-6 llc-0b10 1 19 0 19 0
l1i_u19-6 llc-0b11 1 19 0 19 0
l1i_u19-6 llc-0b12 1 19 0 19 0
l1i_u19-6 llc-0b13 1 19 0 19 0
l1i_u19-6 llc-0b14 1 19 0 19 0
l1i_u19-6 llc-0b15 1 19 0 19 0
l1i_u19-6 llc-0b16 1 19 0 19 0
l1i_u19-6 llc-0b17 1 19 0 19 0
l1i_u19-6 llc-0b18 1 19 0 19 0
l1i_u19-6 llc-0b19 1 19 0 19 0
l1i_u19-6 llc-0b20 1 19 0 19 0
l1i_u19-6 llc-0b21 1 19 0 19 0
l1i_u19-6 llc-0b22 1 19 0 19 0
l1i_u19-6 llc-0b23 1 19 0 19 0
l1i_u19-6 llc-0b24 1 19 0 19 0
l1i_u19-6 llc-0b25 1 19 0 19 0
l1i_u19-6 llc-0b26 1 19 0 19 0
l1i_u19-6 llc-0b27 1 19 0 19 0
l1i_u19-6 llc-0b28 1 19 0 19 0
l1i_u19-6 llc-0b29 1 19 0 19 0
l1i_u19-6 llc-0b30 1 19 0 19 0
l1i_u19-6 llc-0b31 1 19 0 19 0
l1i_u19-7 llc-0b0 1 19 0 19 0
l1i_u19-7 llc-0b1 1 19 0 19 0
l1i_u19-7 llc-0b2 1 19 0 19 0
l1i_u19-7 llc-0b3 1 19 0 19 0
l1i_u19-7 llc-0b4 1 19 0 19 0
l1i_u19-7 llc-0b5 1 19 0 19 0
l1i_u19-7 llc-0b6 1 19 0 19 0
l1i_u19-7 llc-0b7 1 19 0 19 0
l1i_u19-7 llc-0b8 1 19 0 19 0
l1i_u19-7 llc-0b9 1 19 0 19 0
l1i_u19-7 llc-0b10 1 19 0 19 0
l1i_u19-7 llc-0b11 1 19 0 19 0
l1i_u19-7 llc-0b12 1 19 0 19 0
l1i_u19-7 llc-0b13 1 19 0 19 0
l1i_u19-7 llc-0b14 1 19 0 19 0
l1i_u19-7 llc-0b15 1 19 0 19 0
l1i_u19-7 llc-0b16 1 19 0 19 0
l1i_u19-7 llc-0b17 1 19 0 19 0
l1i_u19-7 llc-0b18 1 19 0 19 0
l1i_u19-7 llc-0b19 1 19 0 19 0
l1i_u19-7 llc-0b20 1 19 0 19 0
l1i_u19-7 llc-0b21 1 19 0 19 0
l1i_u19-7 llc-0b22 1 19 0 19 0
l1i_u19-7 llc-0b23 1 19 0 19 0
l1i_u19-7 llc-0b24 1 19 0 19 0
l1i_u19-7 llc-0b25 1 19 0 19 0
l1i_u19-7 llc-0b26 1 19 0 19 0
l1i_u19-7 llc-0b27 1 19 0 19 0
l1i_u19-7 llc-0b28 1 19 0 19 0
l1i_u19-7 llc-0b29 1 19 0 19 0
l1i_u19-7 llc-0b30 1 19 0 19 0
l1i_u19-7 llc-0b31 1 19 0 19 0
l1i_u19-8 llc-0b0 1 19 0 19 0
l1i_u19-8 llc-0b1 1 19 0 19 0
l1i_u19-8 llc-0b2 1 19 0 19 0
l1i_u19-8 llc-0b3 1 19 0 19 0
l1i_u19-8 llc-0b4 1 19 0 19 0
l1i_u19-8 llc-0b5 1 19 0 19 0
l1i_u19-8 llc-0b6 1 19 0 19 0
l1i_u19-8 llc-0b7 1 19 0 19 0
l1i_u19-8 llc-0b8 1 19 0 19 0
l1i_u19-8 llc-0b9 1 19 0 19 0
l1i_u19-8 llc-0b10 1 19 0 19 0
l1i_u19-8 llc-0b11 1 19 0 19 0
l1i_u19-8 llc-0b12 1 19 0 19 0
l1i_u19-8 llc-0b13 1 19 0 19 0
l1i_u19-8 llc-0b14 1 19 0 19 0
l1i_u19-8 llc-0b15 1 19 0 19 0
l1i_u19-8 llc-0b16 1 19 0 19 0
l1i_u19-8 llc-0b17 1 19 0 19 0
l1i_u19-8 llc-0b18 1 19 0 19 0
l1i_u19-8 llc-0b19 1 19 0 19 0
l1i_u19-8 llc-0b20 1 19 0 19 0
l1i_u19-8 llc-0b21 1 19 0 19 0
l1i_u19-8 llc-0b22 1 19 0 19 0
l1i_u19-8 llc-0b23 1 19 0 19 0
l1i_u19-8 llc-0b24 1 19 0 19 0
l1i_u19-8 llc-0b25 1 19 0 19 0
l1i_u19-8 llc-0b26 1 19 0 19 0
l1i_u19-8 llc-0b27 1 19 0 19 0
l1i_u19-8 llc-0b28 1 19 0 19 0
l1i_u19-8 llc-0b29 1 19 0 19 0
l1i_u19-8 llc-0b30 1 19 0 19 0
l1i_u19-8 llc-0b31 1 19 0 19 0
l1i_u19-9 llc-0b0 1 19 0 19 0
l1i_u19-9 llc-0b1 1 19 0 19 0
l1i_u19-9 llc-0b2 1 19 0 19 0
l1i_u19-9 llc-0b3 1 19 0 19 0
l1i_u19-9 llc-0b4 1 19 0 19 0
l1i_u19-9 llc-0b5 1 19 0 19 0
l1i_u19-9 llc-0b6 1 19 0 19 0
l1i_u19-9 llc-0b7 1 19 0 19 0
l1i_u19-9 llc-0b8 1 19 0 19 0
l1i_u19-9 llc-0b9 1 19 0 19 0
l1i_u19-9 llc-0b10 1 19 0 19 0
l1i_u19-9 llc-0b11 1 19 0 19 0
l1i_u19-9 llc-0b12 1 19 0 19 0
l1i_u19-9 llc-0b13 1 19 0 19 0
l1i_u19-9 llc-0b14 1 19 0 19 0
l1i_u19-9 llc-0b15 1 19 0 19 0
l1i_u19-9 llc-0b16 1 19 0 19 0
l1i_u19-9 llc-0b17 1 19 0 19 0
l1i_u19-9 llc-0b18 1 19 0 19 0
l1i_u19-9 llc-0b19 1 19 0 19 0
l1i_u19-9 llc-0b20 1 19 0 19 0
l1i_u19-9 llc-0b21 1 19 0 19 0
l1i_u19-9 llc-0b22 1 19 0 19 0
l1i_u19-9 llc-0b23 1 19 0 19 0
l1i_u19-9 llc-0b24 1 19 0 19 0
l1i_u19-9 llc-0b25 1 19 0 19 0
l1i_u19-9 llc-0b26 1 19 0 19 0
l1i_u19-9 llc-0b27 1 19 0 19 0
l1i_u19-9 llc-0b28 1 19 0 19 0
l1i_u19-9 llc-0b29 1 19 0 19 0
l1i_u19-9 llc-0b30 1 19 0 19 0
l1i_u19-9 llc-0b31 1 19 0 19 0
l1i_u19-10 llc-0b0 1 19 0 19 0
l1i_u19-10 llc-0b1 1 19 0 19 0
l1i_u19-10 llc-0b2 1 19 0 19 0
l1i_u19-10 llc-0b3 1 19 0 19 0
l1i_u19-10 llc-0b4 1 19 0 19 0
l1i_u19-10 llc-0b5 1 19 0 19 0
l1i_u19-10 llc-0b6 1 19 0 19 0
l1i_u19-10 llc-0b7 1 19 0 19 0
l1i_u19-10 llc-0b8 1 19 0 19 0
l1i_u19-10 llc-0b9 1 19 0 19 0
l1i_u19-10 llc-0b10 1 19 0 19 0
l1i_u19-10 llc-0b11 1 19 0 19 0
l1i_u19-10 llc-0b12 1 19 0 19 0
l1i_u19-10 llc-0b13 1 19 0 19 0
l1i_u19-10 llc-0b14 1 19 0 19 0
l1i_u19-10 llc-0b15 1 19 0 19 0
l1i_u19-10 llc-0b16 1 19 0 19 0
l1i_u19-10 llc-0b17 1 19 0 19 0
l1i_u19-10 llc-0b18 1 19 0 19 0
l1i_u19-10 llc-0b19 1 19 0 19 0
l1i_u19-10 llc-0b20 1 19 0 19 0
l1i_u19-10 llc-0b21 1 19 0 19 0
l1i_u19-10 llc-0b22 1 19 0 19 0
l1i_u19-10 llc-0b23 1 19 0 19 0
l1i_u19-10 llc-0b24 1 19 0 19 0
l1i_u19-10 llc-0b25 1 19 0 19 0
l1i_u19-10 llc-0b26 1 19 0 19 0
l1i_u19-10 llc-0b27 1 19 0 19 0
l1i_u19-10 llc-0b28 1 19 0 19 0
l1i_u19-10 llc-0b29 1 19 0 19 0
l1i_u19-10 llc-0b30 1 19 0 19 0
l1i_u19-10 llc-0b31 1 19 0 19 0
l1i_u19-11 llc-0b0 1 19 0 19 0
l1i_u19-11 llc-0b1 1 19 0 19 0
l1i_u19-11 llc-0b2 1 19 0 19 0
l1i_u19-11 llc-0b3 1 19 0 19 0
l1i_u19-11 llc-0b4 1 19 0 19 0
l1i_u19-11 llc-0b5 1 19 0 19 0
l1i_u19-11 llc-0b6 1 19 0 19 0
l1i_u19-11 llc-0b7 1 19 0 19 0
l1i_u19-11 llc-0b8 1 19 0 19 0
l1i_u19-11 llc-0b9 1 19 0 19 0
l1i_u19-11 llc-0b10 1 19 0 19 0
l1i_u19-11 llc-0b11 1 19 0 19 0
l1i_u19-11 llc-0b12 1 19 0 19 0
l1i_u19-11 llc-0b13 1 19 0 19 0
l1i_u19-11 llc-0b14 1 19 0 19 0
l1i_u19-11 llc-0b15 1 19 0 19 0
l1i_u19-11 llc-0b16 1 19 0 19 0
l1i_u19-11 llc-0b17 1 19 0 19 0
l1i_u19-11 llc-0b18 1 19 0 19 0
l1i_u19-11 llc-0b19 1 19 0 19 0
l1i_u19-11 llc-0b20 1 19 0 19 0
l1i_u19-11 llc-0b21 1 19 0 19 0
l1i_u19-11 llc-0b22 1 19 0 19 0
l1i_u19-11 llc-0b23 1 19 0 19 0
l1i_u19-11 llc-0b24 1 19 0 19 0
l1i_u19-11 llc-0b25 1 19 0 19 0
l1i_u19-11 llc-0b26 1 19 0 19 0
l1i_u19-11 llc-0b27 1 19 0 19 0
l1i_u19-11 llc-0b28 1 19 0 19 0
l1i_u19-11 llc-0b29 1 19 0 19 0
l1i_u19-11 llc-0b30 1 19 0 19 0
l1i_u19-11 llc-0b31 1 19 0 19 0
l1i_u19-12 llc-0b0 1 19 0 19 0
l1i_u19-12 llc-0b1 1 19 0 19 0
l1i_u19-12 llc-0b2 1 19 0 19 0
l1i_u19-12 llc-0b3 1 19 0 19 0
l1i_u19-12 llc-0b4 1 19 0 19 0
l1i_u19-12 llc-0b5 1 19 0 19 0
l1i_u19-12 llc-0b6 1 19 0 19 0
l1i_u19-12 llc-0b7 1 19 0 19 0
l1i_u19-12 llc-0b8 1 19 0 19 0
l1i_u19-12 llc-0b9 1 19 0 19 0
l1i_u19-12 llc-0b10 1 19 0 19 0
l1i_u19-12 llc-0b11 1 19 0 19 0
l1i_u19-12 llc-0b12 1 19 0 19 0
l1i_u19-12 llc-0b13 1 19 0 19 0
l1i_u19-12 llc-0b14 1 19 0 19 0
l1i_u19-12 llc-0b15 1 19 0 19 0
l1i_u19-12 llc-0b16 1 19 0 19 0
l1i_u19-12 llc-0b17 1 19 0 19 0
l1i_u19-12 llc-0b18 1 19 0 19 0
l1i_u19-12 llc-0b19 1 19 0 19 0
l1i_u19-12 llc-0b20 1 19 0 19 0
l1i_u19-12 llc-0b21 1 19 0 19 0
l1i_u19-12 llc-0b22 1 19 0 19 0
l1i_u19-12 llc-0b23 1 19 0 19 0
l1i_u19-12 llc-0b24 1 19 0 19 0
l1i_u19-12 llc-0b25 1 19 0 19 0
l1i_u19-12 llc-0b26 1 19 0 19 0
l1i_u19-12 llc-0b27 1 19 0 19 0
l1i_u19-12 llc-0b28 1 19 0 19 0
l1i_u19-12 llc-0b29 1 19 0 19 0
l1i_u19-12 llc-0b30 1 19 0 19 0
l1i_u19-12 llc-0b31 1 19 0 19 0
l1i_u19-13 llc-0b0 1 19 0 19 0
l1i_u19-13 llc-0b1 1 19 0 19 0
l1i_u19-13 llc-0b2 1 19 0 19 0
l1i_u19-13 llc-0b3 1 19 0 19 0
l1i_u19-13 llc-0b4 1 19 0 19 0
l1i_u19-13 llc-0b5 1 19 0 19 0
l1i_u19-13 llc-0b6 1 19 0 19 0
l1i_u19-13 llc-0b7 1 19 0 19 0
l1i_u19-13 llc-0b8 1 19 0 19 0
l1i_u19-13 llc-0b9 1 19 0 19 0
l1i_u19-13 llc-0b10 1 19 0 19 0
l1i_u19-13 llc-0b11 1 19 0 19 0
l1i_u19-13 llc-0b12 1 19 0 19 0
l1i_u19-13 llc-0b13 1 19 0 19 0
l1i_u19-13 llc-0b14 1 19 0 19 0
l1i_u19-13 llc-0b15 1 19 0 19 0
l1i_u19-13 llc-0b16 1 19 0 19 0
l1i_u19-13 llc-0b17 1 19 0 19 0
l1i_u19-13 llc-0b18 1 19 0 19 0
l1i_u19-13 llc-0b19 1 19 0 19 0
l1i_u19-13 llc-0b20 1 19 0 19 0
l1i_u19-13 llc-0b21 1 19 0 19 0
l1i_u19-13 llc-0b22 1 19 0 19 0
l1i_u19-13 llc-0b23 1 19 0 19 0
l1i_u19-13 llc-0b24 1 19 0 19 0
l1i_u19-13 llc-0b25 1 19 0 19 0
l1i_u19-13 llc-0b26 1 19 0 19 0
l1i_u19-13 llc-0b27 1 19 0 19 0
l1i_u19-13 llc-0b28 1 19 0 19 0
l1i_u19-13 llc-0b29 1 19 0 19 0
l1i_u19-13 llc-0b30 1 19 0 19 0
l1i_u19-13 llc-0b31 1 19 0 19 0
l1i_u19-14 llc-0b0 1 19 0 19 0
l1i_u19-14 llc-0b1 1 19 0 19 0
l1i_u19-14 llc-0b2 1 19 0 19 0
l1i_u19-14 llc-0b3 1 19 0 19 0
l1i_u19-14 llc-0b4 1 19 0 19 0
l1i_u19-14 llc-0b5 1 19 0 19 0
l1i_u19-14 llc-0b6 1 19 0 19 0
l1i_u19-14 llc-0b7 1 19 0 19 0
l1i_u19-14 llc-0b8 1 19 0 19 0
l1i_u19-14 llc-0b9 1 19 0 19 0
l1i_u19-14 llc-0b10 1 19 0 19 0
l1i_u19-14 llc-0b11 1 19 0 19 0
l1i_u19-14 llc-0b12 1 19 0 19 0
l1i_u19-14 llc-0b13 1 19 0 19 0
l1i_u19-14 llc-0b14 1 19 0 19 0
l1i_u19-14 llc-0b15 1 19 0 19 0
l1i_u19-14 llc-0b16 1 19 0 19 0
l1i_u19-14 llc-0b17 1 19 0 19 0
l1i_u19-14 llc-0b18 1 19 0 19 0
l1i_u19-14 llc-0b19 1 19 0 19 0
l1i_u19-14 llc-0b20 1 19 0 19 0
l1i_u19-14 llc-0b21 1 19 0 19 0
l1i_u19-14 llc-0b22 1 19 0 19 0
l1i_u19-14 llc-0b23 1 19 0 19 0
l1i_u19-14 llc-0b24 1 19 0 19 0
l1i_u19-14 llc-0b25 1 19 0 19 0
l1i_u19-14 llc-0b26 1 19 0 19 0
l1i_u19-14 llc-0b27 1 19 0 19 0
l1i_u19-14 llc-0b28 1 19 0 19 0
l1i_u19-14 llc-0b29 1 19 0 19 0
l1i_u19-14 llc-0b30 1 19 0 19 0
l1i_u19-14 llc-0b31 1 19 0 19 0
l1i_u19-15 llc-0b0 1 19 0 19 0
l1i_u19-15 llc-0b1 1 19 0 19 0
l1i_u19-15 llc-0b2 1 19 0 19 0
l1i_u19-15 llc-0b3 1 19 0 19 0
l1i_u19-15 llc-0b4 1 19 0 19 0
l1i_u19-15 llc-0b5 1 19 0 19 0
l1i_u19-15 llc-0b6 1 19 0 19 0
l1i_u19-15 llc-0b7 1 19 0 19 0
l1i_u19-15 llc-0b8 1 19 0 19 0
l1i_u19-15 llc-0b9 1 19 0 19 0
l1i_u19-15 llc-0b10 1 19 0 19 0
l1i_u19-15 llc-0b11 1 19 0 19 0
l1i_u19-15 llc-0b12 1 19 0 19 0
l1i_u19-15 llc-0b13 1 19 0 19 0
l1i_u19-15 llc-0b14 1 19 0 19 0
l1i_u19-15 llc-0b15 1 19 0 19 0
l1i_u19-15 llc-0b16 1 19 0 19 0
l1i_u19-15 llc-0b17 1 19 0 19 0
l1i_u19-15 llc-0b18 1 19 0 19 0
l1i_u19-15 llc-0b19 1 19 0 19 0
l1i_u19-15 llc-0b20 1 19 0 19 0
l1i_u19-15 llc-0b21 1 19 0 19 0
l1i_u19-15 llc-0b22 1 19 0 19 0
l1i_u19-15 llc-0b23 1 19 0 19 0
l1i_u19-15 llc-0b24 1 19 0 19 0
l1i_u19-15 llc-0b25 1 19 0 19 0
l1i_u19-15 llc-0b26 1 19 0 19 0
l1i_u19-15 llc-0b27 1 19 0 19 0
l1i_u19-15 llc-0b28 1 19 0 19 0
l1i_u19-15 llc-0b29 1 19 0 19 0
l1i_u19-15 llc-0b30 1 19 0 19 0
l1i_u19-15 llc-0b31 1 19 0 19 0
l1d_u19-0 llc-0b0 1 19 0 19 0
l1d_u19-0 llc-0b1 1 19 0 19 0
l1d_u19-0 llc-0b2 1 19 0 19 0
l1d_u19-0 llc-0b3 1 19 0 19 0
l1d_u19-0 llc-0b4 1 19 0 19 0
l1d_u19-0 llc-0b5 1 19 0 19 0
l1d_u19-0 llc-0b6 1 19 0 19 0
l1d_u19-0 llc-0b7 1 19 0 19 0
l1d_u19-0 llc-0b8 1 19 0 19 0
l1d_u19-0 llc-0b9 1 19 0 19 0
l1d_u19-0 llc-0b10 1 19 0 19 0
l1d_u19-0 llc-0b11 1 19 0 19 0
l1d_u19-0 llc-0b12 1 19 0 19 0
l1d_u19-0 llc-0b13 1 19 0 19 0
l1d_u19-0 llc-0b14 1 19 0 19 0
l1d_u19-0 llc-0b15 1 19 0 19 0
l1d_u19-0 llc-0b16 1 19 0 19 0
l1d_u19-0 llc-0b17 1 19 0 19 0
l1d_u19-0 llc-0b18 1 19 0 19 0
l1d_u19-0 llc-0b19 1 19 0 19 0
l1d_u19-0 llc-0b20 1 19 0 19 0
l1d_u19-0 llc-0b21 1 19 0 19 0
l1d_u19-0 llc-0b22 1 19 0 19 0
l1d_u19-0 llc-0b23 1 19 0 19 0
l1d_u19-0 llc-0b24 1 19 0 19 0
l1d_u19-0 llc-0b25 1 19 0 19 0
l1d_u19-0 llc-0b26 1 19 0 19 0
l1d_u19-0 llc-0b27 1 19 0 19 0
l1d_u19-0 llc-0b28 1 19 0 19 0
l1d_u19-0 llc-0b29 1 19 0 19 0
l1d_u19-0 llc-0b30 1 19 0 19 0
l1d_u19-0 llc-0b31 1 19 0 19 0
l1d_u19-1 llc-0b0 1 19 0 19 0
l1d_u19-1 llc-0b1 1 19 0 19 0
l1d_u19-1 llc-0b2 1 19 0 19 0
l1d_u19-1 llc-0b3 1 19 0 19 0
l1d_u19-1 llc-0b4 1 19 0 19 0
l1d_u19-1 llc-0b5 1 19 0 19 0
l1d_u19-1 llc-0b6 1 19 0 19 0
l1d_u19-1 llc-0b7 1 19 0 19 0
l1d_u19-1 llc-0b8 1 19 0 19 0
l1d_u19-1 llc-0b9 1 19 0 19 0
l1d_u19-1 llc-0b10 1 19 0 19 0
l1d_u19-1 llc-0b11 1 19 0 19 0
l1d_u19-1 llc-0b12 1 19 0 19 0
l1d_u19-1 llc-0b13 1 19 0 19 0
l1d_u19-1 llc-0b14 1 19 0 19 0
l1d_u19-1 llc-0b15 1 19 0 19 0
l1d_u19-1 llc-0b16 1 19 0 19 0
l1d_u19-1 llc-0b17 1 19 0 19 0
l1d_u19-1 llc-0b18 1 19 0 19 0
l1d_u19-1 llc-0b19 1 19 0 19 0
l1d_u19-1 llc-0b20 1 19 0 19 0
l1d_u19-1 llc-0b21 1 19 0 19 0
l1d_u19-1 llc-0b22 1 19 0 19 0
l1d_u19-1 llc-0b23 1 19 0 19 0
l1d_u19-1 llc-0b24 1 19 0 19 0
l1d_u19-1 llc-0b25 1 19 0 19 0
l1d_u19-1 llc-0b26 1 19 0 19 0
l1d_u19-1 llc-0b27 1 19 0 19 0
l1d_u19-1 llc-0b28 1 19 0 19 0
l1d_u19-1 llc-0b29 1 19 0 19 0
l1d_u19-1 llc-0b30 1 19 0 19 0
l1d_u19-1 llc-0b31 1 19 0 19 0
l1d_u19-2 llc-0b0 1 19 0 19 0
l1d_u19-2 llc-0b1 1 19 0 19 0
l1d_u19-2 llc-0b2 1 19 0 19 0
l1d_u19-2 llc-0b3 1 19 0 19 0
l1d_u19-2 llc-0b4 1 19 0 19 0
l1d_u19-2 llc-0b5 1 19 0 19 0
l1d_u19-2 llc-0b6 1 19 0 19 0
l1d_u19-2 llc-0b7 1 19 0 19 0
l1d_u19-2 llc-0b8 1 19 0 19 0
l1d_u19-2 llc-0b9 1 19 0 19 0
l1d_u19-2 llc-0b10 1 19 0 19 0
l1d_u19-2 llc-0b11 1 19 0 19 0
l1d_u19-2 llc-0b12 1 19 0 19 0
l1d_u19-2 llc-0b13 1 19 0 19 0
l1d_u19-2 llc-0b14 1 19 0 19 0
l1d_u19-2 llc-0b15 1 19 0 19 0
l1d_u19-2 llc-0b16 1 19 0 19 0
l1d_u19-2 llc-0b17 1 19 0 19 0
l1d_u19-2 llc-0b18 1 19 0 19 0
l1d_u19-2 llc-0b19 1 19 0 19 0
l1d_u19-2 llc-0b20 1 19 0 19 0
l1d_u19-2 llc-0b21 1 19 0 19 0
l1d_u19-2 llc-0b22 1 19 0 19 0
l1d_u19-2 llc-0b23 1 19 0 19 0
l1d_u19-2 llc-0b24 1 19 0 19 0
l1d_u19-2 llc-0b25 1 19 0 19 0
l1d_u19-2 llc-0b26 1 19 0 19 0
l1d_u19-2 llc-0b27 1 19 0 19 0
l1d_u19-2 llc-0b28 1 19 0 19 0
l1d_u19-2 llc-0b29 1 19 0 19 0
l1d_u19-2 llc-0b30 1 19 0 19 0
l1d_u19-2 llc-0b31 1 19 0 19 0
l1d_u19-3 llc-0b0 1 19 0 19 0
l1d_u19-3 llc-0b1 1 19 0 19 0
l1d_u19-3 llc-0b2 1 19 0 19 0
l1d_u19-3 llc-0b3 1 19 0 19 0
l1d_u19-3 llc-0b4 1 19 0 19 0
l1d_u19-3 llc-0b5 1 19 0 19 0
l1d_u19-3 llc-0b6 1 19 0 19 0
l1d_u19-3 llc-0b7 1 19 0 19 0
l1d_u19-3 llc-0b8 1 19 0 19 0
l1d_u19-3 llc-0b9 1 19 0 19 0
l1d_u19-3 llc-0b10 1 19 0 19 0
l1d_u19-3 llc-0b11 1 19 0 19 0
l1d_u19-3 llc-0b12 1 19 0 19 0
l1d_u19-3 llc-0b13 1 19 0 19 0
l1d_u19-3 llc-0b14 1 19 0 19 0
l1d_u19-3 llc-0b15 1 19 0 19 0
l1d_u19-3 llc-0b16 1 19 0 19 0
l1d_u19-3 llc-0b17 1 19 0 19 0
l1d_u19-3 llc-0b18 1 19 0 19 0
l1d_u19-3 llc-0b19 1 19 0 19 0
l1d_u19-3 llc-0b20 1 19 0 19 0
l1d_u19-3 llc-0b21 1 19 0 19 0
l1d_u19-3 llc-0b22 1 19 0 19 0
l1d_u19-3 llc-0b23 1 19 0 19 0
l1d_u19-3 llc-0b24 1 19 0 19 0
l1d_u19-3 llc-0b25 1 19 0 19 0
l1d_u19-3 llc-0b26 1 19 0 19 0
l1d_u19-3 llc-0b27 1 19 0 19 0
l1d_u19-3 llc-0b28 1 19 0 19 0
l1d_u19-3 llc-0b29 1 19 0 19 0
l1d_u19-3 llc-0b30 1 19 0 19 0
l1d_u19-3 llc-0b31 1 19 0 19 0
l1d_u19-4 llc-0b0 1 19 0 19 0
l1d_u19-4 llc-0b1 1 19 0 19 0
l1d_u19-4 llc-0b2 1 19 0 19 0
l1d_u19-4 llc-0b3 1 19 0 19 0
l1d_u19-4 llc-0b4 1 19 0 19 0
l1d_u19-4 llc-0b5 1 19 0 19 0
l1d_u19-4 llc-0b6 1 19 0 19 0
l1d_u19-4 llc-0b7 1 19 0 19 0
l1d_u19-4 llc-0b8 1 19 0 19 0
l1d_u19-4 llc-0b9 1 19 0 19 0
l1d_u19-4 llc-0b10 1 19 0 19 0
l1d_u19-4 llc-0b11 1 19 0 19 0
l1d_u19-4 llc-0b12 1 19 0 19 0
l1d_u19-4 llc-0b13 1 19 0 19 0
l1d_u19-4 llc-0b14 1 19 0 19 0
l1d_u19-4 llc-0b15 1 19 0 19 0
l1d_u19-4 llc-0b16 1 19 0 19 0
l1d_u19-4 llc-0b17 1 19 0 19 0
l1d_u19-4 llc-0b18 1 19 0 19 0
l1d_u19-4 llc-0b19 1 19 0 19 0
l1d_u19-4 llc-0b20 1 19 0 19 0
l1d_u19-4 llc-0b21 1 19 0 19 0
l1d_u19-4 llc-0b22 1 19 0 19 0
l1d_u19-4 llc-0b23 1 19 0 19 0
l1d_u19-4 llc-0b24 1 19 0 19 0
l1d_u19-4 llc-0b25 1 19 0 19 0
l1d_u19-4 llc-0b26 1 19 0 19 0
l1d_u19-4 llc-0b27 1 19 0 19 0
l1d_u19-4 llc-0b28 1 19 0 19 0
l1d_u19-4 llc-0b29 1 19 0 19 0
l1d_u19-4 llc-0b30 1 19 0 19 0
l1d_u19-4 llc-0b31 1 19 0 19 0
l1d_u19-5 llc-0b0 1 19 0 19 0
l1d_u19-5 llc-0b1 1 19 0 19 0
l1d_u19-5 llc-0b2 1 19 0 19 0
l1d_u19-5 llc-0b3 1 19 0 19 0
l1d_u19-5 llc-0b4 1 19 0 19 0
l1d_u19-5 llc-0b5 1 19 0 19 0
l1d_u19-5 llc-0b6 1 19 0 19 0
l1d_u19-5 llc-0b7 1 19 0 19 0
l1d_u19-5 llc-0b8 1 19 0 19 0
l1d_u19-5 llc-0b9 1 19 0 19 0
l1d_u19-5 llc-0b10 1 19 0 19 0
l1d_u19-5 llc-0b11 1 19 0 19 0
l1d_u19-5 llc-0b12 1 19 0 19 0
l1d_u19-5 llc-0b13 1 19 0 19 0
l1d_u19-5 llc-0b14 1 19 0 19 0
l1d_u19-5 llc-0b15 1 19 0 19 0
l1d_u19-5 llc-0b16 1 19 0 19 0
l1d_u19-5 llc-0b17 1 19 0 19 0
l1d_u19-5 llc-0b18 1 19 0 19 0
l1d_u19-5 llc-0b19 1 19 0 19 0
l1d_u19-5 llc-0b20 1 19 0 19 0
l1d_u19-5 llc-0b21 1 19 0 19 0
l1d_u19-5 llc-0b22 1 19 0 19 0
l1d_u19-5 llc-0b23 1 19 0 19 0
l1d_u19-5 llc-0b24 1 19 0 19 0
l1d_u19-5 llc-0b25 1 19 0 19 0
l1d_u19-5 llc-0b26 1 19 0 19 0
l1d_u19-5 llc-0b27 1 19 0 19 0
l1d_u19-5 llc-0b28 1 19 0 19 0
l1d_u19-5 llc-0b29 1 19 0 19 0
l1d_u19-5 llc-0b30 1 19 0 19 0
l1d_u19-5 llc-0b31 1 19 0 19 0
l1d_u19-6 llc-0b0 1 19 0 19 0
l1d_u19-6 llc-0b1 1 19 0 19 0
l1d_u19-6 llc-0b2 1 19 0 19 0
l1d_u19-6 llc-0b3 1 19 0 19 0
l1d_u19-6 llc-0b4 1 19 0 19 0
l1d_u19-6 llc-0b5 1 19 0 19 0
l1d_u19-6 llc-0b6 1 19 0 19 0
l1d_u19-6 llc-0b7 1 19 0 19 0
l1d_u19-6 llc-0b8 1 19 0 19 0
l1d_u19-6 llc-0b9 1 19 0 19 0
l1d_u19-6 llc-0b10 1 19 0 19 0
l1d_u19-6 llc-0b11 1 19 0 19 0
l1d_u19-6 llc-0b12 1 19 0 19 0
l1d_u19-6 llc-0b13 1 19 0 19 0
l1d_u19-6 llc-0b14 1 19 0 19 0
l1d_u19-6 llc-0b15 1 19 0 19 0
l1d_u19-6 llc-0b16 1 19 0 19 0
l1d_u19-6 llc-0b17 1 19 0 19 0
l1d_u19-6 llc-0b18 1 19 0 19 0
l1d_u19-6 llc-0b19 1 19 0 19 0
l1d_u19-6 llc-0b20 1 19 0 19 0
l1d_u19-6 llc-0b21 1 19 0 19 0
l1d_u19-6 llc-0b22 1 19 0 19 0
l1d_u19-6 llc-0b23 1 19 0 19 0
l1d_u19-6 llc-0b24 1 19 0 19 0
l1d_u19-6 llc-0b25 1 19 0 19 0
l1d_u19-6 llc-0b26 1 19 0 19 0
l1d_u19-6 llc-0b27 1 19 0 19 0
l1d_u19-6 llc-0b28 1 19 0 19 0
l1d_u19-6 llc-0b29 1 19 0 19 0
l1d_u19-6 llc-0b30 1 19 0 19 0
l1d_u19-6 llc-0b31 1 19 0 19 0
l1d_u19-7 llc-0b0 1 19 0 19 0
l1d_u19-7 llc-0b1 1 19 0 19 0
l1d_u19-7 llc-0b2 1 19 0 19 0
l1d_u19-7 llc-0b3 1 19 0 19 0
l1d_u19-7 llc-0b4 1 19 0 19 0
l1d_u19-7 llc-0b5 1 19 0 19 0
l1d_u19-7 llc-0b6 1 19 0 19 0
l1d_u19-7 llc-0b7 1 19 0 19 0
l1d_u19-7 llc-0b8 1 19 0 19 0
l1d_u19-7 llc-0b9 1 19 0 19 0
l1d_u19-7 llc-0b10 1 19 0 19 0
l1d_u19-7 llc-0b11 1 19 0 19 0
l1d_u19-7 llc-0b12 1 19 0 19 0
l1d_u19-7 llc-0b13 1 19 0 19 0
l1d_u19-7 llc-0b14 1 19 0 19 0
l1d_u19-7 llc-0b15 1 19 0 19 0
l1d_u19-7 llc-0b16 1 19 0 19 0
l1d_u19-7 llc-0b17 1 19 0 19 0
l1d_u19-7 llc-0b18 1 19 0 19 0
l1d_u19-7 llc-0b19 1 19 0 19 0
l1d_u19-7 llc-0b20 1 19 0 19 0
l1d_u19-7 llc-0b21 1 19 0 19 0
l1d_u19-7 llc-0b22 1 19 0 19 0
l1d_u19-7 llc-0b23 1 19 0 19 0
l1d_u19-7 llc-0b24 1 19 0 19 0
l1d_u19-7 llc-0b25 1 19 0 19 0
l1d_u19-7 llc-0b26 1 19 0 19 0
l1d_u19-7 llc-0b27 1 19 0 19 0
l1d_u19-7 llc-0b28 1 19 0 19 0
l1d_u19-7 llc-0b29 1 19 0 19 0
l1d_u19-7 llc-0b30 1 19 0 19 0
l1d_u19-7 llc-0b31 1 19 0 19 0
l1d_u19-8 llc-0b0 1 19 0 19 0
l1d_u19-8 llc-0b1 1 19 0 19 0
l1d_u19-8 llc-0b2 1 19 0 19 0
l1d_u19-8 llc-0b3 1 19 0 19 0
l1d_u19-8 llc-0b4 1 19 0 19 0
l1d_u19-8 llc-0b5 1 19 0 19 0
l1d_u19-8 llc-0b6 1 19 0 19 0
l1d_u19-8 llc-0b7 1 19 0 19 0
l1d_u19-8 llc-0b8 1 19 0 19 0
l1d_u19-8 llc-0b9 1 19 0 19 0
l1d_u19-8 llc-0b10 1 19 0 19 0
l1d_u19-8 llc-0b11 1 19 0 19 0
l1d_u19-8 llc-0b12 1 19 0 19 0
l1d_u19-8 llc-0b13 1 19 0 19 0
l1d_u19-8 llc-0b14 1 19 0 19 0
l1d_u19-8 llc-0b15 1 19 0 19 0
l1d_u19-8 llc-0b16 1 19 0 19 0
l1d_u19-8 llc-0b17 1 19 0 19 0
l1d_u19-8 llc-0b18 1 19 0 19 0
l1d_u19-8 llc-0b19 1 19 0 19 0
l1d_u19-8 llc-0b20 1 19 0 19 0
l1d_u19-8 llc-0b21 1 19 0 19 0
l1d_u19-8 llc-0b22 1 19 0 19 0
l1d_u19-8 llc-0b23 1 19 0 19 0
l1d_u19-8 llc-0b24 1 19 0 19 0
l1d_u19-8 llc-0b25 1 19 0 19 0
l1d_u19-8 llc-0b26 1 19 0 19 0
l1d_u19-8 llc-0b27 1 19 0 19 0
l1d_u19-8 llc-0b28 1 19 0 19 0
l1d_u19-8 llc-0b29 1 19 0 19 0
l1d_u19-8 llc-0b30 1 19 0 19 0
l1d_u19-8 llc-0b31 1 19 0 19 0
l1d_u19-9 llc-0b0 1 19 0 19 0
l1d_u19-9 llc-0b1 1 19 0 19 0
l1d_u19-9 llc-0b2 1 19 0 19 0
l1d_u19-9 llc-0b3 1 19 0 19 0
l1d_u19-9 llc-0b4 1 19 0 19 0
l1d_u19-9 llc-0b5 1 19 0 19 0
l1d_u19-9 llc-0b6 1 19 0 19 0
l1d_u19-9 llc-0b7 1 19 0 19 0
l1d_u19-9 llc-0b8 1 19 0 19 0
l1d_u19-9 llc-0b9 1 19 0 19 0
l1d_u19-9 llc-0b10 1 19 0 19 0
l1d_u19-9 llc-0b11 1 19 0 19 0
l1d_u19-9 llc-0b12 1 19 0 19 0
l1d_u19-9 llc-0b13 1 19 0 19 0
l1d_u19-9 llc-0b14 1 19 0 19 0
l1d_u19-9 llc-0b15 1 19 0 19 0
l1d_u19-9 llc-0b16 1 19 0 19 0
l1d_u19-9 llc-0b17 1 19 0 19 0
l1d_u19-9 llc-0b18 1 19 0 19 0
l1d_u19-9 llc-0b19 1 19 0 19 0
l1d_u19-9 llc-0b20 1 19 0 19 0
l1d_u19-9 llc-0b21 1 19 0 19 0
l1d_u19-9 llc-0b22 1 19 0 19 0
l1d_u19-9 llc-0b23 1 19 0 19 0
l1d_u19-9 llc-0b24 1 19 0 19 0
l1d_u19-9 llc-0b25 1 19 0 19 0
l1d_u19-9 llc-0b26 1 19 0 19 0
l1d_u19-9 llc-0b27 1 19 0 19 0
l1d_u19-9 llc-0b28 1 19 0 19 0
l1d_u19-9 llc-0b29 1 19 0 19 0
l1d_u19-9 llc-0b30 1 19 0 19 0
l1d_u19-9 llc-0b31 1 19 0 19 0
l1d_u19-10 llc-0b0 1 19 0 19 0
l1d_u19-10 llc-0b1 1 19 0 19 0
l1d_u19-10 llc-0b2 1 19 0 19 0
l1d_u19-10 llc-0b3 1 19 0 19 0
l1d_u19-10 llc-0b4 1 19 0 19 0
l1d_u19-10 llc-0b5 1 19 0 19 0
l1d_u19-10 llc-0b6 1 19 0 19 0
l1d_u19-10 llc-0b7 1 19 0 19 0
l1d_u19-10 llc-0b8 1 19 0 19 0
l1d_u19-10 llc-0b9 1 19 0 19 0
l1d_u19-10 llc-0b10 1 19 0 19 0
l1d_u19-10 llc-0b11 1 19 0 19 0
l1d_u19-10 llc-0b12 1 19 0 19 0
l1d_u19-10 llc-0b13 1 19 0 19 0
l1d_u19-10 llc-0b14 1 19 0 19 0
l1d_u19-10 llc-0b15 1 19 0 19 0
l1d_u19-10 llc-0b16 1 19 0 19 0
l1d_u19-10 llc-0b17 1 19 0 19 0
l1d_u19-10 llc-0b18 1 19 0 19 0
l1d_u19-10 llc-0b19 1 19 0 19 0
l1d_u19-10 llc-0b20 1 19 0 19 0
l1d_u19-10 llc-0b21 1 19 0 19 0
l1d_u19-10 llc-0b22 1 19 0 19 0
l1d_u19-10 llc-0b23 1 19 0 19 0
l1d_u19-10 llc-0b24 1 19 0 19 0
l1d_u19-10 llc-0b25 1 19 0 19 0
l1d_u19-10 llc-0b26 1 19 0 19 0
l1d_u19-10 llc-0b27 1 19 0 19 0
l1d_u19-10 llc-0b28 1 19 0 19 0
l1d_u19-10 llc-0b29 1 19 0 19 0
l1d_u19-10 llc-0b30 1 19 0 19 0
l1d_u19-10 llc-0b31 1 19 0 19 0
l1d_u19-11 llc-0b0 1 19 0 19 0
l1d_u19-11 llc-0b1 1 19 0 19 0
l1d_u19-11 llc-0b2 1 19 0 19 0
l1d_u19-11 llc-0b3 1 19 0 19 0
l1d_u19-11 llc-0b4 1 19 0 19 0
l1d_u19-11 llc-0b5 1 19 0 19 0
l1d_u19-11 llc-0b6 1 19 0 19 0
l1d_u19-11 llc-0b7 1 19 0 19 0
l1d_u19-11 llc-0b8 1 19 0 19 0
l1d_u19-11 llc-0b9 1 19 0 19 0
l1d_u19-11 llc-0b10 1 19 0 19 0
l1d_u19-11 llc-0b11 1 19 0 19 0
l1d_u19-11 llc-0b12 1 19 0 19 0
l1d_u19-11 llc-0b13 1 19 0 19 0
l1d_u19-11 llc-0b14 1 19 0 19 0
l1d_u19-11 llc-0b15 1 19 0 19 0
l1d_u19-11 llc-0b16 1 19 0 19 0
l1d_u19-11 llc-0b17 1 19 0 19 0
l1d_u19-11 llc-0b18 1 19 0 19 0
l1d_u19-11 llc-0b19 1 19 0 19 0
l1d_u19-11 llc-0b20 1 19 0 19 0
l1d_u19-11 llc-0b21 1 19 0 19 0
l1d_u19-11 llc-0b22 1 19 0 19 0
l1d_u19-11 llc-0b23 1 19 0 19 0
l1d_u19-11 llc-0b24 1 19 0 19 0
l1d_u19-11 llc-0b25 1 19 0 19 0
l1d_u19-11 llc-0b26 1 19 0 19 0
l1d_u19-11 llc-0b27 1 19 0 19 0
l1d_u19-11 llc-0b28 1 19 0 19 0
l1d_u19-11 llc-0b29 1 19 0 19 0
l1d_u19-11 llc-0b30 1 19 0 19 0
l1d_u19-11 llc-0b31 1 19 0 19 0
l1d_u19-12 llc-0b0 1 19 0 19 0
l1d_u19-12 llc-0b1 1 19 0 19 0
l1d_u19-12 llc-0b2 1 19 0 19 0
l1d_u19-12 llc-0b3 1 19 0 19 0
l1d_u19-12 llc-0b4 1 19 0 19 0
l1d_u19-12 llc-0b5 1 19 0 19 0
l1d_u19-12 llc-0b6 1 19 0 19 0
l1d_u19-12 llc-0b7 1 19 0 19 0
l1d_u19-12 llc-0b8 1 19 0 19 0
l1d_u19-12 llc-0b9 1 19 0 19 0
l1d_u19-12 llc-0b10 1 19 0 19 0
l1d_u19-12 llc-0b11 1 19 0 19 0
l1d_u19-12 llc-0b12 1 19 0 19 0
l1d_u19-12 llc-0b13 1 19 0 19 0
l1d_u19-12 llc-0b14 1 19 0 19 0
l1d_u19-12 llc-0b15 1 19 0 19 0
l1d_u19-12 llc-0b16 1 19 0 19 0
l1d_u19-12 llc-0b17 1 19 0 19 0
l1d_u19-12 llc-0b18 1 19 0 19 0
l1d_u19-12 llc-0b19 1 19 0 19 0
l1d_u19-12 llc-0b20 1 19 0 19 0
l1d_u19-12 llc-0b21 1 19 0 19 0
l1d_u19-12 llc-0b22 1 19 0 19 0
l1d_u19-12 llc-0b23 1 19 0 19 0
l1d_u19-12 llc-0b24 1 19 0 19 0
l1d_u19-12 llc-0b25 1 19 0 19 0
l1d_u19-12 llc-0b26 1 19 0 19 0
l1d_u19-12 llc-0b27 1 19 0 19 0
l1d_u19-12 llc-0b28 1 19 0 19 0
l1d_u19-12 llc-0b29 1 19 0 19 0
l1d_u19-12 llc-0b30 1 19 0 19 0
l1d_u19-12 llc-0b31 1 19 0 19 0
l1d_u19-13 llc-0b0 1 19 0 19 0
l1d_u19-13 llc-0b1 1 19 0 19 0
l1d_u19-13 llc-0b2 1 19 0 19 0
l1d_u19-13 llc-0b3 1 19 0 19 0
l1d_u19-13 llc-0b4 1 19 0 19 0
l1d_u19-13 llc-0b5 1 19 0 19 0
l1d_u19-13 llc-0b6 1 19 0 19 0
l1d_u19-13 llc-0b7 1 19 0 19 0
l1d_u19-13 llc-0b8 1 19 0 19 0
l1d_u19-13 llc-0b9 1 19 0 19 0
l1d_u19-13 llc-0b10 1 19 0 19 0
l1d_u19-13 llc-0b11 1 19 0 19 0
l1d_u19-13 llc-0b12 1 19 0 19 0
l1d_u19-13 llc-0b13 1 19 0 19 0
l1d_u19-13 llc-0b14 1 19 0 19 0
l1d_u19-13 llc-0b15 1 19 0 19 0
l1d_u19-13 llc-0b16 1 19 0 19 0
l1d_u19-13 llc-0b17 1 19 0 19 0
l1d_u19-13 llc-0b18 1 19 0 19 0
l1d_u19-13 llc-0b19 1 19 0 19 0
l1d_u19-13 llc-0b20 1 19 0 19 0
l1d_u19-13 llc-0b21 1 19 0 19 0
l1d_u19-13 llc-0b22 1 19 0 19 0
l1d_u19-13 llc-0b23 1 19 0 19 0
l1d_u19-13 llc-0b24 1 19 0 19 0
l1d_u19-13 llc-0b25 1 19 0 19 0
l1d_u19-13 llc-0b26 1 19 0 19 0
l1d_u19-13 llc-0b27 1 19 0 19 0
l1d_u19-13 llc-0b28 1 19 0 19 0
l1d_u19-13 llc-0b29 1 19 0 19 0
l1d_u19-13 llc-0b30 1 19 0 19 0
l1d_u19-13 llc-0b31 1 19 0 19 0
l1d_u19-14 llc-0b0 1 19 0 19 0
l1d_u19-14 llc-0b1 1 19 0 19 0
l1d_u19-14 llc-0b2 1 19 0 19 0
l1d_u19-14 llc-0b3 1 19 0 19 0
l1d_u19-14 llc-0b4 1 19 0 19 0
l1d_u19-14 llc-0b5 1 19 0 19 0
l1d_u19-14 llc-0b6 1 19 0 19 0
l1d_u19-14 llc-0b7 1 19 0 19 0
l1d_u19-14 llc-0b8 1 19 0 19 0
l1d_u19-14 llc-0b9 1 19 0 19 0
l1d_u19-14 llc-0b10 1 19 0 19 0
l1d_u19-14 llc-0b11 1 19 0 19 0
l1d_u19-14 llc-0b12 1 19 0 19 0
l1d_u19-14 llc-0b13 1 19 0 19 0
l1d_u19-14 llc-0b14 1 19 0 19 0
l1d_u19-14 llc-0b15 1 19 0 19 0
l1d_u19-14 llc-0b16 1 19 0 19 0
l1d_u19-14 llc-0b17 1 19 0 19 0
l1d_u19-14 llc-0b18 1 19 0 19 0
l1d_u19-14 llc-0b19 1 19 0 19 0
l1d_u19-14 llc-0b20 1 19 0 19 0
l1d_u19-14 llc-0b21 1 19 0 19 0
l1d_u19-14 llc-0b22 1 19 0 19 0
l1d_u19-14 llc-0b23 1 19 0 19 0
l1d_u19-14 llc-0b24 1 19 0 19 0
l1d_u19-14 llc-0b25 1 19 0 19 0
l1d_u19-14 llc-0b26 1 19 0 19 0
l1d_u19-14 llc-0b27 1 19 0 19 0
l1d_u19-14 llc-0b28 1 19 0 19 0
l1d_u19-14 llc-0b29 1 19 0 19 0
l1d_u19-14 llc-0b30 1 19 0 19 0
l1d_u19-14 llc-0b31 1 19 0 19 0
l1d_u19-15 llc-0b0 1 19 0 19 0
l1d_u19-15 llc-0b1 1 19 0 19 0
l1d_u19-15 llc-0b2 1 19 0 19 0
l1d_u19-15 llc-0b3 1 19 0 19 0
l1d_u19-15 llc-0b4 1 19 0 19 0
l1d_u19-15 llc-0b5 1 19 0 19 0
l1d_u19-15 llc-0b6 1 19 0 19 0
l1d_u19-15 llc-0b7 1 19 0 19 0
l1d_u19-15 llc-0b8 1 19 0 19 0
l1d_u19-15 llc-0b9 1 19 0 19 0
l1d_u19-15 llc-0b10 1 19 0 19 0
l1d_u19-15 llc-0b11 1 19 0 19 0
l1d_u19-15 llc-0b12 1 19 0 19 0
l1d_u19-15 llc-0b13 1 19 0 19 0
l1d_u19-15 llc-0b14 1 19 0 19 0
l1d_u19-15 llc-0b15 1 19 0 19 0
l1d_u19-15 llc-0b16 1 19 0 19 0
l1d_u19-15 llc-0b17 1 19 0 19 0
l1d_u19-15 llc-0b18 1 19 0 19 0
l1d_u19-15 llc-0b19 1 19 0 19 0
l1d_u19-15 llc-0b20 1 19 0 19 0
l1d_u19-15 llc-0b21 1 19 0 19 0
l1d_u19-15 llc-0b22 1 19 0 19 0
l1d_u19-15 llc-0b23 1 19 0 19 0
l1d_u19-15 llc-0b24 1 19 0 19 0
l1d_u19-15 llc-0b25 1 19 0 19 0
l1d_u19-15 llc-0b26 1 19 0 19 0
l1d_u19-15 llc-0b27 1 19 0 19 0
l1d_u19-15 llc-0b28 1 19 0 19 0
l1d_u19-15 llc-0b29 1 19 0 19 0
l1d_u19-15 llc-0b30 1 19 0 19 0
l1d_u19-15 llc-0b31 1 19 0 19 0
l1i_u20-0 llc-0b0 1 20 0 20 0
l1i_u20-0 llc-0b1 1 20 0 20 0
l1i_u20-0 llc-0b2 1 20 0 20 0
l1i_u20-0 llc-0b3 1 20 0 20 0
l1i_u20-0 llc-0b4 1 20 0 20 0
l1i_u20-0 llc-0b5 1 20 0 20 0
l1i_u20-0 llc-0b6 1 20 0 20 0
l1i_u20-0 llc-0b7 1 20 0 20 0
l1i_u20-0 llc-0b8 1 20 0 20 0
l1i_u20-0 llc-0b9 1 20 0 20 0
l1i_u20-0 llc-0b10 1 20 0 20 0
l1i_u20-0 llc-0b11 1 20 0 20 0
l1i_u20-0 llc-0b12 1 20 0 20 0
l1i_u20-0 llc-0b13 1 20 0 20 0
l1i_u20-0 llc-0b14 1 20 0 20 0
l1i_u20-0 llc-0b15 1 20 0 20 0
l1i_u20-0 llc-0b16 1 20 0 20 0
l1i_u20-0 llc-0b17 1 20 0 20 0
l1i_u20-0 llc-0b18 1 20 0 20 0
l1i_u20-0 llc-0b19 1 20 0 20 0
l1i_u20-0 llc-0b20 1 20 0 20 0
l1i_u20-0 llc-0b21 1 20 0 20 0
l1i_u20-0 llc-0b22 1 20 0 20 0
l1i_u20-0 llc-0b23 1 20 0 20 0
l1i_u20-0 llc-0b24 1 20 0 20 0
l1i_u20-0 llc-0b25 1 20 0 20 0
l1i_u20-0 llc-0b26 1 20 0 20 0
l1i_u20-0 llc-0b27 1 20 0 20 0
l1i_u20-0 llc-0b28 1 20 0 20 0
l1i_u20-0 llc-0b29 1 20 0 20 0
l1i_u20-0 llc-0b30 1 20 0 20 0
l1i_u20-0 llc-0b31 1 20 0 20 0
l1i_u20-1 llc-0b0 1 20 0 20 0
l1i_u20-1 llc-0b1 1 20 0 20 0
l1i_u20-1 llc-0b2 1 20 0 20 0
l1i_u20-1 llc-0b3 1 20 0 20 0
l1i_u20-1 llc-0b4 1 20 0 20 0
l1i_u20-1 llc-0b5 1 20 0 20 0
l1i_u20-1 llc-0b6 1 20 0 20 0
l1i_u20-1 llc-0b7 1 20 0 20 0
l1i_u20-1 llc-0b8 1 20 0 20 0
l1i_u20-1 llc-0b9 1 20 0 20 0
l1i_u20-1 llc-0b10 1 20 0 20 0
l1i_u20-1 llc-0b11 1 20 0 20 0
l1i_u20-1 llc-0b12 1 20 0 20 0
l1i_u20-1 llc-0b13 1 20 0 20 0
l1i_u20-1 llc-0b14 1 20 0 20 0
l1i_u20-1 llc-0b15 1 20 0 20 0
l1i_u20-1 llc-0b16 1 20 0 20 0
l1i_u20-1 llc-0b17 1 20 0 20 0
l1i_u20-1 llc-0b18 1 20 0 20 0
l1i_u20-1 llc-0b19 1 20 0 20 0
l1i_u20-1 llc-0b20 1 20 0 20 0
l1i_u20-1 llc-0b21 1 20 0 20 0
l1i_u20-1 llc-0b22 1 20 0 20 0
l1i_u20-1 llc-0b23 1 20 0 20 0
l1i_u20-1 llc-0b24 1 20 0 20 0
l1i_u20-1 llc-0b25 1 20 0 20 0
l1i_u20-1 llc-0b26 1 20 0 20 0
l1i_u20-1 llc-0b27 1 20 0 20 0
l1i_u20-1 llc-0b28 1 20 0 20 0
l1i_u20-1 llc-0b29 1 20 0 20 0
l1i_u20-1 llc-0b30 1 20 0 20 0
l1i_u20-1 llc-0b31 1 20 0 20 0
l1i_u20-2 llc-0b0 1 20 0 20 0
l1i_u20-2 llc-0b1 1 20 0 20 0
l1i_u20-2 llc-0b2 1 20 0 20 0
l1i_u20-2 llc-0b3 1 20 0 20 0
l1i_u20-2 llc-0b4 1 20 0 20 0
l1i_u20-2 llc-0b5 1 20 0 20 0
l1i_u20-2 llc-0b6 1 20 0 20 0
l1i_u20-2 llc-0b7 1 20 0 20 0
l1i_u20-2 llc-0b8 1 20 0 20 0
l1i_u20-2 llc-0b9 1 20 0 20 0
l1i_u20-2 llc-0b10 1 20 0 20 0
l1i_u20-2 llc-0b11 1 20 0 20 0
l1i_u20-2 llc-0b12 1 20 0 20 0
l1i_u20-2 llc-0b13 1 20 0 20 0
l1i_u20-2 llc-0b14 1 20 0 20 0
l1i_u20-2 llc-0b15 1 20 0 20 0
l1i_u20-2 llc-0b16 1 20 0 20 0
l1i_u20-2 llc-0b17 1 20 0 20 0
l1i_u20-2 llc-0b18 1 20 0 20 0
l1i_u20-2 llc-0b19 1 20 0 20 0
l1i_u20-2 llc-0b20 1 20 0 20 0
l1i_u20-2 llc-0b21 1 20 0 20 0
l1i_u20-2 llc-0b22 1 20 0 20 0
l1i_u20-2 llc-0b23 1 20 0 20 0
l1i_u20-2 llc-0b24 1 20 0 20 0
l1i_u20-2 llc-0b25 1 20 0 20 0
l1i_u20-2 llc-0b26 1 20 0 20 0
l1i_u20-2 llc-0b27 1 20 0 20 0
l1i_u20-2 llc-0b28 1 20 0 20 0
l1i_u20-2 llc-0b29 1 20 0 20 0
l1i_u20-2 llc-0b30 1 20 0 20 0
l1i_u20-2 llc-0b31 1 20 0 20 0
l1i_u20-3 llc-0b0 1 20 0 20 0
l1i_u20-3 llc-0b1 1 20 0 20 0
l1i_u20-3 llc-0b2 1 20 0 20 0
l1i_u20-3 llc-0b3 1 20 0 20 0
l1i_u20-3 llc-0b4 1 20 0 20 0
l1i_u20-3 llc-0b5 1 20 0 20 0
l1i_u20-3 llc-0b6 1 20 0 20 0
l1i_u20-3 llc-0b7 1 20 0 20 0
l1i_u20-3 llc-0b8 1 20 0 20 0
l1i_u20-3 llc-0b9 1 20 0 20 0
l1i_u20-3 llc-0b10 1 20 0 20 0
l1i_u20-3 llc-0b11 1 20 0 20 0
l1i_u20-3 llc-0b12 1 20 0 20 0
l1i_u20-3 llc-0b13 1 20 0 20 0
l1i_u20-3 llc-0b14 1 20 0 20 0
l1i_u20-3 llc-0b15 1 20 0 20 0
l1i_u20-3 llc-0b16 1 20 0 20 0
l1i_u20-3 llc-0b17 1 20 0 20 0
l1i_u20-3 llc-0b18 1 20 0 20 0
l1i_u20-3 llc-0b19 1 20 0 20 0
l1i_u20-3 llc-0b20 1 20 0 20 0
l1i_u20-3 llc-0b21 1 20 0 20 0
l1i_u20-3 llc-0b22 1 20 0 20 0
l1i_u20-3 llc-0b23 1 20 0 20 0
l1i_u20-3 llc-0b24 1 20 0 20 0
l1i_u20-3 llc-0b25 1 20 0 20 0
l1i_u20-3 llc-0b26 1 20 0 20 0
l1i_u20-3 llc-0b27 1 20 0 20 0
l1i_u20-3 llc-0b28 1 20 0 20 0
l1i_u20-3 llc-0b29 1 20 0 20 0
l1i_u20-3 llc-0b30 1 20 0 20 0
l1i_u20-3 llc-0b31 1 20 0 20 0
l1i_u20-4 llc-0b0 1 20 0 20 0
l1i_u20-4 llc-0b1 1 20 0 20 0
l1i_u20-4 llc-0b2 1 20 0 20 0
l1i_u20-4 llc-0b3 1 20 0 20 0
l1i_u20-4 llc-0b4 1 20 0 20 0
l1i_u20-4 llc-0b5 1 20 0 20 0
l1i_u20-4 llc-0b6 1 20 0 20 0
l1i_u20-4 llc-0b7 1 20 0 20 0
l1i_u20-4 llc-0b8 1 20 0 20 0
l1i_u20-4 llc-0b9 1 20 0 20 0
l1i_u20-4 llc-0b10 1 20 0 20 0
l1i_u20-4 llc-0b11 1 20 0 20 0
l1i_u20-4 llc-0b12 1 20 0 20 0
l1i_u20-4 llc-0b13 1 20 0 20 0
l1i_u20-4 llc-0b14 1 20 0 20 0
l1i_u20-4 llc-0b15 1 20 0 20 0
l1i_u20-4 llc-0b16 1 20 0 20 0
l1i_u20-4 llc-0b17 1 20 0 20 0
l1i_u20-4 llc-0b18 1 20 0 20 0
l1i_u20-4 llc-0b19 1 20 0 20 0
l1i_u20-4 llc-0b20 1 20 0 20 0
l1i_u20-4 llc-0b21 1 20 0 20 0
l1i_u20-4 llc-0b22 1 20 0 20 0
l1i_u20-4 llc-0b23 1 20 0 20 0
l1i_u20-4 llc-0b24 1 20 0 20 0
l1i_u20-4 llc-0b25 1 20 0 20 0
l1i_u20-4 llc-0b26 1 20 0 20 0
l1i_u20-4 llc-0b27 1 20 0 20 0
l1i_u20-4 llc-0b28 1 20 0 20 0
l1i_u20-4 llc-0b29 1 20 0 20 0
l1i_u20-4 llc-0b30 1 20 0 20 0
l1i_u20-4 llc-0b31 1 20 0 20 0
l1i_u20-5 llc-0b0 1 20 0 20 0
l1i_u20-5 llc-0b1 1 20 0 20 0
l1i_u20-5 llc-0b2 1 20 0 20 0
l1i_u20-5 llc-0b3 1 20 0 20 0
l1i_u20-5 llc-0b4 1 20 0 20 0
l1i_u20-5 llc-0b5 1 20 0 20 0
l1i_u20-5 llc-0b6 1 20 0 20 0
l1i_u20-5 llc-0b7 1 20 0 20 0
l1i_u20-5 llc-0b8 1 20 0 20 0
l1i_u20-5 llc-0b9 1 20 0 20 0
l1i_u20-5 llc-0b10 1 20 0 20 0
l1i_u20-5 llc-0b11 1 20 0 20 0
l1i_u20-5 llc-0b12 1 20 0 20 0
l1i_u20-5 llc-0b13 1 20 0 20 0
l1i_u20-5 llc-0b14 1 20 0 20 0
l1i_u20-5 llc-0b15 1 20 0 20 0
l1i_u20-5 llc-0b16 1 20 0 20 0
l1i_u20-5 llc-0b17 1 20 0 20 0
l1i_u20-5 llc-0b18 1 20 0 20 0
l1i_u20-5 llc-0b19 1 20 0 20 0
l1i_u20-5 llc-0b20 1 20 0 20 0
l1i_u20-5 llc-0b21 1 20 0 20 0
l1i_u20-5 llc-0b22 1 20 0 20 0
l1i_u20-5 llc-0b23 1 20 0 20 0
l1i_u20-5 llc-0b24 1 20 0 20 0
l1i_u20-5 llc-0b25 1 20 0 20 0
l1i_u20-5 llc-0b26 1 20 0 20 0
l1i_u20-5 llc-0b27 1 20 0 20 0
l1i_u20-5 llc-0b28 1 20 0 20 0
l1i_u20-5 llc-0b29 1 20 0 20 0
l1i_u20-5 llc-0b30 1 20 0 20 0
l1i_u20-5 llc-0b31 1 20 0 20 0
l1i_u20-6 llc-0b0 1 20 0 20 0
l1i_u20-6 llc-0b1 1 20 0 20 0
l1i_u20-6 llc-0b2 1 20 0 20 0
l1i_u20-6 llc-0b3 1 20 0 20 0
l1i_u20-6 llc-0b4 1 20 0 20 0
l1i_u20-6 llc-0b5 1 20 0 20 0
l1i_u20-6 llc-0b6 1 20 0 20 0
l1i_u20-6 llc-0b7 1 20 0 20 0
l1i_u20-6 llc-0b8 1 20 0 20 0
l1i_u20-6 llc-0b9 1 20 0 20 0
l1i_u20-6 llc-0b10 1 20 0 20 0
l1i_u20-6 llc-0b11 1 20 0 20 0
l1i_u20-6 llc-0b12 1 20 0 20 0
l1i_u20-6 llc-0b13 1 20 0 20 0
l1i_u20-6 llc-0b14 1 20 0 20 0
l1i_u20-6 llc-0b15 1 20 0 20 0
l1i_u20-6 llc-0b16 1 20 0 20 0
l1i_u20-6 llc-0b17 1 20 0 20 0
l1i_u20-6 llc-0b18 1 20 0 20 0
l1i_u20-6 llc-0b19 1 20 0 20 0
l1i_u20-6 llc-0b20 1 20 0 20 0
l1i_u20-6 llc-0b21 1 20 0 20 0
l1i_u20-6 llc-0b22 1 20 0 20 0
l1i_u20-6 llc-0b23 1 20 0 20 0
l1i_u20-6 llc-0b24 1 20 0 20 0
l1i_u20-6 llc-0b25 1 20 0 20 0
l1i_u20-6 llc-0b26 1 20 0 20 0
l1i_u20-6 llc-0b27 1 20 0 20 0
l1i_u20-6 llc-0b28 1 20 0 20 0
l1i_u20-6 llc-0b29 1 20 0 20 0
l1i_u20-6 llc-0b30 1 20 0 20 0
l1i_u20-6 llc-0b31 1 20 0 20 0
l1i_u20-7 llc-0b0 1 20 0 20 0
l1i_u20-7 llc-0b1 1 20 0 20 0
l1i_u20-7 llc-0b2 1 20 0 20 0
l1i_u20-7 llc-0b3 1 20 0 20 0
l1i_u20-7 llc-0b4 1 20 0 20 0
l1i_u20-7 llc-0b5 1 20 0 20 0
l1i_u20-7 llc-0b6 1 20 0 20 0
l1i_u20-7 llc-0b7 1 20 0 20 0
l1i_u20-7 llc-0b8 1 20 0 20 0
l1i_u20-7 llc-0b9 1 20 0 20 0
l1i_u20-7 llc-0b10 1 20 0 20 0
l1i_u20-7 llc-0b11 1 20 0 20 0
l1i_u20-7 llc-0b12 1 20 0 20 0
l1i_u20-7 llc-0b13 1 20 0 20 0
l1i_u20-7 llc-0b14 1 20 0 20 0
l1i_u20-7 llc-0b15 1 20 0 20 0
l1i_u20-7 llc-0b16 1 20 0 20 0
l1i_u20-7 llc-0b17 1 20 0 20 0
l1i_u20-7 llc-0b18 1 20 0 20 0
l1i_u20-7 llc-0b19 1 20 0 20 0
l1i_u20-7 llc-0b20 1 20 0 20 0
l1i_u20-7 llc-0b21 1 20 0 20 0
l1i_u20-7 llc-0b22 1 20 0 20 0
l1i_u20-7 llc-0b23 1 20 0 20 0
l1i_u20-7 llc-0b24 1 20 0 20 0
l1i_u20-7 llc-0b25 1 20 0 20 0
l1i_u20-7 llc-0b26 1 20 0 20 0
l1i_u20-7 llc-0b27 1 20 0 20 0
l1i_u20-7 llc-0b28 1 20 0 20 0
l1i_u20-7 llc-0b29 1 20 0 20 0
l1i_u20-7 llc-0b30 1 20 0 20 0
l1i_u20-7 llc-0b31 1 20 0 20 0
l1i_u20-8 llc-0b0 1 20 0 20 0
l1i_u20-8 llc-0b1 1 20 0 20 0
l1i_u20-8 llc-0b2 1 20 0 20 0
l1i_u20-8 llc-0b3 1 20 0 20 0
l1i_u20-8 llc-0b4 1 20 0 20 0
l1i_u20-8 llc-0b5 1 20 0 20 0
l1i_u20-8 llc-0b6 1 20 0 20 0
l1i_u20-8 llc-0b7 1 20 0 20 0
l1i_u20-8 llc-0b8 1 20 0 20 0
l1i_u20-8 llc-0b9 1 20 0 20 0
l1i_u20-8 llc-0b10 1 20 0 20 0
l1i_u20-8 llc-0b11 1 20 0 20 0
l1i_u20-8 llc-0b12 1 20 0 20 0
l1i_u20-8 llc-0b13 1 20 0 20 0
l1i_u20-8 llc-0b14 1 20 0 20 0
l1i_u20-8 llc-0b15 1 20 0 20 0
l1i_u20-8 llc-0b16 1 20 0 20 0
l1i_u20-8 llc-0b17 1 20 0 20 0
l1i_u20-8 llc-0b18 1 20 0 20 0
l1i_u20-8 llc-0b19 1 20 0 20 0
l1i_u20-8 llc-0b20 1 20 0 20 0
l1i_u20-8 llc-0b21 1 20 0 20 0
l1i_u20-8 llc-0b22 1 20 0 20 0
l1i_u20-8 llc-0b23 1 20 0 20 0
l1i_u20-8 llc-0b24 1 20 0 20 0
l1i_u20-8 llc-0b25 1 20 0 20 0
l1i_u20-8 llc-0b26 1 20 0 20 0
l1i_u20-8 llc-0b27 1 20 0 20 0
l1i_u20-8 llc-0b28 1 20 0 20 0
l1i_u20-8 llc-0b29 1 20 0 20 0
l1i_u20-8 llc-0b30 1 20 0 20 0
l1i_u20-8 llc-0b31 1 20 0 20 0
l1i_u20-9 llc-0b0 1 20 0 20 0
l1i_u20-9 llc-0b1 1 20 0 20 0
l1i_u20-9 llc-0b2 1 20 0 20 0
l1i_u20-9 llc-0b3 1 20 0 20 0
l1i_u20-9 llc-0b4 1 20 0 20 0
l1i_u20-9 llc-0b5 1 20 0 20 0
l1i_u20-9 llc-0b6 1 20 0 20 0
l1i_u20-9 llc-0b7 1 20 0 20 0
l1i_u20-9 llc-0b8 1 20 0 20 0
l1i_u20-9 llc-0b9 1 20 0 20 0
l1i_u20-9 llc-0b10 1 20 0 20 0
l1i_u20-9 llc-0b11 1 20 0 20 0
l1i_u20-9 llc-0b12 1 20 0 20 0
l1i_u20-9 llc-0b13 1 20 0 20 0
l1i_u20-9 llc-0b14 1 20 0 20 0
l1i_u20-9 llc-0b15 1 20 0 20 0
l1i_u20-9 llc-0b16 1 20 0 20 0
l1i_u20-9 llc-0b17 1 20 0 20 0
l1i_u20-9 llc-0b18 1 20 0 20 0
l1i_u20-9 llc-0b19 1 20 0 20 0
l1i_u20-9 llc-0b20 1 20 0 20 0
l1i_u20-9 llc-0b21 1 20 0 20 0
l1i_u20-9 llc-0b22 1 20 0 20 0
l1i_u20-9 llc-0b23 1 20 0 20 0
l1i_u20-9 llc-0b24 1 20 0 20 0
l1i_u20-9 llc-0b25 1 20 0 20 0
l1i_u20-9 llc-0b26 1 20 0 20 0
l1i_u20-9 llc-0b27 1 20 0 20 0
l1i_u20-9 llc-0b28 1 20 0 20 0
l1i_u20-9 llc-0b29 1 20 0 20 0
l1i_u20-9 llc-0b30 1 20 0 20 0
l1i_u20-9 llc-0b31 1 20 0 20 0
l1i_u20-10 llc-0b0 1 20 0 20 0
l1i_u20-10 llc-0b1 1 20 0 20 0
l1i_u20-10 llc-0b2 1 20 0 20 0
l1i_u20-10 llc-0b3 1 20 0 20 0
l1i_u20-10 llc-0b4 1 20 0 20 0
l1i_u20-10 llc-0b5 1 20 0 20 0
l1i_u20-10 llc-0b6 1 20 0 20 0
l1i_u20-10 llc-0b7 1 20 0 20 0
l1i_u20-10 llc-0b8 1 20 0 20 0
l1i_u20-10 llc-0b9 1 20 0 20 0
l1i_u20-10 llc-0b10 1 20 0 20 0
l1i_u20-10 llc-0b11 1 20 0 20 0
l1i_u20-10 llc-0b12 1 20 0 20 0
l1i_u20-10 llc-0b13 1 20 0 20 0
l1i_u20-10 llc-0b14 1 20 0 20 0
l1i_u20-10 llc-0b15 1 20 0 20 0
l1i_u20-10 llc-0b16 1 20 0 20 0
l1i_u20-10 llc-0b17 1 20 0 20 0
l1i_u20-10 llc-0b18 1 20 0 20 0
l1i_u20-10 llc-0b19 1 20 0 20 0
l1i_u20-10 llc-0b20 1 20 0 20 0
l1i_u20-10 llc-0b21 1 20 0 20 0
l1i_u20-10 llc-0b22 1 20 0 20 0
l1i_u20-10 llc-0b23 1 20 0 20 0
l1i_u20-10 llc-0b24 1 20 0 20 0
l1i_u20-10 llc-0b25 1 20 0 20 0
l1i_u20-10 llc-0b26 1 20 0 20 0
l1i_u20-10 llc-0b27 1 20 0 20 0
l1i_u20-10 llc-0b28 1 20 0 20 0
l1i_u20-10 llc-0b29 1 20 0 20 0
l1i_u20-10 llc-0b30 1 20 0 20 0
l1i_u20-10 llc-0b31 1 20 0 20 0
l1i_u20-11 llc-0b0 1 20 0 20 0
l1i_u20-11 llc-0b1 1 20 0 20 0
l1i_u20-11 llc-0b2 1 20 0 20 0
l1i_u20-11 llc-0b3 1 20 0 20 0
l1i_u20-11 llc-0b4 1 20 0 20 0
l1i_u20-11 llc-0b5 1 20 0 20 0
l1i_u20-11 llc-0b6 1 20 0 20 0
l1i_u20-11 llc-0b7 1 20 0 20 0
l1i_u20-11 llc-0b8 1 20 0 20 0
l1i_u20-11 llc-0b9 1 20 0 20 0
l1i_u20-11 llc-0b10 1 20 0 20 0
l1i_u20-11 llc-0b11 1 20 0 20 0
l1i_u20-11 llc-0b12 1 20 0 20 0
l1i_u20-11 llc-0b13 1 20 0 20 0
l1i_u20-11 llc-0b14 1 20 0 20 0
l1i_u20-11 llc-0b15 1 20 0 20 0
l1i_u20-11 llc-0b16 1 20 0 20 0
l1i_u20-11 llc-0b17 1 20 0 20 0
l1i_u20-11 llc-0b18 1 20 0 20 0
l1i_u20-11 llc-0b19 1 20 0 20 0
l1i_u20-11 llc-0b20 1 20 0 20 0
l1i_u20-11 llc-0b21 1 20 0 20 0
l1i_u20-11 llc-0b22 1 20 0 20 0
l1i_u20-11 llc-0b23 1 20 0 20 0
l1i_u20-11 llc-0b24 1 20 0 20 0
l1i_u20-11 llc-0b25 1 20 0 20 0
l1i_u20-11 llc-0b26 1 20 0 20 0
l1i_u20-11 llc-0b27 1 20 0 20 0
l1i_u20-11 llc-0b28 1 20 0 20 0
l1i_u20-11 llc-0b29 1 20 0 20 0
l1i_u20-11 llc-0b30 1 20 0 20 0
l1i_u20-11 llc-0b31 1 20 0 20 0
l1i_u20-12 llc-0b0 1 20 0 20 0
l1i_u20-12 llc-0b1 1 20 0 20 0
l1i_u20-12 llc-0b2 1 20 0 20 0
l1i_u20-12 llc-0b3 1 20 0 20 0
l1i_u20-12 llc-0b4 1 20 0 20 0
l1i_u20-12 llc-0b5 1 20 0 20 0
l1i_u20-12 llc-0b6 1 20 0 20 0
l1i_u20-12 llc-0b7 1 20 0 20 0
l1i_u20-12 llc-0b8 1 20 0 20 0
l1i_u20-12 llc-0b9 1 20 0 20 0
l1i_u20-12 llc-0b10 1 20 0 20 0
l1i_u20-12 llc-0b11 1 20 0 20 0
l1i_u20-12 llc-0b12 1 20 0 20 0
l1i_u20-12 llc-0b13 1 20 0 20 0
l1i_u20-12 llc-0b14 1 20 0 20 0
l1i_u20-12 llc-0b15 1 20 0 20 0
l1i_u20-12 llc-0b16 1 20 0 20 0
l1i_u20-12 llc-0b17 1 20 0 20 0
l1i_u20-12 llc-0b18 1 20 0 20 0
l1i_u20-12 llc-0b19 1 20 0 20 0
l1i_u20-12 llc-0b20 1 20 0 20 0
l1i_u20-12 llc-0b21 1 20 0 20 0
l1i_u20-12 llc-0b22 1 20 0 20 0
l1i_u20-12 llc-0b23 1 20 0 20 0
l1i_u20-12 llc-0b24 1 20 0 20 0
l1i_u20-12 llc-0b25 1 20 0 20 0
l1i_u20-12 llc-0b26 1 20 0 20 0
l1i_u20-12 llc-0b27 1 20 0 20 0
l1i_u20-12 llc-0b28 1 20 0 20 0
l1i_u20-12 llc-0b29 1 20 0 20 0
l1i_u20-12 llc-0b30 1 20 0 20 0
l1i_u20-12 llc-0b31 1 20 0 20 0
l1i_u20-13 llc-0b0 1 20 0 20 0
l1i_u20-13 llc-0b1 1 20 0 20 0
l1i_u20-13 llc-0b2 1 20 0 20 0
l1i_u20-13 llc-0b3 1 20 0 20 0
l1i_u20-13 llc-0b4 1 20 0 20 0
l1i_u20-13 llc-0b5 1 20 0 20 0
l1i_u20-13 llc-0b6 1 20 0 20 0
l1i_u20-13 llc-0b7 1 20 0 20 0
l1i_u20-13 llc-0b8 1 20 0 20 0
l1i_u20-13 llc-0b9 1 20 0 20 0
l1i_u20-13 llc-0b10 1 20 0 20 0
l1i_u20-13 llc-0b11 1 20 0 20 0
l1i_u20-13 llc-0b12 1 20 0 20 0
l1i_u20-13 llc-0b13 1 20 0 20 0
l1i_u20-13 llc-0b14 1 20 0 20 0
l1i_u20-13 llc-0b15 1 20 0 20 0
l1i_u20-13 llc-0b16 1 20 0 20 0
l1i_u20-13 llc-0b17 1 20 0 20 0
l1i_u20-13 llc-0b18 1 20 0 20 0
l1i_u20-13 llc-0b19 1 20 0 20 0
l1i_u20-13 llc-0b20 1 20 0 20 0
l1i_u20-13 llc-0b21 1 20 0 20 0
l1i_u20-13 llc-0b22 1 20 0 20 0
l1i_u20-13 llc-0b23 1 20 0 20 0
l1i_u20-13 llc-0b24 1 20 0 20 0
l1i_u20-13 llc-0b25 1 20 0 20 0
l1i_u20-13 llc-0b26 1 20 0 20 0
l1i_u20-13 llc-0b27 1 20 0 20 0
l1i_u20-13 llc-0b28 1 20 0 20 0
l1i_u20-13 llc-0b29 1 20 0 20 0
l1i_u20-13 llc-0b30 1 20 0 20 0
l1i_u20-13 llc-0b31 1 20 0 20 0
l1i_u20-14 llc-0b0 1 20 0 20 0
l1i_u20-14 llc-0b1 1 20 0 20 0
l1i_u20-14 llc-0b2 1 20 0 20 0
l1i_u20-14 llc-0b3 1 20 0 20 0
l1i_u20-14 llc-0b4 1 20 0 20 0
l1i_u20-14 llc-0b5 1 20 0 20 0
l1i_u20-14 llc-0b6 1 20 0 20 0
l1i_u20-14 llc-0b7 1 20 0 20 0
l1i_u20-14 llc-0b8 1 20 0 20 0
l1i_u20-14 llc-0b9 1 20 0 20 0
l1i_u20-14 llc-0b10 1 20 0 20 0
l1i_u20-14 llc-0b11 1 20 0 20 0
l1i_u20-14 llc-0b12 1 20 0 20 0
l1i_u20-14 llc-0b13 1 20 0 20 0
l1i_u20-14 llc-0b14 1 20 0 20 0
l1i_u20-14 llc-0b15 1 20 0 20 0
l1i_u20-14 llc-0b16 1 20 0 20 0
l1i_u20-14 llc-0b17 1 20 0 20 0
l1i_u20-14 llc-0b18 1 20 0 20 0
l1i_u20-14 llc-0b19 1 20 0 20 0
l1i_u20-14 llc-0b20 1 20 0 20 0
l1i_u20-14 llc-0b21 1 20 0 20 0
l1i_u20-14 llc-0b22 1 20 0 20 0
l1i_u20-14 llc-0b23 1 20 0 20 0
l1i_u20-14 llc-0b24 1 20 0 20 0
l1i_u20-14 llc-0b25 1 20 0 20 0
l1i_u20-14 llc-0b26 1 20 0 20 0
l1i_u20-14 llc-0b27 1 20 0 20 0
l1i_u20-14 llc-0b28 1 20 0 20 0
l1i_u20-14 llc-0b29 1 20 0 20 0
l1i_u20-14 llc-0b30 1 20 0 20 0
l1i_u20-14 llc-0b31 1 20 0 20 0
l1i_u20-15 llc-0b0 1 20 0 20 0
l1i_u20-15 llc-0b1 1 20 0 20 0
l1i_u20-15 llc-0b2 1 20 0 20 0
l1i_u20-15 llc-0b3 1 20 0 20 0
l1i_u20-15 llc-0b4 1 20 0 20 0
l1i_u20-15 llc-0b5 1 20 0 20 0
l1i_u20-15 llc-0b6 1 20 0 20 0
l1i_u20-15 llc-0b7 1 20 0 20 0
l1i_u20-15 llc-0b8 1 20 0 20 0
l1i_u20-15 llc-0b9 1 20 0 20 0
l1i_u20-15 llc-0b10 1 20 0 20 0
l1i_u20-15 llc-0b11 1 20 0 20 0
l1i_u20-15 llc-0b12 1 20 0 20 0
l1i_u20-15 llc-0b13 1 20 0 20 0
l1i_u20-15 llc-0b14 1 20 0 20 0
l1i_u20-15 llc-0b15 1 20 0 20 0
l1i_u20-15 llc-0b16 1 20 0 20 0
l1i_u20-15 llc-0b17 1 20 0 20 0
l1i_u20-15 llc-0b18 1 20 0 20 0
l1i_u20-15 llc-0b19 1 20 0 20 0
l1i_u20-15 llc-0b20 1 20 0 20 0
l1i_u20-15 llc-0b21 1 20 0 20 0
l1i_u20-15 llc-0b22 1 20 0 20 0
l1i_u20-15 llc-0b23 1 20 0 20 0
l1i_u20-15 llc-0b24 1 20 0 20 0
l1i_u20-15 llc-0b25 1 20 0 20 0
l1i_u20-15 llc-0b26 1 20 0 20 0
l1i_u20-15 llc-0b27 1 20 0 20 0
l1i_u20-15 llc-0b28 1 20 0 20 0
l1i_u20-15 llc-0b29 1 20 0 20 0
l1i_u20-15 llc-0b30 1 20 0 20 0
l1i_u20-15 llc-0b31 1 20 0 20 0
l1d_u20-0 llc-0b0 1 20 0 20 0
l1d_u20-0 llc-0b1 1 20 0 20 0
l1d_u20-0 llc-0b2 1 20 0 20 0
l1d_u20-0 llc-0b3 1 20 0 20 0
l1d_u20-0 llc-0b4 1 20 0 20 0
l1d_u20-0 llc-0b5 1 20 0 20 0
l1d_u20-0 llc-0b6 1 20 0 20 0
l1d_u20-0 llc-0b7 1 20 0 20 0
l1d_u20-0 llc-0b8 1 20 0 20 0
l1d_u20-0 llc-0b9 1 20 0 20 0
l1d_u20-0 llc-0b10 1 20 0 20 0
l1d_u20-0 llc-0b11 1 20 0 20 0
l1d_u20-0 llc-0b12 1 20 0 20 0
l1d_u20-0 llc-0b13 1 20 0 20 0
l1d_u20-0 llc-0b14 1 20 0 20 0
l1d_u20-0 llc-0b15 1 20 0 20 0
l1d_u20-0 llc-0b16 1 20 0 20 0
l1d_u20-0 llc-0b17 1 20 0 20 0
l1d_u20-0 llc-0b18 1 20 0 20 0
l1d_u20-0 llc-0b19 1 20 0 20 0
l1d_u20-0 llc-0b20 1 20 0 20 0
l1d_u20-0 llc-0b21 1 20 0 20 0
l1d_u20-0 llc-0b22 1 20 0 20 0
l1d_u20-0 llc-0b23 1 20 0 20 0
l1d_u20-0 llc-0b24 1 20 0 20 0
l1d_u20-0 llc-0b25 1 20 0 20 0
l1d_u20-0 llc-0b26 1 20 0 20 0
l1d_u20-0 llc-0b27 1 20 0 20 0
l1d_u20-0 llc-0b28 1 20 0 20 0
l1d_u20-0 llc-0b29 1 20 0 20 0
l1d_u20-0 llc-0b30 1 20 0 20 0
l1d_u20-0 llc-0b31 1 20 0 20 0
l1d_u20-1 llc-0b0 1 20 0 20 0
l1d_u20-1 llc-0b1 1 20 0 20 0
l1d_u20-1 llc-0b2 1 20 0 20 0
l1d_u20-1 llc-0b3 1 20 0 20 0
l1d_u20-1 llc-0b4 1 20 0 20 0
l1d_u20-1 llc-0b5 1 20 0 20 0
l1d_u20-1 llc-0b6 1 20 0 20 0
l1d_u20-1 llc-0b7 1 20 0 20 0
l1d_u20-1 llc-0b8 1 20 0 20 0
l1d_u20-1 llc-0b9 1 20 0 20 0
l1d_u20-1 llc-0b10 1 20 0 20 0
l1d_u20-1 llc-0b11 1 20 0 20 0
l1d_u20-1 llc-0b12 1 20 0 20 0
l1d_u20-1 llc-0b13 1 20 0 20 0
l1d_u20-1 llc-0b14 1 20 0 20 0
l1d_u20-1 llc-0b15 1 20 0 20 0
l1d_u20-1 llc-0b16 1 20 0 20 0
l1d_u20-1 llc-0b17 1 20 0 20 0
l1d_u20-1 llc-0b18 1 20 0 20 0
l1d_u20-1 llc-0b19 1 20 0 20 0
l1d_u20-1 llc-0b20 1 20 0 20 0
l1d_u20-1 llc-0b21 1 20 0 20 0
l1d_u20-1 llc-0b22 1 20 0 20 0
l1d_u20-1 llc-0b23 1 20 0 20 0
l1d_u20-1 llc-0b24 1 20 0 20 0
l1d_u20-1 llc-0b25 1 20 0 20 0
l1d_u20-1 llc-0b26 1 20 0 20 0
l1d_u20-1 llc-0b27 1 20 0 20 0
l1d_u20-1 llc-0b28 1 20 0 20 0
l1d_u20-1 llc-0b29 1 20 0 20 0
l1d_u20-1 llc-0b30 1 20 0 20 0
l1d_u20-1 llc-0b31 1 20 0 20 0
l1d_u20-2 llc-0b0 1 20 0 20 0
l1d_u20-2 llc-0b1 1 20 0 20 0
l1d_u20-2 llc-0b2 1 20 0 20 0
l1d_u20-2 llc-0b3 1 20 0 20 0
l1d_u20-2 llc-0b4 1 20 0 20 0
l1d_u20-2 llc-0b5 1 20 0 20 0
l1d_u20-2 llc-0b6 1 20 0 20 0
l1d_u20-2 llc-0b7 1 20 0 20 0
l1d_u20-2 llc-0b8 1 20 0 20 0
l1d_u20-2 llc-0b9 1 20 0 20 0
l1d_u20-2 llc-0b10 1 20 0 20 0
l1d_u20-2 llc-0b11 1 20 0 20 0
l1d_u20-2 llc-0b12 1 20 0 20 0
l1d_u20-2 llc-0b13 1 20 0 20 0
l1d_u20-2 llc-0b14 1 20 0 20 0
l1d_u20-2 llc-0b15 1 20 0 20 0
l1d_u20-2 llc-0b16 1 20 0 20 0
l1d_u20-2 llc-0b17 1 20 0 20 0
l1d_u20-2 llc-0b18 1 20 0 20 0
l1d_u20-2 llc-0b19 1 20 0 20 0
l1d_u20-2 llc-0b20 1 20 0 20 0
l1d_u20-2 llc-0b21 1 20 0 20 0
l1d_u20-2 llc-0b22 1 20 0 20 0
l1d_u20-2 llc-0b23 1 20 0 20 0
l1d_u20-2 llc-0b24 1 20 0 20 0
l1d_u20-2 llc-0b25 1 20 0 20 0
l1d_u20-2 llc-0b26 1 20 0 20 0
l1d_u20-2 llc-0b27 1 20 0 20 0
l1d_u20-2 llc-0b28 1 20 0 20 0
l1d_u20-2 llc-0b29 1 20 0 20 0
l1d_u20-2 llc-0b30 1 20 0 20 0
l1d_u20-2 llc-0b31 1 20 0 20 0
l1d_u20-3 llc-0b0 1 20 0 20 0
l1d_u20-3 llc-0b1 1 20 0 20 0
l1d_u20-3 llc-0b2 1 20 0 20 0
l1d_u20-3 llc-0b3 1 20 0 20 0
l1d_u20-3 llc-0b4 1 20 0 20 0
l1d_u20-3 llc-0b5 1 20 0 20 0
l1d_u20-3 llc-0b6 1 20 0 20 0
l1d_u20-3 llc-0b7 1 20 0 20 0
l1d_u20-3 llc-0b8 1 20 0 20 0
l1d_u20-3 llc-0b9 1 20 0 20 0
l1d_u20-3 llc-0b10 1 20 0 20 0
l1d_u20-3 llc-0b11 1 20 0 20 0
l1d_u20-3 llc-0b12 1 20 0 20 0
l1d_u20-3 llc-0b13 1 20 0 20 0
l1d_u20-3 llc-0b14 1 20 0 20 0
l1d_u20-3 llc-0b15 1 20 0 20 0
l1d_u20-3 llc-0b16 1 20 0 20 0
l1d_u20-3 llc-0b17 1 20 0 20 0
l1d_u20-3 llc-0b18 1 20 0 20 0
l1d_u20-3 llc-0b19 1 20 0 20 0
l1d_u20-3 llc-0b20 1 20 0 20 0
l1d_u20-3 llc-0b21 1 20 0 20 0
l1d_u20-3 llc-0b22 1 20 0 20 0
l1d_u20-3 llc-0b23 1 20 0 20 0
l1d_u20-3 llc-0b24 1 20 0 20 0
l1d_u20-3 llc-0b25 1 20 0 20 0
l1d_u20-3 llc-0b26 1 20 0 20 0
l1d_u20-3 llc-0b27 1 20 0 20 0
l1d_u20-3 llc-0b28 1 20 0 20 0
l1d_u20-3 llc-0b29 1 20 0 20 0
l1d_u20-3 llc-0b30 1 20 0 20 0
l1d_u20-3 llc-0b31 1 20 0 20 0
l1d_u20-4 llc-0b0 1 20 0 20 0
l1d_u20-4 llc-0b1 1 20 0 20 0
l1d_u20-4 llc-0b2 1 20 0 20 0
l1d_u20-4 llc-0b3 1 20 0 20 0
l1d_u20-4 llc-0b4 1 20 0 20 0
l1d_u20-4 llc-0b5 1 20 0 20 0
l1d_u20-4 llc-0b6 1 20 0 20 0
l1d_u20-4 llc-0b7 1 20 0 20 0
l1d_u20-4 llc-0b8 1 20 0 20 0
l1d_u20-4 llc-0b9 1 20 0 20 0
l1d_u20-4 llc-0b10 1 20 0 20 0
l1d_u20-4 llc-0b11 1 20 0 20 0
l1d_u20-4 llc-0b12 1 20 0 20 0
l1d_u20-4 llc-0b13 1 20 0 20 0
l1d_u20-4 llc-0b14 1 20 0 20 0
l1d_u20-4 llc-0b15 1 20 0 20 0
l1d_u20-4 llc-0b16 1 20 0 20 0
l1d_u20-4 llc-0b17 1 20 0 20 0
l1d_u20-4 llc-0b18 1 20 0 20 0
l1d_u20-4 llc-0b19 1 20 0 20 0
l1d_u20-4 llc-0b20 1 20 0 20 0
l1d_u20-4 llc-0b21 1 20 0 20 0
l1d_u20-4 llc-0b22 1 20 0 20 0
l1d_u20-4 llc-0b23 1 20 0 20 0
l1d_u20-4 llc-0b24 1 20 0 20 0
l1d_u20-4 llc-0b25 1 20 0 20 0
l1d_u20-4 llc-0b26 1 20 0 20 0
l1d_u20-4 llc-0b27 1 20 0 20 0
l1d_u20-4 llc-0b28 1 20 0 20 0
l1d_u20-4 llc-0b29 1 20 0 20 0
l1d_u20-4 llc-0b30 1 20 0 20 0
l1d_u20-4 llc-0b31 1 20 0 20 0
l1d_u20-5 llc-0b0 1 20 0 20 0
l1d_u20-5 llc-0b1 1 20 0 20 0
l1d_u20-5 llc-0b2 1 20 0 20 0
l1d_u20-5 llc-0b3 1 20 0 20 0
l1d_u20-5 llc-0b4 1 20 0 20 0
l1d_u20-5 llc-0b5 1 20 0 20 0
l1d_u20-5 llc-0b6 1 20 0 20 0
l1d_u20-5 llc-0b7 1 20 0 20 0
l1d_u20-5 llc-0b8 1 20 0 20 0
l1d_u20-5 llc-0b9 1 20 0 20 0
l1d_u20-5 llc-0b10 1 20 0 20 0
l1d_u20-5 llc-0b11 1 20 0 20 0
l1d_u20-5 llc-0b12 1 20 0 20 0
l1d_u20-5 llc-0b13 1 20 0 20 0
l1d_u20-5 llc-0b14 1 20 0 20 0
l1d_u20-5 llc-0b15 1 20 0 20 0
l1d_u20-5 llc-0b16 1 20 0 20 0
l1d_u20-5 llc-0b17 1 20 0 20 0
l1d_u20-5 llc-0b18 1 20 0 20 0
l1d_u20-5 llc-0b19 1 20 0 20 0
l1d_u20-5 llc-0b20 1 20 0 20 0
l1d_u20-5 llc-0b21 1 20 0 20 0
l1d_u20-5 llc-0b22 1 20 0 20 0
l1d_u20-5 llc-0b23 1 20 0 20 0
l1d_u20-5 llc-0b24 1 20 0 20 0
l1d_u20-5 llc-0b25 1 20 0 20 0
l1d_u20-5 llc-0b26 1 20 0 20 0
l1d_u20-5 llc-0b27 1 20 0 20 0
l1d_u20-5 llc-0b28 1 20 0 20 0
l1d_u20-5 llc-0b29 1 20 0 20 0
l1d_u20-5 llc-0b30 1 20 0 20 0
l1d_u20-5 llc-0b31 1 20 0 20 0
l1d_u20-6 llc-0b0 1 20 0 20 0
l1d_u20-6 llc-0b1 1 20 0 20 0
l1d_u20-6 llc-0b2 1 20 0 20 0
l1d_u20-6 llc-0b3 1 20 0 20 0
l1d_u20-6 llc-0b4 1 20 0 20 0
l1d_u20-6 llc-0b5 1 20 0 20 0
l1d_u20-6 llc-0b6 1 20 0 20 0
l1d_u20-6 llc-0b7 1 20 0 20 0
l1d_u20-6 llc-0b8 1 20 0 20 0
l1d_u20-6 llc-0b9 1 20 0 20 0
l1d_u20-6 llc-0b10 1 20 0 20 0
l1d_u20-6 llc-0b11 1 20 0 20 0
l1d_u20-6 llc-0b12 1 20 0 20 0
l1d_u20-6 llc-0b13 1 20 0 20 0
l1d_u20-6 llc-0b14 1 20 0 20 0
l1d_u20-6 llc-0b15 1 20 0 20 0
l1d_u20-6 llc-0b16 1 20 0 20 0
l1d_u20-6 llc-0b17 1 20 0 20 0
l1d_u20-6 llc-0b18 1 20 0 20 0
l1d_u20-6 llc-0b19 1 20 0 20 0
l1d_u20-6 llc-0b20 1 20 0 20 0
l1d_u20-6 llc-0b21 1 20 0 20 0
l1d_u20-6 llc-0b22 1 20 0 20 0
l1d_u20-6 llc-0b23 1 20 0 20 0
l1d_u20-6 llc-0b24 1 20 0 20 0
l1d_u20-6 llc-0b25 1 20 0 20 0
l1d_u20-6 llc-0b26 1 20 0 20 0
l1d_u20-6 llc-0b27 1 20 0 20 0
l1d_u20-6 llc-0b28 1 20 0 20 0
l1d_u20-6 llc-0b29 1 20 0 20 0
l1d_u20-6 llc-0b30 1 20 0 20 0
l1d_u20-6 llc-0b31 1 20 0 20 0
l1d_u20-7 llc-0b0 1 20 0 20 0
l1d_u20-7 llc-0b1 1 20 0 20 0
l1d_u20-7 llc-0b2 1 20 0 20 0
l1d_u20-7 llc-0b3 1 20 0 20 0
l1d_u20-7 llc-0b4 1 20 0 20 0
l1d_u20-7 llc-0b5 1 20 0 20 0
l1d_u20-7 llc-0b6 1 20 0 20 0
l1d_u20-7 llc-0b7 1 20 0 20 0
l1d_u20-7 llc-0b8 1 20 0 20 0
l1d_u20-7 llc-0b9 1 20 0 20 0
l1d_u20-7 llc-0b10 1 20 0 20 0
l1d_u20-7 llc-0b11 1 20 0 20 0
l1d_u20-7 llc-0b12 1 20 0 20 0
l1d_u20-7 llc-0b13 1 20 0 20 0
l1d_u20-7 llc-0b14 1 20 0 20 0
l1d_u20-7 llc-0b15 1 20 0 20 0
l1d_u20-7 llc-0b16 1 20 0 20 0
l1d_u20-7 llc-0b17 1 20 0 20 0
l1d_u20-7 llc-0b18 1 20 0 20 0
l1d_u20-7 llc-0b19 1 20 0 20 0
l1d_u20-7 llc-0b20 1 20 0 20 0
l1d_u20-7 llc-0b21 1 20 0 20 0
l1d_u20-7 llc-0b22 1 20 0 20 0
l1d_u20-7 llc-0b23 1 20 0 20 0
l1d_u20-7 llc-0b24 1 20 0 20 0
l1d_u20-7 llc-0b25 1 20 0 20 0
l1d_u20-7 llc-0b26 1 20 0 20 0
l1d_u20-7 llc-0b27 1 20 0 20 0
l1d_u20-7 llc-0b28 1 20 0 20 0
l1d_u20-7 llc-0b29 1 20 0 20 0
l1d_u20-7 llc-0b30 1 20 0 20 0
l1d_u20-7 llc-0b31 1 20 0 20 0
l1d_u20-8 llc-0b0 1 20 0 20 0
l1d_u20-8 llc-0b1 1 20 0 20 0
l1d_u20-8 llc-0b2 1 20 0 20 0
l1d_u20-8 llc-0b3 1 20 0 20 0
l1d_u20-8 llc-0b4 1 20 0 20 0
l1d_u20-8 llc-0b5 1 20 0 20 0
l1d_u20-8 llc-0b6 1 20 0 20 0
l1d_u20-8 llc-0b7 1 20 0 20 0
l1d_u20-8 llc-0b8 1 20 0 20 0
l1d_u20-8 llc-0b9 1 20 0 20 0
l1d_u20-8 llc-0b10 1 20 0 20 0
l1d_u20-8 llc-0b11 1 20 0 20 0
l1d_u20-8 llc-0b12 1 20 0 20 0
l1d_u20-8 llc-0b13 1 20 0 20 0
l1d_u20-8 llc-0b14 1 20 0 20 0
l1d_u20-8 llc-0b15 1 20 0 20 0
l1d_u20-8 llc-0b16 1 20 0 20 0
l1d_u20-8 llc-0b17 1 20 0 20 0
l1d_u20-8 llc-0b18 1 20 0 20 0
l1d_u20-8 llc-0b19 1 20 0 20 0
l1d_u20-8 llc-0b20 1 20 0 20 0
l1d_u20-8 llc-0b21 1 20 0 20 0
l1d_u20-8 llc-0b22 1 20 0 20 0
l1d_u20-8 llc-0b23 1 20 0 20 0
l1d_u20-8 llc-0b24 1 20 0 20 0
l1d_u20-8 llc-0b25 1 20 0 20 0
l1d_u20-8 llc-0b26 1 20 0 20 0
l1d_u20-8 llc-0b27 1 20 0 20 0
l1d_u20-8 llc-0b28 1 20 0 20 0
l1d_u20-8 llc-0b29 1 20 0 20 0
l1d_u20-8 llc-0b30 1 20 0 20 0
l1d_u20-8 llc-0b31 1 20 0 20 0
l1d_u20-9 llc-0b0 1 20 0 20 0
l1d_u20-9 llc-0b1 1 20 0 20 0
l1d_u20-9 llc-0b2 1 20 0 20 0
l1d_u20-9 llc-0b3 1 20 0 20 0
l1d_u20-9 llc-0b4 1 20 0 20 0
l1d_u20-9 llc-0b5 1 20 0 20 0
l1d_u20-9 llc-0b6 1 20 0 20 0
l1d_u20-9 llc-0b7 1 20 0 20 0
l1d_u20-9 llc-0b8 1 20 0 20 0
l1d_u20-9 llc-0b9 1 20 0 20 0
l1d_u20-9 llc-0b10 1 20 0 20 0
l1d_u20-9 llc-0b11 1 20 0 20 0
l1d_u20-9 llc-0b12 1 20 0 20 0
l1d_u20-9 llc-0b13 1 20 0 20 0
l1d_u20-9 llc-0b14 1 20 0 20 0
l1d_u20-9 llc-0b15 1 20 0 20 0
l1d_u20-9 llc-0b16 1 20 0 20 0
l1d_u20-9 llc-0b17 1 20 0 20 0
l1d_u20-9 llc-0b18 1 20 0 20 0
l1d_u20-9 llc-0b19 1 20 0 20 0
l1d_u20-9 llc-0b20 1 20 0 20 0
l1d_u20-9 llc-0b21 1 20 0 20 0
l1d_u20-9 llc-0b22 1 20 0 20 0
l1d_u20-9 llc-0b23 1 20 0 20 0
l1d_u20-9 llc-0b24 1 20 0 20 0
l1d_u20-9 llc-0b25 1 20 0 20 0
l1d_u20-9 llc-0b26 1 20 0 20 0
l1d_u20-9 llc-0b27 1 20 0 20 0
l1d_u20-9 llc-0b28 1 20 0 20 0
l1d_u20-9 llc-0b29 1 20 0 20 0
l1d_u20-9 llc-0b30 1 20 0 20 0
l1d_u20-9 llc-0b31 1 20 0 20 0
l1d_u20-10 llc-0b0 1 20 0 20 0
l1d_u20-10 llc-0b1 1 20 0 20 0
l1d_u20-10 llc-0b2 1 20 0 20 0
l1d_u20-10 llc-0b3 1 20 0 20 0
l1d_u20-10 llc-0b4 1 20 0 20 0
l1d_u20-10 llc-0b5 1 20 0 20 0
l1d_u20-10 llc-0b6 1 20 0 20 0
l1d_u20-10 llc-0b7 1 20 0 20 0
l1d_u20-10 llc-0b8 1 20 0 20 0
l1d_u20-10 llc-0b9 1 20 0 20 0
l1d_u20-10 llc-0b10 1 20 0 20 0
l1d_u20-10 llc-0b11 1 20 0 20 0
l1d_u20-10 llc-0b12 1 20 0 20 0
l1d_u20-10 llc-0b13 1 20 0 20 0
l1d_u20-10 llc-0b14 1 20 0 20 0
l1d_u20-10 llc-0b15 1 20 0 20 0
l1d_u20-10 llc-0b16 1 20 0 20 0
l1d_u20-10 llc-0b17 1 20 0 20 0
l1d_u20-10 llc-0b18 1 20 0 20 0
l1d_u20-10 llc-0b19 1 20 0 20 0
l1d_u20-10 llc-0b20 1 20 0 20 0
l1d_u20-10 llc-0b21 1 20 0 20 0
l1d_u20-10 llc-0b22 1 20 0 20 0
l1d_u20-10 llc-0b23 1 20 0 20 0
l1d_u20-10 llc-0b24 1 20 0 20 0
l1d_u20-10 llc-0b25 1 20 0 20 0
l1d_u20-10 llc-0b26 1 20 0 20 0
l1d_u20-10 llc-0b27 1 20 0 20 0
l1d_u20-10 llc-0b28 1 20 0 20 0
l1d_u20-10 llc-0b29 1 20 0 20 0
l1d_u20-10 llc-0b30 1 20 0 20 0
l1d_u20-10 llc-0b31 1 20 0 20 0
l1d_u20-11 llc-0b0 1 20 0 20 0
l1d_u20-11 llc-0b1 1 20 0 20 0
l1d_u20-11 llc-0b2 1 20 0 20 0
l1d_u20-11 llc-0b3 1 20 0 20 0
l1d_u20-11 llc-0b4 1 20 0 20 0
l1d_u20-11 llc-0b5 1 20 0 20 0
l1d_u20-11 llc-0b6 1 20 0 20 0
l1d_u20-11 llc-0b7 1 20 0 20 0
l1d_u20-11 llc-0b8 1 20 0 20 0
l1d_u20-11 llc-0b9 1 20 0 20 0
l1d_u20-11 llc-0b10 1 20 0 20 0
l1d_u20-11 llc-0b11 1 20 0 20 0
l1d_u20-11 llc-0b12 1 20 0 20 0
l1d_u20-11 llc-0b13 1 20 0 20 0
l1d_u20-11 llc-0b14 1 20 0 20 0
l1d_u20-11 llc-0b15 1 20 0 20 0
l1d_u20-11 llc-0b16 1 20 0 20 0
l1d_u20-11 llc-0b17 1 20 0 20 0
l1d_u20-11 llc-0b18 1 20 0 20 0
l1d_u20-11 llc-0b19 1 20 0 20 0
l1d_u20-11 llc-0b20 1 20 0 20 0
l1d_u20-11 llc-0b21 1 20 0 20 0
l1d_u20-11 llc-0b22 1 20 0 20 0
l1d_u20-11 llc-0b23 1 20 0 20 0
l1d_u20-11 llc-0b24 1 20 0 20 0
l1d_u20-11 llc-0b25 1 20 0 20 0
l1d_u20-11 llc-0b26 1 20 0 20 0
l1d_u20-11 llc-0b27 1 20 0 20 0
l1d_u20-11 llc-0b28 1 20 0 20 0
l1d_u20-11 llc-0b29 1 20 0 20 0
l1d_u20-11 llc-0b30 1 20 0 20 0
l1d_u20-11 llc-0b31 1 20 0 20 0
l1d_u20-12 llc-0b0 1 20 0 20 0
l1d_u20-12 llc-0b1 1 20 0 20 0
l1d_u20-12 llc-0b2 1 20 0 20 0
l1d_u20-12 llc-0b3 1 20 0 20 0
l1d_u20-12 llc-0b4 1 20 0 20 0
l1d_u20-12 llc-0b5 1 20 0 20 0
l1d_u20-12 llc-0b6 1 20 0 20 0
l1d_u20-12 llc-0b7 1 20 0 20 0
l1d_u20-12 llc-0b8 1 20 0 20 0
l1d_u20-12 llc-0b9 1 20 0 20 0
l1d_u20-12 llc-0b10 1 20 0 20 0
l1d_u20-12 llc-0b11 1 20 0 20 0
l1d_u20-12 llc-0b12 1 20 0 20 0
l1d_u20-12 llc-0b13 1 20 0 20 0
l1d_u20-12 llc-0b14 1 20 0 20 0
l1d_u20-12 llc-0b15 1 20 0 20 0
l1d_u20-12 llc-0b16 1 20 0 20 0
l1d_u20-12 llc-0b17 1 20 0 20 0
l1d_u20-12 llc-0b18 1 20 0 20 0
l1d_u20-12 llc-0b19 1 20 0 20 0
l1d_u20-12 llc-0b20 1 20 0 20 0
l1d_u20-12 llc-0b21 1 20 0 20 0
l1d_u20-12 llc-0b22 1 20 0 20 0
l1d_u20-12 llc-0b23 1 20 0 20 0
l1d_u20-12 llc-0b24 1 20 0 20 0
l1d_u20-12 llc-0b25 1 20 0 20 0
l1d_u20-12 llc-0b26 1 20 0 20 0
l1d_u20-12 llc-0b27 1 20 0 20 0
l1d_u20-12 llc-0b28 1 20 0 20 0
l1d_u20-12 llc-0b29 1 20 0 20 0
l1d_u20-12 llc-0b30 1 20 0 20 0
l1d_u20-12 llc-0b31 1 20 0 20 0
l1d_u20-13 llc-0b0 1 20 0 20 0
l1d_u20-13 llc-0b1 1 20 0 20 0
l1d_u20-13 llc-0b2 1 20 0 20 0
l1d_u20-13 llc-0b3 1 20 0 20 0
l1d_u20-13 llc-0b4 1 20 0 20 0
l1d_u20-13 llc-0b5 1 20 0 20 0
l1d_u20-13 llc-0b6 1 20 0 20 0
l1d_u20-13 llc-0b7 1 20 0 20 0
l1d_u20-13 llc-0b8 1 20 0 20 0
l1d_u20-13 llc-0b9 1 20 0 20 0
l1d_u20-13 llc-0b10 1 20 0 20 0
l1d_u20-13 llc-0b11 1 20 0 20 0
l1d_u20-13 llc-0b12 1 20 0 20 0
l1d_u20-13 llc-0b13 1 20 0 20 0
l1d_u20-13 llc-0b14 1 20 0 20 0
l1d_u20-13 llc-0b15 1 20 0 20 0
l1d_u20-13 llc-0b16 1 20 0 20 0
l1d_u20-13 llc-0b17 1 20 0 20 0
l1d_u20-13 llc-0b18 1 20 0 20 0
l1d_u20-13 llc-0b19 1 20 0 20 0
l1d_u20-13 llc-0b20 1 20 0 20 0
l1d_u20-13 llc-0b21 1 20 0 20 0
l1d_u20-13 llc-0b22 1 20 0 20 0
l1d_u20-13 llc-0b23 1 20 0 20 0
l1d_u20-13 llc-0b24 1 20 0 20 0
l1d_u20-13 llc-0b25 1 20 0 20 0
l1d_u20-13 llc-0b26 1 20 0 20 0
l1d_u20-13 llc-0b27 1 20 0 20 0
l1d_u20-13 llc-0b28 1 20 0 20 0
l1d_u20-13 llc-0b29 1 20 0 20 0
l1d_u20-13 llc-0b30 1 20 0 20 0
l1d_u20-13 llc-0b31 1 20 0 20 0
l1d_u20-14 llc-0b0 1 20 0 20 0
l1d_u20-14 llc-0b1 1 20 0 20 0
l1d_u20-14 llc-0b2 1 20 0 20 0
l1d_u20-14 llc-0b3 1 20 0 20 0
l1d_u20-14 llc-0b4 1 20 0 20 0
l1d_u20-14 llc-0b5 1 20 0 20 0
l1d_u20-14 llc-0b6 1 20 0 20 0
l1d_u20-14 llc-0b7 1 20 0 20 0
l1d_u20-14 llc-0b8 1 20 0 20 0
l1d_u20-14 llc-0b9 1 20 0 20 0
l1d_u20-14 llc-0b10 1 20 0 20 0
l1d_u20-14 llc-0b11 1 20 0 20 0
l1d_u20-14 llc-0b12 1 20 0 20 0
l1d_u20-14 llc-0b13 1 20 0 20 0
l1d_u20-14 llc-0b14 1 20 0 20 0
l1d_u20-14 llc-0b15 1 20 0 20 0
l1d_u20-14 llc-0b16 1 20 0 20 0
l1d_u20-14 llc-0b17 1 20 0 20 0
l1d_u20-14 llc-0b18 1 20 0 20 0
l1d_u20-14 llc-0b19 1 20 0 20 0
l1d_u20-14 llc-0b20 1 20 0 20 0
l1d_u20-14 llc-0b21 1 20 0 20 0
l1d_u20-14 llc-0b22 1 20 0 20 0
l1d_u20-14 llc-0b23 1 20 0 20 0
l1d_u20-14 llc-0b24 1 20 0 20 0
l1d_u20-14 llc-0b25 1 20 0 20 0
l1d_u20-14 llc-0b26 1 20 0 20 0
l1d_u20-14 llc-0b27 1 20 0 20 0
l1d_u20-14 llc-0b28 1 20 0 20 0
l1d_u20-14 llc-0b29 1 20 0 20 0
l1d_u20-14 llc-0b30 1 20 0 20 0
l1d_u20-14 llc-0b31 1 20 0 20 0
l1d_u20-15 llc-0b0 1 20 0 20 0
l1d_u20-15 llc-0b1 1 20 0 20 0
l1d_u20-15 llc-0b2 1 20 0 20 0
l1d_u20-15 llc-0b3 1 20 0 20 0
l1d_u20-15 llc-0b4 1 20 0 20 0
l1d_u20-15 llc-0b5 1 20 0 20 0
l1d_u20-15 llc-0b6 1 20 0 20 0
l1d_u20-15 llc-0b7 1 20 0 20 0
l1d_u20-15 llc-0b8 1 20 0 20 0
l1d_u20-15 llc-0b9 1 20 0 20 0
l1d_u20-15 llc-0b10 1 20 0 20 0
l1d_u20-15 llc-0b11 1 20 0 20 0
l1d_u20-15 llc-0b12 1 20 0 20 0
l1d_u20-15 llc-0b13 1 20 0 20 0
l1d_u20-15 llc-0b14 1 20 0 20 0
l1d_u20-15 llc-0b15 1 20 0 20 0
l1d_u20-15 llc-0b16 1 20 0 20 0
l1d_u20-15 llc-0b17 1 20 0 20 0
l1d_u20-15 llc-0b18 1 20 0 20 0
l1d_u20-15 llc-0b19 1 20 0 20 0
l1d_u20-15 llc-0b20 1 20 0 20 0
l1d_u20-15 llc-0b21 1 20 0 20 0
l1d_u20-15 llc-0b22 1 20 0 20 0
l1d_u20-15 llc-0b23 1 20 0 20 0
l1d_u20-15 llc-0b24 1 20 0 20 0
l1d_u20-15 llc-0b25 1 20 0 20 0
l1d_u20-15 llc-0b26 1 20 0 20 0
l1d_u20-15 llc-0b27 1 20 0 20 0
l1d_u20-15 llc-0b28 1 20 0 20 0
l1d_u20-15 llc-0b29 1 20 0 20 0
l1d_u20-15 llc-0b30 1 20 0 20 0
l1d_u20-15 llc-0b31 1 20 0 20 0
l1i_u21-0 llc-0b0 1 21 0 21 0
l1i_u21-0 llc-0b1 1 21 0 21 0
l1i_u21-0 llc-0b2 1 21 0 21 0
l1i_u21-0 llc-0b3 1 21 0 21 0
l1i_u21-0 llc-0b4 1 21 0 21 0
l1i_u21-0 llc-0b5 1 21 0 21 0
l1i_u21-0 llc-0b6 1 21 0 21 0
l1i_u21-0 llc-0b7 1 21 0 21 0
l1i_u21-0 llc-0b8 1 21 0 21 0
l1i_u21-0 llc-0b9 1 21 0 21 0
l1i_u21-0 llc-0b10 1 21 0 21 0
l1i_u21-0 llc-0b11 1 21 0 21 0
l1i_u21-0 llc-0b12 1 21 0 21 0
l1i_u21-0 llc-0b13 1 21 0 21 0
l1i_u21-0 llc-0b14 1 21 0 21 0
l1i_u21-0 llc-0b15 1 21 0 21 0
l1i_u21-0 llc-0b16 1 21 0 21 0
l1i_u21-0 llc-0b17 1 21 0 21 0
l1i_u21-0 llc-0b18 1 21 0 21 0
l1i_u21-0 llc-0b19 1 21 0 21 0
l1i_u21-0 llc-0b20 1 21 0 21 0
l1i_u21-0 llc-0b21 1 21 0 21 0
l1i_u21-0 llc-0b22 1 21 0 21 0
l1i_u21-0 llc-0b23 1 21 0 21 0
l1i_u21-0 llc-0b24 1 21 0 21 0
l1i_u21-0 llc-0b25 1 21 0 21 0
l1i_u21-0 llc-0b26 1 21 0 21 0
l1i_u21-0 llc-0b27 1 21 0 21 0
l1i_u21-0 llc-0b28 1 21 0 21 0
l1i_u21-0 llc-0b29 1 21 0 21 0
l1i_u21-0 llc-0b30 1 21 0 21 0
l1i_u21-0 llc-0b31 1 21 0 21 0
l1i_u21-1 llc-0b0 1 21 0 21 0
l1i_u21-1 llc-0b1 1 21 0 21 0
l1i_u21-1 llc-0b2 1 21 0 21 0
l1i_u21-1 llc-0b3 1 21 0 21 0
l1i_u21-1 llc-0b4 1 21 0 21 0
l1i_u21-1 llc-0b5 1 21 0 21 0
l1i_u21-1 llc-0b6 1 21 0 21 0
l1i_u21-1 llc-0b7 1 21 0 21 0
l1i_u21-1 llc-0b8 1 21 0 21 0
l1i_u21-1 llc-0b9 1 21 0 21 0
l1i_u21-1 llc-0b10 1 21 0 21 0
l1i_u21-1 llc-0b11 1 21 0 21 0
l1i_u21-1 llc-0b12 1 21 0 21 0
l1i_u21-1 llc-0b13 1 21 0 21 0
l1i_u21-1 llc-0b14 1 21 0 21 0
l1i_u21-1 llc-0b15 1 21 0 21 0
l1i_u21-1 llc-0b16 1 21 0 21 0
l1i_u21-1 llc-0b17 1 21 0 21 0
l1i_u21-1 llc-0b18 1 21 0 21 0
l1i_u21-1 llc-0b19 1 21 0 21 0
l1i_u21-1 llc-0b20 1 21 0 21 0
l1i_u21-1 llc-0b21 1 21 0 21 0
l1i_u21-1 llc-0b22 1 21 0 21 0
l1i_u21-1 llc-0b23 1 21 0 21 0
l1i_u21-1 llc-0b24 1 21 0 21 0
l1i_u21-1 llc-0b25 1 21 0 21 0
l1i_u21-1 llc-0b26 1 21 0 21 0
l1i_u21-1 llc-0b27 1 21 0 21 0
l1i_u21-1 llc-0b28 1 21 0 21 0
l1i_u21-1 llc-0b29 1 21 0 21 0
l1i_u21-1 llc-0b30 1 21 0 21 0
l1i_u21-1 llc-0b31 1 21 0 21 0
l1i_u21-2 llc-0b0 1 21 0 21 0
l1i_u21-2 llc-0b1 1 21 0 21 0
l1i_u21-2 llc-0b2 1 21 0 21 0
l1i_u21-2 llc-0b3 1 21 0 21 0
l1i_u21-2 llc-0b4 1 21 0 21 0
l1i_u21-2 llc-0b5 1 21 0 21 0
l1i_u21-2 llc-0b6 1 21 0 21 0
l1i_u21-2 llc-0b7 1 21 0 21 0
l1i_u21-2 llc-0b8 1 21 0 21 0
l1i_u21-2 llc-0b9 1 21 0 21 0
l1i_u21-2 llc-0b10 1 21 0 21 0
l1i_u21-2 llc-0b11 1 21 0 21 0
l1i_u21-2 llc-0b12 1 21 0 21 0
l1i_u21-2 llc-0b13 1 21 0 21 0
l1i_u21-2 llc-0b14 1 21 0 21 0
l1i_u21-2 llc-0b15 1 21 0 21 0
l1i_u21-2 llc-0b16 1 21 0 21 0
l1i_u21-2 llc-0b17 1 21 0 21 0
l1i_u21-2 llc-0b18 1 21 0 21 0
l1i_u21-2 llc-0b19 1 21 0 21 0
l1i_u21-2 llc-0b20 1 21 0 21 0
l1i_u21-2 llc-0b21 1 21 0 21 0
l1i_u21-2 llc-0b22 1 21 0 21 0
l1i_u21-2 llc-0b23 1 21 0 21 0
l1i_u21-2 llc-0b24 1 21 0 21 0
l1i_u21-2 llc-0b25 1 21 0 21 0
l1i_u21-2 llc-0b26 1 21 0 21 0
l1i_u21-2 llc-0b27 1 21 0 21 0
l1i_u21-2 llc-0b28 1 21 0 21 0
l1i_u21-2 llc-0b29 1 21 0 21 0
l1i_u21-2 llc-0b30 1 21 0 21 0
l1i_u21-2 llc-0b31 1 21 0 21 0
l1i_u21-3 llc-0b0 1 21 0 21 0
l1i_u21-3 llc-0b1 1 21 0 21 0
l1i_u21-3 llc-0b2 1 21 0 21 0
l1i_u21-3 llc-0b3 1 21 0 21 0
l1i_u21-3 llc-0b4 1 21 0 21 0
l1i_u21-3 llc-0b5 1 21 0 21 0
l1i_u21-3 llc-0b6 1 21 0 21 0
l1i_u21-3 llc-0b7 1 21 0 21 0
l1i_u21-3 llc-0b8 1 21 0 21 0
l1i_u21-3 llc-0b9 1 21 0 21 0
l1i_u21-3 llc-0b10 1 21 0 21 0
l1i_u21-3 llc-0b11 1 21 0 21 0
l1i_u21-3 llc-0b12 1 21 0 21 0
l1i_u21-3 llc-0b13 1 21 0 21 0
l1i_u21-3 llc-0b14 1 21 0 21 0
l1i_u21-3 llc-0b15 1 21 0 21 0
l1i_u21-3 llc-0b16 1 21 0 21 0
l1i_u21-3 llc-0b17 1 21 0 21 0
l1i_u21-3 llc-0b18 1 21 0 21 0
l1i_u21-3 llc-0b19 1 21 0 21 0
l1i_u21-3 llc-0b20 1 21 0 21 0
l1i_u21-3 llc-0b21 1 21 0 21 0
l1i_u21-3 llc-0b22 1 21 0 21 0
l1i_u21-3 llc-0b23 1 21 0 21 0
l1i_u21-3 llc-0b24 1 21 0 21 0
l1i_u21-3 llc-0b25 1 21 0 21 0
l1i_u21-3 llc-0b26 1 21 0 21 0
l1i_u21-3 llc-0b27 1 21 0 21 0
l1i_u21-3 llc-0b28 1 21 0 21 0
l1i_u21-3 llc-0b29 1 21 0 21 0
l1i_u21-3 llc-0b30 1 21 0 21 0
l1i_u21-3 llc-0b31 1 21 0 21 0
l1i_u21-4 llc-0b0 1 21 0 21 0
l1i_u21-4 llc-0b1 1 21 0 21 0
l1i_u21-4 llc-0b2 1 21 0 21 0
l1i_u21-4 llc-0b3 1 21 0 21 0
l1i_u21-4 llc-0b4 1 21 0 21 0
l1i_u21-4 llc-0b5 1 21 0 21 0
l1i_u21-4 llc-0b6 1 21 0 21 0
l1i_u21-4 llc-0b7 1 21 0 21 0
l1i_u21-4 llc-0b8 1 21 0 21 0
l1i_u21-4 llc-0b9 1 21 0 21 0
l1i_u21-4 llc-0b10 1 21 0 21 0
l1i_u21-4 llc-0b11 1 21 0 21 0
l1i_u21-4 llc-0b12 1 21 0 21 0
l1i_u21-4 llc-0b13 1 21 0 21 0
l1i_u21-4 llc-0b14 1 21 0 21 0
l1i_u21-4 llc-0b15 1 21 0 21 0
l1i_u21-4 llc-0b16 1 21 0 21 0
l1i_u21-4 llc-0b17 1 21 0 21 0
l1i_u21-4 llc-0b18 1 21 0 21 0
l1i_u21-4 llc-0b19 1 21 0 21 0
l1i_u21-4 llc-0b20 1 21 0 21 0
l1i_u21-4 llc-0b21 1 21 0 21 0
l1i_u21-4 llc-0b22 1 21 0 21 0
l1i_u21-4 llc-0b23 1 21 0 21 0
l1i_u21-4 llc-0b24 1 21 0 21 0
l1i_u21-4 llc-0b25 1 21 0 21 0
l1i_u21-4 llc-0b26 1 21 0 21 0
l1i_u21-4 llc-0b27 1 21 0 21 0
l1i_u21-4 llc-0b28 1 21 0 21 0
l1i_u21-4 llc-0b29 1 21 0 21 0
l1i_u21-4 llc-0b30 1 21 0 21 0
l1i_u21-4 llc-0b31 1 21 0 21 0
l1i_u21-5 llc-0b0 1 21 0 21 0
l1i_u21-5 llc-0b1 1 21 0 21 0
l1i_u21-5 llc-0b2 1 21 0 21 0
l1i_u21-5 llc-0b3 1 21 0 21 0
l1i_u21-5 llc-0b4 1 21 0 21 0
l1i_u21-5 llc-0b5 1 21 0 21 0
l1i_u21-5 llc-0b6 1 21 0 21 0
l1i_u21-5 llc-0b7 1 21 0 21 0
l1i_u21-5 llc-0b8 1 21 0 21 0
l1i_u21-5 llc-0b9 1 21 0 21 0
l1i_u21-5 llc-0b10 1 21 0 21 0
l1i_u21-5 llc-0b11 1 21 0 21 0
l1i_u21-5 llc-0b12 1 21 0 21 0
l1i_u21-5 llc-0b13 1 21 0 21 0
l1i_u21-5 llc-0b14 1 21 0 21 0
l1i_u21-5 llc-0b15 1 21 0 21 0
l1i_u21-5 llc-0b16 1 21 0 21 0
l1i_u21-5 llc-0b17 1 21 0 21 0
l1i_u21-5 llc-0b18 1 21 0 21 0
l1i_u21-5 llc-0b19 1 21 0 21 0
l1i_u21-5 llc-0b20 1 21 0 21 0
l1i_u21-5 llc-0b21 1 21 0 21 0
l1i_u21-5 llc-0b22 1 21 0 21 0
l1i_u21-5 llc-0b23 1 21 0 21 0
l1i_u21-5 llc-0b24 1 21 0 21 0
l1i_u21-5 llc-0b25 1 21 0 21 0
l1i_u21-5 llc-0b26 1 21 0 21 0
l1i_u21-5 llc-0b27 1 21 0 21 0
l1i_u21-5 llc-0b28 1 21 0 21 0
l1i_u21-5 llc-0b29 1 21 0 21 0
l1i_u21-5 llc-0b30 1 21 0 21 0
l1i_u21-5 llc-0b31 1 21 0 21 0
l1i_u21-6 llc-0b0 1 21 0 21 0
l1i_u21-6 llc-0b1 1 21 0 21 0
l1i_u21-6 llc-0b2 1 21 0 21 0
l1i_u21-6 llc-0b3 1 21 0 21 0
l1i_u21-6 llc-0b4 1 21 0 21 0
l1i_u21-6 llc-0b5 1 21 0 21 0
l1i_u21-6 llc-0b6 1 21 0 21 0
l1i_u21-6 llc-0b7 1 21 0 21 0
l1i_u21-6 llc-0b8 1 21 0 21 0
l1i_u21-6 llc-0b9 1 21 0 21 0
l1i_u21-6 llc-0b10 1 21 0 21 0
l1i_u21-6 llc-0b11 1 21 0 21 0
l1i_u21-6 llc-0b12 1 21 0 21 0
l1i_u21-6 llc-0b13 1 21 0 21 0
l1i_u21-6 llc-0b14 1 21 0 21 0
l1i_u21-6 llc-0b15 1 21 0 21 0
l1i_u21-6 llc-0b16 1 21 0 21 0
l1i_u21-6 llc-0b17 1 21 0 21 0
l1i_u21-6 llc-0b18 1 21 0 21 0
l1i_u21-6 llc-0b19 1 21 0 21 0
l1i_u21-6 llc-0b20 1 21 0 21 0
l1i_u21-6 llc-0b21 1 21 0 21 0
l1i_u21-6 llc-0b22 1 21 0 21 0
l1i_u21-6 llc-0b23 1 21 0 21 0
l1i_u21-6 llc-0b24 1 21 0 21 0
l1i_u21-6 llc-0b25 1 21 0 21 0
l1i_u21-6 llc-0b26 1 21 0 21 0
l1i_u21-6 llc-0b27 1 21 0 21 0
l1i_u21-6 llc-0b28 1 21 0 21 0
l1i_u21-6 llc-0b29 1 21 0 21 0
l1i_u21-6 llc-0b30 1 21 0 21 0
l1i_u21-6 llc-0b31 1 21 0 21 0
l1i_u21-7 llc-0b0 1 21 0 21 0
l1i_u21-7 llc-0b1 1 21 0 21 0
l1i_u21-7 llc-0b2 1 21 0 21 0
l1i_u21-7 llc-0b3 1 21 0 21 0
l1i_u21-7 llc-0b4 1 21 0 21 0
l1i_u21-7 llc-0b5 1 21 0 21 0
l1i_u21-7 llc-0b6 1 21 0 21 0
l1i_u21-7 llc-0b7 1 21 0 21 0
l1i_u21-7 llc-0b8 1 21 0 21 0
l1i_u21-7 llc-0b9 1 21 0 21 0
l1i_u21-7 llc-0b10 1 21 0 21 0
l1i_u21-7 llc-0b11 1 21 0 21 0
l1i_u21-7 llc-0b12 1 21 0 21 0
l1i_u21-7 llc-0b13 1 21 0 21 0
l1i_u21-7 llc-0b14 1 21 0 21 0
l1i_u21-7 llc-0b15 1 21 0 21 0
l1i_u21-7 llc-0b16 1 21 0 21 0
l1i_u21-7 llc-0b17 1 21 0 21 0
l1i_u21-7 llc-0b18 1 21 0 21 0
l1i_u21-7 llc-0b19 1 21 0 21 0
l1i_u21-7 llc-0b20 1 21 0 21 0
l1i_u21-7 llc-0b21 1 21 0 21 0
l1i_u21-7 llc-0b22 1 21 0 21 0
l1i_u21-7 llc-0b23 1 21 0 21 0
l1i_u21-7 llc-0b24 1 21 0 21 0
l1i_u21-7 llc-0b25 1 21 0 21 0
l1i_u21-7 llc-0b26 1 21 0 21 0
l1i_u21-7 llc-0b27 1 21 0 21 0
l1i_u21-7 llc-0b28 1 21 0 21 0
l1i_u21-7 llc-0b29 1 21 0 21 0
l1i_u21-7 llc-0b30 1 21 0 21 0
l1i_u21-7 llc-0b31 1 21 0 21 0
l1i_u21-8 llc-0b0 1 21 0 21 0
l1i_u21-8 llc-0b1 1 21 0 21 0
l1i_u21-8 llc-0b2 1 21 0 21 0
l1i_u21-8 llc-0b3 1 21 0 21 0
l1i_u21-8 llc-0b4 1 21 0 21 0
l1i_u21-8 llc-0b5 1 21 0 21 0
l1i_u21-8 llc-0b6 1 21 0 21 0
l1i_u21-8 llc-0b7 1 21 0 21 0
l1i_u21-8 llc-0b8 1 21 0 21 0
l1i_u21-8 llc-0b9 1 21 0 21 0
l1i_u21-8 llc-0b10 1 21 0 21 0
l1i_u21-8 llc-0b11 1 21 0 21 0
l1i_u21-8 llc-0b12 1 21 0 21 0
l1i_u21-8 llc-0b13 1 21 0 21 0
l1i_u21-8 llc-0b14 1 21 0 21 0
l1i_u21-8 llc-0b15 1 21 0 21 0
l1i_u21-8 llc-0b16 1 21 0 21 0
l1i_u21-8 llc-0b17 1 21 0 21 0
l1i_u21-8 llc-0b18 1 21 0 21 0
l1i_u21-8 llc-0b19 1 21 0 21 0
l1i_u21-8 llc-0b20 1 21 0 21 0
l1i_u21-8 llc-0b21 1 21 0 21 0
l1i_u21-8 llc-0b22 1 21 0 21 0
l1i_u21-8 llc-0b23 1 21 0 21 0
l1i_u21-8 llc-0b24 1 21 0 21 0
l1i_u21-8 llc-0b25 1 21 0 21 0
l1i_u21-8 llc-0b26 1 21 0 21 0
l1i_u21-8 llc-0b27 1 21 0 21 0
l1i_u21-8 llc-0b28 1 21 0 21 0
l1i_u21-8 llc-0b29 1 21 0 21 0
l1i_u21-8 llc-0b30 1 21 0 21 0
l1i_u21-8 llc-0b31 1 21 0 21 0
l1i_u21-9 llc-0b0 1 21 0 21 0
l1i_u21-9 llc-0b1 1 21 0 21 0
l1i_u21-9 llc-0b2 1 21 0 21 0
l1i_u21-9 llc-0b3 1 21 0 21 0
l1i_u21-9 llc-0b4 1 21 0 21 0
l1i_u21-9 llc-0b5 1 21 0 21 0
l1i_u21-9 llc-0b6 1 21 0 21 0
l1i_u21-9 llc-0b7 1 21 0 21 0
l1i_u21-9 llc-0b8 1 21 0 21 0
l1i_u21-9 llc-0b9 1 21 0 21 0
l1i_u21-9 llc-0b10 1 21 0 21 0
l1i_u21-9 llc-0b11 1 21 0 21 0
l1i_u21-9 llc-0b12 1 21 0 21 0
l1i_u21-9 llc-0b13 1 21 0 21 0
l1i_u21-9 llc-0b14 1 21 0 21 0
l1i_u21-9 llc-0b15 1 21 0 21 0
l1i_u21-9 llc-0b16 1 21 0 21 0
l1i_u21-9 llc-0b17 1 21 0 21 0
l1i_u21-9 llc-0b18 1 21 0 21 0
l1i_u21-9 llc-0b19 1 21 0 21 0
l1i_u21-9 llc-0b20 1 21 0 21 0
l1i_u21-9 llc-0b21 1 21 0 21 0
l1i_u21-9 llc-0b22 1 21 0 21 0
l1i_u21-9 llc-0b23 1 21 0 21 0
l1i_u21-9 llc-0b24 1 21 0 21 0
l1i_u21-9 llc-0b25 1 21 0 21 0
l1i_u21-9 llc-0b26 1 21 0 21 0
l1i_u21-9 llc-0b27 1 21 0 21 0
l1i_u21-9 llc-0b28 1 21 0 21 0
l1i_u21-9 llc-0b29 1 21 0 21 0
l1i_u21-9 llc-0b30 1 21 0 21 0
l1i_u21-9 llc-0b31 1 21 0 21 0
l1i_u21-10 llc-0b0 1 21 0 21 0
l1i_u21-10 llc-0b1 1 21 0 21 0
l1i_u21-10 llc-0b2 1 21 0 21 0
l1i_u21-10 llc-0b3 1 21 0 21 0
l1i_u21-10 llc-0b4 1 21 0 21 0
l1i_u21-10 llc-0b5 1 21 0 21 0
l1i_u21-10 llc-0b6 1 21 0 21 0
l1i_u21-10 llc-0b7 1 21 0 21 0
l1i_u21-10 llc-0b8 1 21 0 21 0
l1i_u21-10 llc-0b9 1 21 0 21 0
l1i_u21-10 llc-0b10 1 21 0 21 0
l1i_u21-10 llc-0b11 1 21 0 21 0
l1i_u21-10 llc-0b12 1 21 0 21 0
l1i_u21-10 llc-0b13 1 21 0 21 0
l1i_u21-10 llc-0b14 1 21 0 21 0
l1i_u21-10 llc-0b15 1 21 0 21 0
l1i_u21-10 llc-0b16 1 21 0 21 0
l1i_u21-10 llc-0b17 1 21 0 21 0
l1i_u21-10 llc-0b18 1 21 0 21 0
l1i_u21-10 llc-0b19 1 21 0 21 0
l1i_u21-10 llc-0b20 1 21 0 21 0
l1i_u21-10 llc-0b21 1 21 0 21 0
l1i_u21-10 llc-0b22 1 21 0 21 0
l1i_u21-10 llc-0b23 1 21 0 21 0
l1i_u21-10 llc-0b24 1 21 0 21 0
l1i_u21-10 llc-0b25 1 21 0 21 0
l1i_u21-10 llc-0b26 1 21 0 21 0
l1i_u21-10 llc-0b27 1 21 0 21 0
l1i_u21-10 llc-0b28 1 21 0 21 0
l1i_u21-10 llc-0b29 1 21 0 21 0
l1i_u21-10 llc-0b30 1 21 0 21 0
l1i_u21-10 llc-0b31 1 21 0 21 0
l1i_u21-11 llc-0b0 1 21 0 21 0
l1i_u21-11 llc-0b1 1 21 0 21 0
l1i_u21-11 llc-0b2 1 21 0 21 0
l1i_u21-11 llc-0b3 1 21 0 21 0
l1i_u21-11 llc-0b4 1 21 0 21 0
l1i_u21-11 llc-0b5 1 21 0 21 0
l1i_u21-11 llc-0b6 1 21 0 21 0
l1i_u21-11 llc-0b7 1 21 0 21 0
l1i_u21-11 llc-0b8 1 21 0 21 0
l1i_u21-11 llc-0b9 1 21 0 21 0
l1i_u21-11 llc-0b10 1 21 0 21 0
l1i_u21-11 llc-0b11 1 21 0 21 0
l1i_u21-11 llc-0b12 1 21 0 21 0
l1i_u21-11 llc-0b13 1 21 0 21 0
l1i_u21-11 llc-0b14 1 21 0 21 0
l1i_u21-11 llc-0b15 1 21 0 21 0
l1i_u21-11 llc-0b16 1 21 0 21 0
l1i_u21-11 llc-0b17 1 21 0 21 0
l1i_u21-11 llc-0b18 1 21 0 21 0
l1i_u21-11 llc-0b19 1 21 0 21 0
l1i_u21-11 llc-0b20 1 21 0 21 0
l1i_u21-11 llc-0b21 1 21 0 21 0
l1i_u21-11 llc-0b22 1 21 0 21 0
l1i_u21-11 llc-0b23 1 21 0 21 0
l1i_u21-11 llc-0b24 1 21 0 21 0
l1i_u21-11 llc-0b25 1 21 0 21 0
l1i_u21-11 llc-0b26 1 21 0 21 0
l1i_u21-11 llc-0b27 1 21 0 21 0
l1i_u21-11 llc-0b28 1 21 0 21 0
l1i_u21-11 llc-0b29 1 21 0 21 0
l1i_u21-11 llc-0b30 1 21 0 21 0
l1i_u21-11 llc-0b31 1 21 0 21 0
l1i_u21-12 llc-0b0 1 21 0 21 0
l1i_u21-12 llc-0b1 1 21 0 21 0
l1i_u21-12 llc-0b2 1 21 0 21 0
l1i_u21-12 llc-0b3 1 21 0 21 0
l1i_u21-12 llc-0b4 1 21 0 21 0
l1i_u21-12 llc-0b5 1 21 0 21 0
l1i_u21-12 llc-0b6 1 21 0 21 0
l1i_u21-12 llc-0b7 1 21 0 21 0
l1i_u21-12 llc-0b8 1 21 0 21 0
l1i_u21-12 llc-0b9 1 21 0 21 0
l1i_u21-12 llc-0b10 1 21 0 21 0
l1i_u21-12 llc-0b11 1 21 0 21 0
l1i_u21-12 llc-0b12 1 21 0 21 0
l1i_u21-12 llc-0b13 1 21 0 21 0
l1i_u21-12 llc-0b14 1 21 0 21 0
l1i_u21-12 llc-0b15 1 21 0 21 0
l1i_u21-12 llc-0b16 1 21 0 21 0
l1i_u21-12 llc-0b17 1 21 0 21 0
l1i_u21-12 llc-0b18 1 21 0 21 0
l1i_u21-12 llc-0b19 1 21 0 21 0
l1i_u21-12 llc-0b20 1 21 0 21 0
l1i_u21-12 llc-0b21 1 21 0 21 0
l1i_u21-12 llc-0b22 1 21 0 21 0
l1i_u21-12 llc-0b23 1 21 0 21 0
l1i_u21-12 llc-0b24 1 21 0 21 0
l1i_u21-12 llc-0b25 1 21 0 21 0
l1i_u21-12 llc-0b26 1 21 0 21 0
l1i_u21-12 llc-0b27 1 21 0 21 0
l1i_u21-12 llc-0b28 1 21 0 21 0
l1i_u21-12 llc-0b29 1 21 0 21 0
l1i_u21-12 llc-0b30 1 21 0 21 0
l1i_u21-12 llc-0b31 1 21 0 21 0
l1i_u21-13 llc-0b0 1 21 0 21 0
l1i_u21-13 llc-0b1 1 21 0 21 0
l1i_u21-13 llc-0b2 1 21 0 21 0
l1i_u21-13 llc-0b3 1 21 0 21 0
l1i_u21-13 llc-0b4 1 21 0 21 0
l1i_u21-13 llc-0b5 1 21 0 21 0
l1i_u21-13 llc-0b6 1 21 0 21 0
l1i_u21-13 llc-0b7 1 21 0 21 0
l1i_u21-13 llc-0b8 1 21 0 21 0
l1i_u21-13 llc-0b9 1 21 0 21 0
l1i_u21-13 llc-0b10 1 21 0 21 0
l1i_u21-13 llc-0b11 1 21 0 21 0
l1i_u21-13 llc-0b12 1 21 0 21 0
l1i_u21-13 llc-0b13 1 21 0 21 0
l1i_u21-13 llc-0b14 1 21 0 21 0
l1i_u21-13 llc-0b15 1 21 0 21 0
l1i_u21-13 llc-0b16 1 21 0 21 0
l1i_u21-13 llc-0b17 1 21 0 21 0
l1i_u21-13 llc-0b18 1 21 0 21 0
l1i_u21-13 llc-0b19 1 21 0 21 0
l1i_u21-13 llc-0b20 1 21 0 21 0
l1i_u21-13 llc-0b21 1 21 0 21 0
l1i_u21-13 llc-0b22 1 21 0 21 0
l1i_u21-13 llc-0b23 1 21 0 21 0
l1i_u21-13 llc-0b24 1 21 0 21 0
l1i_u21-13 llc-0b25 1 21 0 21 0
l1i_u21-13 llc-0b26 1 21 0 21 0
l1i_u21-13 llc-0b27 1 21 0 21 0
l1i_u21-13 llc-0b28 1 21 0 21 0
l1i_u21-13 llc-0b29 1 21 0 21 0
l1i_u21-13 llc-0b30 1 21 0 21 0
l1i_u21-13 llc-0b31 1 21 0 21 0
l1i_u21-14 llc-0b0 1 21 0 21 0
l1i_u21-14 llc-0b1 1 21 0 21 0
l1i_u21-14 llc-0b2 1 21 0 21 0
l1i_u21-14 llc-0b3 1 21 0 21 0
l1i_u21-14 llc-0b4 1 21 0 21 0
l1i_u21-14 llc-0b5 1 21 0 21 0
l1i_u21-14 llc-0b6 1 21 0 21 0
l1i_u21-14 llc-0b7 1 21 0 21 0
l1i_u21-14 llc-0b8 1 21 0 21 0
l1i_u21-14 llc-0b9 1 21 0 21 0
l1i_u21-14 llc-0b10 1 21 0 21 0
l1i_u21-14 llc-0b11 1 21 0 21 0
l1i_u21-14 llc-0b12 1 21 0 21 0
l1i_u21-14 llc-0b13 1 21 0 21 0
l1i_u21-14 llc-0b14 1 21 0 21 0
l1i_u21-14 llc-0b15 1 21 0 21 0
l1i_u21-14 llc-0b16 1 21 0 21 0
l1i_u21-14 llc-0b17 1 21 0 21 0
l1i_u21-14 llc-0b18 1 21 0 21 0
l1i_u21-14 llc-0b19 1 21 0 21 0
l1i_u21-14 llc-0b20 1 21 0 21 0
l1i_u21-14 llc-0b21 1 21 0 21 0
l1i_u21-14 llc-0b22 1 21 0 21 0
l1i_u21-14 llc-0b23 1 21 0 21 0
l1i_u21-14 llc-0b24 1 21 0 21 0
l1i_u21-14 llc-0b25 1 21 0 21 0
l1i_u21-14 llc-0b26 1 21 0 21 0
l1i_u21-14 llc-0b27 1 21 0 21 0
l1i_u21-14 llc-0b28 1 21 0 21 0
l1i_u21-14 llc-0b29 1 21 0 21 0
l1i_u21-14 llc-0b30 1 21 0 21 0
l1i_u21-14 llc-0b31 1 21 0 21 0
l1i_u21-15 llc-0b0 1 21 0 21 0
l1i_u21-15 llc-0b1 1 21 0 21 0
l1i_u21-15 llc-0b2 1 21 0 21 0
l1i_u21-15 llc-0b3 1 21 0 21 0
l1i_u21-15 llc-0b4 1 21 0 21 0
l1i_u21-15 llc-0b5 1 21 0 21 0
l1i_u21-15 llc-0b6 1 21 0 21 0
l1i_u21-15 llc-0b7 1 21 0 21 0
l1i_u21-15 llc-0b8 1 21 0 21 0
l1i_u21-15 llc-0b9 1 21 0 21 0
l1i_u21-15 llc-0b10 1 21 0 21 0
l1i_u21-15 llc-0b11 1 21 0 21 0
l1i_u21-15 llc-0b12 1 21 0 21 0
l1i_u21-15 llc-0b13 1 21 0 21 0
l1i_u21-15 llc-0b14 1 21 0 21 0
l1i_u21-15 llc-0b15 1 21 0 21 0
l1i_u21-15 llc-0b16 1 21 0 21 0
l1i_u21-15 llc-0b17 1 21 0 21 0
l1i_u21-15 llc-0b18 1 21 0 21 0
l1i_u21-15 llc-0b19 1 21 0 21 0
l1i_u21-15 llc-0b20 1 21 0 21 0
l1i_u21-15 llc-0b21 1 21 0 21 0
l1i_u21-15 llc-0b22 1 21 0 21 0
l1i_u21-15 llc-0b23 1 21 0 21 0
l1i_u21-15 llc-0b24 1 21 0 21 0
l1i_u21-15 llc-0b25 1 21 0 21 0
l1i_u21-15 llc-0b26 1 21 0 21 0
l1i_u21-15 llc-0b27 1 21 0 21 0
l1i_u21-15 llc-0b28 1 21 0 21 0
l1i_u21-15 llc-0b29 1 21 0 21 0
l1i_u21-15 llc-0b30 1 21 0 21 0
l1i_u21-15 llc-0b31 1 21 0 21 0
l1d_u21-0 llc-0b0 1 21 0 21 0
l1d_u21-0 llc-0b1 1 21 0 21 0
l1d_u21-0 llc-0b2 1 21 0 21 0
l1d_u21-0 llc-0b3 1 21 0 21 0
l1d_u21-0 llc-0b4 1 21 0 21 0
l1d_u21-0 llc-0b5 1 21 0 21 0
l1d_u21-0 llc-0b6 1 21 0 21 0
l1d_u21-0 llc-0b7 1 21 0 21 0
l1d_u21-0 llc-0b8 1 21 0 21 0
l1d_u21-0 llc-0b9 1 21 0 21 0
l1d_u21-0 llc-0b10 1 21 0 21 0
l1d_u21-0 llc-0b11 1 21 0 21 0
l1d_u21-0 llc-0b12 1 21 0 21 0
l1d_u21-0 llc-0b13 1 21 0 21 0
l1d_u21-0 llc-0b14 1 21 0 21 0
l1d_u21-0 llc-0b15 1 21 0 21 0
l1d_u21-0 llc-0b16 1 21 0 21 0
l1d_u21-0 llc-0b17 1 21 0 21 0
l1d_u21-0 llc-0b18 1 21 0 21 0
l1d_u21-0 llc-0b19 1 21 0 21 0
l1d_u21-0 llc-0b20 1 21 0 21 0
l1d_u21-0 llc-0b21 1 21 0 21 0
l1d_u21-0 llc-0b22 1 21 0 21 0
l1d_u21-0 llc-0b23 1 21 0 21 0
l1d_u21-0 llc-0b24 1 21 0 21 0
l1d_u21-0 llc-0b25 1 21 0 21 0
l1d_u21-0 llc-0b26 1 21 0 21 0
l1d_u21-0 llc-0b27 1 21 0 21 0
l1d_u21-0 llc-0b28 1 21 0 21 0
l1d_u21-0 llc-0b29 1 21 0 21 0
l1d_u21-0 llc-0b30 1 21 0 21 0
l1d_u21-0 llc-0b31 1 21 0 21 0
l1d_u21-1 llc-0b0 1 21 0 21 0
l1d_u21-1 llc-0b1 1 21 0 21 0
l1d_u21-1 llc-0b2 1 21 0 21 0
l1d_u21-1 llc-0b3 1 21 0 21 0
l1d_u21-1 llc-0b4 1 21 0 21 0
l1d_u21-1 llc-0b5 1 21 0 21 0
l1d_u21-1 llc-0b6 1 21 0 21 0
l1d_u21-1 llc-0b7 1 21 0 21 0
l1d_u21-1 llc-0b8 1 21 0 21 0
l1d_u21-1 llc-0b9 1 21 0 21 0
l1d_u21-1 llc-0b10 1 21 0 21 0
l1d_u21-1 llc-0b11 1 21 0 21 0
l1d_u21-1 llc-0b12 1 21 0 21 0
l1d_u21-1 llc-0b13 1 21 0 21 0
l1d_u21-1 llc-0b14 1 21 0 21 0
l1d_u21-1 llc-0b15 1 21 0 21 0
l1d_u21-1 llc-0b16 1 21 0 21 0
l1d_u21-1 llc-0b17 1 21 0 21 0
l1d_u21-1 llc-0b18 1 21 0 21 0
l1d_u21-1 llc-0b19 1 21 0 21 0
l1d_u21-1 llc-0b20 1 21 0 21 0
l1d_u21-1 llc-0b21 1 21 0 21 0
l1d_u21-1 llc-0b22 1 21 0 21 0
l1d_u21-1 llc-0b23 1 21 0 21 0
l1d_u21-1 llc-0b24 1 21 0 21 0
l1d_u21-1 llc-0b25 1 21 0 21 0
l1d_u21-1 llc-0b26 1 21 0 21 0
l1d_u21-1 llc-0b27 1 21 0 21 0
l1d_u21-1 llc-0b28 1 21 0 21 0
l1d_u21-1 llc-0b29 1 21 0 21 0
l1d_u21-1 llc-0b30 1 21 0 21 0
l1d_u21-1 llc-0b31 1 21 0 21 0
l1d_u21-2 llc-0b0 1 21 0 21 0
l1d_u21-2 llc-0b1 1 21 0 21 0
l1d_u21-2 llc-0b2 1 21 0 21 0
l1d_u21-2 llc-0b3 1 21 0 21 0
l1d_u21-2 llc-0b4 1 21 0 21 0
l1d_u21-2 llc-0b5 1 21 0 21 0
l1d_u21-2 llc-0b6 1 21 0 21 0
l1d_u21-2 llc-0b7 1 21 0 21 0
l1d_u21-2 llc-0b8 1 21 0 21 0
l1d_u21-2 llc-0b9 1 21 0 21 0
l1d_u21-2 llc-0b10 1 21 0 21 0
l1d_u21-2 llc-0b11 1 21 0 21 0
l1d_u21-2 llc-0b12 1 21 0 21 0
l1d_u21-2 llc-0b13 1 21 0 21 0
l1d_u21-2 llc-0b14 1 21 0 21 0
l1d_u21-2 llc-0b15 1 21 0 21 0
l1d_u21-2 llc-0b16 1 21 0 21 0
l1d_u21-2 llc-0b17 1 21 0 21 0
l1d_u21-2 llc-0b18 1 21 0 21 0
l1d_u21-2 llc-0b19 1 21 0 21 0
l1d_u21-2 llc-0b20 1 21 0 21 0
l1d_u21-2 llc-0b21 1 21 0 21 0
l1d_u21-2 llc-0b22 1 21 0 21 0
l1d_u21-2 llc-0b23 1 21 0 21 0
l1d_u21-2 llc-0b24 1 21 0 21 0
l1d_u21-2 llc-0b25 1 21 0 21 0
l1d_u21-2 llc-0b26 1 21 0 21 0
l1d_u21-2 llc-0b27 1 21 0 21 0
l1d_u21-2 llc-0b28 1 21 0 21 0
l1d_u21-2 llc-0b29 1 21 0 21 0
l1d_u21-2 llc-0b30 1 21 0 21 0
l1d_u21-2 llc-0b31 1 21 0 21 0
l1d_u21-3 llc-0b0 1 21 0 21 0
l1d_u21-3 llc-0b1 1 21 0 21 0
l1d_u21-3 llc-0b2 1 21 0 21 0
l1d_u21-3 llc-0b3 1 21 0 21 0
l1d_u21-3 llc-0b4 1 21 0 21 0
l1d_u21-3 llc-0b5 1 21 0 21 0
l1d_u21-3 llc-0b6 1 21 0 21 0
l1d_u21-3 llc-0b7 1 21 0 21 0
l1d_u21-3 llc-0b8 1 21 0 21 0
l1d_u21-3 llc-0b9 1 21 0 21 0
l1d_u21-3 llc-0b10 1 21 0 21 0
l1d_u21-3 llc-0b11 1 21 0 21 0
l1d_u21-3 llc-0b12 1 21 0 21 0
l1d_u21-3 llc-0b13 1 21 0 21 0
l1d_u21-3 llc-0b14 1 21 0 21 0
l1d_u21-3 llc-0b15 1 21 0 21 0
l1d_u21-3 llc-0b16 1 21 0 21 0
l1d_u21-3 llc-0b17 1 21 0 21 0
l1d_u21-3 llc-0b18 1 21 0 21 0
l1d_u21-3 llc-0b19 1 21 0 21 0
l1d_u21-3 llc-0b20 1 21 0 21 0
l1d_u21-3 llc-0b21 1 21 0 21 0
l1d_u21-3 llc-0b22 1 21 0 21 0
l1d_u21-3 llc-0b23 1 21 0 21 0
l1d_u21-3 llc-0b24 1 21 0 21 0
l1d_u21-3 llc-0b25 1 21 0 21 0
l1d_u21-3 llc-0b26 1 21 0 21 0
l1d_u21-3 llc-0b27 1 21 0 21 0
l1d_u21-3 llc-0b28 1 21 0 21 0
l1d_u21-3 llc-0b29 1 21 0 21 0
l1d_u21-3 llc-0b30 1 21 0 21 0
l1d_u21-3 llc-0b31 1 21 0 21 0
l1d_u21-4 llc-0b0 1 21 0 21 0
l1d_u21-4 llc-0b1 1 21 0 21 0
l1d_u21-4 llc-0b2 1 21 0 21 0
l1d_u21-4 llc-0b3 1 21 0 21 0
l1d_u21-4 llc-0b4 1 21 0 21 0
l1d_u21-4 llc-0b5 1 21 0 21 0
l1d_u21-4 llc-0b6 1 21 0 21 0
l1d_u21-4 llc-0b7 1 21 0 21 0
l1d_u21-4 llc-0b8 1 21 0 21 0
l1d_u21-4 llc-0b9 1 21 0 21 0
l1d_u21-4 llc-0b10 1 21 0 21 0
l1d_u21-4 llc-0b11 1 21 0 21 0
l1d_u21-4 llc-0b12 1 21 0 21 0
l1d_u21-4 llc-0b13 1 21 0 21 0
l1d_u21-4 llc-0b14 1 21 0 21 0
l1d_u21-4 llc-0b15 1 21 0 21 0
l1d_u21-4 llc-0b16 1 21 0 21 0
l1d_u21-4 llc-0b17 1 21 0 21 0
l1d_u21-4 llc-0b18 1 21 0 21 0
l1d_u21-4 llc-0b19 1 21 0 21 0
l1d_u21-4 llc-0b20 1 21 0 21 0
l1d_u21-4 llc-0b21 1 21 0 21 0
l1d_u21-4 llc-0b22 1 21 0 21 0
l1d_u21-4 llc-0b23 1 21 0 21 0
l1d_u21-4 llc-0b24 1 21 0 21 0
l1d_u21-4 llc-0b25 1 21 0 21 0
l1d_u21-4 llc-0b26 1 21 0 21 0
l1d_u21-4 llc-0b27 1 21 0 21 0
l1d_u21-4 llc-0b28 1 21 0 21 0
l1d_u21-4 llc-0b29 1 21 0 21 0
l1d_u21-4 llc-0b30 1 21 0 21 0
l1d_u21-4 llc-0b31 1 21 0 21 0
l1d_u21-5 llc-0b0 1 21 0 21 0
l1d_u21-5 llc-0b1 1 21 0 21 0
l1d_u21-5 llc-0b2 1 21 0 21 0
l1d_u21-5 llc-0b3 1 21 0 21 0
l1d_u21-5 llc-0b4 1 21 0 21 0
l1d_u21-5 llc-0b5 1 21 0 21 0
l1d_u21-5 llc-0b6 1 21 0 21 0
l1d_u21-5 llc-0b7 1 21 0 21 0
l1d_u21-5 llc-0b8 1 21 0 21 0
l1d_u21-5 llc-0b9 1 21 0 21 0
l1d_u21-5 llc-0b10 1 21 0 21 0
l1d_u21-5 llc-0b11 1 21 0 21 0
l1d_u21-5 llc-0b12 1 21 0 21 0
l1d_u21-5 llc-0b13 1 21 0 21 0
l1d_u21-5 llc-0b14 1 21 0 21 0
l1d_u21-5 llc-0b15 1 21 0 21 0
l1d_u21-5 llc-0b16 1 21 0 21 0
l1d_u21-5 llc-0b17 1 21 0 21 0
l1d_u21-5 llc-0b18 1 21 0 21 0
l1d_u21-5 llc-0b19 1 21 0 21 0
l1d_u21-5 llc-0b20 1 21 0 21 0
l1d_u21-5 llc-0b21 1 21 0 21 0
l1d_u21-5 llc-0b22 1 21 0 21 0
l1d_u21-5 llc-0b23 1 21 0 21 0
l1d_u21-5 llc-0b24 1 21 0 21 0
l1d_u21-5 llc-0b25 1 21 0 21 0
l1d_u21-5 llc-0b26 1 21 0 21 0
l1d_u21-5 llc-0b27 1 21 0 21 0
l1d_u21-5 llc-0b28 1 21 0 21 0
l1d_u21-5 llc-0b29 1 21 0 21 0
l1d_u21-5 llc-0b30 1 21 0 21 0
l1d_u21-5 llc-0b31 1 21 0 21 0
l1d_u21-6 llc-0b0 1 21 0 21 0
l1d_u21-6 llc-0b1 1 21 0 21 0
l1d_u21-6 llc-0b2 1 21 0 21 0
l1d_u21-6 llc-0b3 1 21 0 21 0
l1d_u21-6 llc-0b4 1 21 0 21 0
l1d_u21-6 llc-0b5 1 21 0 21 0
l1d_u21-6 llc-0b6 1 21 0 21 0
l1d_u21-6 llc-0b7 1 21 0 21 0
l1d_u21-6 llc-0b8 1 21 0 21 0
l1d_u21-6 llc-0b9 1 21 0 21 0
l1d_u21-6 llc-0b10 1 21 0 21 0
l1d_u21-6 llc-0b11 1 21 0 21 0
l1d_u21-6 llc-0b12 1 21 0 21 0
l1d_u21-6 llc-0b13 1 21 0 21 0
l1d_u21-6 llc-0b14 1 21 0 21 0
l1d_u21-6 llc-0b15 1 21 0 21 0
l1d_u21-6 llc-0b16 1 21 0 21 0
l1d_u21-6 llc-0b17 1 21 0 21 0
l1d_u21-6 llc-0b18 1 21 0 21 0
l1d_u21-6 llc-0b19 1 21 0 21 0
l1d_u21-6 llc-0b20 1 21 0 21 0
l1d_u21-6 llc-0b21 1 21 0 21 0
l1d_u21-6 llc-0b22 1 21 0 21 0
l1d_u21-6 llc-0b23 1 21 0 21 0
l1d_u21-6 llc-0b24 1 21 0 21 0
l1d_u21-6 llc-0b25 1 21 0 21 0
l1d_u21-6 llc-0b26 1 21 0 21 0
l1d_u21-6 llc-0b27 1 21 0 21 0
l1d_u21-6 llc-0b28 1 21 0 21 0
l1d_u21-6 llc-0b29 1 21 0 21 0
l1d_u21-6 llc-0b30 1 21 0 21 0
l1d_u21-6 llc-0b31 1 21 0 21 0
l1d_u21-7 llc-0b0 1 21 0 21 0
l1d_u21-7 llc-0b1 1 21 0 21 0
l1d_u21-7 llc-0b2 1 21 0 21 0
l1d_u21-7 llc-0b3 1 21 0 21 0
l1d_u21-7 llc-0b4 1 21 0 21 0
l1d_u21-7 llc-0b5 1 21 0 21 0
l1d_u21-7 llc-0b6 1 21 0 21 0
l1d_u21-7 llc-0b7 1 21 0 21 0
l1d_u21-7 llc-0b8 1 21 0 21 0
l1d_u21-7 llc-0b9 1 21 0 21 0
l1d_u21-7 llc-0b10 1 21 0 21 0
l1d_u21-7 llc-0b11 1 21 0 21 0
l1d_u21-7 llc-0b12 1 21 0 21 0
l1d_u21-7 llc-0b13 1 21 0 21 0
l1d_u21-7 llc-0b14 1 21 0 21 0
l1d_u21-7 llc-0b15 1 21 0 21 0
l1d_u21-7 llc-0b16 1 21 0 21 0
l1d_u21-7 llc-0b17 1 21 0 21 0
l1d_u21-7 llc-0b18 1 21 0 21 0
l1d_u21-7 llc-0b19 1 21 0 21 0
l1d_u21-7 llc-0b20 1 21 0 21 0
l1d_u21-7 llc-0b21 1 21 0 21 0
l1d_u21-7 llc-0b22 1 21 0 21 0
l1d_u21-7 llc-0b23 1 21 0 21 0
l1d_u21-7 llc-0b24 1 21 0 21 0
l1d_u21-7 llc-0b25 1 21 0 21 0
l1d_u21-7 llc-0b26 1 21 0 21 0
l1d_u21-7 llc-0b27 1 21 0 21 0
l1d_u21-7 llc-0b28 1 21 0 21 0
l1d_u21-7 llc-0b29 1 21 0 21 0
l1d_u21-7 llc-0b30 1 21 0 21 0
l1d_u21-7 llc-0b31 1 21 0 21 0
l1d_u21-8 llc-0b0 1 21 0 21 0
l1d_u21-8 llc-0b1 1 21 0 21 0
l1d_u21-8 llc-0b2 1 21 0 21 0
l1d_u21-8 llc-0b3 1 21 0 21 0
l1d_u21-8 llc-0b4 1 21 0 21 0
l1d_u21-8 llc-0b5 1 21 0 21 0
l1d_u21-8 llc-0b6 1 21 0 21 0
l1d_u21-8 llc-0b7 1 21 0 21 0
l1d_u21-8 llc-0b8 1 21 0 21 0
l1d_u21-8 llc-0b9 1 21 0 21 0
l1d_u21-8 llc-0b10 1 21 0 21 0
l1d_u21-8 llc-0b11 1 21 0 21 0
l1d_u21-8 llc-0b12 1 21 0 21 0
l1d_u21-8 llc-0b13 1 21 0 21 0
l1d_u21-8 llc-0b14 1 21 0 21 0
l1d_u21-8 llc-0b15 1 21 0 21 0
l1d_u21-8 llc-0b16 1 21 0 21 0
l1d_u21-8 llc-0b17 1 21 0 21 0
l1d_u21-8 llc-0b18 1 21 0 21 0
l1d_u21-8 llc-0b19 1 21 0 21 0
l1d_u21-8 llc-0b20 1 21 0 21 0
l1d_u21-8 llc-0b21 1 21 0 21 0
l1d_u21-8 llc-0b22 1 21 0 21 0
l1d_u21-8 llc-0b23 1 21 0 21 0
l1d_u21-8 llc-0b24 1 21 0 21 0
l1d_u21-8 llc-0b25 1 21 0 21 0
l1d_u21-8 llc-0b26 1 21 0 21 0
l1d_u21-8 llc-0b27 1 21 0 21 0
l1d_u21-8 llc-0b28 1 21 0 21 0
l1d_u21-8 llc-0b29 1 21 0 21 0
l1d_u21-8 llc-0b30 1 21 0 21 0
l1d_u21-8 llc-0b31 1 21 0 21 0
l1d_u21-9 llc-0b0 1 21 0 21 0
l1d_u21-9 llc-0b1 1 21 0 21 0
l1d_u21-9 llc-0b2 1 21 0 21 0
l1d_u21-9 llc-0b3 1 21 0 21 0
l1d_u21-9 llc-0b4 1 21 0 21 0
l1d_u21-9 llc-0b5 1 21 0 21 0
l1d_u21-9 llc-0b6 1 21 0 21 0
l1d_u21-9 llc-0b7 1 21 0 21 0
l1d_u21-9 llc-0b8 1 21 0 21 0
l1d_u21-9 llc-0b9 1 21 0 21 0
l1d_u21-9 llc-0b10 1 21 0 21 0
l1d_u21-9 llc-0b11 1 21 0 21 0
l1d_u21-9 llc-0b12 1 21 0 21 0
l1d_u21-9 llc-0b13 1 21 0 21 0
l1d_u21-9 llc-0b14 1 21 0 21 0
l1d_u21-9 llc-0b15 1 21 0 21 0
l1d_u21-9 llc-0b16 1 21 0 21 0
l1d_u21-9 llc-0b17 1 21 0 21 0
l1d_u21-9 llc-0b18 1 21 0 21 0
l1d_u21-9 llc-0b19 1 21 0 21 0
l1d_u21-9 llc-0b20 1 21 0 21 0
l1d_u21-9 llc-0b21 1 21 0 21 0
l1d_u21-9 llc-0b22 1 21 0 21 0
l1d_u21-9 llc-0b23 1 21 0 21 0
l1d_u21-9 llc-0b24 1 21 0 21 0
l1d_u21-9 llc-0b25 1 21 0 21 0
l1d_u21-9 llc-0b26 1 21 0 21 0
l1d_u21-9 llc-0b27 1 21 0 21 0
l1d_u21-9 llc-0b28 1 21 0 21 0
l1d_u21-9 llc-0b29 1 21 0 21 0
l1d_u21-9 llc-0b30 1 21 0 21 0
l1d_u21-9 llc-0b31 1 21 0 21 0
l1d_u21-10 llc-0b0 1 21 0 21 0
l1d_u21-10 llc-0b1 1 21 0 21 0
l1d_u21-10 llc-0b2 1 21 0 21 0
l1d_u21-10 llc-0b3 1 21 0 21 0
l1d_u21-10 llc-0b4 1 21 0 21 0
l1d_u21-10 llc-0b5 1 21 0 21 0
l1d_u21-10 llc-0b6 1 21 0 21 0
l1d_u21-10 llc-0b7 1 21 0 21 0
l1d_u21-10 llc-0b8 1 21 0 21 0
l1d_u21-10 llc-0b9 1 21 0 21 0
l1d_u21-10 llc-0b10 1 21 0 21 0
l1d_u21-10 llc-0b11 1 21 0 21 0
l1d_u21-10 llc-0b12 1 21 0 21 0
l1d_u21-10 llc-0b13 1 21 0 21 0
l1d_u21-10 llc-0b14 1 21 0 21 0
l1d_u21-10 llc-0b15 1 21 0 21 0
l1d_u21-10 llc-0b16 1 21 0 21 0
l1d_u21-10 llc-0b17 1 21 0 21 0
l1d_u21-10 llc-0b18 1 21 0 21 0
l1d_u21-10 llc-0b19 1 21 0 21 0
l1d_u21-10 llc-0b20 1 21 0 21 0
l1d_u21-10 llc-0b21 1 21 0 21 0
l1d_u21-10 llc-0b22 1 21 0 21 0
l1d_u21-10 llc-0b23 1 21 0 21 0
l1d_u21-10 llc-0b24 1 21 0 21 0
l1d_u21-10 llc-0b25 1 21 0 21 0
l1d_u21-10 llc-0b26 1 21 0 21 0
l1d_u21-10 llc-0b27 1 21 0 21 0
l1d_u21-10 llc-0b28 1 21 0 21 0
l1d_u21-10 llc-0b29 1 21 0 21 0
l1d_u21-10 llc-0b30 1 21 0 21 0
l1d_u21-10 llc-0b31 1 21 0 21 0
l1d_u21-11 llc-0b0 1 21 0 21 0
l1d_u21-11 llc-0b1 1 21 0 21 0
l1d_u21-11 llc-0b2 1 21 0 21 0
l1d_u21-11 llc-0b3 1 21 0 21 0
l1d_u21-11 llc-0b4 1 21 0 21 0
l1d_u21-11 llc-0b5 1 21 0 21 0
l1d_u21-11 llc-0b6 1 21 0 21 0
l1d_u21-11 llc-0b7 1 21 0 21 0
l1d_u21-11 llc-0b8 1 21 0 21 0
l1d_u21-11 llc-0b9 1 21 0 21 0
l1d_u21-11 llc-0b10 1 21 0 21 0
l1d_u21-11 llc-0b11 1 21 0 21 0
l1d_u21-11 llc-0b12 1 21 0 21 0
l1d_u21-11 llc-0b13 1 21 0 21 0
l1d_u21-11 llc-0b14 1 21 0 21 0
l1d_u21-11 llc-0b15 1 21 0 21 0
l1d_u21-11 llc-0b16 1 21 0 21 0
l1d_u21-11 llc-0b17 1 21 0 21 0
l1d_u21-11 llc-0b18 1 21 0 21 0
l1d_u21-11 llc-0b19 1 21 0 21 0
l1d_u21-11 llc-0b20 1 21 0 21 0
l1d_u21-11 llc-0b21 1 21 0 21 0
l1d_u21-11 llc-0b22 1 21 0 21 0
l1d_u21-11 llc-0b23 1 21 0 21 0
l1d_u21-11 llc-0b24 1 21 0 21 0
l1d_u21-11 llc-0b25 1 21 0 21 0
l1d_u21-11 llc-0b26 1 21 0 21 0
l1d_u21-11 llc-0b27 1 21 0 21 0
l1d_u21-11 llc-0b28 1 21 0 21 0
l1d_u21-11 llc-0b29 1 21 0 21 0
l1d_u21-11 llc-0b30 1 21 0 21 0
l1d_u21-11 llc-0b31 1 21 0 21 0
l1d_u21-12 llc-0b0 1 21 0 21 0
l1d_u21-12 llc-0b1 1 21 0 21 0
l1d_u21-12 llc-0b2 1 21 0 21 0
l1d_u21-12 llc-0b3 1 21 0 21 0
l1d_u21-12 llc-0b4 1 21 0 21 0
l1d_u21-12 llc-0b5 1 21 0 21 0
l1d_u21-12 llc-0b6 1 21 0 21 0
l1d_u21-12 llc-0b7 1 21 0 21 0
l1d_u21-12 llc-0b8 1 21 0 21 0
l1d_u21-12 llc-0b9 1 21 0 21 0
l1d_u21-12 llc-0b10 1 21 0 21 0
l1d_u21-12 llc-0b11 1 21 0 21 0
l1d_u21-12 llc-0b12 1 21 0 21 0
l1d_u21-12 llc-0b13 1 21 0 21 0
l1d_u21-12 llc-0b14 1 21 0 21 0
l1d_u21-12 llc-0b15 1 21 0 21 0
l1d_u21-12 llc-0b16 1 21 0 21 0
l1d_u21-12 llc-0b17 1 21 0 21 0
l1d_u21-12 llc-0b18 1 21 0 21 0
l1d_u21-12 llc-0b19 1 21 0 21 0
l1d_u21-12 llc-0b20 1 21 0 21 0
l1d_u21-12 llc-0b21 1 21 0 21 0
l1d_u21-12 llc-0b22 1 21 0 21 0
l1d_u21-12 llc-0b23 1 21 0 21 0
l1d_u21-12 llc-0b24 1 21 0 21 0
l1d_u21-12 llc-0b25 1 21 0 21 0
l1d_u21-12 llc-0b26 1 21 0 21 0
l1d_u21-12 llc-0b27 1 21 0 21 0
l1d_u21-12 llc-0b28 1 21 0 21 0
l1d_u21-12 llc-0b29 1 21 0 21 0
l1d_u21-12 llc-0b30 1 21 0 21 0
l1d_u21-12 llc-0b31 1 21 0 21 0
l1d_u21-13 llc-0b0 1 21 0 21 0
l1d_u21-13 llc-0b1 1 21 0 21 0
l1d_u21-13 llc-0b2 1 21 0 21 0
l1d_u21-13 llc-0b3 1 21 0 21 0
l1d_u21-13 llc-0b4 1 21 0 21 0
l1d_u21-13 llc-0b5 1 21 0 21 0
l1d_u21-13 llc-0b6 1 21 0 21 0
l1d_u21-13 llc-0b7 1 21 0 21 0
l1d_u21-13 llc-0b8 1 21 0 21 0
l1d_u21-13 llc-0b9 1 21 0 21 0
l1d_u21-13 llc-0b10 1 21 0 21 0
l1d_u21-13 llc-0b11 1 21 0 21 0
l1d_u21-13 llc-0b12 1 21 0 21 0
l1d_u21-13 llc-0b13 1 21 0 21 0
l1d_u21-13 llc-0b14 1 21 0 21 0
l1d_u21-13 llc-0b15 1 21 0 21 0
l1d_u21-13 llc-0b16 1 21 0 21 0
l1d_u21-13 llc-0b17 1 21 0 21 0
l1d_u21-13 llc-0b18 1 21 0 21 0
l1d_u21-13 llc-0b19 1 21 0 21 0
l1d_u21-13 llc-0b20 1 21 0 21 0
l1d_u21-13 llc-0b21 1 21 0 21 0
l1d_u21-13 llc-0b22 1 21 0 21 0
l1d_u21-13 llc-0b23 1 21 0 21 0
l1d_u21-13 llc-0b24 1 21 0 21 0
l1d_u21-13 llc-0b25 1 21 0 21 0
l1d_u21-13 llc-0b26 1 21 0 21 0
l1d_u21-13 llc-0b27 1 21 0 21 0
l1d_u21-13 llc-0b28 1 21 0 21 0
l1d_u21-13 llc-0b29 1 21 0 21 0
l1d_u21-13 llc-0b30 1 21 0 21 0
l1d_u21-13 llc-0b31 1 21 0 21 0
l1d_u21-14 llc-0b0 1 21 0 21 0
l1d_u21-14 llc-0b1 1 21 0 21 0
l1d_u21-14 llc-0b2 1 21 0 21 0
l1d_u21-14 llc-0b3 1 21 0 21 0
l1d_u21-14 llc-0b4 1 21 0 21 0
l1d_u21-14 llc-0b5 1 21 0 21 0
l1d_u21-14 llc-0b6 1 21 0 21 0
l1d_u21-14 llc-0b7 1 21 0 21 0
l1d_u21-14 llc-0b8 1 21 0 21 0
l1d_u21-14 llc-0b9 1 21 0 21 0
l1d_u21-14 llc-0b10 1 21 0 21 0
l1d_u21-14 llc-0b11 1 21 0 21 0
l1d_u21-14 llc-0b12 1 21 0 21 0
l1d_u21-14 llc-0b13 1 21 0 21 0
l1d_u21-14 llc-0b14 1 21 0 21 0
l1d_u21-14 llc-0b15 1 21 0 21 0
l1d_u21-14 llc-0b16 1 21 0 21 0
l1d_u21-14 llc-0b17 1 21 0 21 0
l1d_u21-14 llc-0b18 1 21 0 21 0
l1d_u21-14 llc-0b19 1 21 0 21 0
l1d_u21-14 llc-0b20 1 21 0 21 0
l1d_u21-14 llc-0b21 1 21 0 21 0
l1d_u21-14 llc-0b22 1 21 0 21 0
l1d_u21-14 llc-0b23 1 21 0 21 0
l1d_u21-14 llc-0b24 1 21 0 21 0
l1d_u21-14 llc-0b25 1 21 0 21 0
l1d_u21-14 llc-0b26 1 21 0 21 0
l1d_u21-14 llc-0b27 1 21 0 21 0
l1d_u21-14 llc-0b28 1 21 0 21 0
l1d_u21-14 llc-0b29 1 21 0 21 0
l1d_u21-14 llc-0b30 1 21 0 21 0
l1d_u21-14 llc-0b31 1 21 0 21 0
l1d_u21-15 llc-0b0 1 21 0 21 0
l1d_u21-15 llc-0b1 1 21 0 21 0
l1d_u21-15 llc-0b2 1 21 0 21 0
l1d_u21-15 llc-0b3 1 21 0 21 0
l1d_u21-15 llc-0b4 1 21 0 21 0
l1d_u21-15 llc-0b5 1 21 0 21 0
l1d_u21-15 llc-0b6 1 21 0 21 0
l1d_u21-15 llc-0b7 1 21 0 21 0
l1d_u21-15 llc-0b8 1 21 0 21 0
l1d_u21-15 llc-0b9 1 21 0 21 0
l1d_u21-15 llc-0b10 1 21 0 21 0
l1d_u21-15 llc-0b11 1 21 0 21 0
l1d_u21-15 llc-0b12 1 21 0 21 0
l1d_u21-15 llc-0b13 1 21 0 21 0
l1d_u21-15 llc-0b14 1 21 0 21 0
l1d_u21-15 llc-0b15 1 21 0 21 0
l1d_u21-15 llc-0b16 1 21 0 21 0
l1d_u21-15 llc-0b17 1 21 0 21 0
l1d_u21-15 llc-0b18 1 21 0 21 0
l1d_u21-15 llc-0b19 1 21 0 21 0
l1d_u21-15 llc-0b20 1 21 0 21 0
l1d_u21-15 llc-0b21 1 21 0 21 0
l1d_u21-15 llc-0b22 1 21 0 21 0
l1d_u21-15 llc-0b23 1 21 0 21 0
l1d_u21-15 llc-0b24 1 21 0 21 0
l1d_u21-15 llc-0b25 1 21 0 21 0
l1d_u21-15 llc-0b26 1 21 0 21 0
l1d_u21-15 llc-0b27 1 21 0 21 0
l1d_u21-15 llc-0b28 1 21 0 21 0
l1d_u21-15 llc-0b29 1 21 0 21 0
l1d_u21-15 llc-0b30 1 21 0 21 0
l1d_u21-15 llc-0b31 1 21 0 21 0
l1i_u22-0 llc-0b0 1 22 0 22 0
l1i_u22-0 llc-0b1 1 22 0 22 0
l1i_u22-0 llc-0b2 1 22 0 22 0
l1i_u22-0 llc-0b3 1 22 0 22 0
l1i_u22-0 llc-0b4 1 22 0 22 0
l1i_u22-0 llc-0b5 1 22 0 22 0
l1i_u22-0 llc-0b6 1 22 0 22 0
l1i_u22-0 llc-0b7 1 22 0 22 0
l1i_u22-0 llc-0b8 1 22 0 22 0
l1i_u22-0 llc-0b9 1 22 0 22 0
l1i_u22-0 llc-0b10 1 22 0 22 0
l1i_u22-0 llc-0b11 1 22 0 22 0
l1i_u22-0 llc-0b12 1 22 0 22 0
l1i_u22-0 llc-0b13 1 22 0 22 0
l1i_u22-0 llc-0b14 1 22 0 22 0
l1i_u22-0 llc-0b15 1 22 0 22 0
l1i_u22-0 llc-0b16 1 22 0 22 0
l1i_u22-0 llc-0b17 1 22 0 22 0
l1i_u22-0 llc-0b18 1 22 0 22 0
l1i_u22-0 llc-0b19 1 22 0 22 0
l1i_u22-0 llc-0b20 1 22 0 22 0
l1i_u22-0 llc-0b21 1 22 0 22 0
l1i_u22-0 llc-0b22 1 22 0 22 0
l1i_u22-0 llc-0b23 1 22 0 22 0
l1i_u22-0 llc-0b24 1 22 0 22 0
l1i_u22-0 llc-0b25 1 22 0 22 0
l1i_u22-0 llc-0b26 1 22 0 22 0
l1i_u22-0 llc-0b27 1 22 0 22 0
l1i_u22-0 llc-0b28 1 22 0 22 0
l1i_u22-0 llc-0b29 1 22 0 22 0
l1i_u22-0 llc-0b30 1 22 0 22 0
l1i_u22-0 llc-0b31 1 22 0 22 0
l1i_u22-1 llc-0b0 1 22 0 22 0
l1i_u22-1 llc-0b1 1 22 0 22 0
l1i_u22-1 llc-0b2 1 22 0 22 0
l1i_u22-1 llc-0b3 1 22 0 22 0
l1i_u22-1 llc-0b4 1 22 0 22 0
l1i_u22-1 llc-0b5 1 22 0 22 0
l1i_u22-1 llc-0b6 1 22 0 22 0
l1i_u22-1 llc-0b7 1 22 0 22 0
l1i_u22-1 llc-0b8 1 22 0 22 0
l1i_u22-1 llc-0b9 1 22 0 22 0
l1i_u22-1 llc-0b10 1 22 0 22 0
l1i_u22-1 llc-0b11 1 22 0 22 0
l1i_u22-1 llc-0b12 1 22 0 22 0
l1i_u22-1 llc-0b13 1 22 0 22 0
l1i_u22-1 llc-0b14 1 22 0 22 0
l1i_u22-1 llc-0b15 1 22 0 22 0
l1i_u22-1 llc-0b16 1 22 0 22 0
l1i_u22-1 llc-0b17 1 22 0 22 0
l1i_u22-1 llc-0b18 1 22 0 22 0
l1i_u22-1 llc-0b19 1 22 0 22 0
l1i_u22-1 llc-0b20 1 22 0 22 0
l1i_u22-1 llc-0b21 1 22 0 22 0
l1i_u22-1 llc-0b22 1 22 0 22 0
l1i_u22-1 llc-0b23 1 22 0 22 0
l1i_u22-1 llc-0b24 1 22 0 22 0
l1i_u22-1 llc-0b25 1 22 0 22 0
l1i_u22-1 llc-0b26 1 22 0 22 0
l1i_u22-1 llc-0b27 1 22 0 22 0
l1i_u22-1 llc-0b28 1 22 0 22 0
l1i_u22-1 llc-0b29 1 22 0 22 0
l1i_u22-1 llc-0b30 1 22 0 22 0
l1i_u22-1 llc-0b31 1 22 0 22 0
l1i_u22-2 llc-0b0 1 22 0 22 0
l1i_u22-2 llc-0b1 1 22 0 22 0
l1i_u22-2 llc-0b2 1 22 0 22 0
l1i_u22-2 llc-0b3 1 22 0 22 0
l1i_u22-2 llc-0b4 1 22 0 22 0
l1i_u22-2 llc-0b5 1 22 0 22 0
l1i_u22-2 llc-0b6 1 22 0 22 0
l1i_u22-2 llc-0b7 1 22 0 22 0
l1i_u22-2 llc-0b8 1 22 0 22 0
l1i_u22-2 llc-0b9 1 22 0 22 0
l1i_u22-2 llc-0b10 1 22 0 22 0
l1i_u22-2 llc-0b11 1 22 0 22 0
l1i_u22-2 llc-0b12 1 22 0 22 0
l1i_u22-2 llc-0b13 1 22 0 22 0
l1i_u22-2 llc-0b14 1 22 0 22 0
l1i_u22-2 llc-0b15 1 22 0 22 0
l1i_u22-2 llc-0b16 1 22 0 22 0
l1i_u22-2 llc-0b17 1 22 0 22 0
l1i_u22-2 llc-0b18 1 22 0 22 0
l1i_u22-2 llc-0b19 1 22 0 22 0
l1i_u22-2 llc-0b20 1 22 0 22 0
l1i_u22-2 llc-0b21 1 22 0 22 0
l1i_u22-2 llc-0b22 1 22 0 22 0
l1i_u22-2 llc-0b23 1 22 0 22 0
l1i_u22-2 llc-0b24 1 22 0 22 0
l1i_u22-2 llc-0b25 1 22 0 22 0
l1i_u22-2 llc-0b26 1 22 0 22 0
l1i_u22-2 llc-0b27 1 22 0 22 0
l1i_u22-2 llc-0b28 1 22 0 22 0
l1i_u22-2 llc-0b29 1 22 0 22 0
l1i_u22-2 llc-0b30 1 22 0 22 0
l1i_u22-2 llc-0b31 1 22 0 22 0
l1i_u22-3 llc-0b0 1 22 0 22 0
l1i_u22-3 llc-0b1 1 22 0 22 0
l1i_u22-3 llc-0b2 1 22 0 22 0
l1i_u22-3 llc-0b3 1 22 0 22 0
l1i_u22-3 llc-0b4 1 22 0 22 0
l1i_u22-3 llc-0b5 1 22 0 22 0
l1i_u22-3 llc-0b6 1 22 0 22 0
l1i_u22-3 llc-0b7 1 22 0 22 0
l1i_u22-3 llc-0b8 1 22 0 22 0
l1i_u22-3 llc-0b9 1 22 0 22 0
l1i_u22-3 llc-0b10 1 22 0 22 0
l1i_u22-3 llc-0b11 1 22 0 22 0
l1i_u22-3 llc-0b12 1 22 0 22 0
l1i_u22-3 llc-0b13 1 22 0 22 0
l1i_u22-3 llc-0b14 1 22 0 22 0
l1i_u22-3 llc-0b15 1 22 0 22 0
l1i_u22-3 llc-0b16 1 22 0 22 0
l1i_u22-3 llc-0b17 1 22 0 22 0
l1i_u22-3 llc-0b18 1 22 0 22 0
l1i_u22-3 llc-0b19 1 22 0 22 0
l1i_u22-3 llc-0b20 1 22 0 22 0
l1i_u22-3 llc-0b21 1 22 0 22 0
l1i_u22-3 llc-0b22 1 22 0 22 0
l1i_u22-3 llc-0b23 1 22 0 22 0
l1i_u22-3 llc-0b24 1 22 0 22 0
l1i_u22-3 llc-0b25 1 22 0 22 0
l1i_u22-3 llc-0b26 1 22 0 22 0
l1i_u22-3 llc-0b27 1 22 0 22 0
l1i_u22-3 llc-0b28 1 22 0 22 0
l1i_u22-3 llc-0b29 1 22 0 22 0
l1i_u22-3 llc-0b30 1 22 0 22 0
l1i_u22-3 llc-0b31 1 22 0 22 0
l1i_u22-4 llc-0b0 1 22 0 22 0
l1i_u22-4 llc-0b1 1 22 0 22 0
l1i_u22-4 llc-0b2 1 22 0 22 0
l1i_u22-4 llc-0b3 1 22 0 22 0
l1i_u22-4 llc-0b4 1 22 0 22 0
l1i_u22-4 llc-0b5 1 22 0 22 0
l1i_u22-4 llc-0b6 1 22 0 22 0
l1i_u22-4 llc-0b7 1 22 0 22 0
l1i_u22-4 llc-0b8 1 22 0 22 0
l1i_u22-4 llc-0b9 1 22 0 22 0
l1i_u22-4 llc-0b10 1 22 0 22 0
l1i_u22-4 llc-0b11 1 22 0 22 0
l1i_u22-4 llc-0b12 1 22 0 22 0
l1i_u22-4 llc-0b13 1 22 0 22 0
l1i_u22-4 llc-0b14 1 22 0 22 0
l1i_u22-4 llc-0b15 1 22 0 22 0
l1i_u22-4 llc-0b16 1 22 0 22 0
l1i_u22-4 llc-0b17 1 22 0 22 0
l1i_u22-4 llc-0b18 1 22 0 22 0
l1i_u22-4 llc-0b19 1 22 0 22 0
l1i_u22-4 llc-0b20 1 22 0 22 0
l1i_u22-4 llc-0b21 1 22 0 22 0
l1i_u22-4 llc-0b22 1 22 0 22 0
l1i_u22-4 llc-0b23 1 22 0 22 0
l1i_u22-4 llc-0b24 1 22 0 22 0
l1i_u22-4 llc-0b25 1 22 0 22 0
l1i_u22-4 llc-0b26 1 22 0 22 0
l1i_u22-4 llc-0b27 1 22 0 22 0
l1i_u22-4 llc-0b28 1 22 0 22 0
l1i_u22-4 llc-0b29 1 22 0 22 0
l1i_u22-4 llc-0b30 1 22 0 22 0
l1i_u22-4 llc-0b31 1 22 0 22 0
l1i_u22-5 llc-0b0 1 22 0 22 0
l1i_u22-5 llc-0b1 1 22 0 22 0
l1i_u22-5 llc-0b2 1 22 0 22 0
l1i_u22-5 llc-0b3 1 22 0 22 0
l1i_u22-5 llc-0b4 1 22 0 22 0
l1i_u22-5 llc-0b5 1 22 0 22 0
l1i_u22-5 llc-0b6 1 22 0 22 0
l1i_u22-5 llc-0b7 1 22 0 22 0
l1i_u22-5 llc-0b8 1 22 0 22 0
l1i_u22-5 llc-0b9 1 22 0 22 0
l1i_u22-5 llc-0b10 1 22 0 22 0
l1i_u22-5 llc-0b11 1 22 0 22 0
l1i_u22-5 llc-0b12 1 22 0 22 0
l1i_u22-5 llc-0b13 1 22 0 22 0
l1i_u22-5 llc-0b14 1 22 0 22 0
l1i_u22-5 llc-0b15 1 22 0 22 0
l1i_u22-5 llc-0b16 1 22 0 22 0
l1i_u22-5 llc-0b17 1 22 0 22 0
l1i_u22-5 llc-0b18 1 22 0 22 0
l1i_u22-5 llc-0b19 1 22 0 22 0
l1i_u22-5 llc-0b20 1 22 0 22 0
l1i_u22-5 llc-0b21 1 22 0 22 0
l1i_u22-5 llc-0b22 1 22 0 22 0
l1i_u22-5 llc-0b23 1 22 0 22 0
l1i_u22-5 llc-0b24 1 22 0 22 0
l1i_u22-5 llc-0b25 1 22 0 22 0
l1i_u22-5 llc-0b26 1 22 0 22 0
l1i_u22-5 llc-0b27 1 22 0 22 0
l1i_u22-5 llc-0b28 1 22 0 22 0
l1i_u22-5 llc-0b29 1 22 0 22 0
l1i_u22-5 llc-0b30 1 22 0 22 0
l1i_u22-5 llc-0b31 1 22 0 22 0
l1i_u22-6 llc-0b0 1 22 0 22 0
l1i_u22-6 llc-0b1 1 22 0 22 0
l1i_u22-6 llc-0b2 1 22 0 22 0
l1i_u22-6 llc-0b3 1 22 0 22 0
l1i_u22-6 llc-0b4 1 22 0 22 0
l1i_u22-6 llc-0b5 1 22 0 22 0
l1i_u22-6 llc-0b6 1 22 0 22 0
l1i_u22-6 llc-0b7 1 22 0 22 0
l1i_u22-6 llc-0b8 1 22 0 22 0
l1i_u22-6 llc-0b9 1 22 0 22 0
l1i_u22-6 llc-0b10 1 22 0 22 0
l1i_u22-6 llc-0b11 1 22 0 22 0
l1i_u22-6 llc-0b12 1 22 0 22 0
l1i_u22-6 llc-0b13 1 22 0 22 0
l1i_u22-6 llc-0b14 1 22 0 22 0
l1i_u22-6 llc-0b15 1 22 0 22 0
l1i_u22-6 llc-0b16 1 22 0 22 0
l1i_u22-6 llc-0b17 1 22 0 22 0
l1i_u22-6 llc-0b18 1 22 0 22 0
l1i_u22-6 llc-0b19 1 22 0 22 0
l1i_u22-6 llc-0b20 1 22 0 22 0
l1i_u22-6 llc-0b21 1 22 0 22 0
l1i_u22-6 llc-0b22 1 22 0 22 0
l1i_u22-6 llc-0b23 1 22 0 22 0
l1i_u22-6 llc-0b24 1 22 0 22 0
l1i_u22-6 llc-0b25 1 22 0 22 0
l1i_u22-6 llc-0b26 1 22 0 22 0
l1i_u22-6 llc-0b27 1 22 0 22 0
l1i_u22-6 llc-0b28 1 22 0 22 0
l1i_u22-6 llc-0b29 1 22 0 22 0
l1i_u22-6 llc-0b30 1 22 0 22 0
l1i_u22-6 llc-0b31 1 22 0 22 0
l1i_u22-7 llc-0b0 1 22 0 22 0
l1i_u22-7 llc-0b1 1 22 0 22 0
l1i_u22-7 llc-0b2 1 22 0 22 0
l1i_u22-7 llc-0b3 1 22 0 22 0
l1i_u22-7 llc-0b4 1 22 0 22 0
l1i_u22-7 llc-0b5 1 22 0 22 0
l1i_u22-7 llc-0b6 1 22 0 22 0
l1i_u22-7 llc-0b7 1 22 0 22 0
l1i_u22-7 llc-0b8 1 22 0 22 0
l1i_u22-7 llc-0b9 1 22 0 22 0
l1i_u22-7 llc-0b10 1 22 0 22 0
l1i_u22-7 llc-0b11 1 22 0 22 0
l1i_u22-7 llc-0b12 1 22 0 22 0
l1i_u22-7 llc-0b13 1 22 0 22 0
l1i_u22-7 llc-0b14 1 22 0 22 0
l1i_u22-7 llc-0b15 1 22 0 22 0
l1i_u22-7 llc-0b16 1 22 0 22 0
l1i_u22-7 llc-0b17 1 22 0 22 0
l1i_u22-7 llc-0b18 1 22 0 22 0
l1i_u22-7 llc-0b19 1 22 0 22 0
l1i_u22-7 llc-0b20 1 22 0 22 0
l1i_u22-7 llc-0b21 1 22 0 22 0
l1i_u22-7 llc-0b22 1 22 0 22 0
l1i_u22-7 llc-0b23 1 22 0 22 0
l1i_u22-7 llc-0b24 1 22 0 22 0
l1i_u22-7 llc-0b25 1 22 0 22 0
l1i_u22-7 llc-0b26 1 22 0 22 0
l1i_u22-7 llc-0b27 1 22 0 22 0
l1i_u22-7 llc-0b28 1 22 0 22 0
l1i_u22-7 llc-0b29 1 22 0 22 0
l1i_u22-7 llc-0b30 1 22 0 22 0
l1i_u22-7 llc-0b31 1 22 0 22 0
l1i_u22-8 llc-0b0 1 22 0 22 0
l1i_u22-8 llc-0b1 1 22 0 22 0
l1i_u22-8 llc-0b2 1 22 0 22 0
l1i_u22-8 llc-0b3 1 22 0 22 0
l1i_u22-8 llc-0b4 1 22 0 22 0
l1i_u22-8 llc-0b5 1 22 0 22 0
l1i_u22-8 llc-0b6 1 22 0 22 0
l1i_u22-8 llc-0b7 1 22 0 22 0
l1i_u22-8 llc-0b8 1 22 0 22 0
l1i_u22-8 llc-0b9 1 22 0 22 0
l1i_u22-8 llc-0b10 1 22 0 22 0
l1i_u22-8 llc-0b11 1 22 0 22 0
l1i_u22-8 llc-0b12 1 22 0 22 0
l1i_u22-8 llc-0b13 1 22 0 22 0
l1i_u22-8 llc-0b14 1 22 0 22 0
l1i_u22-8 llc-0b15 1 22 0 22 0
l1i_u22-8 llc-0b16 1 22 0 22 0
l1i_u22-8 llc-0b17 1 22 0 22 0
l1i_u22-8 llc-0b18 1 22 0 22 0
l1i_u22-8 llc-0b19 1 22 0 22 0
l1i_u22-8 llc-0b20 1 22 0 22 0
l1i_u22-8 llc-0b21 1 22 0 22 0
l1i_u22-8 llc-0b22 1 22 0 22 0
l1i_u22-8 llc-0b23 1 22 0 22 0
l1i_u22-8 llc-0b24 1 22 0 22 0
l1i_u22-8 llc-0b25 1 22 0 22 0
l1i_u22-8 llc-0b26 1 22 0 22 0
l1i_u22-8 llc-0b27 1 22 0 22 0
l1i_u22-8 llc-0b28 1 22 0 22 0
l1i_u22-8 llc-0b29 1 22 0 22 0
l1i_u22-8 llc-0b30 1 22 0 22 0
l1i_u22-8 llc-0b31 1 22 0 22 0
l1i_u22-9 llc-0b0 1 22 0 22 0
l1i_u22-9 llc-0b1 1 22 0 22 0
l1i_u22-9 llc-0b2 1 22 0 22 0
l1i_u22-9 llc-0b3 1 22 0 22 0
l1i_u22-9 llc-0b4 1 22 0 22 0
l1i_u22-9 llc-0b5 1 22 0 22 0
l1i_u22-9 llc-0b6 1 22 0 22 0
l1i_u22-9 llc-0b7 1 22 0 22 0
l1i_u22-9 llc-0b8 1 22 0 22 0
l1i_u22-9 llc-0b9 1 22 0 22 0
l1i_u22-9 llc-0b10 1 22 0 22 0
l1i_u22-9 llc-0b11 1 22 0 22 0
l1i_u22-9 llc-0b12 1 22 0 22 0
l1i_u22-9 llc-0b13 1 22 0 22 0
l1i_u22-9 llc-0b14 1 22 0 22 0
l1i_u22-9 llc-0b15 1 22 0 22 0
l1i_u22-9 llc-0b16 1 22 0 22 0
l1i_u22-9 llc-0b17 1 22 0 22 0
l1i_u22-9 llc-0b18 1 22 0 22 0
l1i_u22-9 llc-0b19 1 22 0 22 0
l1i_u22-9 llc-0b20 1 22 0 22 0
l1i_u22-9 llc-0b21 1 22 0 22 0
l1i_u22-9 llc-0b22 1 22 0 22 0
l1i_u22-9 llc-0b23 1 22 0 22 0
l1i_u22-9 llc-0b24 1 22 0 22 0
l1i_u22-9 llc-0b25 1 22 0 22 0
l1i_u22-9 llc-0b26 1 22 0 22 0
l1i_u22-9 llc-0b27 1 22 0 22 0
l1i_u22-9 llc-0b28 1 22 0 22 0
l1i_u22-9 llc-0b29 1 22 0 22 0
l1i_u22-9 llc-0b30 1 22 0 22 0
l1i_u22-9 llc-0b31 1 22 0 22 0
l1i_u22-10 llc-0b0 1 22 0 22 0
l1i_u22-10 llc-0b1 1 22 0 22 0
l1i_u22-10 llc-0b2 1 22 0 22 0
l1i_u22-10 llc-0b3 1 22 0 22 0
l1i_u22-10 llc-0b4 1 22 0 22 0
l1i_u22-10 llc-0b5 1 22 0 22 0
l1i_u22-10 llc-0b6 1 22 0 22 0
l1i_u22-10 llc-0b7 1 22 0 22 0
l1i_u22-10 llc-0b8 1 22 0 22 0
l1i_u22-10 llc-0b9 1 22 0 22 0
l1i_u22-10 llc-0b10 1 22 0 22 0
l1i_u22-10 llc-0b11 1 22 0 22 0
l1i_u22-10 llc-0b12 1 22 0 22 0
l1i_u22-10 llc-0b13 1 22 0 22 0
l1i_u22-10 llc-0b14 1 22 0 22 0
l1i_u22-10 llc-0b15 1 22 0 22 0
l1i_u22-10 llc-0b16 1 22 0 22 0
l1i_u22-10 llc-0b17 1 22 0 22 0
l1i_u22-10 llc-0b18 1 22 0 22 0
l1i_u22-10 llc-0b19 1 22 0 22 0
l1i_u22-10 llc-0b20 1 22 0 22 0
l1i_u22-10 llc-0b21 1 22 0 22 0
l1i_u22-10 llc-0b22 1 22 0 22 0
l1i_u22-10 llc-0b23 1 22 0 22 0
l1i_u22-10 llc-0b24 1 22 0 22 0
l1i_u22-10 llc-0b25 1 22 0 22 0
l1i_u22-10 llc-0b26 1 22 0 22 0
l1i_u22-10 llc-0b27 1 22 0 22 0
l1i_u22-10 llc-0b28 1 22 0 22 0
l1i_u22-10 llc-0b29 1 22 0 22 0
l1i_u22-10 llc-0b30 1 22 0 22 0
l1i_u22-10 llc-0b31 1 22 0 22 0
l1i_u22-11 llc-0b0 1 22 0 22 0
l1i_u22-11 llc-0b1 1 22 0 22 0
l1i_u22-11 llc-0b2 1 22 0 22 0
l1i_u22-11 llc-0b3 1 22 0 22 0
l1i_u22-11 llc-0b4 1 22 0 22 0
l1i_u22-11 llc-0b5 1 22 0 22 0
l1i_u22-11 llc-0b6 1 22 0 22 0
l1i_u22-11 llc-0b7 1 22 0 22 0
l1i_u22-11 llc-0b8 1 22 0 22 0
l1i_u22-11 llc-0b9 1 22 0 22 0
l1i_u22-11 llc-0b10 1 22 0 22 0
l1i_u22-11 llc-0b11 1 22 0 22 0
l1i_u22-11 llc-0b12 1 22 0 22 0
l1i_u22-11 llc-0b13 1 22 0 22 0
l1i_u22-11 llc-0b14 1 22 0 22 0
l1i_u22-11 llc-0b15 1 22 0 22 0
l1i_u22-11 llc-0b16 1 22 0 22 0
l1i_u22-11 llc-0b17 1 22 0 22 0
l1i_u22-11 llc-0b18 1 22 0 22 0
l1i_u22-11 llc-0b19 1 22 0 22 0
l1i_u22-11 llc-0b20 1 22 0 22 0
l1i_u22-11 llc-0b21 1 22 0 22 0
l1i_u22-11 llc-0b22 1 22 0 22 0
l1i_u22-11 llc-0b23 1 22 0 22 0
l1i_u22-11 llc-0b24 1 22 0 22 0
l1i_u22-11 llc-0b25 1 22 0 22 0
l1i_u22-11 llc-0b26 1 22 0 22 0
l1i_u22-11 llc-0b27 1 22 0 22 0
l1i_u22-11 llc-0b28 1 22 0 22 0
l1i_u22-11 llc-0b29 1 22 0 22 0
l1i_u22-11 llc-0b30 1 22 0 22 0
l1i_u22-11 llc-0b31 1 22 0 22 0
l1i_u22-12 llc-0b0 1 22 0 22 0
l1i_u22-12 llc-0b1 1 22 0 22 0
l1i_u22-12 llc-0b2 1 22 0 22 0
l1i_u22-12 llc-0b3 1 22 0 22 0
l1i_u22-12 llc-0b4 1 22 0 22 0
l1i_u22-12 llc-0b5 1 22 0 22 0
l1i_u22-12 llc-0b6 1 22 0 22 0
l1i_u22-12 llc-0b7 1 22 0 22 0
l1i_u22-12 llc-0b8 1 22 0 22 0
l1i_u22-12 llc-0b9 1 22 0 22 0
l1i_u22-12 llc-0b10 1 22 0 22 0
l1i_u22-12 llc-0b11 1 22 0 22 0
l1i_u22-12 llc-0b12 1 22 0 22 0
l1i_u22-12 llc-0b13 1 22 0 22 0
l1i_u22-12 llc-0b14 1 22 0 22 0
l1i_u22-12 llc-0b15 1 22 0 22 0
l1i_u22-12 llc-0b16 1 22 0 22 0
l1i_u22-12 llc-0b17 1 22 0 22 0
l1i_u22-12 llc-0b18 1 22 0 22 0
l1i_u22-12 llc-0b19 1 22 0 22 0
l1i_u22-12 llc-0b20 1 22 0 22 0
l1i_u22-12 llc-0b21 1 22 0 22 0
l1i_u22-12 llc-0b22 1 22 0 22 0
l1i_u22-12 llc-0b23 1 22 0 22 0
l1i_u22-12 llc-0b24 1 22 0 22 0
l1i_u22-12 llc-0b25 1 22 0 22 0
l1i_u22-12 llc-0b26 1 22 0 22 0
l1i_u22-12 llc-0b27 1 22 0 22 0
l1i_u22-12 llc-0b28 1 22 0 22 0
l1i_u22-12 llc-0b29 1 22 0 22 0
l1i_u22-12 llc-0b30 1 22 0 22 0
l1i_u22-12 llc-0b31 1 22 0 22 0
l1i_u22-13 llc-0b0 1 22 0 22 0
l1i_u22-13 llc-0b1 1 22 0 22 0
l1i_u22-13 llc-0b2 1 22 0 22 0
l1i_u22-13 llc-0b3 1 22 0 22 0
l1i_u22-13 llc-0b4 1 22 0 22 0
l1i_u22-13 llc-0b5 1 22 0 22 0
l1i_u22-13 llc-0b6 1 22 0 22 0
l1i_u22-13 llc-0b7 1 22 0 22 0
l1i_u22-13 llc-0b8 1 22 0 22 0
l1i_u22-13 llc-0b9 1 22 0 22 0
l1i_u22-13 llc-0b10 1 22 0 22 0
l1i_u22-13 llc-0b11 1 22 0 22 0
l1i_u22-13 llc-0b12 1 22 0 22 0
l1i_u22-13 llc-0b13 1 22 0 22 0
l1i_u22-13 llc-0b14 1 22 0 22 0
l1i_u22-13 llc-0b15 1 22 0 22 0
l1i_u22-13 llc-0b16 1 22 0 22 0
l1i_u22-13 llc-0b17 1 22 0 22 0
l1i_u22-13 llc-0b18 1 22 0 22 0
l1i_u22-13 llc-0b19 1 22 0 22 0
l1i_u22-13 llc-0b20 1 22 0 22 0
l1i_u22-13 llc-0b21 1 22 0 22 0
l1i_u22-13 llc-0b22 1 22 0 22 0
l1i_u22-13 llc-0b23 1 22 0 22 0
l1i_u22-13 llc-0b24 1 22 0 22 0
l1i_u22-13 llc-0b25 1 22 0 22 0
l1i_u22-13 llc-0b26 1 22 0 22 0
l1i_u22-13 llc-0b27 1 22 0 22 0
l1i_u22-13 llc-0b28 1 22 0 22 0
l1i_u22-13 llc-0b29 1 22 0 22 0
l1i_u22-13 llc-0b30 1 22 0 22 0
l1i_u22-13 llc-0b31 1 22 0 22 0
l1i_u22-14 llc-0b0 1 22 0 22 0
l1i_u22-14 llc-0b1 1 22 0 22 0
l1i_u22-14 llc-0b2 1 22 0 22 0
l1i_u22-14 llc-0b3 1 22 0 22 0
l1i_u22-14 llc-0b4 1 22 0 22 0
l1i_u22-14 llc-0b5 1 22 0 22 0
l1i_u22-14 llc-0b6 1 22 0 22 0
l1i_u22-14 llc-0b7 1 22 0 22 0
l1i_u22-14 llc-0b8 1 22 0 22 0
l1i_u22-14 llc-0b9 1 22 0 22 0
l1i_u22-14 llc-0b10 1 22 0 22 0
l1i_u22-14 llc-0b11 1 22 0 22 0
l1i_u22-14 llc-0b12 1 22 0 22 0
l1i_u22-14 llc-0b13 1 22 0 22 0
l1i_u22-14 llc-0b14 1 22 0 22 0
l1i_u22-14 llc-0b15 1 22 0 22 0
l1i_u22-14 llc-0b16 1 22 0 22 0
l1i_u22-14 llc-0b17 1 22 0 22 0
l1i_u22-14 llc-0b18 1 22 0 22 0
l1i_u22-14 llc-0b19 1 22 0 22 0
l1i_u22-14 llc-0b20 1 22 0 22 0
l1i_u22-14 llc-0b21 1 22 0 22 0
l1i_u22-14 llc-0b22 1 22 0 22 0
l1i_u22-14 llc-0b23 1 22 0 22 0
l1i_u22-14 llc-0b24 1 22 0 22 0
l1i_u22-14 llc-0b25 1 22 0 22 0
l1i_u22-14 llc-0b26 1 22 0 22 0
l1i_u22-14 llc-0b27 1 22 0 22 0
l1i_u22-14 llc-0b28 1 22 0 22 0
l1i_u22-14 llc-0b29 1 22 0 22 0
l1i_u22-14 llc-0b30 1 22 0 22 0
l1i_u22-14 llc-0b31 1 22 0 22 0
l1i_u22-15 llc-0b0 1 22 0 22 0
l1i_u22-15 llc-0b1 1 22 0 22 0
l1i_u22-15 llc-0b2 1 22 0 22 0
l1i_u22-15 llc-0b3 1 22 0 22 0
l1i_u22-15 llc-0b4 1 22 0 22 0
l1i_u22-15 llc-0b5 1 22 0 22 0
l1i_u22-15 llc-0b6 1 22 0 22 0
l1i_u22-15 llc-0b7 1 22 0 22 0
l1i_u22-15 llc-0b8 1 22 0 22 0
l1i_u22-15 llc-0b9 1 22 0 22 0
l1i_u22-15 llc-0b10 1 22 0 22 0
l1i_u22-15 llc-0b11 1 22 0 22 0
l1i_u22-15 llc-0b12 1 22 0 22 0
l1i_u22-15 llc-0b13 1 22 0 22 0
l1i_u22-15 llc-0b14 1 22 0 22 0
l1i_u22-15 llc-0b15 1 22 0 22 0
l1i_u22-15 llc-0b16 1 22 0 22 0
l1i_u22-15 llc-0b17 1 22 0 22 0
l1i_u22-15 llc-0b18 1 22 0 22 0
l1i_u22-15 llc-0b19 1 22 0 22 0
l1i_u22-15 llc-0b20 1 22 0 22 0
l1i_u22-15 llc-0b21 1 22 0 22 0
l1i_u22-15 llc-0b22 1 22 0 22 0
l1i_u22-15 llc-0b23 1 22 0 22 0
l1i_u22-15 llc-0b24 1 22 0 22 0
l1i_u22-15 llc-0b25 1 22 0 22 0
l1i_u22-15 llc-0b26 1 22 0 22 0
l1i_u22-15 llc-0b27 1 22 0 22 0
l1i_u22-15 llc-0b28 1 22 0 22 0
l1i_u22-15 llc-0b29 1 22 0 22 0
l1i_u22-15 llc-0b30 1 22 0 22 0
l1i_u22-15 llc-0b31 1 22 0 22 0
l1d_u22-0 llc-0b0 1 22 0 22 0
l1d_u22-0 llc-0b1 1 22 0 22 0
l1d_u22-0 llc-0b2 1 22 0 22 0
l1d_u22-0 llc-0b3 1 22 0 22 0
l1d_u22-0 llc-0b4 1 22 0 22 0
l1d_u22-0 llc-0b5 1 22 0 22 0
l1d_u22-0 llc-0b6 1 22 0 22 0
l1d_u22-0 llc-0b7 1 22 0 22 0
l1d_u22-0 llc-0b8 1 22 0 22 0
l1d_u22-0 llc-0b9 1 22 0 22 0
l1d_u22-0 llc-0b10 1 22 0 22 0
l1d_u22-0 llc-0b11 1 22 0 22 0
l1d_u22-0 llc-0b12 1 22 0 22 0
l1d_u22-0 llc-0b13 1 22 0 22 0
l1d_u22-0 llc-0b14 1 22 0 22 0
l1d_u22-0 llc-0b15 1 22 0 22 0
l1d_u22-0 llc-0b16 1 22 0 22 0
l1d_u22-0 llc-0b17 1 22 0 22 0
l1d_u22-0 llc-0b18 1 22 0 22 0
l1d_u22-0 llc-0b19 1 22 0 22 0
l1d_u22-0 llc-0b20 1 22 0 22 0
l1d_u22-0 llc-0b21 1 22 0 22 0
l1d_u22-0 llc-0b22 1 22 0 22 0
l1d_u22-0 llc-0b23 1 22 0 22 0
l1d_u22-0 llc-0b24 1 22 0 22 0
l1d_u22-0 llc-0b25 1 22 0 22 0
l1d_u22-0 llc-0b26 1 22 0 22 0
l1d_u22-0 llc-0b27 1 22 0 22 0
l1d_u22-0 llc-0b28 1 22 0 22 0
l1d_u22-0 llc-0b29 1 22 0 22 0
l1d_u22-0 llc-0b30 1 22 0 22 0
l1d_u22-0 llc-0b31 1 22 0 22 0
l1d_u22-1 llc-0b0 1 22 0 22 0
l1d_u22-1 llc-0b1 1 22 0 22 0
l1d_u22-1 llc-0b2 1 22 0 22 0
l1d_u22-1 llc-0b3 1 22 0 22 0
l1d_u22-1 llc-0b4 1 22 0 22 0
l1d_u22-1 llc-0b5 1 22 0 22 0
l1d_u22-1 llc-0b6 1 22 0 22 0
l1d_u22-1 llc-0b7 1 22 0 22 0
l1d_u22-1 llc-0b8 1 22 0 22 0
l1d_u22-1 llc-0b9 1 22 0 22 0
l1d_u22-1 llc-0b10 1 22 0 22 0
l1d_u22-1 llc-0b11 1 22 0 22 0
l1d_u22-1 llc-0b12 1 22 0 22 0
l1d_u22-1 llc-0b13 1 22 0 22 0
l1d_u22-1 llc-0b14 1 22 0 22 0
l1d_u22-1 llc-0b15 1 22 0 22 0
l1d_u22-1 llc-0b16 1 22 0 22 0
l1d_u22-1 llc-0b17 1 22 0 22 0
l1d_u22-1 llc-0b18 1 22 0 22 0
l1d_u22-1 llc-0b19 1 22 0 22 0
l1d_u22-1 llc-0b20 1 22 0 22 0
l1d_u22-1 llc-0b21 1 22 0 22 0
l1d_u22-1 llc-0b22 1 22 0 22 0
l1d_u22-1 llc-0b23 1 22 0 22 0
l1d_u22-1 llc-0b24 1 22 0 22 0
l1d_u22-1 llc-0b25 1 22 0 22 0
l1d_u22-1 llc-0b26 1 22 0 22 0
l1d_u22-1 llc-0b27 1 22 0 22 0
l1d_u22-1 llc-0b28 1 22 0 22 0
l1d_u22-1 llc-0b29 1 22 0 22 0
l1d_u22-1 llc-0b30 1 22 0 22 0
l1d_u22-1 llc-0b31 1 22 0 22 0
l1d_u22-2 llc-0b0 1 22 0 22 0
l1d_u22-2 llc-0b1 1 22 0 22 0
l1d_u22-2 llc-0b2 1 22 0 22 0
l1d_u22-2 llc-0b3 1 22 0 22 0
l1d_u22-2 llc-0b4 1 22 0 22 0
l1d_u22-2 llc-0b5 1 22 0 22 0
l1d_u22-2 llc-0b6 1 22 0 22 0
l1d_u22-2 llc-0b7 1 22 0 22 0
l1d_u22-2 llc-0b8 1 22 0 22 0
l1d_u22-2 llc-0b9 1 22 0 22 0
l1d_u22-2 llc-0b10 1 22 0 22 0
l1d_u22-2 llc-0b11 1 22 0 22 0
l1d_u22-2 llc-0b12 1 22 0 22 0
l1d_u22-2 llc-0b13 1 22 0 22 0
l1d_u22-2 llc-0b14 1 22 0 22 0
l1d_u22-2 llc-0b15 1 22 0 22 0
l1d_u22-2 llc-0b16 1 22 0 22 0
l1d_u22-2 llc-0b17 1 22 0 22 0
l1d_u22-2 llc-0b18 1 22 0 22 0
l1d_u22-2 llc-0b19 1 22 0 22 0
l1d_u22-2 llc-0b20 1 22 0 22 0
l1d_u22-2 llc-0b21 1 22 0 22 0
l1d_u22-2 llc-0b22 1 22 0 22 0
l1d_u22-2 llc-0b23 1 22 0 22 0
l1d_u22-2 llc-0b24 1 22 0 22 0
l1d_u22-2 llc-0b25 1 22 0 22 0
l1d_u22-2 llc-0b26 1 22 0 22 0
l1d_u22-2 llc-0b27 1 22 0 22 0
l1d_u22-2 llc-0b28 1 22 0 22 0
l1d_u22-2 llc-0b29 1 22 0 22 0
l1d_u22-2 llc-0b30 1 22 0 22 0
l1d_u22-2 llc-0b31 1 22 0 22 0
l1d_u22-3 llc-0b0 1 22 0 22 0
l1d_u22-3 llc-0b1 1 22 0 22 0
l1d_u22-3 llc-0b2 1 22 0 22 0
l1d_u22-3 llc-0b3 1 22 0 22 0
l1d_u22-3 llc-0b4 1 22 0 22 0
l1d_u22-3 llc-0b5 1 22 0 22 0
l1d_u22-3 llc-0b6 1 22 0 22 0
l1d_u22-3 llc-0b7 1 22 0 22 0
l1d_u22-3 llc-0b8 1 22 0 22 0
l1d_u22-3 llc-0b9 1 22 0 22 0
l1d_u22-3 llc-0b10 1 22 0 22 0
l1d_u22-3 llc-0b11 1 22 0 22 0
l1d_u22-3 llc-0b12 1 22 0 22 0
l1d_u22-3 llc-0b13 1 22 0 22 0
l1d_u22-3 llc-0b14 1 22 0 22 0
l1d_u22-3 llc-0b15 1 22 0 22 0
l1d_u22-3 llc-0b16 1 22 0 22 0
l1d_u22-3 llc-0b17 1 22 0 22 0
l1d_u22-3 llc-0b18 1 22 0 22 0
l1d_u22-3 llc-0b19 1 22 0 22 0
l1d_u22-3 llc-0b20 1 22 0 22 0
l1d_u22-3 llc-0b21 1 22 0 22 0
l1d_u22-3 llc-0b22 1 22 0 22 0
l1d_u22-3 llc-0b23 1 22 0 22 0
l1d_u22-3 llc-0b24 1 22 0 22 0
l1d_u22-3 llc-0b25 1 22 0 22 0
l1d_u22-3 llc-0b26 1 22 0 22 0
l1d_u22-3 llc-0b27 1 22 0 22 0
l1d_u22-3 llc-0b28 1 22 0 22 0
l1d_u22-3 llc-0b29 1 22 0 22 0
l1d_u22-3 llc-0b30 1 22 0 22 0
l1d_u22-3 llc-0b31 1 22 0 22 0
l1d_u22-4 llc-0b0 1 22 0 22 0
l1d_u22-4 llc-0b1 1 22 0 22 0
l1d_u22-4 llc-0b2 1 22 0 22 0
l1d_u22-4 llc-0b3 1 22 0 22 0
l1d_u22-4 llc-0b4 1 22 0 22 0
l1d_u22-4 llc-0b5 1 22 0 22 0
l1d_u22-4 llc-0b6 1 22 0 22 0
l1d_u22-4 llc-0b7 1 22 0 22 0
l1d_u22-4 llc-0b8 1 22 0 22 0
l1d_u22-4 llc-0b9 1 22 0 22 0
l1d_u22-4 llc-0b10 1 22 0 22 0
l1d_u22-4 llc-0b11 1 22 0 22 0
l1d_u22-4 llc-0b12 1 22 0 22 0
l1d_u22-4 llc-0b13 1 22 0 22 0
l1d_u22-4 llc-0b14 1 22 0 22 0
l1d_u22-4 llc-0b15 1 22 0 22 0
l1d_u22-4 llc-0b16 1 22 0 22 0
l1d_u22-4 llc-0b17 1 22 0 22 0
l1d_u22-4 llc-0b18 1 22 0 22 0
l1d_u22-4 llc-0b19 1 22 0 22 0
l1d_u22-4 llc-0b20 1 22 0 22 0
l1d_u22-4 llc-0b21 1 22 0 22 0
l1d_u22-4 llc-0b22 1 22 0 22 0
l1d_u22-4 llc-0b23 1 22 0 22 0
l1d_u22-4 llc-0b24 1 22 0 22 0
l1d_u22-4 llc-0b25 1 22 0 22 0
l1d_u22-4 llc-0b26 1 22 0 22 0
l1d_u22-4 llc-0b27 1 22 0 22 0
l1d_u22-4 llc-0b28 1 22 0 22 0
l1d_u22-4 llc-0b29 1 22 0 22 0
l1d_u22-4 llc-0b30 1 22 0 22 0
l1d_u22-4 llc-0b31 1 22 0 22 0
l1d_u22-5 llc-0b0 1 22 0 22 0
l1d_u22-5 llc-0b1 1 22 0 22 0
l1d_u22-5 llc-0b2 1 22 0 22 0
l1d_u22-5 llc-0b3 1 22 0 22 0
l1d_u22-5 llc-0b4 1 22 0 22 0
l1d_u22-5 llc-0b5 1 22 0 22 0
l1d_u22-5 llc-0b6 1 22 0 22 0
l1d_u22-5 llc-0b7 1 22 0 22 0
l1d_u22-5 llc-0b8 1 22 0 22 0
l1d_u22-5 llc-0b9 1 22 0 22 0
l1d_u22-5 llc-0b10 1 22 0 22 0
l1d_u22-5 llc-0b11 1 22 0 22 0
l1d_u22-5 llc-0b12 1 22 0 22 0
l1d_u22-5 llc-0b13 1 22 0 22 0
l1d_u22-5 llc-0b14 1 22 0 22 0
l1d_u22-5 llc-0b15 1 22 0 22 0
l1d_u22-5 llc-0b16 1 22 0 22 0
l1d_u22-5 llc-0b17 1 22 0 22 0
l1d_u22-5 llc-0b18 1 22 0 22 0
l1d_u22-5 llc-0b19 1 22 0 22 0
l1d_u22-5 llc-0b20 1 22 0 22 0
l1d_u22-5 llc-0b21 1 22 0 22 0
l1d_u22-5 llc-0b22 1 22 0 22 0
l1d_u22-5 llc-0b23 1 22 0 22 0
l1d_u22-5 llc-0b24 1 22 0 22 0
l1d_u22-5 llc-0b25 1 22 0 22 0
l1d_u22-5 llc-0b26 1 22 0 22 0
l1d_u22-5 llc-0b27 1 22 0 22 0
l1d_u22-5 llc-0b28 1 22 0 22 0
l1d_u22-5 llc-0b29 1 22 0 22 0
l1d_u22-5 llc-0b30 1 22 0 22 0
l1d_u22-5 llc-0b31 1 22 0 22 0
l1d_u22-6 llc-0b0 1 22 0 22 0
l1d_u22-6 llc-0b1 1 22 0 22 0
l1d_u22-6 llc-0b2 1 22 0 22 0
l1d_u22-6 llc-0b3 1 22 0 22 0
l1d_u22-6 llc-0b4 1 22 0 22 0
l1d_u22-6 llc-0b5 1 22 0 22 0
l1d_u22-6 llc-0b6 1 22 0 22 0
l1d_u22-6 llc-0b7 1 22 0 22 0
l1d_u22-6 llc-0b8 1 22 0 22 0
l1d_u22-6 llc-0b9 1 22 0 22 0
l1d_u22-6 llc-0b10 1 22 0 22 0
l1d_u22-6 llc-0b11 1 22 0 22 0
l1d_u22-6 llc-0b12 1 22 0 22 0
l1d_u22-6 llc-0b13 1 22 0 22 0
l1d_u22-6 llc-0b14 1 22 0 22 0
l1d_u22-6 llc-0b15 1 22 0 22 0
l1d_u22-6 llc-0b16 1 22 0 22 0
l1d_u22-6 llc-0b17 1 22 0 22 0
l1d_u22-6 llc-0b18 1 22 0 22 0
l1d_u22-6 llc-0b19 1 22 0 22 0
l1d_u22-6 llc-0b20 1 22 0 22 0
l1d_u22-6 llc-0b21 1 22 0 22 0
l1d_u22-6 llc-0b22 1 22 0 22 0
l1d_u22-6 llc-0b23 1 22 0 22 0
l1d_u22-6 llc-0b24 1 22 0 22 0
l1d_u22-6 llc-0b25 1 22 0 22 0
l1d_u22-6 llc-0b26 1 22 0 22 0
l1d_u22-6 llc-0b27 1 22 0 22 0
l1d_u22-6 llc-0b28 1 22 0 22 0
l1d_u22-6 llc-0b29 1 22 0 22 0
l1d_u22-6 llc-0b30 1 22 0 22 0
l1d_u22-6 llc-0b31 1 22 0 22 0
l1d_u22-7 llc-0b0 1 22 0 22 0
l1d_u22-7 llc-0b1 1 22 0 22 0
l1d_u22-7 llc-0b2 1 22 0 22 0
l1d_u22-7 llc-0b3 1 22 0 22 0
l1d_u22-7 llc-0b4 1 22 0 22 0
l1d_u22-7 llc-0b5 1 22 0 22 0
l1d_u22-7 llc-0b6 1 22 0 22 0
l1d_u22-7 llc-0b7 1 22 0 22 0
l1d_u22-7 llc-0b8 1 22 0 22 0
l1d_u22-7 llc-0b9 1 22 0 22 0
l1d_u22-7 llc-0b10 1 22 0 22 0
l1d_u22-7 llc-0b11 1 22 0 22 0
l1d_u22-7 llc-0b12 1 22 0 22 0
l1d_u22-7 llc-0b13 1 22 0 22 0
l1d_u22-7 llc-0b14 1 22 0 22 0
l1d_u22-7 llc-0b15 1 22 0 22 0
l1d_u22-7 llc-0b16 1 22 0 22 0
l1d_u22-7 llc-0b17 1 22 0 22 0
l1d_u22-7 llc-0b18 1 22 0 22 0
l1d_u22-7 llc-0b19 1 22 0 22 0
l1d_u22-7 llc-0b20 1 22 0 22 0
l1d_u22-7 llc-0b21 1 22 0 22 0
l1d_u22-7 llc-0b22 1 22 0 22 0
l1d_u22-7 llc-0b23 1 22 0 22 0
l1d_u22-7 llc-0b24 1 22 0 22 0
l1d_u22-7 llc-0b25 1 22 0 22 0
l1d_u22-7 llc-0b26 1 22 0 22 0
l1d_u22-7 llc-0b27 1 22 0 22 0
l1d_u22-7 llc-0b28 1 22 0 22 0
l1d_u22-7 llc-0b29 1 22 0 22 0
l1d_u22-7 llc-0b30 1 22 0 22 0
l1d_u22-7 llc-0b31 1 22 0 22 0
l1d_u22-8 llc-0b0 1 22 0 22 0
l1d_u22-8 llc-0b1 1 22 0 22 0
l1d_u22-8 llc-0b2 1 22 0 22 0
l1d_u22-8 llc-0b3 1 22 0 22 0
l1d_u22-8 llc-0b4 1 22 0 22 0
l1d_u22-8 llc-0b5 1 22 0 22 0
l1d_u22-8 llc-0b6 1 22 0 22 0
l1d_u22-8 llc-0b7 1 22 0 22 0
l1d_u22-8 llc-0b8 1 22 0 22 0
l1d_u22-8 llc-0b9 1 22 0 22 0
l1d_u22-8 llc-0b10 1 22 0 22 0
l1d_u22-8 llc-0b11 1 22 0 22 0
l1d_u22-8 llc-0b12 1 22 0 22 0
l1d_u22-8 llc-0b13 1 22 0 22 0
l1d_u22-8 llc-0b14 1 22 0 22 0
l1d_u22-8 llc-0b15 1 22 0 22 0
l1d_u22-8 llc-0b16 1 22 0 22 0
l1d_u22-8 llc-0b17 1 22 0 22 0
l1d_u22-8 llc-0b18 1 22 0 22 0
l1d_u22-8 llc-0b19 1 22 0 22 0
l1d_u22-8 llc-0b20 1 22 0 22 0
l1d_u22-8 llc-0b21 1 22 0 22 0
l1d_u22-8 llc-0b22 1 22 0 22 0
l1d_u22-8 llc-0b23 1 22 0 22 0
l1d_u22-8 llc-0b24 1 22 0 22 0
l1d_u22-8 llc-0b25 1 22 0 22 0
l1d_u22-8 llc-0b26 1 22 0 22 0
l1d_u22-8 llc-0b27 1 22 0 22 0
l1d_u22-8 llc-0b28 1 22 0 22 0
l1d_u22-8 llc-0b29 1 22 0 22 0
l1d_u22-8 llc-0b30 1 22 0 22 0
l1d_u22-8 llc-0b31 1 22 0 22 0
l1d_u22-9 llc-0b0 1 22 0 22 0
l1d_u22-9 llc-0b1 1 22 0 22 0
l1d_u22-9 llc-0b2 1 22 0 22 0
l1d_u22-9 llc-0b3 1 22 0 22 0
l1d_u22-9 llc-0b4 1 22 0 22 0
l1d_u22-9 llc-0b5 1 22 0 22 0
l1d_u22-9 llc-0b6 1 22 0 22 0
l1d_u22-9 llc-0b7 1 22 0 22 0
l1d_u22-9 llc-0b8 1 22 0 22 0
l1d_u22-9 llc-0b9 1 22 0 22 0
l1d_u22-9 llc-0b10 1 22 0 22 0
l1d_u22-9 llc-0b11 1 22 0 22 0
l1d_u22-9 llc-0b12 1 22 0 22 0
l1d_u22-9 llc-0b13 1 22 0 22 0
l1d_u22-9 llc-0b14 1 22 0 22 0
l1d_u22-9 llc-0b15 1 22 0 22 0
l1d_u22-9 llc-0b16 1 22 0 22 0
l1d_u22-9 llc-0b17 1 22 0 22 0
l1d_u22-9 llc-0b18 1 22 0 22 0
l1d_u22-9 llc-0b19 1 22 0 22 0
l1d_u22-9 llc-0b20 1 22 0 22 0
l1d_u22-9 llc-0b21 1 22 0 22 0
l1d_u22-9 llc-0b22 1 22 0 22 0
l1d_u22-9 llc-0b23 1 22 0 22 0
l1d_u22-9 llc-0b24 1 22 0 22 0
l1d_u22-9 llc-0b25 1 22 0 22 0
l1d_u22-9 llc-0b26 1 22 0 22 0
l1d_u22-9 llc-0b27 1 22 0 22 0
l1d_u22-9 llc-0b28 1 22 0 22 0
l1d_u22-9 llc-0b29 1 22 0 22 0
l1d_u22-9 llc-0b30 1 22 0 22 0
l1d_u22-9 llc-0b31 1 22 0 22 0
l1d_u22-10 llc-0b0 1 22 0 22 0
l1d_u22-10 llc-0b1 1 22 0 22 0
l1d_u22-10 llc-0b2 1 22 0 22 0
l1d_u22-10 llc-0b3 1 22 0 22 0
l1d_u22-10 llc-0b4 1 22 0 22 0
l1d_u22-10 llc-0b5 1 22 0 22 0
l1d_u22-10 llc-0b6 1 22 0 22 0
l1d_u22-10 llc-0b7 1 22 0 22 0
l1d_u22-10 llc-0b8 1 22 0 22 0
l1d_u22-10 llc-0b9 1 22 0 22 0
l1d_u22-10 llc-0b10 1 22 0 22 0
l1d_u22-10 llc-0b11 1 22 0 22 0
l1d_u22-10 llc-0b12 1 22 0 22 0
l1d_u22-10 llc-0b13 1 22 0 22 0
l1d_u22-10 llc-0b14 1 22 0 22 0
l1d_u22-10 llc-0b15 1 22 0 22 0
l1d_u22-10 llc-0b16 1 22 0 22 0
l1d_u22-10 llc-0b17 1 22 0 22 0
l1d_u22-10 llc-0b18 1 22 0 22 0
l1d_u22-10 llc-0b19 1 22 0 22 0
l1d_u22-10 llc-0b20 1 22 0 22 0
l1d_u22-10 llc-0b21 1 22 0 22 0
l1d_u22-10 llc-0b22 1 22 0 22 0
l1d_u22-10 llc-0b23 1 22 0 22 0
l1d_u22-10 llc-0b24 1 22 0 22 0
l1d_u22-10 llc-0b25 1 22 0 22 0
l1d_u22-10 llc-0b26 1 22 0 22 0
l1d_u22-10 llc-0b27 1 22 0 22 0
l1d_u22-10 llc-0b28 1 22 0 22 0
l1d_u22-10 llc-0b29 1 22 0 22 0
l1d_u22-10 llc-0b30 1 22 0 22 0
l1d_u22-10 llc-0b31 1 22 0 22 0
l1d_u22-11 llc-0b0 1 22 0 22 0
l1d_u22-11 llc-0b1 1 22 0 22 0
l1d_u22-11 llc-0b2 1 22 0 22 0
l1d_u22-11 llc-0b3 1 22 0 22 0
l1d_u22-11 llc-0b4 1 22 0 22 0
l1d_u22-11 llc-0b5 1 22 0 22 0
l1d_u22-11 llc-0b6 1 22 0 22 0
l1d_u22-11 llc-0b7 1 22 0 22 0
l1d_u22-11 llc-0b8 1 22 0 22 0
l1d_u22-11 llc-0b9 1 22 0 22 0
l1d_u22-11 llc-0b10 1 22 0 22 0
l1d_u22-11 llc-0b11 1 22 0 22 0
l1d_u22-11 llc-0b12 1 22 0 22 0
l1d_u22-11 llc-0b13 1 22 0 22 0
l1d_u22-11 llc-0b14 1 22 0 22 0
l1d_u22-11 llc-0b15 1 22 0 22 0
l1d_u22-11 llc-0b16 1 22 0 22 0
l1d_u22-11 llc-0b17 1 22 0 22 0
l1d_u22-11 llc-0b18 1 22 0 22 0
l1d_u22-11 llc-0b19 1 22 0 22 0
l1d_u22-11 llc-0b20 1 22 0 22 0
l1d_u22-11 llc-0b21 1 22 0 22 0
l1d_u22-11 llc-0b22 1 22 0 22 0
l1d_u22-11 llc-0b23 1 22 0 22 0
l1d_u22-11 llc-0b24 1 22 0 22 0
l1d_u22-11 llc-0b25 1 22 0 22 0
l1d_u22-11 llc-0b26 1 22 0 22 0
l1d_u22-11 llc-0b27 1 22 0 22 0
l1d_u22-11 llc-0b28 1 22 0 22 0
l1d_u22-11 llc-0b29 1 22 0 22 0
l1d_u22-11 llc-0b30 1 22 0 22 0
l1d_u22-11 llc-0b31 1 22 0 22 0
l1d_u22-12 llc-0b0 1 22 0 22 0
l1d_u22-12 llc-0b1 1 22 0 22 0
l1d_u22-12 llc-0b2 1 22 0 22 0
l1d_u22-12 llc-0b3 1 22 0 22 0
l1d_u22-12 llc-0b4 1 22 0 22 0
l1d_u22-12 llc-0b5 1 22 0 22 0
l1d_u22-12 llc-0b6 1 22 0 22 0
l1d_u22-12 llc-0b7 1 22 0 22 0
l1d_u22-12 llc-0b8 1 22 0 22 0
l1d_u22-12 llc-0b9 1 22 0 22 0
l1d_u22-12 llc-0b10 1 22 0 22 0
l1d_u22-12 llc-0b11 1 22 0 22 0
l1d_u22-12 llc-0b12 1 22 0 22 0
l1d_u22-12 llc-0b13 1 22 0 22 0
l1d_u22-12 llc-0b14 1 22 0 22 0
l1d_u22-12 llc-0b15 1 22 0 22 0
l1d_u22-12 llc-0b16 1 22 0 22 0
l1d_u22-12 llc-0b17 1 22 0 22 0
l1d_u22-12 llc-0b18 1 22 0 22 0
l1d_u22-12 llc-0b19 1 22 0 22 0
l1d_u22-12 llc-0b20 1 22 0 22 0
l1d_u22-12 llc-0b21 1 22 0 22 0
l1d_u22-12 llc-0b22 1 22 0 22 0
l1d_u22-12 llc-0b23 1 22 0 22 0
l1d_u22-12 llc-0b24 1 22 0 22 0
l1d_u22-12 llc-0b25 1 22 0 22 0
l1d_u22-12 llc-0b26 1 22 0 22 0
l1d_u22-12 llc-0b27 1 22 0 22 0
l1d_u22-12 llc-0b28 1 22 0 22 0
l1d_u22-12 llc-0b29 1 22 0 22 0
l1d_u22-12 llc-0b30 1 22 0 22 0
l1d_u22-12 llc-0b31 1 22 0 22 0
l1d_u22-13 llc-0b0 1 22 0 22 0
l1d_u22-13 llc-0b1 1 22 0 22 0
l1d_u22-13 llc-0b2 1 22 0 22 0
l1d_u22-13 llc-0b3 1 22 0 22 0
l1d_u22-13 llc-0b4 1 22 0 22 0
l1d_u22-13 llc-0b5 1 22 0 22 0
l1d_u22-13 llc-0b6 1 22 0 22 0
l1d_u22-13 llc-0b7 1 22 0 22 0
l1d_u22-13 llc-0b8 1 22 0 22 0
l1d_u22-13 llc-0b9 1 22 0 22 0
l1d_u22-13 llc-0b10 1 22 0 22 0
l1d_u22-13 llc-0b11 1 22 0 22 0
l1d_u22-13 llc-0b12 1 22 0 22 0
l1d_u22-13 llc-0b13 1 22 0 22 0
l1d_u22-13 llc-0b14 1 22 0 22 0
l1d_u22-13 llc-0b15 1 22 0 22 0
l1d_u22-13 llc-0b16 1 22 0 22 0
l1d_u22-13 llc-0b17 1 22 0 22 0
l1d_u22-13 llc-0b18 1 22 0 22 0
l1d_u22-13 llc-0b19 1 22 0 22 0
l1d_u22-13 llc-0b20 1 22 0 22 0
l1d_u22-13 llc-0b21 1 22 0 22 0
l1d_u22-13 llc-0b22 1 22 0 22 0
l1d_u22-13 llc-0b23 1 22 0 22 0
l1d_u22-13 llc-0b24 1 22 0 22 0
l1d_u22-13 llc-0b25 1 22 0 22 0
l1d_u22-13 llc-0b26 1 22 0 22 0
l1d_u22-13 llc-0b27 1 22 0 22 0
l1d_u22-13 llc-0b28 1 22 0 22 0
l1d_u22-13 llc-0b29 1 22 0 22 0
l1d_u22-13 llc-0b30 1 22 0 22 0
l1d_u22-13 llc-0b31 1 22 0 22 0
l1d_u22-14 llc-0b0 1 22 0 22 0
l1d_u22-14 llc-0b1 1 22 0 22 0
l1d_u22-14 llc-0b2 1 22 0 22 0
l1d_u22-14 llc-0b3 1 22 0 22 0
l1d_u22-14 llc-0b4 1 22 0 22 0
l1d_u22-14 llc-0b5 1 22 0 22 0
l1d_u22-14 llc-0b6 1 22 0 22 0
l1d_u22-14 llc-0b7 1 22 0 22 0
l1d_u22-14 llc-0b8 1 22 0 22 0
l1d_u22-14 llc-0b9 1 22 0 22 0
l1d_u22-14 llc-0b10 1 22 0 22 0
l1d_u22-14 llc-0b11 1 22 0 22 0
l1d_u22-14 llc-0b12 1 22 0 22 0
l1d_u22-14 llc-0b13 1 22 0 22 0
l1d_u22-14 llc-0b14 1 22 0 22 0
l1d_u22-14 llc-0b15 1 22 0 22 0
l1d_u22-14 llc-0b16 1 22 0 22 0
l1d_u22-14 llc-0b17 1 22 0 22 0
l1d_u22-14 llc-0b18 1 22 0 22 0
l1d_u22-14 llc-0b19 1 22 0 22 0
l1d_u22-14 llc-0b20 1 22 0 22 0
l1d_u22-14 llc-0b21 1 22 0 22 0
l1d_u22-14 llc-0b22 1 22 0 22 0
l1d_u22-14 llc-0b23 1 22 0 22 0
l1d_u22-14 llc-0b24 1 22 0 22 0
l1d_u22-14 llc-0b25 1 22 0 22 0
l1d_u22-14 llc-0b26 1 22 0 22 0
l1d_u22-14 llc-0b27 1 22 0 22 0
l1d_u22-14 llc-0b28 1 22 0 22 0
l1d_u22-14 llc-0b29 1 22 0 22 0
l1d_u22-14 llc-0b30 1 22 0 22 0
l1d_u22-14 llc-0b31 1 22 0 22 0
l1d_u22-15 llc-0b0 1 22 0 22 0
l1d_u22-15 llc-0b1 1 22 0 22 0
l1d_u22-15 llc-0b2 1 22 0 22 0
l1d_u22-15 llc-0b3 1 22 0 22 0
l1d_u22-15 llc-0b4 1 22 0 22 0
l1d_u22-15 llc-0b5 1 22 0 22 0
l1d_u22-15 llc-0b6 1 22 0 22 0
l1d_u22-15 llc-0b7 1 22 0 22 0
l1d_u22-15 llc-0b8 1 22 0 22 0
l1d_u22-15 llc-0b9 1 22 0 22 0
l1d_u22-15 llc-0b10 1 22 0 22 0
l1d_u22-15 llc-0b11 1 22 0 22 0
l1d_u22-15 llc-0b12 1 22 0 22 0
l1d_u22-15 llc-0b13 1 22 0 22 0
l1d_u22-15 llc-0b14 1 22 0 22 0
l1d_u22-15 llc-0b15 1 22 0 22 0
l1d_u22-15 llc-0b16 1 22 0 22 0
l1d_u22-15 llc-0b17 1 22 0 22 0
l1d_u22-15 llc-0b18 1 22 0 22 0
l1d_u22-15 llc-0b19 1 22 0 22 0
l1d_u22-15 llc-0b20 1 22 0 22 0
l1d_u22-15 llc-0b21 1 22 0 22 0
l1d_u22-15 llc-0b22 1 22 0 22 0
l1d_u22-15 llc-0b23 1 22 0 22 0
l1d_u22-15 llc-0b24 1 22 0 22 0
l1d_u22-15 llc-0b25 1 22 0 22 0
l1d_u22-15 llc-0b26 1 22 0 22 0
l1d_u22-15 llc-0b27 1 22 0 22 0
l1d_u22-15 llc-0b28 1 22 0 22 0
l1d_u22-15 llc-0b29 1 22 0 22 0
l1d_u22-15 llc-0b30 1 22 0 22 0
l1d_u22-15 llc-0b31 1 22 0 22 0
l1i_u23-0 llc-0b0 1 23 0 23 0
l1i_u23-0 llc-0b1 1 23 0 23 0
l1i_u23-0 llc-0b2 1 23 0 23 0
l1i_u23-0 llc-0b3 1 23 0 23 0
l1i_u23-0 llc-0b4 1 23 0 23 0
l1i_u23-0 llc-0b5 1 23 0 23 0
l1i_u23-0 llc-0b6 1 23 0 23 0
l1i_u23-0 llc-0b7 1 23 0 23 0
l1i_u23-0 llc-0b8 1 23 0 23 0
l1i_u23-0 llc-0b9 1 23 0 23 0
l1i_u23-0 llc-0b10 1 23 0 23 0
l1i_u23-0 llc-0b11 1 23 0 23 0
l1i_u23-0 llc-0b12 1 23 0 23 0
l1i_u23-0 llc-0b13 1 23 0 23 0
l1i_u23-0 llc-0b14 1 23 0 23 0
l1i_u23-0 llc-0b15 1 23 0 23 0
l1i_u23-0 llc-0b16 1 23 0 23 0
l1i_u23-0 llc-0b17 1 23 0 23 0
l1i_u23-0 llc-0b18 1 23 0 23 0
l1i_u23-0 llc-0b19 1 23 0 23 0
l1i_u23-0 llc-0b20 1 23 0 23 0
l1i_u23-0 llc-0b21 1 23 0 23 0
l1i_u23-0 llc-0b22 1 23 0 23 0
l1i_u23-0 llc-0b23 1 23 0 23 0
l1i_u23-0 llc-0b24 1 23 0 23 0
l1i_u23-0 llc-0b25 1 23 0 23 0
l1i_u23-0 llc-0b26 1 23 0 23 0
l1i_u23-0 llc-0b27 1 23 0 23 0
l1i_u23-0 llc-0b28 1 23 0 23 0
l1i_u23-0 llc-0b29 1 23 0 23 0
l1i_u23-0 llc-0b30 1 23 0 23 0
l1i_u23-0 llc-0b31 1 23 0 23 0
l1i_u23-1 llc-0b0 1 23 0 23 0
l1i_u23-1 llc-0b1 1 23 0 23 0
l1i_u23-1 llc-0b2 1 23 0 23 0
l1i_u23-1 llc-0b3 1 23 0 23 0
l1i_u23-1 llc-0b4 1 23 0 23 0
l1i_u23-1 llc-0b5 1 23 0 23 0
l1i_u23-1 llc-0b6 1 23 0 23 0
l1i_u23-1 llc-0b7 1 23 0 23 0
l1i_u23-1 llc-0b8 1 23 0 23 0
l1i_u23-1 llc-0b9 1 23 0 23 0
l1i_u23-1 llc-0b10 1 23 0 23 0
l1i_u23-1 llc-0b11 1 23 0 23 0
l1i_u23-1 llc-0b12 1 23 0 23 0
l1i_u23-1 llc-0b13 1 23 0 23 0
l1i_u23-1 llc-0b14 1 23 0 23 0
l1i_u23-1 llc-0b15 1 23 0 23 0
l1i_u23-1 llc-0b16 1 23 0 23 0
l1i_u23-1 llc-0b17 1 23 0 23 0
l1i_u23-1 llc-0b18 1 23 0 23 0
l1i_u23-1 llc-0b19 1 23 0 23 0
l1i_u23-1 llc-0b20 1 23 0 23 0
l1i_u23-1 llc-0b21 1 23 0 23 0
l1i_u23-1 llc-0b22 1 23 0 23 0
l1i_u23-1 llc-0b23 1 23 0 23 0
l1i_u23-1 llc-0b24 1 23 0 23 0
l1i_u23-1 llc-0b25 1 23 0 23 0
l1i_u23-1 llc-0b26 1 23 0 23 0
l1i_u23-1 llc-0b27 1 23 0 23 0
l1i_u23-1 llc-0b28 1 23 0 23 0
l1i_u23-1 llc-0b29 1 23 0 23 0
l1i_u23-1 llc-0b30 1 23 0 23 0
l1i_u23-1 llc-0b31 1 23 0 23 0
l1i_u23-2 llc-0b0 1 23 0 23 0
l1i_u23-2 llc-0b1 1 23 0 23 0
l1i_u23-2 llc-0b2 1 23 0 23 0
l1i_u23-2 llc-0b3 1 23 0 23 0
l1i_u23-2 llc-0b4 1 23 0 23 0
l1i_u23-2 llc-0b5 1 23 0 23 0
l1i_u23-2 llc-0b6 1 23 0 23 0
l1i_u23-2 llc-0b7 1 23 0 23 0
l1i_u23-2 llc-0b8 1 23 0 23 0
l1i_u23-2 llc-0b9 1 23 0 23 0
l1i_u23-2 llc-0b10 1 23 0 23 0
l1i_u23-2 llc-0b11 1 23 0 23 0
l1i_u23-2 llc-0b12 1 23 0 23 0
l1i_u23-2 llc-0b13 1 23 0 23 0
l1i_u23-2 llc-0b14 1 23 0 23 0
l1i_u23-2 llc-0b15 1 23 0 23 0
l1i_u23-2 llc-0b16 1 23 0 23 0
l1i_u23-2 llc-0b17 1 23 0 23 0
l1i_u23-2 llc-0b18 1 23 0 23 0
l1i_u23-2 llc-0b19 1 23 0 23 0
l1i_u23-2 llc-0b20 1 23 0 23 0
l1i_u23-2 llc-0b21 1 23 0 23 0
l1i_u23-2 llc-0b22 1 23 0 23 0
l1i_u23-2 llc-0b23 1 23 0 23 0
l1i_u23-2 llc-0b24 1 23 0 23 0
l1i_u23-2 llc-0b25 1 23 0 23 0
l1i_u23-2 llc-0b26 1 23 0 23 0
l1i_u23-2 llc-0b27 1 23 0 23 0
l1i_u23-2 llc-0b28 1 23 0 23 0
l1i_u23-2 llc-0b29 1 23 0 23 0
l1i_u23-2 llc-0b30 1 23 0 23 0
l1i_u23-2 llc-0b31 1 23 0 23 0
l1i_u23-3 llc-0b0 1 23 0 23 0
l1i_u23-3 llc-0b1 1 23 0 23 0
l1i_u23-3 llc-0b2 1 23 0 23 0
l1i_u23-3 llc-0b3 1 23 0 23 0
l1i_u23-3 llc-0b4 1 23 0 23 0
l1i_u23-3 llc-0b5 1 23 0 23 0
l1i_u23-3 llc-0b6 1 23 0 23 0
l1i_u23-3 llc-0b7 1 23 0 23 0
l1i_u23-3 llc-0b8 1 23 0 23 0
l1i_u23-3 llc-0b9 1 23 0 23 0
l1i_u23-3 llc-0b10 1 23 0 23 0
l1i_u23-3 llc-0b11 1 23 0 23 0
l1i_u23-3 llc-0b12 1 23 0 23 0
l1i_u23-3 llc-0b13 1 23 0 23 0
l1i_u23-3 llc-0b14 1 23 0 23 0
l1i_u23-3 llc-0b15 1 23 0 23 0
l1i_u23-3 llc-0b16 1 23 0 23 0
l1i_u23-3 llc-0b17 1 23 0 23 0
l1i_u23-3 llc-0b18 1 23 0 23 0
l1i_u23-3 llc-0b19 1 23 0 23 0
l1i_u23-3 llc-0b20 1 23 0 23 0
l1i_u23-3 llc-0b21 1 23 0 23 0
l1i_u23-3 llc-0b22 1 23 0 23 0
l1i_u23-3 llc-0b23 1 23 0 23 0
l1i_u23-3 llc-0b24 1 23 0 23 0
l1i_u23-3 llc-0b25 1 23 0 23 0
l1i_u23-3 llc-0b26 1 23 0 23 0
l1i_u23-3 llc-0b27 1 23 0 23 0
l1i_u23-3 llc-0b28 1 23 0 23 0
l1i_u23-3 llc-0b29 1 23 0 23 0
l1i_u23-3 llc-0b30 1 23 0 23 0
l1i_u23-3 llc-0b31 1 23 0 23 0
l1i_u23-4 llc-0b0 1 23 0 23 0
l1i_u23-4 llc-0b1 1 23 0 23 0
l1i_u23-4 llc-0b2 1 23 0 23 0
l1i_u23-4 llc-0b3 1 23 0 23 0
l1i_u23-4 llc-0b4 1 23 0 23 0
l1i_u23-4 llc-0b5 1 23 0 23 0
l1i_u23-4 llc-0b6 1 23 0 23 0
l1i_u23-4 llc-0b7 1 23 0 23 0
l1i_u23-4 llc-0b8 1 23 0 23 0
l1i_u23-4 llc-0b9 1 23 0 23 0
l1i_u23-4 llc-0b10 1 23 0 23 0
l1i_u23-4 llc-0b11 1 23 0 23 0
l1i_u23-4 llc-0b12 1 23 0 23 0
l1i_u23-4 llc-0b13 1 23 0 23 0
l1i_u23-4 llc-0b14 1 23 0 23 0
l1i_u23-4 llc-0b15 1 23 0 23 0
l1i_u23-4 llc-0b16 1 23 0 23 0
l1i_u23-4 llc-0b17 1 23 0 23 0
l1i_u23-4 llc-0b18 1 23 0 23 0
l1i_u23-4 llc-0b19 1 23 0 23 0
l1i_u23-4 llc-0b20 1 23 0 23 0
l1i_u23-4 llc-0b21 1 23 0 23 0
l1i_u23-4 llc-0b22 1 23 0 23 0
l1i_u23-4 llc-0b23 1 23 0 23 0
l1i_u23-4 llc-0b24 1 23 0 23 0
l1i_u23-4 llc-0b25 1 23 0 23 0
l1i_u23-4 llc-0b26 1 23 0 23 0
l1i_u23-4 llc-0b27 1 23 0 23 0
l1i_u23-4 llc-0b28 1 23 0 23 0
l1i_u23-4 llc-0b29 1 23 0 23 0
l1i_u23-4 llc-0b30 1 23 0 23 0
l1i_u23-4 llc-0b31 1 23 0 23 0
l1i_u23-5 llc-0b0 1 23 0 23 0
l1i_u23-5 llc-0b1 1 23 0 23 0
l1i_u23-5 llc-0b2 1 23 0 23 0
l1i_u23-5 llc-0b3 1 23 0 23 0
l1i_u23-5 llc-0b4 1 23 0 23 0
l1i_u23-5 llc-0b5 1 23 0 23 0
l1i_u23-5 llc-0b6 1 23 0 23 0
l1i_u23-5 llc-0b7 1 23 0 23 0
l1i_u23-5 llc-0b8 1 23 0 23 0
l1i_u23-5 llc-0b9 1 23 0 23 0
l1i_u23-5 llc-0b10 1 23 0 23 0
l1i_u23-5 llc-0b11 1 23 0 23 0
l1i_u23-5 llc-0b12 1 23 0 23 0
l1i_u23-5 llc-0b13 1 23 0 23 0
l1i_u23-5 llc-0b14 1 23 0 23 0
l1i_u23-5 llc-0b15 1 23 0 23 0
l1i_u23-5 llc-0b16 1 23 0 23 0
l1i_u23-5 llc-0b17 1 23 0 23 0
l1i_u23-5 llc-0b18 1 23 0 23 0
l1i_u23-5 llc-0b19 1 23 0 23 0
l1i_u23-5 llc-0b20 1 23 0 23 0
l1i_u23-5 llc-0b21 1 23 0 23 0
l1i_u23-5 llc-0b22 1 23 0 23 0
l1i_u23-5 llc-0b23 1 23 0 23 0
l1i_u23-5 llc-0b24 1 23 0 23 0
l1i_u23-5 llc-0b25 1 23 0 23 0
l1i_u23-5 llc-0b26 1 23 0 23 0
l1i_u23-5 llc-0b27 1 23 0 23 0
l1i_u23-5 llc-0b28 1 23 0 23 0
l1i_u23-5 llc-0b29 1 23 0 23 0
l1i_u23-5 llc-0b30 1 23 0 23 0
l1i_u23-5 llc-0b31 1 23 0 23 0
l1i_u23-6 llc-0b0 1 23 0 23 0
l1i_u23-6 llc-0b1 1 23 0 23 0
l1i_u23-6 llc-0b2 1 23 0 23 0
l1i_u23-6 llc-0b3 1 23 0 23 0
l1i_u23-6 llc-0b4 1 23 0 23 0
l1i_u23-6 llc-0b5 1 23 0 23 0
l1i_u23-6 llc-0b6 1 23 0 23 0
l1i_u23-6 llc-0b7 1 23 0 23 0
l1i_u23-6 llc-0b8 1 23 0 23 0
l1i_u23-6 llc-0b9 1 23 0 23 0
l1i_u23-6 llc-0b10 1 23 0 23 0
l1i_u23-6 llc-0b11 1 23 0 23 0
l1i_u23-6 llc-0b12 1 23 0 23 0
l1i_u23-6 llc-0b13 1 23 0 23 0
l1i_u23-6 llc-0b14 1 23 0 23 0
l1i_u23-6 llc-0b15 1 23 0 23 0
l1i_u23-6 llc-0b16 1 23 0 23 0
l1i_u23-6 llc-0b17 1 23 0 23 0
l1i_u23-6 llc-0b18 1 23 0 23 0
l1i_u23-6 llc-0b19 1 23 0 23 0
l1i_u23-6 llc-0b20 1 23 0 23 0
l1i_u23-6 llc-0b21 1 23 0 23 0
l1i_u23-6 llc-0b22 1 23 0 23 0
l1i_u23-6 llc-0b23 1 23 0 23 0
l1i_u23-6 llc-0b24 1 23 0 23 0
l1i_u23-6 llc-0b25 1 23 0 23 0
l1i_u23-6 llc-0b26 1 23 0 23 0
l1i_u23-6 llc-0b27 1 23 0 23 0
l1i_u23-6 llc-0b28 1 23 0 23 0
l1i_u23-6 llc-0b29 1 23 0 23 0
l1i_u23-6 llc-0b30 1 23 0 23 0
l1i_u23-6 llc-0b31 1 23 0 23 0
l1i_u23-7 llc-0b0 1 23 0 23 0
l1i_u23-7 llc-0b1 1 23 0 23 0
l1i_u23-7 llc-0b2 1 23 0 23 0
l1i_u23-7 llc-0b3 1 23 0 23 0
l1i_u23-7 llc-0b4 1 23 0 23 0
l1i_u23-7 llc-0b5 1 23 0 23 0
l1i_u23-7 llc-0b6 1 23 0 23 0
l1i_u23-7 llc-0b7 1 23 0 23 0
l1i_u23-7 llc-0b8 1 23 0 23 0
l1i_u23-7 llc-0b9 1 23 0 23 0
l1i_u23-7 llc-0b10 1 23 0 23 0
l1i_u23-7 llc-0b11 1 23 0 23 0
l1i_u23-7 llc-0b12 1 23 0 23 0
l1i_u23-7 llc-0b13 1 23 0 23 0
l1i_u23-7 llc-0b14 1 23 0 23 0
l1i_u23-7 llc-0b15 1 23 0 23 0
l1i_u23-7 llc-0b16 1 23 0 23 0
l1i_u23-7 llc-0b17 1 23 0 23 0
l1i_u23-7 llc-0b18 1 23 0 23 0
l1i_u23-7 llc-0b19 1 23 0 23 0
l1i_u23-7 llc-0b20 1 23 0 23 0
l1i_u23-7 llc-0b21 1 23 0 23 0
l1i_u23-7 llc-0b22 1 23 0 23 0
l1i_u23-7 llc-0b23 1 23 0 23 0
l1i_u23-7 llc-0b24 1 23 0 23 0
l1i_u23-7 llc-0b25 1 23 0 23 0
l1i_u23-7 llc-0b26 1 23 0 23 0
l1i_u23-7 llc-0b27 1 23 0 23 0
l1i_u23-7 llc-0b28 1 23 0 23 0
l1i_u23-7 llc-0b29 1 23 0 23 0
l1i_u23-7 llc-0b30 1 23 0 23 0
l1i_u23-7 llc-0b31 1 23 0 23 0
l1i_u23-8 llc-0b0 1 23 0 23 0
l1i_u23-8 llc-0b1 1 23 0 23 0
l1i_u23-8 llc-0b2 1 23 0 23 0
l1i_u23-8 llc-0b3 1 23 0 23 0
l1i_u23-8 llc-0b4 1 23 0 23 0
l1i_u23-8 llc-0b5 1 23 0 23 0
l1i_u23-8 llc-0b6 1 23 0 23 0
l1i_u23-8 llc-0b7 1 23 0 23 0
l1i_u23-8 llc-0b8 1 23 0 23 0
l1i_u23-8 llc-0b9 1 23 0 23 0
l1i_u23-8 llc-0b10 1 23 0 23 0
l1i_u23-8 llc-0b11 1 23 0 23 0
l1i_u23-8 llc-0b12 1 23 0 23 0
l1i_u23-8 llc-0b13 1 23 0 23 0
l1i_u23-8 llc-0b14 1 23 0 23 0
l1i_u23-8 llc-0b15 1 23 0 23 0
l1i_u23-8 llc-0b16 1 23 0 23 0
l1i_u23-8 llc-0b17 1 23 0 23 0
l1i_u23-8 llc-0b18 1 23 0 23 0
l1i_u23-8 llc-0b19 1 23 0 23 0
l1i_u23-8 llc-0b20 1 23 0 23 0
l1i_u23-8 llc-0b21 1 23 0 23 0
l1i_u23-8 llc-0b22 1 23 0 23 0
l1i_u23-8 llc-0b23 1 23 0 23 0
l1i_u23-8 llc-0b24 1 23 0 23 0
l1i_u23-8 llc-0b25 1 23 0 23 0
l1i_u23-8 llc-0b26 1 23 0 23 0
l1i_u23-8 llc-0b27 1 23 0 23 0
l1i_u23-8 llc-0b28 1 23 0 23 0
l1i_u23-8 llc-0b29 1 23 0 23 0
l1i_u23-8 llc-0b30 1 23 0 23 0
l1i_u23-8 llc-0b31 1 23 0 23 0
l1i_u23-9 llc-0b0 1 23 0 23 0
l1i_u23-9 llc-0b1 1 23 0 23 0
l1i_u23-9 llc-0b2 1 23 0 23 0
l1i_u23-9 llc-0b3 1 23 0 23 0
l1i_u23-9 llc-0b4 1 23 0 23 0
l1i_u23-9 llc-0b5 1 23 0 23 0
l1i_u23-9 llc-0b6 1 23 0 23 0
l1i_u23-9 llc-0b7 1 23 0 23 0
l1i_u23-9 llc-0b8 1 23 0 23 0
l1i_u23-9 llc-0b9 1 23 0 23 0
l1i_u23-9 llc-0b10 1 23 0 23 0
l1i_u23-9 llc-0b11 1 23 0 23 0
l1i_u23-9 llc-0b12 1 23 0 23 0
l1i_u23-9 llc-0b13 1 23 0 23 0
l1i_u23-9 llc-0b14 1 23 0 23 0
l1i_u23-9 llc-0b15 1 23 0 23 0
l1i_u23-9 llc-0b16 1 23 0 23 0
l1i_u23-9 llc-0b17 1 23 0 23 0
l1i_u23-9 llc-0b18 1 23 0 23 0
l1i_u23-9 llc-0b19 1 23 0 23 0
l1i_u23-9 llc-0b20 1 23 0 23 0
l1i_u23-9 llc-0b21 1 23 0 23 0
l1i_u23-9 llc-0b22 1 23 0 23 0
l1i_u23-9 llc-0b23 1 23 0 23 0
l1i_u23-9 llc-0b24 1 23 0 23 0
l1i_u23-9 llc-0b25 1 23 0 23 0
l1i_u23-9 llc-0b26 1 23 0 23 0
l1i_u23-9 llc-0b27 1 23 0 23 0
l1i_u23-9 llc-0b28 1 23 0 23 0
l1i_u23-9 llc-0b29 1 23 0 23 0
l1i_u23-9 llc-0b30 1 23 0 23 0
l1i_u23-9 llc-0b31 1 23 0 23 0
l1i_u23-10 llc-0b0 1 23 0 23 0
l1i_u23-10 llc-0b1 1 23 0 23 0
l1i_u23-10 llc-0b2 1 23 0 23 0
l1i_u23-10 llc-0b3 1 23 0 23 0
l1i_u23-10 llc-0b4 1 23 0 23 0
l1i_u23-10 llc-0b5 1 23 0 23 0
l1i_u23-10 llc-0b6 1 23 0 23 0
l1i_u23-10 llc-0b7 1 23 0 23 0
l1i_u23-10 llc-0b8 1 23 0 23 0
l1i_u23-10 llc-0b9 1 23 0 23 0
l1i_u23-10 llc-0b10 1 23 0 23 0
l1i_u23-10 llc-0b11 1 23 0 23 0
l1i_u23-10 llc-0b12 1 23 0 23 0
l1i_u23-10 llc-0b13 1 23 0 23 0
l1i_u23-10 llc-0b14 1 23 0 23 0
l1i_u23-10 llc-0b15 1 23 0 23 0
l1i_u23-10 llc-0b16 1 23 0 23 0
l1i_u23-10 llc-0b17 1 23 0 23 0
l1i_u23-10 llc-0b18 1 23 0 23 0
l1i_u23-10 llc-0b19 1 23 0 23 0
l1i_u23-10 llc-0b20 1 23 0 23 0
l1i_u23-10 llc-0b21 1 23 0 23 0
l1i_u23-10 llc-0b22 1 23 0 23 0
l1i_u23-10 llc-0b23 1 23 0 23 0
l1i_u23-10 llc-0b24 1 23 0 23 0
l1i_u23-10 llc-0b25 1 23 0 23 0
l1i_u23-10 llc-0b26 1 23 0 23 0
l1i_u23-10 llc-0b27 1 23 0 23 0
l1i_u23-10 llc-0b28 1 23 0 23 0
l1i_u23-10 llc-0b29 1 23 0 23 0
l1i_u23-10 llc-0b30 1 23 0 23 0
l1i_u23-10 llc-0b31 1 23 0 23 0
l1i_u23-11 llc-0b0 1 23 0 23 0
l1i_u23-11 llc-0b1 1 23 0 23 0
l1i_u23-11 llc-0b2 1 23 0 23 0
l1i_u23-11 llc-0b3 1 23 0 23 0
l1i_u23-11 llc-0b4 1 23 0 23 0
l1i_u23-11 llc-0b5 1 23 0 23 0
l1i_u23-11 llc-0b6 1 23 0 23 0
l1i_u23-11 llc-0b7 1 23 0 23 0
l1i_u23-11 llc-0b8 1 23 0 23 0
l1i_u23-11 llc-0b9 1 23 0 23 0
l1i_u23-11 llc-0b10 1 23 0 23 0
l1i_u23-11 llc-0b11 1 23 0 23 0
l1i_u23-11 llc-0b12 1 23 0 23 0
l1i_u23-11 llc-0b13 1 23 0 23 0
l1i_u23-11 llc-0b14 1 23 0 23 0
l1i_u23-11 llc-0b15 1 23 0 23 0
l1i_u23-11 llc-0b16 1 23 0 23 0
l1i_u23-11 llc-0b17 1 23 0 23 0
l1i_u23-11 llc-0b18 1 23 0 23 0
l1i_u23-11 llc-0b19 1 23 0 23 0
l1i_u23-11 llc-0b20 1 23 0 23 0
l1i_u23-11 llc-0b21 1 23 0 23 0
l1i_u23-11 llc-0b22 1 23 0 23 0
l1i_u23-11 llc-0b23 1 23 0 23 0
l1i_u23-11 llc-0b24 1 23 0 23 0
l1i_u23-11 llc-0b25 1 23 0 23 0
l1i_u23-11 llc-0b26 1 23 0 23 0
l1i_u23-11 llc-0b27 1 23 0 23 0
l1i_u23-11 llc-0b28 1 23 0 23 0
l1i_u23-11 llc-0b29 1 23 0 23 0
l1i_u23-11 llc-0b30 1 23 0 23 0
l1i_u23-11 llc-0b31 1 23 0 23 0
l1i_u23-12 llc-0b0 1 23 0 23 0
l1i_u23-12 llc-0b1 1 23 0 23 0
l1i_u23-12 llc-0b2 1 23 0 23 0
l1i_u23-12 llc-0b3 1 23 0 23 0
l1i_u23-12 llc-0b4 1 23 0 23 0
l1i_u23-12 llc-0b5 1 23 0 23 0
l1i_u23-12 llc-0b6 1 23 0 23 0
l1i_u23-12 llc-0b7 1 23 0 23 0
l1i_u23-12 llc-0b8 1 23 0 23 0
l1i_u23-12 llc-0b9 1 23 0 23 0
l1i_u23-12 llc-0b10 1 23 0 23 0
l1i_u23-12 llc-0b11 1 23 0 23 0
l1i_u23-12 llc-0b12 1 23 0 23 0
l1i_u23-12 llc-0b13 1 23 0 23 0
l1i_u23-12 llc-0b14 1 23 0 23 0
l1i_u23-12 llc-0b15 1 23 0 23 0
l1i_u23-12 llc-0b16 1 23 0 23 0
l1i_u23-12 llc-0b17 1 23 0 23 0
l1i_u23-12 llc-0b18 1 23 0 23 0
l1i_u23-12 llc-0b19 1 23 0 23 0
l1i_u23-12 llc-0b20 1 23 0 23 0
l1i_u23-12 llc-0b21 1 23 0 23 0
l1i_u23-12 llc-0b22 1 23 0 23 0
l1i_u23-12 llc-0b23 1 23 0 23 0
l1i_u23-12 llc-0b24 1 23 0 23 0
l1i_u23-12 llc-0b25 1 23 0 23 0
l1i_u23-12 llc-0b26 1 23 0 23 0
l1i_u23-12 llc-0b27 1 23 0 23 0
l1i_u23-12 llc-0b28 1 23 0 23 0
l1i_u23-12 llc-0b29 1 23 0 23 0
l1i_u23-12 llc-0b30 1 23 0 23 0
l1i_u23-12 llc-0b31 1 23 0 23 0
l1i_u23-13 llc-0b0 1 23 0 23 0
l1i_u23-13 llc-0b1 1 23 0 23 0
l1i_u23-13 llc-0b2 1 23 0 23 0
l1i_u23-13 llc-0b3 1 23 0 23 0
l1i_u23-13 llc-0b4 1 23 0 23 0
l1i_u23-13 llc-0b5 1 23 0 23 0
l1i_u23-13 llc-0b6 1 23 0 23 0
l1i_u23-13 llc-0b7 1 23 0 23 0
l1i_u23-13 llc-0b8 1 23 0 23 0
l1i_u23-13 llc-0b9 1 23 0 23 0
l1i_u23-13 llc-0b10 1 23 0 23 0
l1i_u23-13 llc-0b11 1 23 0 23 0
l1i_u23-13 llc-0b12 1 23 0 23 0
l1i_u23-13 llc-0b13 1 23 0 23 0
l1i_u23-13 llc-0b14 1 23 0 23 0
l1i_u23-13 llc-0b15 1 23 0 23 0
l1i_u23-13 llc-0b16 1 23 0 23 0
l1i_u23-13 llc-0b17 1 23 0 23 0
l1i_u23-13 llc-0b18 1 23 0 23 0
l1i_u23-13 llc-0b19 1 23 0 23 0
l1i_u23-13 llc-0b20 1 23 0 23 0
l1i_u23-13 llc-0b21 1 23 0 23 0
l1i_u23-13 llc-0b22 1 23 0 23 0
l1i_u23-13 llc-0b23 1 23 0 23 0
l1i_u23-13 llc-0b24 1 23 0 23 0
l1i_u23-13 llc-0b25 1 23 0 23 0
l1i_u23-13 llc-0b26 1 23 0 23 0
l1i_u23-13 llc-0b27 1 23 0 23 0
l1i_u23-13 llc-0b28 1 23 0 23 0
l1i_u23-13 llc-0b29 1 23 0 23 0
l1i_u23-13 llc-0b30 1 23 0 23 0
l1i_u23-13 llc-0b31 1 23 0 23 0
l1i_u23-14 llc-0b0 1 23 0 23 0
l1i_u23-14 llc-0b1 1 23 0 23 0
l1i_u23-14 llc-0b2 1 23 0 23 0
l1i_u23-14 llc-0b3 1 23 0 23 0
l1i_u23-14 llc-0b4 1 23 0 23 0
l1i_u23-14 llc-0b5 1 23 0 23 0
l1i_u23-14 llc-0b6 1 23 0 23 0
l1i_u23-14 llc-0b7 1 23 0 23 0
l1i_u23-14 llc-0b8 1 23 0 23 0
l1i_u23-14 llc-0b9 1 23 0 23 0
l1i_u23-14 llc-0b10 1 23 0 23 0
l1i_u23-14 llc-0b11 1 23 0 23 0
l1i_u23-14 llc-0b12 1 23 0 23 0
l1i_u23-14 llc-0b13 1 23 0 23 0
l1i_u23-14 llc-0b14 1 23 0 23 0
l1i_u23-14 llc-0b15 1 23 0 23 0
l1i_u23-14 llc-0b16 1 23 0 23 0
l1i_u23-14 llc-0b17 1 23 0 23 0
l1i_u23-14 llc-0b18 1 23 0 23 0
l1i_u23-14 llc-0b19 1 23 0 23 0
l1i_u23-14 llc-0b20 1 23 0 23 0
l1i_u23-14 llc-0b21 1 23 0 23 0
l1i_u23-14 llc-0b22 1 23 0 23 0
l1i_u23-14 llc-0b23 1 23 0 23 0
l1i_u23-14 llc-0b24 1 23 0 23 0
l1i_u23-14 llc-0b25 1 23 0 23 0
l1i_u23-14 llc-0b26 1 23 0 23 0
l1i_u23-14 llc-0b27 1 23 0 23 0
l1i_u23-14 llc-0b28 1 23 0 23 0
l1i_u23-14 llc-0b29 1 23 0 23 0
l1i_u23-14 llc-0b30 1 23 0 23 0
l1i_u23-14 llc-0b31 1 23 0 23 0
l1i_u23-15 llc-0b0 1 23 0 23 0
l1i_u23-15 llc-0b1 1 23 0 23 0
l1i_u23-15 llc-0b2 1 23 0 23 0
l1i_u23-15 llc-0b3 1 23 0 23 0
l1i_u23-15 llc-0b4 1 23 0 23 0
l1i_u23-15 llc-0b5 1 23 0 23 0
l1i_u23-15 llc-0b6 1 23 0 23 0
l1i_u23-15 llc-0b7 1 23 0 23 0
l1i_u23-15 llc-0b8 1 23 0 23 0
l1i_u23-15 llc-0b9 1 23 0 23 0
l1i_u23-15 llc-0b10 1 23 0 23 0
l1i_u23-15 llc-0b11 1 23 0 23 0
l1i_u23-15 llc-0b12 1 23 0 23 0
l1i_u23-15 llc-0b13 1 23 0 23 0
l1i_u23-15 llc-0b14 1 23 0 23 0
l1i_u23-15 llc-0b15 1 23 0 23 0
l1i_u23-15 llc-0b16 1 23 0 23 0
l1i_u23-15 llc-0b17 1 23 0 23 0
l1i_u23-15 llc-0b18 1 23 0 23 0
l1i_u23-15 llc-0b19 1 23 0 23 0
l1i_u23-15 llc-0b20 1 23 0 23 0
l1i_u23-15 llc-0b21 1 23 0 23 0
l1i_u23-15 llc-0b22 1 23 0 23 0
l1i_u23-15 llc-0b23 1 23 0 23 0
l1i_u23-15 llc-0b24 1 23 0 23 0
l1i_u23-15 llc-0b25 1 23 0 23 0
l1i_u23-15 llc-0b26 1 23 0 23 0
l1i_u23-15 llc-0b27 1 23 0 23 0
l1i_u23-15 llc-0b28 1 23 0 23 0
l1i_u23-15 llc-0b29 1 23 0 23 0
l1i_u23-15 llc-0b30 1 23 0 23 0
l1i_u23-15 llc-0b31 1 23 0 23 0
l1d_u23-0 llc-0b0 1 23 0 23 0
l1d_u23-0 llc-0b1 1 23 0 23 0
l1d_u23-0 llc-0b2 1 23 0 23 0
l1d_u23-0 llc-0b3 1 23 0 23 0
l1d_u23-0 llc-0b4 1 23 0 23 0
l1d_u23-0 llc-0b5 1 23 0 23 0
l1d_u23-0 llc-0b6 1 23 0 23 0
l1d_u23-0 llc-0b7 1 23 0 23 0
l1d_u23-0 llc-0b8 1 23 0 23 0
l1d_u23-0 llc-0b9 1 23 0 23 0
l1d_u23-0 llc-0b10 1 23 0 23 0
l1d_u23-0 llc-0b11 1 23 0 23 0
l1d_u23-0 llc-0b12 1 23 0 23 0
l1d_u23-0 llc-0b13 1 23 0 23 0
l1d_u23-0 llc-0b14 1 23 0 23 0
l1d_u23-0 llc-0b15 1 23 0 23 0
l1d_u23-0 llc-0b16 1 23 0 23 0
l1d_u23-0 llc-0b17 1 23 0 23 0
l1d_u23-0 llc-0b18 1 23 0 23 0
l1d_u23-0 llc-0b19 1 23 0 23 0
l1d_u23-0 llc-0b20 1 23 0 23 0
l1d_u23-0 llc-0b21 1 23 0 23 0
l1d_u23-0 llc-0b22 1 23 0 23 0
l1d_u23-0 llc-0b23 1 23 0 23 0
l1d_u23-0 llc-0b24 1 23 0 23 0
l1d_u23-0 llc-0b25 1 23 0 23 0
l1d_u23-0 llc-0b26 1 23 0 23 0
l1d_u23-0 llc-0b27 1 23 0 23 0
l1d_u23-0 llc-0b28 1 23 0 23 0
l1d_u23-0 llc-0b29 1 23 0 23 0
l1d_u23-0 llc-0b30 1 23 0 23 0
l1d_u23-0 llc-0b31 1 23 0 23 0
l1d_u23-1 llc-0b0 1 23 0 23 0
l1d_u23-1 llc-0b1 1 23 0 23 0
l1d_u23-1 llc-0b2 1 23 0 23 0
l1d_u23-1 llc-0b3 1 23 0 23 0
l1d_u23-1 llc-0b4 1 23 0 23 0
l1d_u23-1 llc-0b5 1 23 0 23 0
l1d_u23-1 llc-0b6 1 23 0 23 0
l1d_u23-1 llc-0b7 1 23 0 23 0
l1d_u23-1 llc-0b8 1 23 0 23 0
l1d_u23-1 llc-0b9 1 23 0 23 0
l1d_u23-1 llc-0b10 1 23 0 23 0
l1d_u23-1 llc-0b11 1 23 0 23 0
l1d_u23-1 llc-0b12 1 23 0 23 0
l1d_u23-1 llc-0b13 1 23 0 23 0
l1d_u23-1 llc-0b14 1 23 0 23 0
l1d_u23-1 llc-0b15 1 23 0 23 0
l1d_u23-1 llc-0b16 1 23 0 23 0
l1d_u23-1 llc-0b17 1 23 0 23 0
l1d_u23-1 llc-0b18 1 23 0 23 0
l1d_u23-1 llc-0b19 1 23 0 23 0
l1d_u23-1 llc-0b20 1 23 0 23 0
l1d_u23-1 llc-0b21 1 23 0 23 0
l1d_u23-1 llc-0b22 1 23 0 23 0
l1d_u23-1 llc-0b23 1 23 0 23 0
l1d_u23-1 llc-0b24 1 23 0 23 0
l1d_u23-1 llc-0b25 1 23 0 23 0
l1d_u23-1 llc-0b26 1 23 0 23 0
l1d_u23-1 llc-0b27 1 23 0 23 0
l1d_u23-1 llc-0b28 1 23 0 23 0
l1d_u23-1 llc-0b29 1 23 0 23 0
l1d_u23-1 llc-0b30 1 23 0 23 0
l1d_u23-1 llc-0b31 1 23 0 23 0
l1d_u23-2 llc-0b0 1 23 0 23 0
l1d_u23-2 llc-0b1 1 23 0 23 0
l1d_u23-2 llc-0b2 1 23 0 23 0
l1d_u23-2 llc-0b3 1 23 0 23 0
l1d_u23-2 llc-0b4 1 23 0 23 0
l1d_u23-2 llc-0b5 1 23 0 23 0
l1d_u23-2 llc-0b6 1 23 0 23 0
l1d_u23-2 llc-0b7 1 23 0 23 0
l1d_u23-2 llc-0b8 1 23 0 23 0
l1d_u23-2 llc-0b9 1 23 0 23 0
l1d_u23-2 llc-0b10 1 23 0 23 0
l1d_u23-2 llc-0b11 1 23 0 23 0
l1d_u23-2 llc-0b12 1 23 0 23 0
l1d_u23-2 llc-0b13 1 23 0 23 0
l1d_u23-2 llc-0b14 1 23 0 23 0
l1d_u23-2 llc-0b15 1 23 0 23 0
l1d_u23-2 llc-0b16 1 23 0 23 0
l1d_u23-2 llc-0b17 1 23 0 23 0
l1d_u23-2 llc-0b18 1 23 0 23 0
l1d_u23-2 llc-0b19 1 23 0 23 0
l1d_u23-2 llc-0b20 1 23 0 23 0
l1d_u23-2 llc-0b21 1 23 0 23 0
l1d_u23-2 llc-0b22 1 23 0 23 0
l1d_u23-2 llc-0b23 1 23 0 23 0
l1d_u23-2 llc-0b24 1 23 0 23 0
l1d_u23-2 llc-0b25 1 23 0 23 0
l1d_u23-2 llc-0b26 1 23 0 23 0
l1d_u23-2 llc-0b27 1 23 0 23 0
l1d_u23-2 llc-0b28 1 23 0 23 0
l1d_u23-2 llc-0b29 1 23 0 23 0
l1d_u23-2 llc-0b30 1 23 0 23 0
l1d_u23-2 llc-0b31 1 23 0 23 0
l1d_u23-3 llc-0b0 1 23 0 23 0
l1d_u23-3 llc-0b1 1 23 0 23 0
l1d_u23-3 llc-0b2 1 23 0 23 0
l1d_u23-3 llc-0b3 1 23 0 23 0
l1d_u23-3 llc-0b4 1 23 0 23 0
l1d_u23-3 llc-0b5 1 23 0 23 0
l1d_u23-3 llc-0b6 1 23 0 23 0
l1d_u23-3 llc-0b7 1 23 0 23 0
l1d_u23-3 llc-0b8 1 23 0 23 0
l1d_u23-3 llc-0b9 1 23 0 23 0
l1d_u23-3 llc-0b10 1 23 0 23 0
l1d_u23-3 llc-0b11 1 23 0 23 0
l1d_u23-3 llc-0b12 1 23 0 23 0
l1d_u23-3 llc-0b13 1 23 0 23 0
l1d_u23-3 llc-0b14 1 23 0 23 0
l1d_u23-3 llc-0b15 1 23 0 23 0
l1d_u23-3 llc-0b16 1 23 0 23 0
l1d_u23-3 llc-0b17 1 23 0 23 0
l1d_u23-3 llc-0b18 1 23 0 23 0
l1d_u23-3 llc-0b19 1 23 0 23 0
l1d_u23-3 llc-0b20 1 23 0 23 0
l1d_u23-3 llc-0b21 1 23 0 23 0
l1d_u23-3 llc-0b22 1 23 0 23 0
l1d_u23-3 llc-0b23 1 23 0 23 0
l1d_u23-3 llc-0b24 1 23 0 23 0
l1d_u23-3 llc-0b25 1 23 0 23 0
l1d_u23-3 llc-0b26 1 23 0 23 0
l1d_u23-3 llc-0b27 1 23 0 23 0
l1d_u23-3 llc-0b28 1 23 0 23 0
l1d_u23-3 llc-0b29 1 23 0 23 0
l1d_u23-3 llc-0b30 1 23 0 23 0
l1d_u23-3 llc-0b31 1 23 0 23 0
l1d_u23-4 llc-0b0 1 23 0 23 0
l1d_u23-4 llc-0b1 1 23 0 23 0
l1d_u23-4 llc-0b2 1 23 0 23 0
l1d_u23-4 llc-0b3 1 23 0 23 0
l1d_u23-4 llc-0b4 1 23 0 23 0
l1d_u23-4 llc-0b5 1 23 0 23 0
l1d_u23-4 llc-0b6 1 23 0 23 0
l1d_u23-4 llc-0b7 1 23 0 23 0
l1d_u23-4 llc-0b8 1 23 0 23 0
l1d_u23-4 llc-0b9 1 23 0 23 0
l1d_u23-4 llc-0b10 1 23 0 23 0
l1d_u23-4 llc-0b11 1 23 0 23 0
l1d_u23-4 llc-0b12 1 23 0 23 0
l1d_u23-4 llc-0b13 1 23 0 23 0
l1d_u23-4 llc-0b14 1 23 0 23 0
l1d_u23-4 llc-0b15 1 23 0 23 0
l1d_u23-4 llc-0b16 1 23 0 23 0
l1d_u23-4 llc-0b17 1 23 0 23 0
l1d_u23-4 llc-0b18 1 23 0 23 0
l1d_u23-4 llc-0b19 1 23 0 23 0
l1d_u23-4 llc-0b20 1 23 0 23 0
l1d_u23-4 llc-0b21 1 23 0 23 0
l1d_u23-4 llc-0b22 1 23 0 23 0
l1d_u23-4 llc-0b23 1 23 0 23 0
l1d_u23-4 llc-0b24 1 23 0 23 0
l1d_u23-4 llc-0b25 1 23 0 23 0
l1d_u23-4 llc-0b26 1 23 0 23 0
l1d_u23-4 llc-0b27 1 23 0 23 0
l1d_u23-4 llc-0b28 1 23 0 23 0
l1d_u23-4 llc-0b29 1 23 0 23 0
l1d_u23-4 llc-0b30 1 23 0 23 0
l1d_u23-4 llc-0b31 1 23 0 23 0
l1d_u23-5 llc-0b0 1 23 0 23 0
l1d_u23-5 llc-0b1 1 23 0 23 0
l1d_u23-5 llc-0b2 1 23 0 23 0
l1d_u23-5 llc-0b3 1 23 0 23 0
l1d_u23-5 llc-0b4 1 23 0 23 0
l1d_u23-5 llc-0b5 1 23 0 23 0
l1d_u23-5 llc-0b6 1 23 0 23 0
l1d_u23-5 llc-0b7 1 23 0 23 0
l1d_u23-5 llc-0b8 1 23 0 23 0
l1d_u23-5 llc-0b9 1 23 0 23 0
l1d_u23-5 llc-0b10 1 23 0 23 0
l1d_u23-5 llc-0b11 1 23 0 23 0
l1d_u23-5 llc-0b12 1 23 0 23 0
l1d_u23-5 llc-0b13 1 23 0 23 0
l1d_u23-5 llc-0b14 1 23 0 23 0
l1d_u23-5 llc-0b15 1 23 0 23 0
l1d_u23-5 llc-0b16 1 23 0 23 0
l1d_u23-5 llc-0b17 1 23 0 23 0
l1d_u23-5 llc-0b18 1 23 0 23 0
l1d_u23-5 llc-0b19 1 23 0 23 0
l1d_u23-5 llc-0b20 1 23 0 23 0
l1d_u23-5 llc-0b21 1 23 0 23 0
l1d_u23-5 llc-0b22 1 23 0 23 0
l1d_u23-5 llc-0b23 1 23 0 23 0
l1d_u23-5 llc-0b24 1 23 0 23 0
l1d_u23-5 llc-0b25 1 23 0 23 0
l1d_u23-5 llc-0b26 1 23 0 23 0
l1d_u23-5 llc-0b27 1 23 0 23 0
l1d_u23-5 llc-0b28 1 23 0 23 0
l1d_u23-5 llc-0b29 1 23 0 23 0
l1d_u23-5 llc-0b30 1 23 0 23 0
l1d_u23-5 llc-0b31 1 23 0 23 0
l1d_u23-6 llc-0b0 1 23 0 23 0
l1d_u23-6 llc-0b1 1 23 0 23 0
l1d_u23-6 llc-0b2 1 23 0 23 0
l1d_u23-6 llc-0b3 1 23 0 23 0
l1d_u23-6 llc-0b4 1 23 0 23 0
l1d_u23-6 llc-0b5 1 23 0 23 0
l1d_u23-6 llc-0b6 1 23 0 23 0
l1d_u23-6 llc-0b7 1 23 0 23 0
l1d_u23-6 llc-0b8 1 23 0 23 0
l1d_u23-6 llc-0b9 1 23 0 23 0
l1d_u23-6 llc-0b10 1 23 0 23 0
l1d_u23-6 llc-0b11 1 23 0 23 0
l1d_u23-6 llc-0b12 1 23 0 23 0
l1d_u23-6 llc-0b13 1 23 0 23 0
l1d_u23-6 llc-0b14 1 23 0 23 0
l1d_u23-6 llc-0b15 1 23 0 23 0
l1d_u23-6 llc-0b16 1 23 0 23 0
l1d_u23-6 llc-0b17 1 23 0 23 0
l1d_u23-6 llc-0b18 1 23 0 23 0
l1d_u23-6 llc-0b19 1 23 0 23 0
l1d_u23-6 llc-0b20 1 23 0 23 0
l1d_u23-6 llc-0b21 1 23 0 23 0
l1d_u23-6 llc-0b22 1 23 0 23 0
l1d_u23-6 llc-0b23 1 23 0 23 0
l1d_u23-6 llc-0b24 1 23 0 23 0
l1d_u23-6 llc-0b25 1 23 0 23 0
l1d_u23-6 llc-0b26 1 23 0 23 0
l1d_u23-6 llc-0b27 1 23 0 23 0
l1d_u23-6 llc-0b28 1 23 0 23 0
l1d_u23-6 llc-0b29 1 23 0 23 0
l1d_u23-6 llc-0b30 1 23 0 23 0
l1d_u23-6 llc-0b31 1 23 0 23 0
l1d_u23-7 llc-0b0 1 23 0 23 0
l1d_u23-7 llc-0b1 1 23 0 23 0
l1d_u23-7 llc-0b2 1 23 0 23 0
l1d_u23-7 llc-0b3 1 23 0 23 0
l1d_u23-7 llc-0b4 1 23 0 23 0
l1d_u23-7 llc-0b5 1 23 0 23 0
l1d_u23-7 llc-0b6 1 23 0 23 0
l1d_u23-7 llc-0b7 1 23 0 23 0
l1d_u23-7 llc-0b8 1 23 0 23 0
l1d_u23-7 llc-0b9 1 23 0 23 0
l1d_u23-7 llc-0b10 1 23 0 23 0
l1d_u23-7 llc-0b11 1 23 0 23 0
l1d_u23-7 llc-0b12 1 23 0 23 0
l1d_u23-7 llc-0b13 1 23 0 23 0
l1d_u23-7 llc-0b14 1 23 0 23 0
l1d_u23-7 llc-0b15 1 23 0 23 0
l1d_u23-7 llc-0b16 1 23 0 23 0
l1d_u23-7 llc-0b17 1 23 0 23 0
l1d_u23-7 llc-0b18 1 23 0 23 0
l1d_u23-7 llc-0b19 1 23 0 23 0
l1d_u23-7 llc-0b20 1 23 0 23 0
l1d_u23-7 llc-0b21 1 23 0 23 0
l1d_u23-7 llc-0b22 1 23 0 23 0
l1d_u23-7 llc-0b23 1 23 0 23 0
l1d_u23-7 llc-0b24 1 23 0 23 0
l1d_u23-7 llc-0b25 1 23 0 23 0
l1d_u23-7 llc-0b26 1 23 0 23 0
l1d_u23-7 llc-0b27 1 23 0 23 0
l1d_u23-7 llc-0b28 1 23 0 23 0
l1d_u23-7 llc-0b29 1 23 0 23 0
l1d_u23-7 llc-0b30 1 23 0 23 0
l1d_u23-7 llc-0b31 1 23 0 23 0
l1d_u23-8 llc-0b0 1 23 0 23 0
l1d_u23-8 llc-0b1 1 23 0 23 0
l1d_u23-8 llc-0b2 1 23 0 23 0
l1d_u23-8 llc-0b3 1 23 0 23 0
l1d_u23-8 llc-0b4 1 23 0 23 0
l1d_u23-8 llc-0b5 1 23 0 23 0
l1d_u23-8 llc-0b6 1 23 0 23 0
l1d_u23-8 llc-0b7 1 23 0 23 0
l1d_u23-8 llc-0b8 1 23 0 23 0
l1d_u23-8 llc-0b9 1 23 0 23 0
l1d_u23-8 llc-0b10 1 23 0 23 0
l1d_u23-8 llc-0b11 1 23 0 23 0
l1d_u23-8 llc-0b12 1 23 0 23 0
l1d_u23-8 llc-0b13 1 23 0 23 0
l1d_u23-8 llc-0b14 1 23 0 23 0
l1d_u23-8 llc-0b15 1 23 0 23 0
l1d_u23-8 llc-0b16 1 23 0 23 0
l1d_u23-8 llc-0b17 1 23 0 23 0
l1d_u23-8 llc-0b18 1 23 0 23 0
l1d_u23-8 llc-0b19 1 23 0 23 0
l1d_u23-8 llc-0b20 1 23 0 23 0
l1d_u23-8 llc-0b21 1 23 0 23 0
l1d_u23-8 llc-0b22 1 23 0 23 0
l1d_u23-8 llc-0b23 1 23 0 23 0
l1d_u23-8 llc-0b24 1 23 0 23 0
l1d_u23-8 llc-0b25 1 23 0 23 0
l1d_u23-8 llc-0b26 1 23 0 23 0
l1d_u23-8 llc-0b27 1 23 0 23 0
l1d_u23-8 llc-0b28 1 23 0 23 0
l1d_u23-8 llc-0b29 1 23 0 23 0
l1d_u23-8 llc-0b30 1 23 0 23 0
l1d_u23-8 llc-0b31 1 23 0 23 0
l1d_u23-9 llc-0b0 1 23 0 23 0
l1d_u23-9 llc-0b1 1 23 0 23 0
l1d_u23-9 llc-0b2 1 23 0 23 0
l1d_u23-9 llc-0b3 1 23 0 23 0
l1d_u23-9 llc-0b4 1 23 0 23 0
l1d_u23-9 llc-0b5 1 23 0 23 0
l1d_u23-9 llc-0b6 1 23 0 23 0
l1d_u23-9 llc-0b7 1 23 0 23 0
l1d_u23-9 llc-0b8 1 23 0 23 0
l1d_u23-9 llc-0b9 1 23 0 23 0
l1d_u23-9 llc-0b10 1 23 0 23 0
l1d_u23-9 llc-0b11 1 23 0 23 0
l1d_u23-9 llc-0b12 1 23 0 23 0
l1d_u23-9 llc-0b13 1 23 0 23 0
l1d_u23-9 llc-0b14 1 23 0 23 0
l1d_u23-9 llc-0b15 1 23 0 23 0
l1d_u23-9 llc-0b16 1 23 0 23 0
l1d_u23-9 llc-0b17 1 23 0 23 0
l1d_u23-9 llc-0b18 1 23 0 23 0
l1d_u23-9 llc-0b19 1 23 0 23 0
l1d_u23-9 llc-0b20 1 23 0 23 0
l1d_u23-9 llc-0b21 1 23 0 23 0
l1d_u23-9 llc-0b22 1 23 0 23 0
l1d_u23-9 llc-0b23 1 23 0 23 0
l1d_u23-9 llc-0b24 1 23 0 23 0
l1d_u23-9 llc-0b25 1 23 0 23 0
l1d_u23-9 llc-0b26 1 23 0 23 0
l1d_u23-9 llc-0b27 1 23 0 23 0
l1d_u23-9 llc-0b28 1 23 0 23 0
l1d_u23-9 llc-0b29 1 23 0 23 0
l1d_u23-9 llc-0b30 1 23 0 23 0
l1d_u23-9 llc-0b31 1 23 0 23 0
l1d_u23-10 llc-0b0 1 23 0 23 0
l1d_u23-10 llc-0b1 1 23 0 23 0
l1d_u23-10 llc-0b2 1 23 0 23 0
l1d_u23-10 llc-0b3 1 23 0 23 0
l1d_u23-10 llc-0b4 1 23 0 23 0
l1d_u23-10 llc-0b5 1 23 0 23 0
l1d_u23-10 llc-0b6 1 23 0 23 0
l1d_u23-10 llc-0b7 1 23 0 23 0
l1d_u23-10 llc-0b8 1 23 0 23 0
l1d_u23-10 llc-0b9 1 23 0 23 0
l1d_u23-10 llc-0b10 1 23 0 23 0
l1d_u23-10 llc-0b11 1 23 0 23 0
l1d_u23-10 llc-0b12 1 23 0 23 0
l1d_u23-10 llc-0b13 1 23 0 23 0
l1d_u23-10 llc-0b14 1 23 0 23 0
l1d_u23-10 llc-0b15 1 23 0 23 0
l1d_u23-10 llc-0b16 1 23 0 23 0
l1d_u23-10 llc-0b17 1 23 0 23 0
l1d_u23-10 llc-0b18 1 23 0 23 0
l1d_u23-10 llc-0b19 1 23 0 23 0
l1d_u23-10 llc-0b20 1 23 0 23 0
l1d_u23-10 llc-0b21 1 23 0 23 0
l1d_u23-10 llc-0b22 1 23 0 23 0
l1d_u23-10 llc-0b23 1 23 0 23 0
l1d_u23-10 llc-0b24 1 23 0 23 0
l1d_u23-10 llc-0b25 1 23 0 23 0
l1d_u23-10 llc-0b26 1 23 0 23 0
l1d_u23-10 llc-0b27 1 23 0 23 0
l1d_u23-10 llc-0b28 1 23 0 23 0
l1d_u23-10 llc-0b29 1 23 0 23 0
l1d_u23-10 llc-0b30 1 23 0 23 0
l1d_u23-10 llc-0b31 1 23 0 23 0
l1d_u23-11 llc-0b0 1 23 0 23 0
l1d_u23-11 llc-0b1 1 23 0 23 0
l1d_u23-11 llc-0b2 1 23 0 23 0
l1d_u23-11 llc-0b3 1 23 0 23 0
l1d_u23-11 llc-0b4 1 23 0 23 0
l1d_u23-11 llc-0b5 1 23 0 23 0
l1d_u23-11 llc-0b6 1 23 0 23 0
l1d_u23-11 llc-0b7 1 23 0 23 0
l1d_u23-11 llc-0b8 1 23 0 23 0
l1d_u23-11 llc-0b9 1 23 0 23 0
l1d_u23-11 llc-0b10 1 23 0 23 0
l1d_u23-11 llc-0b11 1 23 0 23 0
l1d_u23-11 llc-0b12 1 23 0 23 0
l1d_u23-11 llc-0b13 1 23 0 23 0
l1d_u23-11 llc-0b14 1 23 0 23 0
l1d_u23-11 llc-0b15 1 23 0 23 0
l1d_u23-11 llc-0b16 1 23 0 23 0
l1d_u23-11 llc-0b17 1 23 0 23 0
l1d_u23-11 llc-0b18 1 23 0 23 0
l1d_u23-11 llc-0b19 1 23 0 23 0
l1d_u23-11 llc-0b20 1 23 0 23 0
l1d_u23-11 llc-0b21 1 23 0 23 0
l1d_u23-11 llc-0b22 1 23 0 23 0
l1d_u23-11 llc-0b23 1 23 0 23 0
l1d_u23-11 llc-0b24 1 23 0 23 0
l1d_u23-11 llc-0b25 1 23 0 23 0
l1d_u23-11 llc-0b26 1 23 0 23 0
l1d_u23-11 llc-0b27 1 23 0 23 0
l1d_u23-11 llc-0b28 1 23 0 23 0
l1d_u23-11 llc-0b29 1 23 0 23 0
l1d_u23-11 llc-0b30 1 23 0 23 0
l1d_u23-11 llc-0b31 1 23 0 23 0
l1d_u23-12 llc-0b0 1 23 0 23 0
l1d_u23-12 llc-0b1 1 23 0 23 0
l1d_u23-12 llc-0b2 1 23 0 23 0
l1d_u23-12 llc-0b3 1 23 0 23 0
l1d_u23-12 llc-0b4 1 23 0 23 0
l1d_u23-12 llc-0b5 1 23 0 23 0
l1d_u23-12 llc-0b6 1 23 0 23 0
l1d_u23-12 llc-0b7 1 23 0 23 0
l1d_u23-12 llc-0b8 1 23 0 23 0
l1d_u23-12 llc-0b9 1 23 0 23 0
l1d_u23-12 llc-0b10 1 23 0 23 0
l1d_u23-12 llc-0b11 1 23 0 23 0
l1d_u23-12 llc-0b12 1 23 0 23 0
l1d_u23-12 llc-0b13 1 23 0 23 0
l1d_u23-12 llc-0b14 1 23 0 23 0
l1d_u23-12 llc-0b15 1 23 0 23 0
l1d_u23-12 llc-0b16 1 23 0 23 0
l1d_u23-12 llc-0b17 1 23 0 23 0
l1d_u23-12 llc-0b18 1 23 0 23 0
l1d_u23-12 llc-0b19 1 23 0 23 0
l1d_u23-12 llc-0b20 1 23 0 23 0
l1d_u23-12 llc-0b21 1 23 0 23 0
l1d_u23-12 llc-0b22 1 23 0 23 0
l1d_u23-12 llc-0b23 1 23 0 23 0
l1d_u23-12 llc-0b24 1 23 0 23 0
l1d_u23-12 llc-0b25 1 23 0 23 0
l1d_u23-12 llc-0b26 1 23 0 23 0
l1d_u23-12 llc-0b27 1 23 0 23 0
l1d_u23-12 llc-0b28 1 23 0 23 0
l1d_u23-12 llc-0b29 1 23 0 23 0
l1d_u23-12 llc-0b30 1 23 0 23 0
l1d_u23-12 llc-0b31 1 23 0 23 0
l1d_u23-13 llc-0b0 1 23 0 23 0
l1d_u23-13 llc-0b1 1 23 0 23 0
l1d_u23-13 llc-0b2 1 23 0 23 0
l1d_u23-13 llc-0b3 1 23 0 23 0
l1d_u23-13 llc-0b4 1 23 0 23 0
l1d_u23-13 llc-0b5 1 23 0 23 0
l1d_u23-13 llc-0b6 1 23 0 23 0
l1d_u23-13 llc-0b7 1 23 0 23 0
l1d_u23-13 llc-0b8 1 23 0 23 0
l1d_u23-13 llc-0b9 1 23 0 23 0
l1d_u23-13 llc-0b10 1 23 0 23 0
l1d_u23-13 llc-0b11 1 23 0 23 0
l1d_u23-13 llc-0b12 1 23 0 23 0
l1d_u23-13 llc-0b13 1 23 0 23 0
l1d_u23-13 llc-0b14 1 23 0 23 0
l1d_u23-13 llc-0b15 1 23 0 23 0
l1d_u23-13 llc-0b16 1 23 0 23 0
l1d_u23-13 llc-0b17 1 23 0 23 0
l1d_u23-13 llc-0b18 1 23 0 23 0
l1d_u23-13 llc-0b19 1 23 0 23 0
l1d_u23-13 llc-0b20 1 23 0 23 0
l1d_u23-13 llc-0b21 1 23 0 23 0
l1d_u23-13 llc-0b22 1 23 0 23 0
l1d_u23-13 llc-0b23 1 23 0 23 0
l1d_u23-13 llc-0b24 1 23 0 23 0
l1d_u23-13 llc-0b25 1 23 0 23 0
l1d_u23-13 llc-0b26 1 23 0 23 0
l1d_u23-13 llc-0b27 1 23 0 23 0
l1d_u23-13 llc-0b28 1 23 0 23 0
l1d_u23-13 llc-0b29 1 23 0 23 0
l1d_u23-13 llc-0b30 1 23 0 23 0
l1d_u23-13 llc-0b31 1 23 0 23 0
l1d_u23-14 llc-0b0 1 23 0 23 0
l1d_u23-14 llc-0b1 1 23 0 23 0
l1d_u23-14 llc-0b2 1 23 0 23 0
l1d_u23-14 llc-0b3 1 23 0 23 0
l1d_u23-14 llc-0b4 1 23 0 23 0
l1d_u23-14 llc-0b5 1 23 0 23 0
l1d_u23-14 llc-0b6 1 23 0 23 0
l1d_u23-14 llc-0b7 1 23 0 23 0
l1d_u23-14 llc-0b8 1 23 0 23 0
l1d_u23-14 llc-0b9 1 23 0 23 0
l1d_u23-14 llc-0b10 1 23 0 23 0
l1d_u23-14 llc-0b11 1 23 0 23 0
l1d_u23-14 llc-0b12 1 23 0 23 0
l1d_u23-14 llc-0b13 1 23 0 23 0
l1d_u23-14 llc-0b14 1 23 0 23 0
l1d_u23-14 llc-0b15 1 23 0 23 0
l1d_u23-14 llc-0b16 1 23 0 23 0
l1d_u23-14 llc-0b17 1 23 0 23 0
l1d_u23-14 llc-0b18 1 23 0 23 0
l1d_u23-14 llc-0b19 1 23 0 23 0
l1d_u23-14 llc-0b20 1 23 0 23 0
l1d_u23-14 llc-0b21 1 23 0 23 0
l1d_u23-14 llc-0b22 1 23 0 23 0
l1d_u23-14 llc-0b23 1 23 0 23 0
l1d_u23-14 llc-0b24 1 23 0 23 0
l1d_u23-14 llc-0b25 1 23 0 23 0
l1d_u23-14 llc-0b26 1 23 0 23 0
l1d_u23-14 llc-0b27 1 23 0 23 0
l1d_u23-14 llc-0b28 1 23 0 23 0
l1d_u23-14 llc-0b29 1 23 0 23 0
l1d_u23-14 llc-0b30 1 23 0 23 0
l1d_u23-14 llc-0b31 1 23 0 23 0
l1d_u23-15 llc-0b0 1 23 0 23 0
l1d_u23-15 llc-0b1 1 23 0 23 0
l1d_u23-15 llc-0b2 1 23 0 23 0
l1d_u23-15 llc-0b3 1 23 0 23 0
l1d_u23-15 llc-0b4 1 23 0 23 0
l1d_u23-15 llc-0b5 1 23 0 23 0
l1d_u23-15 llc-0b6 1 23 0 23 0
l1d_u23-15 llc-0b7 1 23 0 23 0
l1d_u23-15 llc-0b8 1 23 0 23 0
l1d_u23-15 llc-0b9 1 23 0 23 0
l1d_u23-15 llc-0b10 1 23 0 23 0
l1d_u23-15 llc-0b11 1 23 0 23 0
l1d_u23-15 llc-0b12 1 23 0 23 0
l1d_u23-15 llc-0b13 1 23 0 23 0
l1d_u23-15 llc-0b14 1 23 0 23 0
l1d_u23-15 llc-0b15 1 23 0 23 0
l1d_u23-15 llc-0b16 1 23 0 23 0
l1d_u23-15 llc-0b17 1 23 0 23 0
l1d_u23-15 llc-0b18 1 23 0 23 0
l1d_u23-15 llc-0b19 1 23 0 23 0
l1d_u23-15 llc-0b20 1 23 0 23 0
l1d_u23-15 llc-0b21 1 23 0 23 0
l1d_u23-15 llc-0b22 1 23 0 23 0
l1d_u23-15 llc-0b23 1 23 0 23 0
l1d_u23-15 llc-0b24 1 23 0 23 0
l1d_u23-15 llc-0b25 1 23 0 23 0
l1d_u23-15 llc-0b26 1 23 0 23 0
l1d_u23-15 llc-0b27 1 23 0 23 0
l1d_u23-15 llc-0b28 1 23 0 23 0
l1d_u23-15 llc-0b29 1 23 0 23 0
l1d_u23-15 llc-0b30 1 23 0 23 0
l1d_u23-15 llc-0b31 1 23 0 23 0
l1i_u24-0 llc-0b0 1 24 0 24 0
l1i_u24-0 llc-0b1 1 24 0 24 0
l1i_u24-0 llc-0b2 1 24 0 24 0
l1i_u24-0 llc-0b3 1 24 0 24 0
l1i_u24-0 llc-0b4 1 24 0 24 0
l1i_u24-0 llc-0b5 1 24 0 24 0
l1i_u24-0 llc-0b6 1 24 0 24 0
l1i_u24-0 llc-0b7 1 24 0 24 0
l1i_u24-0 llc-0b8 1 24 0 24 0
l1i_u24-0 llc-0b9 1 24 0 24 0
l1i_u24-0 llc-0b10 1 24 0 24 0
l1i_u24-0 llc-0b11 1 24 0 24 0
l1i_u24-0 llc-0b12 1 24 0 24 0
l1i_u24-0 llc-0b13 1 24 0 24 0
l1i_u24-0 llc-0b14 1 24 0 24 0
l1i_u24-0 llc-0b15 1 24 0 24 0
l1i_u24-0 llc-0b16 1 24 0 24 0
l1i_u24-0 llc-0b17 1 24 0 24 0
l1i_u24-0 llc-0b18 1 24 0 24 0
l1i_u24-0 llc-0b19 1 24 0 24 0
l1i_u24-0 llc-0b20 1 24 0 24 0
l1i_u24-0 llc-0b21 1 24 0 24 0
l1i_u24-0 llc-0b22 1 24 0 24 0
l1i_u24-0 llc-0b23 1 24 0 24 0
l1i_u24-0 llc-0b24 1 24 0 24 0
l1i_u24-0 llc-0b25 1 24 0 24 0
l1i_u24-0 llc-0b26 1 24 0 24 0
l1i_u24-0 llc-0b27 1 24 0 24 0
l1i_u24-0 llc-0b28 1 24 0 24 0
l1i_u24-0 llc-0b29 1 24 0 24 0
l1i_u24-0 llc-0b30 1 24 0 24 0
l1i_u24-0 llc-0b31 1 24 0 24 0
l1i_u24-1 llc-0b0 1 24 0 24 0
l1i_u24-1 llc-0b1 1 24 0 24 0
l1i_u24-1 llc-0b2 1 24 0 24 0
l1i_u24-1 llc-0b3 1 24 0 24 0
l1i_u24-1 llc-0b4 1 24 0 24 0
l1i_u24-1 llc-0b5 1 24 0 24 0
l1i_u24-1 llc-0b6 1 24 0 24 0
l1i_u24-1 llc-0b7 1 24 0 24 0
l1i_u24-1 llc-0b8 1 24 0 24 0
l1i_u24-1 llc-0b9 1 24 0 24 0
l1i_u24-1 llc-0b10 1 24 0 24 0
l1i_u24-1 llc-0b11 1 24 0 24 0
l1i_u24-1 llc-0b12 1 24 0 24 0
l1i_u24-1 llc-0b13 1 24 0 24 0
l1i_u24-1 llc-0b14 1 24 0 24 0
l1i_u24-1 llc-0b15 1 24 0 24 0
l1i_u24-1 llc-0b16 1 24 0 24 0
l1i_u24-1 llc-0b17 1 24 0 24 0
l1i_u24-1 llc-0b18 1 24 0 24 0
l1i_u24-1 llc-0b19 1 24 0 24 0
l1i_u24-1 llc-0b20 1 24 0 24 0
l1i_u24-1 llc-0b21 1 24 0 24 0
l1i_u24-1 llc-0b22 1 24 0 24 0
l1i_u24-1 llc-0b23 1 24 0 24 0
l1i_u24-1 llc-0b24 1 24 0 24 0
l1i_u24-1 llc-0b25 1 24 0 24 0
l1i_u24-1 llc-0b26 1 24 0 24 0
l1i_u24-1 llc-0b27 1 24 0 24 0
l1i_u24-1 llc-0b28 1 24 0 24 0
l1i_u24-1 llc-0b29 1 24 0 24 0
l1i_u24-1 llc-0b30 1 24 0 24 0
l1i_u24-1 llc-0b31 1 24 0 24 0
l1i_u24-2 llc-0b0 1 24 0 24 0
l1i_u24-2 llc-0b1 1 24 0 24 0
l1i_u24-2 llc-0b2 1 24 0 24 0
l1i_u24-2 llc-0b3 1 24 0 24 0
l1i_u24-2 llc-0b4 1 24 0 24 0
l1i_u24-2 llc-0b5 1 24 0 24 0
l1i_u24-2 llc-0b6 1 24 0 24 0
l1i_u24-2 llc-0b7 1 24 0 24 0
l1i_u24-2 llc-0b8 1 24 0 24 0
l1i_u24-2 llc-0b9 1 24 0 24 0
l1i_u24-2 llc-0b10 1 24 0 24 0
l1i_u24-2 llc-0b11 1 24 0 24 0
l1i_u24-2 llc-0b12 1 24 0 24 0
l1i_u24-2 llc-0b13 1 24 0 24 0
l1i_u24-2 llc-0b14 1 24 0 24 0
l1i_u24-2 llc-0b15 1 24 0 24 0
l1i_u24-2 llc-0b16 1 24 0 24 0
l1i_u24-2 llc-0b17 1 24 0 24 0
l1i_u24-2 llc-0b18 1 24 0 24 0
l1i_u24-2 llc-0b19 1 24 0 24 0
l1i_u24-2 llc-0b20 1 24 0 24 0
l1i_u24-2 llc-0b21 1 24 0 24 0
l1i_u24-2 llc-0b22 1 24 0 24 0
l1i_u24-2 llc-0b23 1 24 0 24 0
l1i_u24-2 llc-0b24 1 24 0 24 0
l1i_u24-2 llc-0b25 1 24 0 24 0
l1i_u24-2 llc-0b26 1 24 0 24 0
l1i_u24-2 llc-0b27 1 24 0 24 0
l1i_u24-2 llc-0b28 1 24 0 24 0
l1i_u24-2 llc-0b29 1 24 0 24 0
l1i_u24-2 llc-0b30 1 24 0 24 0
l1i_u24-2 llc-0b31 1 24 0 24 0
l1i_u24-3 llc-0b0 1 24 0 24 0
l1i_u24-3 llc-0b1 1 24 0 24 0
l1i_u24-3 llc-0b2 1 24 0 24 0
l1i_u24-3 llc-0b3 1 24 0 24 0
l1i_u24-3 llc-0b4 1 24 0 24 0
l1i_u24-3 llc-0b5 1 24 0 24 0
l1i_u24-3 llc-0b6 1 24 0 24 0
l1i_u24-3 llc-0b7 1 24 0 24 0
l1i_u24-3 llc-0b8 1 24 0 24 0
l1i_u24-3 llc-0b9 1 24 0 24 0
l1i_u24-3 llc-0b10 1 24 0 24 0
l1i_u24-3 llc-0b11 1 24 0 24 0
l1i_u24-3 llc-0b12 1 24 0 24 0
l1i_u24-3 llc-0b13 1 24 0 24 0
l1i_u24-3 llc-0b14 1 24 0 24 0
l1i_u24-3 llc-0b15 1 24 0 24 0
l1i_u24-3 llc-0b16 1 24 0 24 0
l1i_u24-3 llc-0b17 1 24 0 24 0
l1i_u24-3 llc-0b18 1 24 0 24 0
l1i_u24-3 llc-0b19 1 24 0 24 0
l1i_u24-3 llc-0b20 1 24 0 24 0
l1i_u24-3 llc-0b21 1 24 0 24 0
l1i_u24-3 llc-0b22 1 24 0 24 0
l1i_u24-3 llc-0b23 1 24 0 24 0
l1i_u24-3 llc-0b24 1 24 0 24 0
l1i_u24-3 llc-0b25 1 24 0 24 0
l1i_u24-3 llc-0b26 1 24 0 24 0
l1i_u24-3 llc-0b27 1 24 0 24 0
l1i_u24-3 llc-0b28 1 24 0 24 0
l1i_u24-3 llc-0b29 1 24 0 24 0
l1i_u24-3 llc-0b30 1 24 0 24 0
l1i_u24-3 llc-0b31 1 24 0 24 0
l1i_u24-4 llc-0b0 1 24 0 24 0
l1i_u24-4 llc-0b1 1 24 0 24 0
l1i_u24-4 llc-0b2 1 24 0 24 0
l1i_u24-4 llc-0b3 1 24 0 24 0
l1i_u24-4 llc-0b4 1 24 0 24 0
l1i_u24-4 llc-0b5 1 24 0 24 0
l1i_u24-4 llc-0b6 1 24 0 24 0
l1i_u24-4 llc-0b7 1 24 0 24 0
l1i_u24-4 llc-0b8 1 24 0 24 0
l1i_u24-4 llc-0b9 1 24 0 24 0
l1i_u24-4 llc-0b10 1 24 0 24 0
l1i_u24-4 llc-0b11 1 24 0 24 0
l1i_u24-4 llc-0b12 1 24 0 24 0
l1i_u24-4 llc-0b13 1 24 0 24 0
l1i_u24-4 llc-0b14 1 24 0 24 0
l1i_u24-4 llc-0b15 1 24 0 24 0
l1i_u24-4 llc-0b16 1 24 0 24 0
l1i_u24-4 llc-0b17 1 24 0 24 0
l1i_u24-4 llc-0b18 1 24 0 24 0
l1i_u24-4 llc-0b19 1 24 0 24 0
l1i_u24-4 llc-0b20 1 24 0 24 0
l1i_u24-4 llc-0b21 1 24 0 24 0
l1i_u24-4 llc-0b22 1 24 0 24 0
l1i_u24-4 llc-0b23 1 24 0 24 0
l1i_u24-4 llc-0b24 1 24 0 24 0
l1i_u24-4 llc-0b25 1 24 0 24 0
l1i_u24-4 llc-0b26 1 24 0 24 0
l1i_u24-4 llc-0b27 1 24 0 24 0
l1i_u24-4 llc-0b28 1 24 0 24 0
l1i_u24-4 llc-0b29 1 24 0 24 0
l1i_u24-4 llc-0b30 1 24 0 24 0
l1i_u24-4 llc-0b31 1 24 0 24 0
l1i_u24-5 llc-0b0 1 24 0 24 0
l1i_u24-5 llc-0b1 1 24 0 24 0
l1i_u24-5 llc-0b2 1 24 0 24 0
l1i_u24-5 llc-0b3 1 24 0 24 0
l1i_u24-5 llc-0b4 1 24 0 24 0
l1i_u24-5 llc-0b5 1 24 0 24 0
l1i_u24-5 llc-0b6 1 24 0 24 0
l1i_u24-5 llc-0b7 1 24 0 24 0
l1i_u24-5 llc-0b8 1 24 0 24 0
l1i_u24-5 llc-0b9 1 24 0 24 0
l1i_u24-5 llc-0b10 1 24 0 24 0
l1i_u24-5 llc-0b11 1 24 0 24 0
l1i_u24-5 llc-0b12 1 24 0 24 0
l1i_u24-5 llc-0b13 1 24 0 24 0
l1i_u24-5 llc-0b14 1 24 0 24 0
l1i_u24-5 llc-0b15 1 24 0 24 0
l1i_u24-5 llc-0b16 1 24 0 24 0
l1i_u24-5 llc-0b17 1 24 0 24 0
l1i_u24-5 llc-0b18 1 24 0 24 0
l1i_u24-5 llc-0b19 1 24 0 24 0
l1i_u24-5 llc-0b20 1 24 0 24 0
l1i_u24-5 llc-0b21 1 24 0 24 0
l1i_u24-5 llc-0b22 1 24 0 24 0
l1i_u24-5 llc-0b23 1 24 0 24 0
l1i_u24-5 llc-0b24 1 24 0 24 0
l1i_u24-5 llc-0b25 1 24 0 24 0
l1i_u24-5 llc-0b26 1 24 0 24 0
l1i_u24-5 llc-0b27 1 24 0 24 0
l1i_u24-5 llc-0b28 1 24 0 24 0
l1i_u24-5 llc-0b29 1 24 0 24 0
l1i_u24-5 llc-0b30 1 24 0 24 0
l1i_u24-5 llc-0b31 1 24 0 24 0
l1i_u24-6 llc-0b0 1 24 0 24 0
l1i_u24-6 llc-0b1 1 24 0 24 0
l1i_u24-6 llc-0b2 1 24 0 24 0
l1i_u24-6 llc-0b3 1 24 0 24 0
l1i_u24-6 llc-0b4 1 24 0 24 0
l1i_u24-6 llc-0b5 1 24 0 24 0
l1i_u24-6 llc-0b6 1 24 0 24 0
l1i_u24-6 llc-0b7 1 24 0 24 0
l1i_u24-6 llc-0b8 1 24 0 24 0
l1i_u24-6 llc-0b9 1 24 0 24 0
l1i_u24-6 llc-0b10 1 24 0 24 0
l1i_u24-6 llc-0b11 1 24 0 24 0
l1i_u24-6 llc-0b12 1 24 0 24 0
l1i_u24-6 llc-0b13 1 24 0 24 0
l1i_u24-6 llc-0b14 1 24 0 24 0
l1i_u24-6 llc-0b15 1 24 0 24 0
l1i_u24-6 llc-0b16 1 24 0 24 0
l1i_u24-6 llc-0b17 1 24 0 24 0
l1i_u24-6 llc-0b18 1 24 0 24 0
l1i_u24-6 llc-0b19 1 24 0 24 0
l1i_u24-6 llc-0b20 1 24 0 24 0
l1i_u24-6 llc-0b21 1 24 0 24 0
l1i_u24-6 llc-0b22 1 24 0 24 0
l1i_u24-6 llc-0b23 1 24 0 24 0
l1i_u24-6 llc-0b24 1 24 0 24 0
l1i_u24-6 llc-0b25 1 24 0 24 0
l1i_u24-6 llc-0b26 1 24 0 24 0
l1i_u24-6 llc-0b27 1 24 0 24 0
l1i_u24-6 llc-0b28 1 24 0 24 0
l1i_u24-6 llc-0b29 1 24 0 24 0
l1i_u24-6 llc-0b30 1 24 0 24 0
l1i_u24-6 llc-0b31 1 24 0 24 0
l1i_u24-7 llc-0b0 1 24 0 24 0
l1i_u24-7 llc-0b1 1 24 0 24 0
l1i_u24-7 llc-0b2 1 24 0 24 0
l1i_u24-7 llc-0b3 1 24 0 24 0
l1i_u24-7 llc-0b4 1 24 0 24 0
l1i_u24-7 llc-0b5 1 24 0 24 0
l1i_u24-7 llc-0b6 1 24 0 24 0
l1i_u24-7 llc-0b7 1 24 0 24 0
l1i_u24-7 llc-0b8 1 24 0 24 0
l1i_u24-7 llc-0b9 1 24 0 24 0
l1i_u24-7 llc-0b10 1 24 0 24 0
l1i_u24-7 llc-0b11 1 24 0 24 0
l1i_u24-7 llc-0b12 1 24 0 24 0
l1i_u24-7 llc-0b13 1 24 0 24 0
l1i_u24-7 llc-0b14 1 24 0 24 0
l1i_u24-7 llc-0b15 1 24 0 24 0
l1i_u24-7 llc-0b16 1 24 0 24 0
l1i_u24-7 llc-0b17 1 24 0 24 0
l1i_u24-7 llc-0b18 1 24 0 24 0
l1i_u24-7 llc-0b19 1 24 0 24 0
l1i_u24-7 llc-0b20 1 24 0 24 0
l1i_u24-7 llc-0b21 1 24 0 24 0
l1i_u24-7 llc-0b22 1 24 0 24 0
l1i_u24-7 llc-0b23 1 24 0 24 0
l1i_u24-7 llc-0b24 1 24 0 24 0
l1i_u24-7 llc-0b25 1 24 0 24 0
l1i_u24-7 llc-0b26 1 24 0 24 0
l1i_u24-7 llc-0b27 1 24 0 24 0
l1i_u24-7 llc-0b28 1 24 0 24 0
l1i_u24-7 llc-0b29 1 24 0 24 0
l1i_u24-7 llc-0b30 1 24 0 24 0
l1i_u24-7 llc-0b31 1 24 0 24 0
l1i_u24-8 llc-0b0 1 24 0 24 0
l1i_u24-8 llc-0b1 1 24 0 24 0
l1i_u24-8 llc-0b2 1 24 0 24 0
l1i_u24-8 llc-0b3 1 24 0 24 0
l1i_u24-8 llc-0b4 1 24 0 24 0
l1i_u24-8 llc-0b5 1 24 0 24 0
l1i_u24-8 llc-0b6 1 24 0 24 0
l1i_u24-8 llc-0b7 1 24 0 24 0
l1i_u24-8 llc-0b8 1 24 0 24 0
l1i_u24-8 llc-0b9 1 24 0 24 0
l1i_u24-8 llc-0b10 1 24 0 24 0
l1i_u24-8 llc-0b11 1 24 0 24 0
l1i_u24-8 llc-0b12 1 24 0 24 0
l1i_u24-8 llc-0b13 1 24 0 24 0
l1i_u24-8 llc-0b14 1 24 0 24 0
l1i_u24-8 llc-0b15 1 24 0 24 0
l1i_u24-8 llc-0b16 1 24 0 24 0
l1i_u24-8 llc-0b17 1 24 0 24 0
l1i_u24-8 llc-0b18 1 24 0 24 0
l1i_u24-8 llc-0b19 1 24 0 24 0
l1i_u24-8 llc-0b20 1 24 0 24 0
l1i_u24-8 llc-0b21 1 24 0 24 0
l1i_u24-8 llc-0b22 1 24 0 24 0
l1i_u24-8 llc-0b23 1 24 0 24 0
l1i_u24-8 llc-0b24 1 24 0 24 0
l1i_u24-8 llc-0b25 1 24 0 24 0
l1i_u24-8 llc-0b26 1 24 0 24 0
l1i_u24-8 llc-0b27 1 24 0 24 0
l1i_u24-8 llc-0b28 1 24 0 24 0
l1i_u24-8 llc-0b29 1 24 0 24 0
l1i_u24-8 llc-0b30 1 24 0 24 0
l1i_u24-8 llc-0b31 1 24 0 24 0
l1i_u24-9 llc-0b0 1 24 0 24 0
l1i_u24-9 llc-0b1 1 24 0 24 0
l1i_u24-9 llc-0b2 1 24 0 24 0
l1i_u24-9 llc-0b3 1 24 0 24 0
l1i_u24-9 llc-0b4 1 24 0 24 0
l1i_u24-9 llc-0b5 1 24 0 24 0
l1i_u24-9 llc-0b6 1 24 0 24 0
l1i_u24-9 llc-0b7 1 24 0 24 0
l1i_u24-9 llc-0b8 1 24 0 24 0
l1i_u24-9 llc-0b9 1 24 0 24 0
l1i_u24-9 llc-0b10 1 24 0 24 0
l1i_u24-9 llc-0b11 1 24 0 24 0
l1i_u24-9 llc-0b12 1 24 0 24 0
l1i_u24-9 llc-0b13 1 24 0 24 0
l1i_u24-9 llc-0b14 1 24 0 24 0
l1i_u24-9 llc-0b15 1 24 0 24 0
l1i_u24-9 llc-0b16 1 24 0 24 0
l1i_u24-9 llc-0b17 1 24 0 24 0
l1i_u24-9 llc-0b18 1 24 0 24 0
l1i_u24-9 llc-0b19 1 24 0 24 0
l1i_u24-9 llc-0b20 1 24 0 24 0
l1i_u24-9 llc-0b21 1 24 0 24 0
l1i_u24-9 llc-0b22 1 24 0 24 0
l1i_u24-9 llc-0b23 1 24 0 24 0
l1i_u24-9 llc-0b24 1 24 0 24 0
l1i_u24-9 llc-0b25 1 24 0 24 0
l1i_u24-9 llc-0b26 1 24 0 24 0
l1i_u24-9 llc-0b27 1 24 0 24 0
l1i_u24-9 llc-0b28 1 24 0 24 0
l1i_u24-9 llc-0b29 1 24 0 24 0
l1i_u24-9 llc-0b30 1 24 0 24 0
l1i_u24-9 llc-0b31 1 24 0 24 0
l1i_u24-10 llc-0b0 1 24 0 24 0
l1i_u24-10 llc-0b1 1 24 0 24 0
l1i_u24-10 llc-0b2 1 24 0 24 0
l1i_u24-10 llc-0b3 1 24 0 24 0
l1i_u24-10 llc-0b4 1 24 0 24 0
l1i_u24-10 llc-0b5 1 24 0 24 0
l1i_u24-10 llc-0b6 1 24 0 24 0
l1i_u24-10 llc-0b7 1 24 0 24 0
l1i_u24-10 llc-0b8 1 24 0 24 0
l1i_u24-10 llc-0b9 1 24 0 24 0
l1i_u24-10 llc-0b10 1 24 0 24 0
l1i_u24-10 llc-0b11 1 24 0 24 0
l1i_u24-10 llc-0b12 1 24 0 24 0
l1i_u24-10 llc-0b13 1 24 0 24 0
l1i_u24-10 llc-0b14 1 24 0 24 0
l1i_u24-10 llc-0b15 1 24 0 24 0
l1i_u24-10 llc-0b16 1 24 0 24 0
l1i_u24-10 llc-0b17 1 24 0 24 0
l1i_u24-10 llc-0b18 1 24 0 24 0
l1i_u24-10 llc-0b19 1 24 0 24 0
l1i_u24-10 llc-0b20 1 24 0 24 0
l1i_u24-10 llc-0b21 1 24 0 24 0
l1i_u24-10 llc-0b22 1 24 0 24 0
l1i_u24-10 llc-0b23 1 24 0 24 0
l1i_u24-10 llc-0b24 1 24 0 24 0
l1i_u24-10 llc-0b25 1 24 0 24 0
l1i_u24-10 llc-0b26 1 24 0 24 0
l1i_u24-10 llc-0b27 1 24 0 24 0
l1i_u24-10 llc-0b28 1 24 0 24 0
l1i_u24-10 llc-0b29 1 24 0 24 0
l1i_u24-10 llc-0b30 1 24 0 24 0
l1i_u24-10 llc-0b31 1 24 0 24 0
l1i_u24-11 llc-0b0 1 24 0 24 0
l1i_u24-11 llc-0b1 1 24 0 24 0
l1i_u24-11 llc-0b2 1 24 0 24 0
l1i_u24-11 llc-0b3 1 24 0 24 0
l1i_u24-11 llc-0b4 1 24 0 24 0
l1i_u24-11 llc-0b5 1 24 0 24 0
l1i_u24-11 llc-0b6 1 24 0 24 0
l1i_u24-11 llc-0b7 1 24 0 24 0
l1i_u24-11 llc-0b8 1 24 0 24 0
l1i_u24-11 llc-0b9 1 24 0 24 0
l1i_u24-11 llc-0b10 1 24 0 24 0
l1i_u24-11 llc-0b11 1 24 0 24 0
l1i_u24-11 llc-0b12 1 24 0 24 0
l1i_u24-11 llc-0b13 1 24 0 24 0
l1i_u24-11 llc-0b14 1 24 0 24 0
l1i_u24-11 llc-0b15 1 24 0 24 0
l1i_u24-11 llc-0b16 1 24 0 24 0
l1i_u24-11 llc-0b17 1 24 0 24 0
l1i_u24-11 llc-0b18 1 24 0 24 0
l1i_u24-11 llc-0b19 1 24 0 24 0
l1i_u24-11 llc-0b20 1 24 0 24 0
l1i_u24-11 llc-0b21 1 24 0 24 0
l1i_u24-11 llc-0b22 1 24 0 24 0
l1i_u24-11 llc-0b23 1 24 0 24 0
l1i_u24-11 llc-0b24 1 24 0 24 0
l1i_u24-11 llc-0b25 1 24 0 24 0
l1i_u24-11 llc-0b26 1 24 0 24 0
l1i_u24-11 llc-0b27 1 24 0 24 0
l1i_u24-11 llc-0b28 1 24 0 24 0
l1i_u24-11 llc-0b29 1 24 0 24 0
l1i_u24-11 llc-0b30 1 24 0 24 0
l1i_u24-11 llc-0b31 1 24 0 24 0
l1i_u24-12 llc-0b0 1 24 0 24 0
l1i_u24-12 llc-0b1 1 24 0 24 0
l1i_u24-12 llc-0b2 1 24 0 24 0
l1i_u24-12 llc-0b3 1 24 0 24 0
l1i_u24-12 llc-0b4 1 24 0 24 0
l1i_u24-12 llc-0b5 1 24 0 24 0
l1i_u24-12 llc-0b6 1 24 0 24 0
l1i_u24-12 llc-0b7 1 24 0 24 0
l1i_u24-12 llc-0b8 1 24 0 24 0
l1i_u24-12 llc-0b9 1 24 0 24 0
l1i_u24-12 llc-0b10 1 24 0 24 0
l1i_u24-12 llc-0b11 1 24 0 24 0
l1i_u24-12 llc-0b12 1 24 0 24 0
l1i_u24-12 llc-0b13 1 24 0 24 0
l1i_u24-12 llc-0b14 1 24 0 24 0
l1i_u24-12 llc-0b15 1 24 0 24 0
l1i_u24-12 llc-0b16 1 24 0 24 0
l1i_u24-12 llc-0b17 1 24 0 24 0
l1i_u24-12 llc-0b18 1 24 0 24 0
l1i_u24-12 llc-0b19 1 24 0 24 0
l1i_u24-12 llc-0b20 1 24 0 24 0
l1i_u24-12 llc-0b21 1 24 0 24 0
l1i_u24-12 llc-0b22 1 24 0 24 0
l1i_u24-12 llc-0b23 1 24 0 24 0
l1i_u24-12 llc-0b24 1 24 0 24 0
l1i_u24-12 llc-0b25 1 24 0 24 0
l1i_u24-12 llc-0b26 1 24 0 24 0
l1i_u24-12 llc-0b27 1 24 0 24 0
l1i_u24-12 llc-0b28 1 24 0 24 0
l1i_u24-12 llc-0b29 1 24 0 24 0
l1i_u24-12 llc-0b30 1 24 0 24 0
l1i_u24-12 llc-0b31 1 24 0 24 0
l1i_u24-13 llc-0b0 1 24 0 24 0
l1i_u24-13 llc-0b1 1 24 0 24 0
l1i_u24-13 llc-0b2 1 24 0 24 0
l1i_u24-13 llc-0b3 1 24 0 24 0
l1i_u24-13 llc-0b4 1 24 0 24 0
l1i_u24-13 llc-0b5 1 24 0 24 0
l1i_u24-13 llc-0b6 1 24 0 24 0
l1i_u24-13 llc-0b7 1 24 0 24 0
l1i_u24-13 llc-0b8 1 24 0 24 0
l1i_u24-13 llc-0b9 1 24 0 24 0
l1i_u24-13 llc-0b10 1 24 0 24 0
l1i_u24-13 llc-0b11 1 24 0 24 0
l1i_u24-13 llc-0b12 1 24 0 24 0
l1i_u24-13 llc-0b13 1 24 0 24 0
l1i_u24-13 llc-0b14 1 24 0 24 0
l1i_u24-13 llc-0b15 1 24 0 24 0
l1i_u24-13 llc-0b16 1 24 0 24 0
l1i_u24-13 llc-0b17 1 24 0 24 0
l1i_u24-13 llc-0b18 1 24 0 24 0
l1i_u24-13 llc-0b19 1 24 0 24 0
l1i_u24-13 llc-0b20 1 24 0 24 0
l1i_u24-13 llc-0b21 1 24 0 24 0
l1i_u24-13 llc-0b22 1 24 0 24 0
l1i_u24-13 llc-0b23 1 24 0 24 0
l1i_u24-13 llc-0b24 1 24 0 24 0
l1i_u24-13 llc-0b25 1 24 0 24 0
l1i_u24-13 llc-0b26 1 24 0 24 0
l1i_u24-13 llc-0b27 1 24 0 24 0
l1i_u24-13 llc-0b28 1 24 0 24 0
l1i_u24-13 llc-0b29 1 24 0 24 0
l1i_u24-13 llc-0b30 1 24 0 24 0
l1i_u24-13 llc-0b31 1 24 0 24 0
l1i_u24-14 llc-0b0 1 24 0 24 0
l1i_u24-14 llc-0b1 1 24 0 24 0
l1i_u24-14 llc-0b2 1 24 0 24 0
l1i_u24-14 llc-0b3 1 24 0 24 0
l1i_u24-14 llc-0b4 1 24 0 24 0
l1i_u24-14 llc-0b5 1 24 0 24 0
l1i_u24-14 llc-0b6 1 24 0 24 0
l1i_u24-14 llc-0b7 1 24 0 24 0
l1i_u24-14 llc-0b8 1 24 0 24 0
l1i_u24-14 llc-0b9 1 24 0 24 0
l1i_u24-14 llc-0b10 1 24 0 24 0
l1i_u24-14 llc-0b11 1 24 0 24 0
l1i_u24-14 llc-0b12 1 24 0 24 0
l1i_u24-14 llc-0b13 1 24 0 24 0
l1i_u24-14 llc-0b14 1 24 0 24 0
l1i_u24-14 llc-0b15 1 24 0 24 0
l1i_u24-14 llc-0b16 1 24 0 24 0
l1i_u24-14 llc-0b17 1 24 0 24 0
l1i_u24-14 llc-0b18 1 24 0 24 0
l1i_u24-14 llc-0b19 1 24 0 24 0
l1i_u24-14 llc-0b20 1 24 0 24 0
l1i_u24-14 llc-0b21 1 24 0 24 0
l1i_u24-14 llc-0b22 1 24 0 24 0
l1i_u24-14 llc-0b23 1 24 0 24 0
l1i_u24-14 llc-0b24 1 24 0 24 0
l1i_u24-14 llc-0b25 1 24 0 24 0
l1i_u24-14 llc-0b26 1 24 0 24 0
l1i_u24-14 llc-0b27 1 24 0 24 0
l1i_u24-14 llc-0b28 1 24 0 24 0
l1i_u24-14 llc-0b29 1 24 0 24 0
l1i_u24-14 llc-0b30 1 24 0 24 0
l1i_u24-14 llc-0b31 1 24 0 24 0
l1i_u24-15 llc-0b0 1 24 0 24 0
l1i_u24-15 llc-0b1 1 24 0 24 0
l1i_u24-15 llc-0b2 1 24 0 24 0
l1i_u24-15 llc-0b3 1 24 0 24 0
l1i_u24-15 llc-0b4 1 24 0 24 0
l1i_u24-15 llc-0b5 1 24 0 24 0
l1i_u24-15 llc-0b6 1 24 0 24 0
l1i_u24-15 llc-0b7 1 24 0 24 0
l1i_u24-15 llc-0b8 1 24 0 24 0
l1i_u24-15 llc-0b9 1 24 0 24 0
l1i_u24-15 llc-0b10 1 24 0 24 0
l1i_u24-15 llc-0b11 1 24 0 24 0
l1i_u24-15 llc-0b12 1 24 0 24 0
l1i_u24-15 llc-0b13 1 24 0 24 0
l1i_u24-15 llc-0b14 1 24 0 24 0
l1i_u24-15 llc-0b15 1 24 0 24 0
l1i_u24-15 llc-0b16 1 24 0 24 0
l1i_u24-15 llc-0b17 1 24 0 24 0
l1i_u24-15 llc-0b18 1 24 0 24 0
l1i_u24-15 llc-0b19 1 24 0 24 0
l1i_u24-15 llc-0b20 1 24 0 24 0
l1i_u24-15 llc-0b21 1 24 0 24 0
l1i_u24-15 llc-0b22 1 24 0 24 0
l1i_u24-15 llc-0b23 1 24 0 24 0
l1i_u24-15 llc-0b24 1 24 0 24 0
l1i_u24-15 llc-0b25 1 24 0 24 0
l1i_u24-15 llc-0b26 1 24 0 24 0
l1i_u24-15 llc-0b27 1 24 0 24 0
l1i_u24-15 llc-0b28 1 24 0 24 0
l1i_u24-15 llc-0b29 1 24 0 24 0
l1i_u24-15 llc-0b30 1 24 0 24 0
l1i_u24-15 llc-0b31 1 24 0 24 0
l1d_u24-0 llc-0b0 1 24 0 24 0
l1d_u24-0 llc-0b1 1 24 0 24 0
l1d_u24-0 llc-0b2 1 24 0 24 0
l1d_u24-0 llc-0b3 1 24 0 24 0
l1d_u24-0 llc-0b4 1 24 0 24 0
l1d_u24-0 llc-0b5 1 24 0 24 0
l1d_u24-0 llc-0b6 1 24 0 24 0
l1d_u24-0 llc-0b7 1 24 0 24 0
l1d_u24-0 llc-0b8 1 24 0 24 0
l1d_u24-0 llc-0b9 1 24 0 24 0
l1d_u24-0 llc-0b10 1 24 0 24 0
l1d_u24-0 llc-0b11 1 24 0 24 0
l1d_u24-0 llc-0b12 1 24 0 24 0
l1d_u24-0 llc-0b13 1 24 0 24 0
l1d_u24-0 llc-0b14 1 24 0 24 0
l1d_u24-0 llc-0b15 1 24 0 24 0
l1d_u24-0 llc-0b16 1 24 0 24 0
l1d_u24-0 llc-0b17 1 24 0 24 0
l1d_u24-0 llc-0b18 1 24 0 24 0
l1d_u24-0 llc-0b19 1 24 0 24 0
l1d_u24-0 llc-0b20 1 24 0 24 0
l1d_u24-0 llc-0b21 1 24 0 24 0
l1d_u24-0 llc-0b22 1 24 0 24 0
l1d_u24-0 llc-0b23 1 24 0 24 0
l1d_u24-0 llc-0b24 1 24 0 24 0
l1d_u24-0 llc-0b25 1 24 0 24 0
l1d_u24-0 llc-0b26 1 24 0 24 0
l1d_u24-0 llc-0b27 1 24 0 24 0
l1d_u24-0 llc-0b28 1 24 0 24 0
l1d_u24-0 llc-0b29 1 24 0 24 0
l1d_u24-0 llc-0b30 1 24 0 24 0
l1d_u24-0 llc-0b31 1 24 0 24 0
l1d_u24-1 llc-0b0 1 24 0 24 0
l1d_u24-1 llc-0b1 1 24 0 24 0
l1d_u24-1 llc-0b2 1 24 0 24 0
l1d_u24-1 llc-0b3 1 24 0 24 0
l1d_u24-1 llc-0b4 1 24 0 24 0
l1d_u24-1 llc-0b5 1 24 0 24 0
l1d_u24-1 llc-0b6 1 24 0 24 0
l1d_u24-1 llc-0b7 1 24 0 24 0
l1d_u24-1 llc-0b8 1 24 0 24 0
l1d_u24-1 llc-0b9 1 24 0 24 0
l1d_u24-1 llc-0b10 1 24 0 24 0
l1d_u24-1 llc-0b11 1 24 0 24 0
l1d_u24-1 llc-0b12 1 24 0 24 0
l1d_u24-1 llc-0b13 1 24 0 24 0
l1d_u24-1 llc-0b14 1 24 0 24 0
l1d_u24-1 llc-0b15 1 24 0 24 0
l1d_u24-1 llc-0b16 1 24 0 24 0
l1d_u24-1 llc-0b17 1 24 0 24 0
l1d_u24-1 llc-0b18 1 24 0 24 0
l1d_u24-1 llc-0b19 1 24 0 24 0
l1d_u24-1 llc-0b20 1 24 0 24 0
l1d_u24-1 llc-0b21 1 24 0 24 0
l1d_u24-1 llc-0b22 1 24 0 24 0
l1d_u24-1 llc-0b23 1 24 0 24 0
l1d_u24-1 llc-0b24 1 24 0 24 0
l1d_u24-1 llc-0b25 1 24 0 24 0
l1d_u24-1 llc-0b26 1 24 0 24 0
l1d_u24-1 llc-0b27 1 24 0 24 0
l1d_u24-1 llc-0b28 1 24 0 24 0
l1d_u24-1 llc-0b29 1 24 0 24 0
l1d_u24-1 llc-0b30 1 24 0 24 0
l1d_u24-1 llc-0b31 1 24 0 24 0
l1d_u24-2 llc-0b0 1 24 0 24 0
l1d_u24-2 llc-0b1 1 24 0 24 0
l1d_u24-2 llc-0b2 1 24 0 24 0
l1d_u24-2 llc-0b3 1 24 0 24 0
l1d_u24-2 llc-0b4 1 24 0 24 0
l1d_u24-2 llc-0b5 1 24 0 24 0
l1d_u24-2 llc-0b6 1 24 0 24 0
l1d_u24-2 llc-0b7 1 24 0 24 0
l1d_u24-2 llc-0b8 1 24 0 24 0
l1d_u24-2 llc-0b9 1 24 0 24 0
l1d_u24-2 llc-0b10 1 24 0 24 0
l1d_u24-2 llc-0b11 1 24 0 24 0
l1d_u24-2 llc-0b12 1 24 0 24 0
l1d_u24-2 llc-0b13 1 24 0 24 0
l1d_u24-2 llc-0b14 1 24 0 24 0
l1d_u24-2 llc-0b15 1 24 0 24 0
l1d_u24-2 llc-0b16 1 24 0 24 0
l1d_u24-2 llc-0b17 1 24 0 24 0
l1d_u24-2 llc-0b18 1 24 0 24 0
l1d_u24-2 llc-0b19 1 24 0 24 0
l1d_u24-2 llc-0b20 1 24 0 24 0
l1d_u24-2 llc-0b21 1 24 0 24 0
l1d_u24-2 llc-0b22 1 24 0 24 0
l1d_u24-2 llc-0b23 1 24 0 24 0
l1d_u24-2 llc-0b24 1 24 0 24 0
l1d_u24-2 llc-0b25 1 24 0 24 0
l1d_u24-2 llc-0b26 1 24 0 24 0
l1d_u24-2 llc-0b27 1 24 0 24 0
l1d_u24-2 llc-0b28 1 24 0 24 0
l1d_u24-2 llc-0b29 1 24 0 24 0
l1d_u24-2 llc-0b30 1 24 0 24 0
l1d_u24-2 llc-0b31 1 24 0 24 0
l1d_u24-3 llc-0b0 1 24 0 24 0
l1d_u24-3 llc-0b1 1 24 0 24 0
l1d_u24-3 llc-0b2 1 24 0 24 0
l1d_u24-3 llc-0b3 1 24 0 24 0
l1d_u24-3 llc-0b4 1 24 0 24 0
l1d_u24-3 llc-0b5 1 24 0 24 0
l1d_u24-3 llc-0b6 1 24 0 24 0
l1d_u24-3 llc-0b7 1 24 0 24 0
l1d_u24-3 llc-0b8 1 24 0 24 0
l1d_u24-3 llc-0b9 1 24 0 24 0
l1d_u24-3 llc-0b10 1 24 0 24 0
l1d_u24-3 llc-0b11 1 24 0 24 0
l1d_u24-3 llc-0b12 1 24 0 24 0
l1d_u24-3 llc-0b13 1 24 0 24 0
l1d_u24-3 llc-0b14 1 24 0 24 0
l1d_u24-3 llc-0b15 1 24 0 24 0
l1d_u24-3 llc-0b16 1 24 0 24 0
l1d_u24-3 llc-0b17 1 24 0 24 0
l1d_u24-3 llc-0b18 1 24 0 24 0
l1d_u24-3 llc-0b19 1 24 0 24 0
l1d_u24-3 llc-0b20 1 24 0 24 0
l1d_u24-3 llc-0b21 1 24 0 24 0
l1d_u24-3 llc-0b22 1 24 0 24 0
l1d_u24-3 llc-0b23 1 24 0 24 0
l1d_u24-3 llc-0b24 1 24 0 24 0
l1d_u24-3 llc-0b25 1 24 0 24 0
l1d_u24-3 llc-0b26 1 24 0 24 0
l1d_u24-3 llc-0b27 1 24 0 24 0
l1d_u24-3 llc-0b28 1 24 0 24 0
l1d_u24-3 llc-0b29 1 24 0 24 0
l1d_u24-3 llc-0b30 1 24 0 24 0
l1d_u24-3 llc-0b31 1 24 0 24 0
l1d_u24-4 llc-0b0 1 24 0 24 0
l1d_u24-4 llc-0b1 1 24 0 24 0
l1d_u24-4 llc-0b2 1 24 0 24 0
l1d_u24-4 llc-0b3 1 24 0 24 0
l1d_u24-4 llc-0b4 1 24 0 24 0
l1d_u24-4 llc-0b5 1 24 0 24 0
l1d_u24-4 llc-0b6 1 24 0 24 0
l1d_u24-4 llc-0b7 1 24 0 24 0
l1d_u24-4 llc-0b8 1 24 0 24 0
l1d_u24-4 llc-0b9 1 24 0 24 0
l1d_u24-4 llc-0b10 1 24 0 24 0
l1d_u24-4 llc-0b11 1 24 0 24 0
l1d_u24-4 llc-0b12 1 24 0 24 0
l1d_u24-4 llc-0b13 1 24 0 24 0
l1d_u24-4 llc-0b14 1 24 0 24 0
l1d_u24-4 llc-0b15 1 24 0 24 0
l1d_u24-4 llc-0b16 1 24 0 24 0
l1d_u24-4 llc-0b17 1 24 0 24 0
l1d_u24-4 llc-0b18 1 24 0 24 0
l1d_u24-4 llc-0b19 1 24 0 24 0
l1d_u24-4 llc-0b20 1 24 0 24 0
l1d_u24-4 llc-0b21 1 24 0 24 0
l1d_u24-4 llc-0b22 1 24 0 24 0
l1d_u24-4 llc-0b23 1 24 0 24 0
l1d_u24-4 llc-0b24 1 24 0 24 0
l1d_u24-4 llc-0b25 1 24 0 24 0
l1d_u24-4 llc-0b26 1 24 0 24 0
l1d_u24-4 llc-0b27 1 24 0 24 0
l1d_u24-4 llc-0b28 1 24 0 24 0
l1d_u24-4 llc-0b29 1 24 0 24 0
l1d_u24-4 llc-0b30 1 24 0 24 0
l1d_u24-4 llc-0b31 1 24 0 24 0
l1d_u24-5 llc-0b0 1 24 0 24 0
l1d_u24-5 llc-0b1 1 24 0 24 0
l1d_u24-5 llc-0b2 1 24 0 24 0
l1d_u24-5 llc-0b3 1 24 0 24 0
l1d_u24-5 llc-0b4 1 24 0 24 0
l1d_u24-5 llc-0b5 1 24 0 24 0
l1d_u24-5 llc-0b6 1 24 0 24 0
l1d_u24-5 llc-0b7 1 24 0 24 0
l1d_u24-5 llc-0b8 1 24 0 24 0
l1d_u24-5 llc-0b9 1 24 0 24 0
l1d_u24-5 llc-0b10 1 24 0 24 0
l1d_u24-5 llc-0b11 1 24 0 24 0
l1d_u24-5 llc-0b12 1 24 0 24 0
l1d_u24-5 llc-0b13 1 24 0 24 0
l1d_u24-5 llc-0b14 1 24 0 24 0
l1d_u24-5 llc-0b15 1 24 0 24 0
l1d_u24-5 llc-0b16 1 24 0 24 0
l1d_u24-5 llc-0b17 1 24 0 24 0
l1d_u24-5 llc-0b18 1 24 0 24 0
l1d_u24-5 llc-0b19 1 24 0 24 0
l1d_u24-5 llc-0b20 1 24 0 24 0
l1d_u24-5 llc-0b21 1 24 0 24 0
l1d_u24-5 llc-0b22 1 24 0 24 0
l1d_u24-5 llc-0b23 1 24 0 24 0
l1d_u24-5 llc-0b24 1 24 0 24 0
l1d_u24-5 llc-0b25 1 24 0 24 0
l1d_u24-5 llc-0b26 1 24 0 24 0
l1d_u24-5 llc-0b27 1 24 0 24 0
l1d_u24-5 llc-0b28 1 24 0 24 0
l1d_u24-5 llc-0b29 1 24 0 24 0
l1d_u24-5 llc-0b30 1 24 0 24 0
l1d_u24-5 llc-0b31 1 24 0 24 0
l1d_u24-6 llc-0b0 1 24 0 24 0
l1d_u24-6 llc-0b1 1 24 0 24 0
l1d_u24-6 llc-0b2 1 24 0 24 0
l1d_u24-6 llc-0b3 1 24 0 24 0
l1d_u24-6 llc-0b4 1 24 0 24 0
l1d_u24-6 llc-0b5 1 24 0 24 0
l1d_u24-6 llc-0b6 1 24 0 24 0
l1d_u24-6 llc-0b7 1 24 0 24 0
l1d_u24-6 llc-0b8 1 24 0 24 0
l1d_u24-6 llc-0b9 1 24 0 24 0
l1d_u24-6 llc-0b10 1 24 0 24 0
l1d_u24-6 llc-0b11 1 24 0 24 0
l1d_u24-6 llc-0b12 1 24 0 24 0
l1d_u24-6 llc-0b13 1 24 0 24 0
l1d_u24-6 llc-0b14 1 24 0 24 0
l1d_u24-6 llc-0b15 1 24 0 24 0
l1d_u24-6 llc-0b16 1 24 0 24 0
l1d_u24-6 llc-0b17 1 24 0 24 0
l1d_u24-6 llc-0b18 1 24 0 24 0
l1d_u24-6 llc-0b19 1 24 0 24 0
l1d_u24-6 llc-0b20 1 24 0 24 0
l1d_u24-6 llc-0b21 1 24 0 24 0
l1d_u24-6 llc-0b22 1 24 0 24 0
l1d_u24-6 llc-0b23 1 24 0 24 0
l1d_u24-6 llc-0b24 1 24 0 24 0
l1d_u24-6 llc-0b25 1 24 0 24 0
l1d_u24-6 llc-0b26 1 24 0 24 0
l1d_u24-6 llc-0b27 1 24 0 24 0
l1d_u24-6 llc-0b28 1 24 0 24 0
l1d_u24-6 llc-0b29 1 24 0 24 0
l1d_u24-6 llc-0b30 1 24 0 24 0
l1d_u24-6 llc-0b31 1 24 0 24 0
l1d_u24-7 llc-0b0 1 24 0 24 0
l1d_u24-7 llc-0b1 1 24 0 24 0
l1d_u24-7 llc-0b2 1 24 0 24 0
l1d_u24-7 llc-0b3 1 24 0 24 0
l1d_u24-7 llc-0b4 1 24 0 24 0
l1d_u24-7 llc-0b5 1 24 0 24 0
l1d_u24-7 llc-0b6 1 24 0 24 0
l1d_u24-7 llc-0b7 1 24 0 24 0
l1d_u24-7 llc-0b8 1 24 0 24 0
l1d_u24-7 llc-0b9 1 24 0 24 0
l1d_u24-7 llc-0b10 1 24 0 24 0
l1d_u24-7 llc-0b11 1 24 0 24 0
l1d_u24-7 llc-0b12 1 24 0 24 0
l1d_u24-7 llc-0b13 1 24 0 24 0
l1d_u24-7 llc-0b14 1 24 0 24 0
l1d_u24-7 llc-0b15 1 24 0 24 0
l1d_u24-7 llc-0b16 1 24 0 24 0
l1d_u24-7 llc-0b17 1 24 0 24 0
l1d_u24-7 llc-0b18 1 24 0 24 0
l1d_u24-7 llc-0b19 1 24 0 24 0
l1d_u24-7 llc-0b20 1 24 0 24 0
l1d_u24-7 llc-0b21 1 24 0 24 0
l1d_u24-7 llc-0b22 1 24 0 24 0
l1d_u24-7 llc-0b23 1 24 0 24 0
l1d_u24-7 llc-0b24 1 24 0 24 0
l1d_u24-7 llc-0b25 1 24 0 24 0
l1d_u24-7 llc-0b26 1 24 0 24 0
l1d_u24-7 llc-0b27 1 24 0 24 0
l1d_u24-7 llc-0b28 1 24 0 24 0
l1d_u24-7 llc-0b29 1 24 0 24 0
l1d_u24-7 llc-0b30 1 24 0 24 0
l1d_u24-7 llc-0b31 1 24 0 24 0
l1d_u24-8 llc-0b0 1 24 0 24 0
l1d_u24-8 llc-0b1 1 24 0 24 0
l1d_u24-8 llc-0b2 1 24 0 24 0
l1d_u24-8 llc-0b3 1 24 0 24 0
l1d_u24-8 llc-0b4 1 24 0 24 0
l1d_u24-8 llc-0b5 1 24 0 24 0
l1d_u24-8 llc-0b6 1 24 0 24 0
l1d_u24-8 llc-0b7 1 24 0 24 0
l1d_u24-8 llc-0b8 1 24 0 24 0
l1d_u24-8 llc-0b9 1 24 0 24 0
l1d_u24-8 llc-0b10 1 24 0 24 0
l1d_u24-8 llc-0b11 1 24 0 24 0
l1d_u24-8 llc-0b12 1 24 0 24 0
l1d_u24-8 llc-0b13 1 24 0 24 0
l1d_u24-8 llc-0b14 1 24 0 24 0
l1d_u24-8 llc-0b15 1 24 0 24 0
l1d_u24-8 llc-0b16 1 24 0 24 0
l1d_u24-8 llc-0b17 1 24 0 24 0
l1d_u24-8 llc-0b18 1 24 0 24 0
l1d_u24-8 llc-0b19 1 24 0 24 0
l1d_u24-8 llc-0b20 1 24 0 24 0
l1d_u24-8 llc-0b21 1 24 0 24 0
l1d_u24-8 llc-0b22 1 24 0 24 0
l1d_u24-8 llc-0b23 1 24 0 24 0
l1d_u24-8 llc-0b24 1 24 0 24 0
l1d_u24-8 llc-0b25 1 24 0 24 0
l1d_u24-8 llc-0b26 1 24 0 24 0
l1d_u24-8 llc-0b27 1 24 0 24 0
l1d_u24-8 llc-0b28 1 24 0 24 0
l1d_u24-8 llc-0b29 1 24 0 24 0
l1d_u24-8 llc-0b30 1 24 0 24 0
l1d_u24-8 llc-0b31 1 24 0 24 0
l1d_u24-9 llc-0b0 1 24 0 24 0
l1d_u24-9 llc-0b1 1 24 0 24 0
l1d_u24-9 llc-0b2 1 24 0 24 0
l1d_u24-9 llc-0b3 1 24 0 24 0
l1d_u24-9 llc-0b4 1 24 0 24 0
l1d_u24-9 llc-0b5 1 24 0 24 0
l1d_u24-9 llc-0b6 1 24 0 24 0
l1d_u24-9 llc-0b7 1 24 0 24 0
l1d_u24-9 llc-0b8 1 24 0 24 0
l1d_u24-9 llc-0b9 1 24 0 24 0
l1d_u24-9 llc-0b10 1 24 0 24 0
l1d_u24-9 llc-0b11 1 24 0 24 0
l1d_u24-9 llc-0b12 1 24 0 24 0
l1d_u24-9 llc-0b13 1 24 0 24 0
l1d_u24-9 llc-0b14 1 24 0 24 0
l1d_u24-9 llc-0b15 1 24 0 24 0
l1d_u24-9 llc-0b16 1 24 0 24 0
l1d_u24-9 llc-0b17 1 24 0 24 0
l1d_u24-9 llc-0b18 1 24 0 24 0
l1d_u24-9 llc-0b19 1 24 0 24 0
l1d_u24-9 llc-0b20 1 24 0 24 0
l1d_u24-9 llc-0b21 1 24 0 24 0
l1d_u24-9 llc-0b22 1 24 0 24 0
l1d_u24-9 llc-0b23 1 24 0 24 0
l1d_u24-9 llc-0b24 1 24 0 24 0
l1d_u24-9 llc-0b25 1 24 0 24 0
l1d_u24-9 llc-0b26 1 24 0 24 0
l1d_u24-9 llc-0b27 1 24 0 24 0
l1d_u24-9 llc-0b28 1 24 0 24 0
l1d_u24-9 llc-0b29 1 24 0 24 0
l1d_u24-9 llc-0b30 1 24 0 24 0
l1d_u24-9 llc-0b31 1 24 0 24 0
l1d_u24-10 llc-0b0 1 24 0 24 0
l1d_u24-10 llc-0b1 1 24 0 24 0
l1d_u24-10 llc-0b2 1 24 0 24 0
l1d_u24-10 llc-0b3 1 24 0 24 0
l1d_u24-10 llc-0b4 1 24 0 24 0
l1d_u24-10 llc-0b5 1 24 0 24 0
l1d_u24-10 llc-0b6 1 24 0 24 0
l1d_u24-10 llc-0b7 1 24 0 24 0
l1d_u24-10 llc-0b8 1 24 0 24 0
l1d_u24-10 llc-0b9 1 24 0 24 0
l1d_u24-10 llc-0b10 1 24 0 24 0
l1d_u24-10 llc-0b11 1 24 0 24 0
l1d_u24-10 llc-0b12 1 24 0 24 0
l1d_u24-10 llc-0b13 1 24 0 24 0
l1d_u24-10 llc-0b14 1 24 0 24 0
l1d_u24-10 llc-0b15 1 24 0 24 0
l1d_u24-10 llc-0b16 1 24 0 24 0
l1d_u24-10 llc-0b17 1 24 0 24 0
l1d_u24-10 llc-0b18 1 24 0 24 0
l1d_u24-10 llc-0b19 1 24 0 24 0
l1d_u24-10 llc-0b20 1 24 0 24 0
l1d_u24-10 llc-0b21 1 24 0 24 0
l1d_u24-10 llc-0b22 1 24 0 24 0
l1d_u24-10 llc-0b23 1 24 0 24 0
l1d_u24-10 llc-0b24 1 24 0 24 0
l1d_u24-10 llc-0b25 1 24 0 24 0
l1d_u24-10 llc-0b26 1 24 0 24 0
l1d_u24-10 llc-0b27 1 24 0 24 0
l1d_u24-10 llc-0b28 1 24 0 24 0
l1d_u24-10 llc-0b29 1 24 0 24 0
l1d_u24-10 llc-0b30 1 24 0 24 0
l1d_u24-10 llc-0b31 1 24 0 24 0
l1d_u24-11 llc-0b0 1 24 0 24 0
l1d_u24-11 llc-0b1 1 24 0 24 0
l1d_u24-11 llc-0b2 1 24 0 24 0
l1d_u24-11 llc-0b3 1 24 0 24 0
l1d_u24-11 llc-0b4 1 24 0 24 0
l1d_u24-11 llc-0b5 1 24 0 24 0
l1d_u24-11 llc-0b6 1 24 0 24 0
l1d_u24-11 llc-0b7 1 24 0 24 0
l1d_u24-11 llc-0b8 1 24 0 24 0
l1d_u24-11 llc-0b9 1 24 0 24 0
l1d_u24-11 llc-0b10 1 24 0 24 0
l1d_u24-11 llc-0b11 1 24 0 24 0
l1d_u24-11 llc-0b12 1 24 0 24 0
l1d_u24-11 llc-0b13 1 24 0 24 0
l1d_u24-11 llc-0b14 1 24 0 24 0
l1d_u24-11 llc-0b15 1 24 0 24 0
l1d_u24-11 llc-0b16 1 24 0 24 0
l1d_u24-11 llc-0b17 1 24 0 24 0
l1d_u24-11 llc-0b18 1 24 0 24 0
l1d_u24-11 llc-0b19 1 24 0 24 0
l1d_u24-11 llc-0b20 1 24 0 24 0
l1d_u24-11 llc-0b21 1 24 0 24 0
l1d_u24-11 llc-0b22 1 24 0 24 0
l1d_u24-11 llc-0b23 1 24 0 24 0
l1d_u24-11 llc-0b24 1 24 0 24 0
l1d_u24-11 llc-0b25 1 24 0 24 0
l1d_u24-11 llc-0b26 1 24 0 24 0
l1d_u24-11 llc-0b27 1 24 0 24 0
l1d_u24-11 llc-0b28 1 24 0 24 0
l1d_u24-11 llc-0b29 1 24 0 24 0
l1d_u24-11 llc-0b30 1 24 0 24 0
l1d_u24-11 llc-0b31 1 24 0 24 0
l1d_u24-12 llc-0b0 1 24 0 24 0
l1d_u24-12 llc-0b1 1 24 0 24 0
l1d_u24-12 llc-0b2 1 24 0 24 0
l1d_u24-12 llc-0b3 1 24 0 24 0
l1d_u24-12 llc-0b4 1 24 0 24 0
l1d_u24-12 llc-0b5 1 24 0 24 0
l1d_u24-12 llc-0b6 1 24 0 24 0
l1d_u24-12 llc-0b7 1 24 0 24 0
l1d_u24-12 llc-0b8 1 24 0 24 0
l1d_u24-12 llc-0b9 1 24 0 24 0
l1d_u24-12 llc-0b10 1 24 0 24 0
l1d_u24-12 llc-0b11 1 24 0 24 0
l1d_u24-12 llc-0b12 1 24 0 24 0
l1d_u24-12 llc-0b13 1 24 0 24 0
l1d_u24-12 llc-0b14 1 24 0 24 0
l1d_u24-12 llc-0b15 1 24 0 24 0
l1d_u24-12 llc-0b16 1 24 0 24 0
l1d_u24-12 llc-0b17 1 24 0 24 0
l1d_u24-12 llc-0b18 1 24 0 24 0
l1d_u24-12 llc-0b19 1 24 0 24 0
l1d_u24-12 llc-0b20 1 24 0 24 0
l1d_u24-12 llc-0b21 1 24 0 24 0
l1d_u24-12 llc-0b22 1 24 0 24 0
l1d_u24-12 llc-0b23 1 24 0 24 0
l1d_u24-12 llc-0b24 1 24 0 24 0
l1d_u24-12 llc-0b25 1 24 0 24 0
l1d_u24-12 llc-0b26 1 24 0 24 0
l1d_u24-12 llc-0b27 1 24 0 24 0
l1d_u24-12 llc-0b28 1 24 0 24 0
l1d_u24-12 llc-0b29 1 24 0 24 0
l1d_u24-12 llc-0b30 1 24 0 24 0
l1d_u24-12 llc-0b31 1 24 0 24 0
l1d_u24-13 llc-0b0 1 24 0 24 0
l1d_u24-13 llc-0b1 1 24 0 24 0
l1d_u24-13 llc-0b2 1 24 0 24 0
l1d_u24-13 llc-0b3 1 24 0 24 0
l1d_u24-13 llc-0b4 1 24 0 24 0
l1d_u24-13 llc-0b5 1 24 0 24 0
l1d_u24-13 llc-0b6 1 24 0 24 0
l1d_u24-13 llc-0b7 1 24 0 24 0
l1d_u24-13 llc-0b8 1 24 0 24 0
l1d_u24-13 llc-0b9 1 24 0 24 0
l1d_u24-13 llc-0b10 1 24 0 24 0
l1d_u24-13 llc-0b11 1 24 0 24 0
l1d_u24-13 llc-0b12 1 24 0 24 0
l1d_u24-13 llc-0b13 1 24 0 24 0
l1d_u24-13 llc-0b14 1 24 0 24 0
l1d_u24-13 llc-0b15 1 24 0 24 0
l1d_u24-13 llc-0b16 1 24 0 24 0
l1d_u24-13 llc-0b17 1 24 0 24 0
l1d_u24-13 llc-0b18 1 24 0 24 0
l1d_u24-13 llc-0b19 1 24 0 24 0
l1d_u24-13 llc-0b20 1 24 0 24 0
l1d_u24-13 llc-0b21 1 24 0 24 0
l1d_u24-13 llc-0b22 1 24 0 24 0
l1d_u24-13 llc-0b23 1 24 0 24 0
l1d_u24-13 llc-0b24 1 24 0 24 0
l1d_u24-13 llc-0b25 1 24 0 24 0
l1d_u24-13 llc-0b26 1 24 0 24 0
l1d_u24-13 llc-0b27 1 24 0 24 0
l1d_u24-13 llc-0b28 1 24 0 24 0
l1d_u24-13 llc-0b29 1 24 0 24 0
l1d_u24-13 llc-0b30 1 24 0 24 0
l1d_u24-13 llc-0b31 1 24 0 24 0
l1d_u24-14 llc-0b0 1 24 0 24 0
l1d_u24-14 llc-0b1 1 24 0 24 0
l1d_u24-14 llc-0b2 1 24 0 24 0
l1d_u24-14 llc-0b3 1 24 0 24 0
l1d_u24-14 llc-0b4 1 24 0 24 0
l1d_u24-14 llc-0b5 1 24 0 24 0
l1d_u24-14 llc-0b6 1 24 0 24 0
l1d_u24-14 llc-0b7 1 24 0 24 0
l1d_u24-14 llc-0b8 1 24 0 24 0
l1d_u24-14 llc-0b9 1 24 0 24 0
l1d_u24-14 llc-0b10 1 24 0 24 0
l1d_u24-14 llc-0b11 1 24 0 24 0
l1d_u24-14 llc-0b12 1 24 0 24 0
l1d_u24-14 llc-0b13 1 24 0 24 0
l1d_u24-14 llc-0b14 1 24 0 24 0
l1d_u24-14 llc-0b15 1 24 0 24 0
l1d_u24-14 llc-0b16 1 24 0 24 0
l1d_u24-14 llc-0b17 1 24 0 24 0
l1d_u24-14 llc-0b18 1 24 0 24 0
l1d_u24-14 llc-0b19 1 24 0 24 0
l1d_u24-14 llc-0b20 1 24 0 24 0
l1d_u24-14 llc-0b21 1 24 0 24 0
l1d_u24-14 llc-0b22 1 24 0 24 0
l1d_u24-14 llc-0b23 1 24 0 24 0
l1d_u24-14 llc-0b24 1 24 0 24 0
l1d_u24-14 llc-0b25 1 24 0 24 0
l1d_u24-14 llc-0b26 1 24 0 24 0
l1d_u24-14 llc-0b27 1 24 0 24 0
l1d_u24-14 llc-0b28 1 24 0 24 0
l1d_u24-14 llc-0b29 1 24 0 24 0
l1d_u24-14 llc-0b30 1 24 0 24 0
l1d_u24-14 llc-0b31 1 24 0 24 0
l1d_u24-15 llc-0b0 1 24 0 24 0
l1d_u24-15 llc-0b1 1 24 0 24 0
l1d_u24-15 llc-0b2 1 24 0 24 0
l1d_u24-15 llc-0b3 1 24 0 24 0
l1d_u24-15 llc-0b4 1 24 0 24 0
l1d_u24-15 llc-0b5 1 24 0 24 0
l1d_u24-15 llc-0b6 1 24 0 24 0
l1d_u24-15 llc-0b7 1 24 0 24 0
l1d_u24-15 llc-0b8 1 24 0 24 0
l1d_u24-15 llc-0b9 1 24 0 24 0
l1d_u24-15 llc-0b10 1 24 0 24 0
l1d_u24-15 llc-0b11 1 24 0 24 0
l1d_u24-15 llc-0b12 1 24 0 24 0
l1d_u24-15 llc-0b13 1 24 0 24 0
l1d_u24-15 llc-0b14 1 24 0 24 0
l1d_u24-15 llc-0b15 1 24 0 24 0
l1d_u24-15 llc-0b16 1 24 0 24 0
l1d_u24-15 llc-0b17 1 24 0 24 0
l1d_u24-15 llc-0b18 1 24 0 24 0
l1d_u24-15 llc-0b19 1 24 0 24 0
l1d_u24-15 llc-0b20 1 24 0 24 0
l1d_u24-15 llc-0b21 1 24 0 24 0
l1d_u24-15 llc-0b22 1 24 0 24 0
l1d_u24-15 llc-0b23 1 24 0 24 0
l1d_u24-15 llc-0b24 1 24 0 24 0
l1d_u24-15 llc-0b25 1 24 0 24 0
l1d_u24-15 llc-0b26 1 24 0 24 0
l1d_u24-15 llc-0b27 1 24 0 24 0
l1d_u24-15 llc-0b28 1 24 0 24 0
l1d_u24-15 llc-0b29 1 24 0 24 0
l1d_u24-15 llc-0b30 1 24 0 24 0
l1d_u24-15 llc-0b31 1 24 0 24 0
l1i_u25-0 llc-0b0 1 25 0 25 0
l1i_u25-0 llc-0b1 1 25 0 25 0
l1i_u25-0 llc-0b2 1 25 0 25 0
l1i_u25-0 llc-0b3 1 25 0 25 0
l1i_u25-0 llc-0b4 1 25 0 25 0
l1i_u25-0 llc-0b5 1 25 0 25 0
l1i_u25-0 llc-0b6 1 25 0 25 0
l1i_u25-0 llc-0b7 1 25 0 25 0
l1i_u25-0 llc-0b8 1 25 0 25 0
l1i_u25-0 llc-0b9 1 25 0 25 0
l1i_u25-0 llc-0b10 1 25 0 25 0
l1i_u25-0 llc-0b11 1 25 0 25 0
l1i_u25-0 llc-0b12 1 25 0 25 0
l1i_u25-0 llc-0b13 1 25 0 25 0
l1i_u25-0 llc-0b14 1 25 0 25 0
l1i_u25-0 llc-0b15 1 25 0 25 0
l1i_u25-0 llc-0b16 1 25 0 25 0
l1i_u25-0 llc-0b17 1 25 0 25 0
l1i_u25-0 llc-0b18 1 25 0 25 0
l1i_u25-0 llc-0b19 1 25 0 25 0
l1i_u25-0 llc-0b20 1 25 0 25 0
l1i_u25-0 llc-0b21 1 25 0 25 0
l1i_u25-0 llc-0b22 1 25 0 25 0
l1i_u25-0 llc-0b23 1 25 0 25 0
l1i_u25-0 llc-0b24 1 25 0 25 0
l1i_u25-0 llc-0b25 1 25 0 25 0
l1i_u25-0 llc-0b26 1 25 0 25 0
l1i_u25-0 llc-0b27 1 25 0 25 0
l1i_u25-0 llc-0b28 1 25 0 25 0
l1i_u25-0 llc-0b29 1 25 0 25 0
l1i_u25-0 llc-0b30 1 25 0 25 0
l1i_u25-0 llc-0b31 1 25 0 25 0
l1i_u25-1 llc-0b0 1 25 0 25 0
l1i_u25-1 llc-0b1 1 25 0 25 0
l1i_u25-1 llc-0b2 1 25 0 25 0
l1i_u25-1 llc-0b3 1 25 0 25 0
l1i_u25-1 llc-0b4 1 25 0 25 0
l1i_u25-1 llc-0b5 1 25 0 25 0
l1i_u25-1 llc-0b6 1 25 0 25 0
l1i_u25-1 llc-0b7 1 25 0 25 0
l1i_u25-1 llc-0b8 1 25 0 25 0
l1i_u25-1 llc-0b9 1 25 0 25 0
l1i_u25-1 llc-0b10 1 25 0 25 0
l1i_u25-1 llc-0b11 1 25 0 25 0
l1i_u25-1 llc-0b12 1 25 0 25 0
l1i_u25-1 llc-0b13 1 25 0 25 0
l1i_u25-1 llc-0b14 1 25 0 25 0
l1i_u25-1 llc-0b15 1 25 0 25 0
l1i_u25-1 llc-0b16 1 25 0 25 0
l1i_u25-1 llc-0b17 1 25 0 25 0
l1i_u25-1 llc-0b18 1 25 0 25 0
l1i_u25-1 llc-0b19 1 25 0 25 0
l1i_u25-1 llc-0b20 1 25 0 25 0
l1i_u25-1 llc-0b21 1 25 0 25 0
l1i_u25-1 llc-0b22 1 25 0 25 0
l1i_u25-1 llc-0b23 1 25 0 25 0
l1i_u25-1 llc-0b24 1 25 0 25 0
l1i_u25-1 llc-0b25 1 25 0 25 0
l1i_u25-1 llc-0b26 1 25 0 25 0
l1i_u25-1 llc-0b27 1 25 0 25 0
l1i_u25-1 llc-0b28 1 25 0 25 0
l1i_u25-1 llc-0b29 1 25 0 25 0
l1i_u25-1 llc-0b30 1 25 0 25 0
l1i_u25-1 llc-0b31 1 25 0 25 0
l1i_u25-2 llc-0b0 1 25 0 25 0
l1i_u25-2 llc-0b1 1 25 0 25 0
l1i_u25-2 llc-0b2 1 25 0 25 0
l1i_u25-2 llc-0b3 1 25 0 25 0
l1i_u25-2 llc-0b4 1 25 0 25 0
l1i_u25-2 llc-0b5 1 25 0 25 0
l1i_u25-2 llc-0b6 1 25 0 25 0
l1i_u25-2 llc-0b7 1 25 0 25 0
l1i_u25-2 llc-0b8 1 25 0 25 0
l1i_u25-2 llc-0b9 1 25 0 25 0
l1i_u25-2 llc-0b10 1 25 0 25 0
l1i_u25-2 llc-0b11 1 25 0 25 0
l1i_u25-2 llc-0b12 1 25 0 25 0
l1i_u25-2 llc-0b13 1 25 0 25 0
l1i_u25-2 llc-0b14 1 25 0 25 0
l1i_u25-2 llc-0b15 1 25 0 25 0
l1i_u25-2 llc-0b16 1 25 0 25 0
l1i_u25-2 llc-0b17 1 25 0 25 0
l1i_u25-2 llc-0b18 1 25 0 25 0
l1i_u25-2 llc-0b19 1 25 0 25 0
l1i_u25-2 llc-0b20 1 25 0 25 0
l1i_u25-2 llc-0b21 1 25 0 25 0
l1i_u25-2 llc-0b22 1 25 0 25 0
l1i_u25-2 llc-0b23 1 25 0 25 0
l1i_u25-2 llc-0b24 1 25 0 25 0
l1i_u25-2 llc-0b25 1 25 0 25 0
l1i_u25-2 llc-0b26 1 25 0 25 0
l1i_u25-2 llc-0b27 1 25 0 25 0
l1i_u25-2 llc-0b28 1 25 0 25 0
l1i_u25-2 llc-0b29 1 25 0 25 0
l1i_u25-2 llc-0b30 1 25 0 25 0
l1i_u25-2 llc-0b31 1 25 0 25 0
l1i_u25-3 llc-0b0 1 25 0 25 0
l1i_u25-3 llc-0b1 1 25 0 25 0
l1i_u25-3 llc-0b2 1 25 0 25 0
l1i_u25-3 llc-0b3 1 25 0 25 0
l1i_u25-3 llc-0b4 1 25 0 25 0
l1i_u25-3 llc-0b5 1 25 0 25 0
l1i_u25-3 llc-0b6 1 25 0 25 0
l1i_u25-3 llc-0b7 1 25 0 25 0
l1i_u25-3 llc-0b8 1 25 0 25 0
l1i_u25-3 llc-0b9 1 25 0 25 0
l1i_u25-3 llc-0b10 1 25 0 25 0
l1i_u25-3 llc-0b11 1 25 0 25 0
l1i_u25-3 llc-0b12 1 25 0 25 0
l1i_u25-3 llc-0b13 1 25 0 25 0
l1i_u25-3 llc-0b14 1 25 0 25 0
l1i_u25-3 llc-0b15 1 25 0 25 0
l1i_u25-3 llc-0b16 1 25 0 25 0
l1i_u25-3 llc-0b17 1 25 0 25 0
l1i_u25-3 llc-0b18 1 25 0 25 0
l1i_u25-3 llc-0b19 1 25 0 25 0
l1i_u25-3 llc-0b20 1 25 0 25 0
l1i_u25-3 llc-0b21 1 25 0 25 0
l1i_u25-3 llc-0b22 1 25 0 25 0
l1i_u25-3 llc-0b23 1 25 0 25 0
l1i_u25-3 llc-0b24 1 25 0 25 0
l1i_u25-3 llc-0b25 1 25 0 25 0
l1i_u25-3 llc-0b26 1 25 0 25 0
l1i_u25-3 llc-0b27 1 25 0 25 0
l1i_u25-3 llc-0b28 1 25 0 25 0
l1i_u25-3 llc-0b29 1 25 0 25 0
l1i_u25-3 llc-0b30 1 25 0 25 0
l1i_u25-3 llc-0b31 1 25 0 25 0
l1i_u25-4 llc-0b0 1 25 0 25 0
l1i_u25-4 llc-0b1 1 25 0 25 0
l1i_u25-4 llc-0b2 1 25 0 25 0
l1i_u25-4 llc-0b3 1 25 0 25 0
l1i_u25-4 llc-0b4 1 25 0 25 0
l1i_u25-4 llc-0b5 1 25 0 25 0
l1i_u25-4 llc-0b6 1 25 0 25 0
l1i_u25-4 llc-0b7 1 25 0 25 0
l1i_u25-4 llc-0b8 1 25 0 25 0
l1i_u25-4 llc-0b9 1 25 0 25 0
l1i_u25-4 llc-0b10 1 25 0 25 0
l1i_u25-4 llc-0b11 1 25 0 25 0
l1i_u25-4 llc-0b12 1 25 0 25 0
l1i_u25-4 llc-0b13 1 25 0 25 0
l1i_u25-4 llc-0b14 1 25 0 25 0
l1i_u25-4 llc-0b15 1 25 0 25 0
l1i_u25-4 llc-0b16 1 25 0 25 0
l1i_u25-4 llc-0b17 1 25 0 25 0
l1i_u25-4 llc-0b18 1 25 0 25 0
l1i_u25-4 llc-0b19 1 25 0 25 0
l1i_u25-4 llc-0b20 1 25 0 25 0
l1i_u25-4 llc-0b21 1 25 0 25 0
l1i_u25-4 llc-0b22 1 25 0 25 0
l1i_u25-4 llc-0b23 1 25 0 25 0
l1i_u25-4 llc-0b24 1 25 0 25 0
l1i_u25-4 llc-0b25 1 25 0 25 0
l1i_u25-4 llc-0b26 1 25 0 25 0
l1i_u25-4 llc-0b27 1 25 0 25 0
l1i_u25-4 llc-0b28 1 25 0 25 0
l1i_u25-4 llc-0b29 1 25 0 25 0
l1i_u25-4 llc-0b30 1 25 0 25 0
l1i_u25-4 llc-0b31 1 25 0 25 0
l1i_u25-5 llc-0b0 1 25 0 25 0
l1i_u25-5 llc-0b1 1 25 0 25 0
l1i_u25-5 llc-0b2 1 25 0 25 0
l1i_u25-5 llc-0b3 1 25 0 25 0
l1i_u25-5 llc-0b4 1 25 0 25 0
l1i_u25-5 llc-0b5 1 25 0 25 0
l1i_u25-5 llc-0b6 1 25 0 25 0
l1i_u25-5 llc-0b7 1 25 0 25 0
l1i_u25-5 llc-0b8 1 25 0 25 0
l1i_u25-5 llc-0b9 1 25 0 25 0
l1i_u25-5 llc-0b10 1 25 0 25 0
l1i_u25-5 llc-0b11 1 25 0 25 0
l1i_u25-5 llc-0b12 1 25 0 25 0
l1i_u25-5 llc-0b13 1 25 0 25 0
l1i_u25-5 llc-0b14 1 25 0 25 0
l1i_u25-5 llc-0b15 1 25 0 25 0
l1i_u25-5 llc-0b16 1 25 0 25 0
l1i_u25-5 llc-0b17 1 25 0 25 0
l1i_u25-5 llc-0b18 1 25 0 25 0
l1i_u25-5 llc-0b19 1 25 0 25 0
l1i_u25-5 llc-0b20 1 25 0 25 0
l1i_u25-5 llc-0b21 1 25 0 25 0
l1i_u25-5 llc-0b22 1 25 0 25 0
l1i_u25-5 llc-0b23 1 25 0 25 0
l1i_u25-5 llc-0b24 1 25 0 25 0
l1i_u25-5 llc-0b25 1 25 0 25 0
l1i_u25-5 llc-0b26 1 25 0 25 0
l1i_u25-5 llc-0b27 1 25 0 25 0
l1i_u25-5 llc-0b28 1 25 0 25 0
l1i_u25-5 llc-0b29 1 25 0 25 0
l1i_u25-5 llc-0b30 1 25 0 25 0
l1i_u25-5 llc-0b31 1 25 0 25 0
l1i_u25-6 llc-0b0 1 25 0 25 0
l1i_u25-6 llc-0b1 1 25 0 25 0
l1i_u25-6 llc-0b2 1 25 0 25 0
l1i_u25-6 llc-0b3 1 25 0 25 0
l1i_u25-6 llc-0b4 1 25 0 25 0
l1i_u25-6 llc-0b5 1 25 0 25 0
l1i_u25-6 llc-0b6 1 25 0 25 0
l1i_u25-6 llc-0b7 1 25 0 25 0
l1i_u25-6 llc-0b8 1 25 0 25 0
l1i_u25-6 llc-0b9 1 25 0 25 0
l1i_u25-6 llc-0b10 1 25 0 25 0
l1i_u25-6 llc-0b11 1 25 0 25 0
l1i_u25-6 llc-0b12 1 25 0 25 0
l1i_u25-6 llc-0b13 1 25 0 25 0
l1i_u25-6 llc-0b14 1 25 0 25 0
l1i_u25-6 llc-0b15 1 25 0 25 0
l1i_u25-6 llc-0b16 1 25 0 25 0
l1i_u25-6 llc-0b17 1 25 0 25 0
l1i_u25-6 llc-0b18 1 25 0 25 0
l1i_u25-6 llc-0b19 1 25 0 25 0
l1i_u25-6 llc-0b20 1 25 0 25 0
l1i_u25-6 llc-0b21 1 25 0 25 0
l1i_u25-6 llc-0b22 1 25 0 25 0
l1i_u25-6 llc-0b23 1 25 0 25 0
l1i_u25-6 llc-0b24 1 25 0 25 0
l1i_u25-6 llc-0b25 1 25 0 25 0
l1i_u25-6 llc-0b26 1 25 0 25 0
l1i_u25-6 llc-0b27 1 25 0 25 0
l1i_u25-6 llc-0b28 1 25 0 25 0
l1i_u25-6 llc-0b29 1 25 0 25 0
l1i_u25-6 llc-0b30 1 25 0 25 0
l1i_u25-6 llc-0b31 1 25 0 25 0
l1i_u25-7 llc-0b0 1 25 0 25 0
l1i_u25-7 llc-0b1 1 25 0 25 0
l1i_u25-7 llc-0b2 1 25 0 25 0
l1i_u25-7 llc-0b3 1 25 0 25 0
l1i_u25-7 llc-0b4 1 25 0 25 0
l1i_u25-7 llc-0b5 1 25 0 25 0
l1i_u25-7 llc-0b6 1 25 0 25 0
l1i_u25-7 llc-0b7 1 25 0 25 0
l1i_u25-7 llc-0b8 1 25 0 25 0
l1i_u25-7 llc-0b9 1 25 0 25 0
l1i_u25-7 llc-0b10 1 25 0 25 0
l1i_u25-7 llc-0b11 1 25 0 25 0
l1i_u25-7 llc-0b12 1 25 0 25 0
l1i_u25-7 llc-0b13 1 25 0 25 0
l1i_u25-7 llc-0b14 1 25 0 25 0
l1i_u25-7 llc-0b15 1 25 0 25 0
l1i_u25-7 llc-0b16 1 25 0 25 0
l1i_u25-7 llc-0b17 1 25 0 25 0
l1i_u25-7 llc-0b18 1 25 0 25 0
l1i_u25-7 llc-0b19 1 25 0 25 0
l1i_u25-7 llc-0b20 1 25 0 25 0
l1i_u25-7 llc-0b21 1 25 0 25 0
l1i_u25-7 llc-0b22 1 25 0 25 0
l1i_u25-7 llc-0b23 1 25 0 25 0
l1i_u25-7 llc-0b24 1 25 0 25 0
l1i_u25-7 llc-0b25 1 25 0 25 0
l1i_u25-7 llc-0b26 1 25 0 25 0
l1i_u25-7 llc-0b27 1 25 0 25 0
l1i_u25-7 llc-0b28 1 25 0 25 0
l1i_u25-7 llc-0b29 1 25 0 25 0
l1i_u25-7 llc-0b30 1 25 0 25 0
l1i_u25-7 llc-0b31 1 25 0 25 0
l1i_u25-8 llc-0b0 1 25 0 25 0
l1i_u25-8 llc-0b1 1 25 0 25 0
l1i_u25-8 llc-0b2 1 25 0 25 0
l1i_u25-8 llc-0b3 1 25 0 25 0
l1i_u25-8 llc-0b4 1 25 0 25 0
l1i_u25-8 llc-0b5 1 25 0 25 0
l1i_u25-8 llc-0b6 1 25 0 25 0
l1i_u25-8 llc-0b7 1 25 0 25 0
l1i_u25-8 llc-0b8 1 25 0 25 0
l1i_u25-8 llc-0b9 1 25 0 25 0
l1i_u25-8 llc-0b10 1 25 0 25 0
l1i_u25-8 llc-0b11 1 25 0 25 0
l1i_u25-8 llc-0b12 1 25 0 25 0
l1i_u25-8 llc-0b13 1 25 0 25 0
l1i_u25-8 llc-0b14 1 25 0 25 0
l1i_u25-8 llc-0b15 1 25 0 25 0
l1i_u25-8 llc-0b16 1 25 0 25 0
l1i_u25-8 llc-0b17 1 25 0 25 0
l1i_u25-8 llc-0b18 1 25 0 25 0
l1i_u25-8 llc-0b19 1 25 0 25 0
l1i_u25-8 llc-0b20 1 25 0 25 0
l1i_u25-8 llc-0b21 1 25 0 25 0
l1i_u25-8 llc-0b22 1 25 0 25 0
l1i_u25-8 llc-0b23 1 25 0 25 0
l1i_u25-8 llc-0b24 1 25 0 25 0
l1i_u25-8 llc-0b25 1 25 0 25 0
l1i_u25-8 llc-0b26 1 25 0 25 0
l1i_u25-8 llc-0b27 1 25 0 25 0
l1i_u25-8 llc-0b28 1 25 0 25 0
l1i_u25-8 llc-0b29 1 25 0 25 0
l1i_u25-8 llc-0b30 1 25 0 25 0
l1i_u25-8 llc-0b31 1 25 0 25 0
l1i_u25-9 llc-0b0 1 25 0 25 0
l1i_u25-9 llc-0b1 1 25 0 25 0
l1i_u25-9 llc-0b2 1 25 0 25 0
l1i_u25-9 llc-0b3 1 25 0 25 0
l1i_u25-9 llc-0b4 1 25 0 25 0
l1i_u25-9 llc-0b5 1 25 0 25 0
l1i_u25-9 llc-0b6 1 25 0 25 0
l1i_u25-9 llc-0b7 1 25 0 25 0
l1i_u25-9 llc-0b8 1 25 0 25 0
l1i_u25-9 llc-0b9 1 25 0 25 0
l1i_u25-9 llc-0b10 1 25 0 25 0
l1i_u25-9 llc-0b11 1 25 0 25 0
l1i_u25-9 llc-0b12 1 25 0 25 0
l1i_u25-9 llc-0b13 1 25 0 25 0
l1i_u25-9 llc-0b14 1 25 0 25 0
l1i_u25-9 llc-0b15 1 25 0 25 0
l1i_u25-9 llc-0b16 1 25 0 25 0
l1i_u25-9 llc-0b17 1 25 0 25 0
l1i_u25-9 llc-0b18 1 25 0 25 0
l1i_u25-9 llc-0b19 1 25 0 25 0
l1i_u25-9 llc-0b20 1 25 0 25 0
l1i_u25-9 llc-0b21 1 25 0 25 0
l1i_u25-9 llc-0b22 1 25 0 25 0
l1i_u25-9 llc-0b23 1 25 0 25 0
l1i_u25-9 llc-0b24 1 25 0 25 0
l1i_u25-9 llc-0b25 1 25 0 25 0
l1i_u25-9 llc-0b26 1 25 0 25 0
l1i_u25-9 llc-0b27 1 25 0 25 0
l1i_u25-9 llc-0b28 1 25 0 25 0
l1i_u25-9 llc-0b29 1 25 0 25 0
l1i_u25-9 llc-0b30 1 25 0 25 0
l1i_u25-9 llc-0b31 1 25 0 25 0
l1i_u25-10 llc-0b0 1 25 0 25 0
l1i_u25-10 llc-0b1 1 25 0 25 0
l1i_u25-10 llc-0b2 1 25 0 25 0
l1i_u25-10 llc-0b3 1 25 0 25 0
l1i_u25-10 llc-0b4 1 25 0 25 0
l1i_u25-10 llc-0b5 1 25 0 25 0
l1i_u25-10 llc-0b6 1 25 0 25 0
l1i_u25-10 llc-0b7 1 25 0 25 0
l1i_u25-10 llc-0b8 1 25 0 25 0
l1i_u25-10 llc-0b9 1 25 0 25 0
l1i_u25-10 llc-0b10 1 25 0 25 0
l1i_u25-10 llc-0b11 1 25 0 25 0
l1i_u25-10 llc-0b12 1 25 0 25 0
l1i_u25-10 llc-0b13 1 25 0 25 0
l1i_u25-10 llc-0b14 1 25 0 25 0
l1i_u25-10 llc-0b15 1 25 0 25 0
l1i_u25-10 llc-0b16 1 25 0 25 0
l1i_u25-10 llc-0b17 1 25 0 25 0
l1i_u25-10 llc-0b18 1 25 0 25 0
l1i_u25-10 llc-0b19 1 25 0 25 0
l1i_u25-10 llc-0b20 1 25 0 25 0
l1i_u25-10 llc-0b21 1 25 0 25 0
l1i_u25-10 llc-0b22 1 25 0 25 0
l1i_u25-10 llc-0b23 1 25 0 25 0
l1i_u25-10 llc-0b24 1 25 0 25 0
l1i_u25-10 llc-0b25 1 25 0 25 0
l1i_u25-10 llc-0b26 1 25 0 25 0
l1i_u25-10 llc-0b27 1 25 0 25 0
l1i_u25-10 llc-0b28 1 25 0 25 0
l1i_u25-10 llc-0b29 1 25 0 25 0
l1i_u25-10 llc-0b30 1 25 0 25 0
l1i_u25-10 llc-0b31 1 25 0 25 0
l1i_u25-11 llc-0b0 1 25 0 25 0
l1i_u25-11 llc-0b1 1 25 0 25 0
l1i_u25-11 llc-0b2 1 25 0 25 0
l1i_u25-11 llc-0b3 1 25 0 25 0
l1i_u25-11 llc-0b4 1 25 0 25 0
l1i_u25-11 llc-0b5 1 25 0 25 0
l1i_u25-11 llc-0b6 1 25 0 25 0
l1i_u25-11 llc-0b7 1 25 0 25 0
l1i_u25-11 llc-0b8 1 25 0 25 0
l1i_u25-11 llc-0b9 1 25 0 25 0
l1i_u25-11 llc-0b10 1 25 0 25 0
l1i_u25-11 llc-0b11 1 25 0 25 0
l1i_u25-11 llc-0b12 1 25 0 25 0
l1i_u25-11 llc-0b13 1 25 0 25 0
l1i_u25-11 llc-0b14 1 25 0 25 0
l1i_u25-11 llc-0b15 1 25 0 25 0
l1i_u25-11 llc-0b16 1 25 0 25 0
l1i_u25-11 llc-0b17 1 25 0 25 0
l1i_u25-11 llc-0b18 1 25 0 25 0
l1i_u25-11 llc-0b19 1 25 0 25 0
l1i_u25-11 llc-0b20 1 25 0 25 0
l1i_u25-11 llc-0b21 1 25 0 25 0
l1i_u25-11 llc-0b22 1 25 0 25 0
l1i_u25-11 llc-0b23 1 25 0 25 0
l1i_u25-11 llc-0b24 1 25 0 25 0
l1i_u25-11 llc-0b25 1 25 0 25 0
l1i_u25-11 llc-0b26 1 25 0 25 0
l1i_u25-11 llc-0b27 1 25 0 25 0
l1i_u25-11 llc-0b28 1 25 0 25 0
l1i_u25-11 llc-0b29 1 25 0 25 0
l1i_u25-11 llc-0b30 1 25 0 25 0
l1i_u25-11 llc-0b31 1 25 0 25 0
l1i_u25-12 llc-0b0 1 25 0 25 0
l1i_u25-12 llc-0b1 1 25 0 25 0
l1i_u25-12 llc-0b2 1 25 0 25 0
l1i_u25-12 llc-0b3 1 25 0 25 0
l1i_u25-12 llc-0b4 1 25 0 25 0
l1i_u25-12 llc-0b5 1 25 0 25 0
l1i_u25-12 llc-0b6 1 25 0 25 0
l1i_u25-12 llc-0b7 1 25 0 25 0
l1i_u25-12 llc-0b8 1 25 0 25 0
l1i_u25-12 llc-0b9 1 25 0 25 0
l1i_u25-12 llc-0b10 1 25 0 25 0
l1i_u25-12 llc-0b11 1 25 0 25 0
l1i_u25-12 llc-0b12 1 25 0 25 0
l1i_u25-12 llc-0b13 1 25 0 25 0
l1i_u25-12 llc-0b14 1 25 0 25 0
l1i_u25-12 llc-0b15 1 25 0 25 0
l1i_u25-12 llc-0b16 1 25 0 25 0
l1i_u25-12 llc-0b17 1 25 0 25 0
l1i_u25-12 llc-0b18 1 25 0 25 0
l1i_u25-12 llc-0b19 1 25 0 25 0
l1i_u25-12 llc-0b20 1 25 0 25 0
l1i_u25-12 llc-0b21 1 25 0 25 0
l1i_u25-12 llc-0b22 1 25 0 25 0
l1i_u25-12 llc-0b23 1 25 0 25 0
l1i_u25-12 llc-0b24 1 25 0 25 0
l1i_u25-12 llc-0b25 1 25 0 25 0
l1i_u25-12 llc-0b26 1 25 0 25 0
l1i_u25-12 llc-0b27 1 25 0 25 0
l1i_u25-12 llc-0b28 1 25 0 25 0
l1i_u25-12 llc-0b29 1 25 0 25 0
l1i_u25-12 llc-0b30 1 25 0 25 0
l1i_u25-12 llc-0b31 1 25 0 25 0
l1i_u25-13 llc-0b0 1 25 0 25 0
l1i_u25-13 llc-0b1 1 25 0 25 0
l1i_u25-13 llc-0b2 1 25 0 25 0
l1i_u25-13 llc-0b3 1 25 0 25 0
l1i_u25-13 llc-0b4 1 25 0 25 0
l1i_u25-13 llc-0b5 1 25 0 25 0
l1i_u25-13 llc-0b6 1 25 0 25 0
l1i_u25-13 llc-0b7 1 25 0 25 0
l1i_u25-13 llc-0b8 1 25 0 25 0
l1i_u25-13 llc-0b9 1 25 0 25 0
l1i_u25-13 llc-0b10 1 25 0 25 0
l1i_u25-13 llc-0b11 1 25 0 25 0
l1i_u25-13 llc-0b12 1 25 0 25 0
l1i_u25-13 llc-0b13 1 25 0 25 0
l1i_u25-13 llc-0b14 1 25 0 25 0
l1i_u25-13 llc-0b15 1 25 0 25 0
l1i_u25-13 llc-0b16 1 25 0 25 0
l1i_u25-13 llc-0b17 1 25 0 25 0
l1i_u25-13 llc-0b18 1 25 0 25 0
l1i_u25-13 llc-0b19 1 25 0 25 0
l1i_u25-13 llc-0b20 1 25 0 25 0
l1i_u25-13 llc-0b21 1 25 0 25 0
l1i_u25-13 llc-0b22 1 25 0 25 0
l1i_u25-13 llc-0b23 1 25 0 25 0
l1i_u25-13 llc-0b24 1 25 0 25 0
l1i_u25-13 llc-0b25 1 25 0 25 0
l1i_u25-13 llc-0b26 1 25 0 25 0
l1i_u25-13 llc-0b27 1 25 0 25 0
l1i_u25-13 llc-0b28 1 25 0 25 0
l1i_u25-13 llc-0b29 1 25 0 25 0
l1i_u25-13 llc-0b30 1 25 0 25 0
l1i_u25-13 llc-0b31 1 25 0 25 0
l1i_u25-14 llc-0b0 1 25 0 25 0
l1i_u25-14 llc-0b1 1 25 0 25 0
l1i_u25-14 llc-0b2 1 25 0 25 0
l1i_u25-14 llc-0b3 1 25 0 25 0
l1i_u25-14 llc-0b4 1 25 0 25 0
l1i_u25-14 llc-0b5 1 25 0 25 0
l1i_u25-14 llc-0b6 1 25 0 25 0
l1i_u25-14 llc-0b7 1 25 0 25 0
l1i_u25-14 llc-0b8 1 25 0 25 0
l1i_u25-14 llc-0b9 1 25 0 25 0
l1i_u25-14 llc-0b10 1 25 0 25 0
l1i_u25-14 llc-0b11 1 25 0 25 0
l1i_u25-14 llc-0b12 1 25 0 25 0
l1i_u25-14 llc-0b13 1 25 0 25 0
l1i_u25-14 llc-0b14 1 25 0 25 0
l1i_u25-14 llc-0b15 1 25 0 25 0
l1i_u25-14 llc-0b16 1 25 0 25 0
l1i_u25-14 llc-0b17 1 25 0 25 0
l1i_u25-14 llc-0b18 1 25 0 25 0
l1i_u25-14 llc-0b19 1 25 0 25 0
l1i_u25-14 llc-0b20 1 25 0 25 0
l1i_u25-14 llc-0b21 1 25 0 25 0
l1i_u25-14 llc-0b22 1 25 0 25 0
l1i_u25-14 llc-0b23 1 25 0 25 0
l1i_u25-14 llc-0b24 1 25 0 25 0
l1i_u25-14 llc-0b25 1 25 0 25 0
l1i_u25-14 llc-0b26 1 25 0 25 0
l1i_u25-14 llc-0b27 1 25 0 25 0
l1i_u25-14 llc-0b28 1 25 0 25 0
l1i_u25-14 llc-0b29 1 25 0 25 0
l1i_u25-14 llc-0b30 1 25 0 25 0
l1i_u25-14 llc-0b31 1 25 0 25 0
l1i_u25-15 llc-0b0 1 25 0 25 0
l1i_u25-15 llc-0b1 1 25 0 25 0
l1i_u25-15 llc-0b2 1 25 0 25 0
l1i_u25-15 llc-0b3 1 25 0 25 0
l1i_u25-15 llc-0b4 1 25 0 25 0
l1i_u25-15 llc-0b5 1 25 0 25 0
l1i_u25-15 llc-0b6 1 25 0 25 0
l1i_u25-15 llc-0b7 1 25 0 25 0
l1i_u25-15 llc-0b8 1 25 0 25 0
l1i_u25-15 llc-0b9 1 25 0 25 0
l1i_u25-15 llc-0b10 1 25 0 25 0
l1i_u25-15 llc-0b11 1 25 0 25 0
l1i_u25-15 llc-0b12 1 25 0 25 0
l1i_u25-15 llc-0b13 1 25 0 25 0
l1i_u25-15 llc-0b14 1 25 0 25 0
l1i_u25-15 llc-0b15 1 25 0 25 0
l1i_u25-15 llc-0b16 1 25 0 25 0
l1i_u25-15 llc-0b17 1 25 0 25 0
l1i_u25-15 llc-0b18 1 25 0 25 0
l1i_u25-15 llc-0b19 1 25 0 25 0
l1i_u25-15 llc-0b20 1 25 0 25 0
l1i_u25-15 llc-0b21 1 25 0 25 0
l1i_u25-15 llc-0b22 1 25 0 25 0
l1i_u25-15 llc-0b23 1 25 0 25 0
l1i_u25-15 llc-0b24 1 25 0 25 0
l1i_u25-15 llc-0b25 1 25 0 25 0
l1i_u25-15 llc-0b26 1 25 0 25 0
l1i_u25-15 llc-0b27 1 25 0 25 0
l1i_u25-15 llc-0b28 1 25 0 25 0
l1i_u25-15 llc-0b29 1 25 0 25 0
l1i_u25-15 llc-0b30 1 25 0 25 0
l1i_u25-15 llc-0b31 1 25 0 25 0
l1d_u25-0 llc-0b0 1 25 0 25 0
l1d_u25-0 llc-0b1 1 25 0 25 0
l1d_u25-0 llc-0b2 1 25 0 25 0
l1d_u25-0 llc-0b3 1 25 0 25 0
l1d_u25-0 llc-0b4 1 25 0 25 0
l1d_u25-0 llc-0b5 1 25 0 25 0
l1d_u25-0 llc-0b6 1 25 0 25 0
l1d_u25-0 llc-0b7 1 25 0 25 0
l1d_u25-0 llc-0b8 1 25 0 25 0
l1d_u25-0 llc-0b9 1 25 0 25 0
l1d_u25-0 llc-0b10 1 25 0 25 0
l1d_u25-0 llc-0b11 1 25 0 25 0
l1d_u25-0 llc-0b12 1 25 0 25 0
l1d_u25-0 llc-0b13 1 25 0 25 0
l1d_u25-0 llc-0b14 1 25 0 25 0
l1d_u25-0 llc-0b15 1 25 0 25 0
l1d_u25-0 llc-0b16 1 25 0 25 0
l1d_u25-0 llc-0b17 1 25 0 25 0
l1d_u25-0 llc-0b18 1 25 0 25 0
l1d_u25-0 llc-0b19 1 25 0 25 0
l1d_u25-0 llc-0b20 1 25 0 25 0
l1d_u25-0 llc-0b21 1 25 0 25 0
l1d_u25-0 llc-0b22 1 25 0 25 0
l1d_u25-0 llc-0b23 1 25 0 25 0
l1d_u25-0 llc-0b24 1 25 0 25 0
l1d_u25-0 llc-0b25 1 25 0 25 0
l1d_u25-0 llc-0b26 1 25 0 25 0
l1d_u25-0 llc-0b27 1 25 0 25 0
l1d_u25-0 llc-0b28 1 25 0 25 0
l1d_u25-0 llc-0b29 1 25 0 25 0
l1d_u25-0 llc-0b30 1 25 0 25 0
l1d_u25-0 llc-0b31 1 25 0 25 0
l1d_u25-1 llc-0b0 1 25 0 25 0
l1d_u25-1 llc-0b1 1 25 0 25 0
l1d_u25-1 llc-0b2 1 25 0 25 0
l1d_u25-1 llc-0b3 1 25 0 25 0
l1d_u25-1 llc-0b4 1 25 0 25 0
l1d_u25-1 llc-0b5 1 25 0 25 0
l1d_u25-1 llc-0b6 1 25 0 25 0
l1d_u25-1 llc-0b7 1 25 0 25 0
l1d_u25-1 llc-0b8 1 25 0 25 0
l1d_u25-1 llc-0b9 1 25 0 25 0
l1d_u25-1 llc-0b10 1 25 0 25 0
l1d_u25-1 llc-0b11 1 25 0 25 0
l1d_u25-1 llc-0b12 1 25 0 25 0
l1d_u25-1 llc-0b13 1 25 0 25 0
l1d_u25-1 llc-0b14 1 25 0 25 0
l1d_u25-1 llc-0b15 1 25 0 25 0
l1d_u25-1 llc-0b16 1 25 0 25 0
l1d_u25-1 llc-0b17 1 25 0 25 0
l1d_u25-1 llc-0b18 1 25 0 25 0
l1d_u25-1 llc-0b19 1 25 0 25 0
l1d_u25-1 llc-0b20 1 25 0 25 0
l1d_u25-1 llc-0b21 1 25 0 25 0
l1d_u25-1 llc-0b22 1 25 0 25 0
l1d_u25-1 llc-0b23 1 25 0 25 0
l1d_u25-1 llc-0b24 1 25 0 25 0
l1d_u25-1 llc-0b25 1 25 0 25 0
l1d_u25-1 llc-0b26 1 25 0 25 0
l1d_u25-1 llc-0b27 1 25 0 25 0
l1d_u25-1 llc-0b28 1 25 0 25 0
l1d_u25-1 llc-0b29 1 25 0 25 0
l1d_u25-1 llc-0b30 1 25 0 25 0
l1d_u25-1 llc-0b31 1 25 0 25 0
l1d_u25-2 llc-0b0 1 25 0 25 0
l1d_u25-2 llc-0b1 1 25 0 25 0
l1d_u25-2 llc-0b2 1 25 0 25 0
l1d_u25-2 llc-0b3 1 25 0 25 0
l1d_u25-2 llc-0b4 1 25 0 25 0
l1d_u25-2 llc-0b5 1 25 0 25 0
l1d_u25-2 llc-0b6 1 25 0 25 0
l1d_u25-2 llc-0b7 1 25 0 25 0
l1d_u25-2 llc-0b8 1 25 0 25 0
l1d_u25-2 llc-0b9 1 25 0 25 0
l1d_u25-2 llc-0b10 1 25 0 25 0
l1d_u25-2 llc-0b11 1 25 0 25 0
l1d_u25-2 llc-0b12 1 25 0 25 0
l1d_u25-2 llc-0b13 1 25 0 25 0
l1d_u25-2 llc-0b14 1 25 0 25 0
l1d_u25-2 llc-0b15 1 25 0 25 0
l1d_u25-2 llc-0b16 1 25 0 25 0
l1d_u25-2 llc-0b17 1 25 0 25 0
l1d_u25-2 llc-0b18 1 25 0 25 0
l1d_u25-2 llc-0b19 1 25 0 25 0
l1d_u25-2 llc-0b20 1 25 0 25 0
l1d_u25-2 llc-0b21 1 25 0 25 0
l1d_u25-2 llc-0b22 1 25 0 25 0
l1d_u25-2 llc-0b23 1 25 0 25 0
l1d_u25-2 llc-0b24 1 25 0 25 0
l1d_u25-2 llc-0b25 1 25 0 25 0
l1d_u25-2 llc-0b26 1 25 0 25 0
l1d_u25-2 llc-0b27 1 25 0 25 0
l1d_u25-2 llc-0b28 1 25 0 25 0
l1d_u25-2 llc-0b29 1 25 0 25 0
l1d_u25-2 llc-0b30 1 25 0 25 0
l1d_u25-2 llc-0b31 1 25 0 25 0
l1d_u25-3 llc-0b0 1 25 0 25 0
l1d_u25-3 llc-0b1 1 25 0 25 0
l1d_u25-3 llc-0b2 1 25 0 25 0
l1d_u25-3 llc-0b3 1 25 0 25 0
l1d_u25-3 llc-0b4 1 25 0 25 0
l1d_u25-3 llc-0b5 1 25 0 25 0
l1d_u25-3 llc-0b6 1 25 0 25 0
l1d_u25-3 llc-0b7 1 25 0 25 0
l1d_u25-3 llc-0b8 1 25 0 25 0
l1d_u25-3 llc-0b9 1 25 0 25 0
l1d_u25-3 llc-0b10 1 25 0 25 0
l1d_u25-3 llc-0b11 1 25 0 25 0
l1d_u25-3 llc-0b12 1 25 0 25 0
l1d_u25-3 llc-0b13 1 25 0 25 0
l1d_u25-3 llc-0b14 1 25 0 25 0
l1d_u25-3 llc-0b15 1 25 0 25 0
l1d_u25-3 llc-0b16 1 25 0 25 0
l1d_u25-3 llc-0b17 1 25 0 25 0
l1d_u25-3 llc-0b18 1 25 0 25 0
l1d_u25-3 llc-0b19 1 25 0 25 0
l1d_u25-3 llc-0b20 1 25 0 25 0
l1d_u25-3 llc-0b21 1 25 0 25 0
l1d_u25-3 llc-0b22 1 25 0 25 0
l1d_u25-3 llc-0b23 1 25 0 25 0
l1d_u25-3 llc-0b24 1 25 0 25 0
l1d_u25-3 llc-0b25 1 25 0 25 0
l1d_u25-3 llc-0b26 1 25 0 25 0
l1d_u25-3 llc-0b27 1 25 0 25 0
l1d_u25-3 llc-0b28 1 25 0 25 0
l1d_u25-3 llc-0b29 1 25 0 25 0
l1d_u25-3 llc-0b30 1 25 0 25 0
l1d_u25-3 llc-0b31 1 25 0 25 0
l1d_u25-4 llc-0b0 1 25 0 25 0
l1d_u25-4 llc-0b1 1 25 0 25 0
l1d_u25-4 llc-0b2 1 25 0 25 0
l1d_u25-4 llc-0b3 1 25 0 25 0
l1d_u25-4 llc-0b4 1 25 0 25 0
l1d_u25-4 llc-0b5 1 25 0 25 0
l1d_u25-4 llc-0b6 1 25 0 25 0
l1d_u25-4 llc-0b7 1 25 0 25 0
l1d_u25-4 llc-0b8 1 25 0 25 0
l1d_u25-4 llc-0b9 1 25 0 25 0
l1d_u25-4 llc-0b10 1 25 0 25 0
l1d_u25-4 llc-0b11 1 25 0 25 0
l1d_u25-4 llc-0b12 1 25 0 25 0
l1d_u25-4 llc-0b13 1 25 0 25 0
l1d_u25-4 llc-0b14 1 25 0 25 0
l1d_u25-4 llc-0b15 1 25 0 25 0
l1d_u25-4 llc-0b16 1 25 0 25 0
l1d_u25-4 llc-0b17 1 25 0 25 0
l1d_u25-4 llc-0b18 1 25 0 25 0
l1d_u25-4 llc-0b19 1 25 0 25 0
l1d_u25-4 llc-0b20 1 25 0 25 0
l1d_u25-4 llc-0b21 1 25 0 25 0
l1d_u25-4 llc-0b22 1 25 0 25 0
l1d_u25-4 llc-0b23 1 25 0 25 0
l1d_u25-4 llc-0b24 1 25 0 25 0
l1d_u25-4 llc-0b25 1 25 0 25 0
l1d_u25-4 llc-0b26 1 25 0 25 0
l1d_u25-4 llc-0b27 1 25 0 25 0
l1d_u25-4 llc-0b28 1 25 0 25 0
l1d_u25-4 llc-0b29 1 25 0 25 0
l1d_u25-4 llc-0b30 1 25 0 25 0
l1d_u25-4 llc-0b31 1 25 0 25 0
l1d_u25-5 llc-0b0 1 25 0 25 0
l1d_u25-5 llc-0b1 1 25 0 25 0
l1d_u25-5 llc-0b2 1 25 0 25 0
l1d_u25-5 llc-0b3 1 25 0 25 0
l1d_u25-5 llc-0b4 1 25 0 25 0
l1d_u25-5 llc-0b5 1 25 0 25 0
l1d_u25-5 llc-0b6 1 25 0 25 0
l1d_u25-5 llc-0b7 1 25 0 25 0
l1d_u25-5 llc-0b8 1 25 0 25 0
l1d_u25-5 llc-0b9 1 25 0 25 0
l1d_u25-5 llc-0b10 1 25 0 25 0
l1d_u25-5 llc-0b11 1 25 0 25 0
l1d_u25-5 llc-0b12 1 25 0 25 0
l1d_u25-5 llc-0b13 1 25 0 25 0
l1d_u25-5 llc-0b14 1 25 0 25 0
l1d_u25-5 llc-0b15 1 25 0 25 0
l1d_u25-5 llc-0b16 1 25 0 25 0
l1d_u25-5 llc-0b17 1 25 0 25 0
l1d_u25-5 llc-0b18 1 25 0 25 0
l1d_u25-5 llc-0b19 1 25 0 25 0
l1d_u25-5 llc-0b20 1 25 0 25 0
l1d_u25-5 llc-0b21 1 25 0 25 0
l1d_u25-5 llc-0b22 1 25 0 25 0
l1d_u25-5 llc-0b23 1 25 0 25 0
l1d_u25-5 llc-0b24 1 25 0 25 0
l1d_u25-5 llc-0b25 1 25 0 25 0
l1d_u25-5 llc-0b26 1 25 0 25 0
l1d_u25-5 llc-0b27 1 25 0 25 0
l1d_u25-5 llc-0b28 1 25 0 25 0
l1d_u25-5 llc-0b29 1 25 0 25 0
l1d_u25-5 llc-0b30 1 25 0 25 0
l1d_u25-5 llc-0b31 1 25 0 25 0
l1d_u25-6 llc-0b0 1 25 0 25 0
l1d_u25-6 llc-0b1 1 25 0 25 0
l1d_u25-6 llc-0b2 1 25 0 25 0
l1d_u25-6 llc-0b3 1 25 0 25 0
l1d_u25-6 llc-0b4 1 25 0 25 0
l1d_u25-6 llc-0b5 1 25 0 25 0
l1d_u25-6 llc-0b6 1 25 0 25 0
l1d_u25-6 llc-0b7 1 25 0 25 0
l1d_u25-6 llc-0b8 1 25 0 25 0
l1d_u25-6 llc-0b9 1 25 0 25 0
l1d_u25-6 llc-0b10 1 25 0 25 0
l1d_u25-6 llc-0b11 1 25 0 25 0
l1d_u25-6 llc-0b12 1 25 0 25 0
l1d_u25-6 llc-0b13 1 25 0 25 0
l1d_u25-6 llc-0b14 1 25 0 25 0
l1d_u25-6 llc-0b15 1 25 0 25 0
l1d_u25-6 llc-0b16 1 25 0 25 0
l1d_u25-6 llc-0b17 1 25 0 25 0
l1d_u25-6 llc-0b18 1 25 0 25 0
l1d_u25-6 llc-0b19 1 25 0 25 0
l1d_u25-6 llc-0b20 1 25 0 25 0
l1d_u25-6 llc-0b21 1 25 0 25 0
l1d_u25-6 llc-0b22 1 25 0 25 0
l1d_u25-6 llc-0b23 1 25 0 25 0
l1d_u25-6 llc-0b24 1 25 0 25 0
l1d_u25-6 llc-0b25 1 25 0 25 0
l1d_u25-6 llc-0b26 1 25 0 25 0
l1d_u25-6 llc-0b27 1 25 0 25 0
l1d_u25-6 llc-0b28 1 25 0 25 0
l1d_u25-6 llc-0b29 1 25 0 25 0
l1d_u25-6 llc-0b30 1 25 0 25 0
l1d_u25-6 llc-0b31 1 25 0 25 0
l1d_u25-7 llc-0b0 1 25 0 25 0
l1d_u25-7 llc-0b1 1 25 0 25 0
l1d_u25-7 llc-0b2 1 25 0 25 0
l1d_u25-7 llc-0b3 1 25 0 25 0
l1d_u25-7 llc-0b4 1 25 0 25 0
l1d_u25-7 llc-0b5 1 25 0 25 0
l1d_u25-7 llc-0b6 1 25 0 25 0
l1d_u25-7 llc-0b7 1 25 0 25 0
l1d_u25-7 llc-0b8 1 25 0 25 0
l1d_u25-7 llc-0b9 1 25 0 25 0
l1d_u25-7 llc-0b10 1 25 0 25 0
l1d_u25-7 llc-0b11 1 25 0 25 0
l1d_u25-7 llc-0b12 1 25 0 25 0
l1d_u25-7 llc-0b13 1 25 0 25 0
l1d_u25-7 llc-0b14 1 25 0 25 0
l1d_u25-7 llc-0b15 1 25 0 25 0
l1d_u25-7 llc-0b16 1 25 0 25 0
l1d_u25-7 llc-0b17 1 25 0 25 0
l1d_u25-7 llc-0b18 1 25 0 25 0
l1d_u25-7 llc-0b19 1 25 0 25 0
l1d_u25-7 llc-0b20 1 25 0 25 0
l1d_u25-7 llc-0b21 1 25 0 25 0
l1d_u25-7 llc-0b22 1 25 0 25 0
l1d_u25-7 llc-0b23 1 25 0 25 0
l1d_u25-7 llc-0b24 1 25 0 25 0
l1d_u25-7 llc-0b25 1 25 0 25 0
l1d_u25-7 llc-0b26 1 25 0 25 0
l1d_u25-7 llc-0b27 1 25 0 25 0
l1d_u25-7 llc-0b28 1 25 0 25 0
l1d_u25-7 llc-0b29 1 25 0 25 0
l1d_u25-7 llc-0b30 1 25 0 25 0
l1d_u25-7 llc-0b31 1 25 0 25 0
l1d_u25-8 llc-0b0 1 25 0 25 0
l1d_u25-8 llc-0b1 1 25 0 25 0
l1d_u25-8 llc-0b2 1 25 0 25 0
l1d_u25-8 llc-0b3 1 25 0 25 0
l1d_u25-8 llc-0b4 1 25 0 25 0
l1d_u25-8 llc-0b5 1 25 0 25 0
l1d_u25-8 llc-0b6 1 25 0 25 0
l1d_u25-8 llc-0b7 1 25 0 25 0
l1d_u25-8 llc-0b8 1 25 0 25 0
l1d_u25-8 llc-0b9 1 25 0 25 0
l1d_u25-8 llc-0b10 1 25 0 25 0
l1d_u25-8 llc-0b11 1 25 0 25 0
l1d_u25-8 llc-0b12 1 25 0 25 0
l1d_u25-8 llc-0b13 1 25 0 25 0
l1d_u25-8 llc-0b14 1 25 0 25 0
l1d_u25-8 llc-0b15 1 25 0 25 0
l1d_u25-8 llc-0b16 1 25 0 25 0
l1d_u25-8 llc-0b17 1 25 0 25 0
l1d_u25-8 llc-0b18 1 25 0 25 0
l1d_u25-8 llc-0b19 1 25 0 25 0
l1d_u25-8 llc-0b20 1 25 0 25 0
l1d_u25-8 llc-0b21 1 25 0 25 0
l1d_u25-8 llc-0b22 1 25 0 25 0
l1d_u25-8 llc-0b23 1 25 0 25 0
l1d_u25-8 llc-0b24 1 25 0 25 0
l1d_u25-8 llc-0b25 1 25 0 25 0
l1d_u25-8 llc-0b26 1 25 0 25 0
l1d_u25-8 llc-0b27 1 25 0 25 0
l1d_u25-8 llc-0b28 1 25 0 25 0
l1d_u25-8 llc-0b29 1 25 0 25 0
l1d_u25-8 llc-0b30 1 25 0 25 0
l1d_u25-8 llc-0b31 1 25 0 25 0
l1d_u25-9 llc-0b0 1 25 0 25 0
l1d_u25-9 llc-0b1 1 25 0 25 0
l1d_u25-9 llc-0b2 1 25 0 25 0
l1d_u25-9 llc-0b3 1 25 0 25 0
l1d_u25-9 llc-0b4 1 25 0 25 0
l1d_u25-9 llc-0b5 1 25 0 25 0
l1d_u25-9 llc-0b6 1 25 0 25 0
l1d_u25-9 llc-0b7 1 25 0 25 0
l1d_u25-9 llc-0b8 1 25 0 25 0
l1d_u25-9 llc-0b9 1 25 0 25 0
l1d_u25-9 llc-0b10 1 25 0 25 0
l1d_u25-9 llc-0b11 1 25 0 25 0
l1d_u25-9 llc-0b12 1 25 0 25 0
l1d_u25-9 llc-0b13 1 25 0 25 0
l1d_u25-9 llc-0b14 1 25 0 25 0
l1d_u25-9 llc-0b15 1 25 0 25 0
l1d_u25-9 llc-0b16 1 25 0 25 0
l1d_u25-9 llc-0b17 1 25 0 25 0
l1d_u25-9 llc-0b18 1 25 0 25 0
l1d_u25-9 llc-0b19 1 25 0 25 0
l1d_u25-9 llc-0b20 1 25 0 25 0
l1d_u25-9 llc-0b21 1 25 0 25 0
l1d_u25-9 llc-0b22 1 25 0 25 0
l1d_u25-9 llc-0b23 1 25 0 25 0
l1d_u25-9 llc-0b24 1 25 0 25 0
l1d_u25-9 llc-0b25 1 25 0 25 0
l1d_u25-9 llc-0b26 1 25 0 25 0
l1d_u25-9 llc-0b27 1 25 0 25 0
l1d_u25-9 llc-0b28 1 25 0 25 0
l1d_u25-9 llc-0b29 1 25 0 25 0
l1d_u25-9 llc-0b30 1 25 0 25 0
l1d_u25-9 llc-0b31 1 25 0 25 0
l1d_u25-10 llc-0b0 1 25 0 25 0
l1d_u25-10 llc-0b1 1 25 0 25 0
l1d_u25-10 llc-0b2 1 25 0 25 0
l1d_u25-10 llc-0b3 1 25 0 25 0
l1d_u25-10 llc-0b4 1 25 0 25 0
l1d_u25-10 llc-0b5 1 25 0 25 0
l1d_u25-10 llc-0b6 1 25 0 25 0
l1d_u25-10 llc-0b7 1 25 0 25 0
l1d_u25-10 llc-0b8 1 25 0 25 0
l1d_u25-10 llc-0b9 1 25 0 25 0
l1d_u25-10 llc-0b10 1 25 0 25 0
l1d_u25-10 llc-0b11 1 25 0 25 0
l1d_u25-10 llc-0b12 1 25 0 25 0
l1d_u25-10 llc-0b13 1 25 0 25 0
l1d_u25-10 llc-0b14 1 25 0 25 0
l1d_u25-10 llc-0b15 1 25 0 25 0
l1d_u25-10 llc-0b16 1 25 0 25 0
l1d_u25-10 llc-0b17 1 25 0 25 0
l1d_u25-10 llc-0b18 1 25 0 25 0
l1d_u25-10 llc-0b19 1 25 0 25 0
l1d_u25-10 llc-0b20 1 25 0 25 0
l1d_u25-10 llc-0b21 1 25 0 25 0
l1d_u25-10 llc-0b22 1 25 0 25 0
l1d_u25-10 llc-0b23 1 25 0 25 0
l1d_u25-10 llc-0b24 1 25 0 25 0
l1d_u25-10 llc-0b25 1 25 0 25 0
l1d_u25-10 llc-0b26 1 25 0 25 0
l1d_u25-10 llc-0b27 1 25 0 25 0
l1d_u25-10 llc-0b28 1 25 0 25 0
l1d_u25-10 llc-0b29 1 25 0 25 0
l1d_u25-10 llc-0b30 1 25 0 25 0
l1d_u25-10 llc-0b31 1 25 0 25 0
l1d_u25-11 llc-0b0 1 25 0 25 0
l1d_u25-11 llc-0b1 1 25 0 25 0
l1d_u25-11 llc-0b2 1 25 0 25 0
l1d_u25-11 llc-0b3 1 25 0 25 0
l1d_u25-11 llc-0b4 1 25 0 25 0
l1d_u25-11 llc-0b5 1 25 0 25 0
l1d_u25-11 llc-0b6 1 25 0 25 0
l1d_u25-11 llc-0b7 1 25 0 25 0
l1d_u25-11 llc-0b8 1 25 0 25 0
l1d_u25-11 llc-0b9 1 25 0 25 0
l1d_u25-11 llc-0b10 1 25 0 25 0
l1d_u25-11 llc-0b11 1 25 0 25 0
l1d_u25-11 llc-0b12 1 25 0 25 0
l1d_u25-11 llc-0b13 1 25 0 25 0
l1d_u25-11 llc-0b14 1 25 0 25 0
l1d_u25-11 llc-0b15 1 25 0 25 0
l1d_u25-11 llc-0b16 1 25 0 25 0
l1d_u25-11 llc-0b17 1 25 0 25 0
l1d_u25-11 llc-0b18 1 25 0 25 0
l1d_u25-11 llc-0b19 1 25 0 25 0
l1d_u25-11 llc-0b20 1 25 0 25 0
l1d_u25-11 llc-0b21 1 25 0 25 0
l1d_u25-11 llc-0b22 1 25 0 25 0
l1d_u25-11 llc-0b23 1 25 0 25 0
l1d_u25-11 llc-0b24 1 25 0 25 0
l1d_u25-11 llc-0b25 1 25 0 25 0
l1d_u25-11 llc-0b26 1 25 0 25 0
l1d_u25-11 llc-0b27 1 25 0 25 0
l1d_u25-11 llc-0b28 1 25 0 25 0
l1d_u25-11 llc-0b29 1 25 0 25 0
l1d_u25-11 llc-0b30 1 25 0 25 0
l1d_u25-11 llc-0b31 1 25 0 25 0
l1d_u25-12 llc-0b0 1 25 0 25 0
l1d_u25-12 llc-0b1 1 25 0 25 0
l1d_u25-12 llc-0b2 1 25 0 25 0
l1d_u25-12 llc-0b3 1 25 0 25 0
l1d_u25-12 llc-0b4 1 25 0 25 0
l1d_u25-12 llc-0b5 1 25 0 25 0
l1d_u25-12 llc-0b6 1 25 0 25 0
l1d_u25-12 llc-0b7 1 25 0 25 0
l1d_u25-12 llc-0b8 1 25 0 25 0
l1d_u25-12 llc-0b9 1 25 0 25 0
l1d_u25-12 llc-0b10 1 25 0 25 0
l1d_u25-12 llc-0b11 1 25 0 25 0
l1d_u25-12 llc-0b12 1 25 0 25 0
l1d_u25-12 llc-0b13 1 25 0 25 0
l1d_u25-12 llc-0b14 1 25 0 25 0
l1d_u25-12 llc-0b15 1 25 0 25 0
l1d_u25-12 llc-0b16 1 25 0 25 0
l1d_u25-12 llc-0b17 1 25 0 25 0
l1d_u25-12 llc-0b18 1 25 0 25 0
l1d_u25-12 llc-0b19 1 25 0 25 0
l1d_u25-12 llc-0b20 1 25 0 25 0
l1d_u25-12 llc-0b21 1 25 0 25 0
l1d_u25-12 llc-0b22 1 25 0 25 0
l1d_u25-12 llc-0b23 1 25 0 25 0
l1d_u25-12 llc-0b24 1 25 0 25 0
l1d_u25-12 llc-0b25 1 25 0 25 0
l1d_u25-12 llc-0b26 1 25 0 25 0
l1d_u25-12 llc-0b27 1 25 0 25 0
l1d_u25-12 llc-0b28 1 25 0 25 0
l1d_u25-12 llc-0b29 1 25 0 25 0
l1d_u25-12 llc-0b30 1 25 0 25 0
l1d_u25-12 llc-0b31 1 25 0 25 0
l1d_u25-13 llc-0b0 1 25 0 25 0
l1d_u25-13 llc-0b1 1 25 0 25 0
l1d_u25-13 llc-0b2 1 25 0 25 0
l1d_u25-13 llc-0b3 1 25 0 25 0
l1d_u25-13 llc-0b4 1 25 0 25 0
l1d_u25-13 llc-0b5 1 25 0 25 0
l1d_u25-13 llc-0b6 1 25 0 25 0
l1d_u25-13 llc-0b7 1 25 0 25 0
l1d_u25-13 llc-0b8 1 25 0 25 0
l1d_u25-13 llc-0b9 1 25 0 25 0
l1d_u25-13 llc-0b10 1 25 0 25 0
l1d_u25-13 llc-0b11 1 25 0 25 0
l1d_u25-13 llc-0b12 1 25 0 25 0
l1d_u25-13 llc-0b13 1 25 0 25 0
l1d_u25-13 llc-0b14 1 25 0 25 0
l1d_u25-13 llc-0b15 1 25 0 25 0
l1d_u25-13 llc-0b16 1 25 0 25 0
l1d_u25-13 llc-0b17 1 25 0 25 0
l1d_u25-13 llc-0b18 1 25 0 25 0
l1d_u25-13 llc-0b19 1 25 0 25 0
l1d_u25-13 llc-0b20 1 25 0 25 0
l1d_u25-13 llc-0b21 1 25 0 25 0
l1d_u25-13 llc-0b22 1 25 0 25 0
l1d_u25-13 llc-0b23 1 25 0 25 0
l1d_u25-13 llc-0b24 1 25 0 25 0
l1d_u25-13 llc-0b25 1 25 0 25 0
l1d_u25-13 llc-0b26 1 25 0 25 0
l1d_u25-13 llc-0b27 1 25 0 25 0
l1d_u25-13 llc-0b28 1 25 0 25 0
l1d_u25-13 llc-0b29 1 25 0 25 0
l1d_u25-13 llc-0b30 1 25 0 25 0
l1d_u25-13 llc-0b31 1 25 0 25 0
l1d_u25-14 llc-0b0 1 25 0 25 0
l1d_u25-14 llc-0b1 1 25 0 25 0
l1d_u25-14 llc-0b2 1 25 0 25 0
l1d_u25-14 llc-0b3 1 25 0 25 0
l1d_u25-14 llc-0b4 1 25 0 25 0
l1d_u25-14 llc-0b5 1 25 0 25 0
l1d_u25-14 llc-0b6 1 25 0 25 0
l1d_u25-14 llc-0b7 1 25 0 25 0
l1d_u25-14 llc-0b8 1 25 0 25 0
l1d_u25-14 llc-0b9 1 25 0 25 0
l1d_u25-14 llc-0b10 1 25 0 25 0
l1d_u25-14 llc-0b11 1 25 0 25 0
l1d_u25-14 llc-0b12 1 25 0 25 0
l1d_u25-14 llc-0b13 1 25 0 25 0
l1d_u25-14 llc-0b14 1 25 0 25 0
l1d_u25-14 llc-0b15 1 25 0 25 0
l1d_u25-14 llc-0b16 1 25 0 25 0
l1d_u25-14 llc-0b17 1 25 0 25 0
l1d_u25-14 llc-0b18 1 25 0 25 0
l1d_u25-14 llc-0b19 1 25 0 25 0
l1d_u25-14 llc-0b20 1 25 0 25 0
l1d_u25-14 llc-0b21 1 25 0 25 0
l1d_u25-14 llc-0b22 1 25 0 25 0
l1d_u25-14 llc-0b23 1 25 0 25 0
l1d_u25-14 llc-0b24 1 25 0 25 0
l1d_u25-14 llc-0b25 1 25 0 25 0
l1d_u25-14 llc-0b26 1 25 0 25 0
l1d_u25-14 llc-0b27 1 25 0 25 0
l1d_u25-14 llc-0b28 1 25 0 25 0
l1d_u25-14 llc-0b29 1 25 0 25 0
l1d_u25-14 llc-0b30 1 25 0 25 0
l1d_u25-14 llc-0b31 1 25 0 25 0
l1d_u25-15 llc-0b0 1 25 0 25 0
l1d_u25-15 llc-0b1 1 25 0 25 0
l1d_u25-15 llc-0b2 1 25 0 25 0
l1d_u25-15 llc-0b3 1 25 0 25 0
l1d_u25-15 llc-0b4 1 25 0 25 0
l1d_u25-15 llc-0b5 1 25 0 25 0
l1d_u25-15 llc-0b6 1 25 0 25 0
l1d_u25-15 llc-0b7 1 25 0 25 0
l1d_u25-15 llc-0b8 1 25 0 25 0
l1d_u25-15 llc-0b9 1 25 0 25 0
l1d_u25-15 llc-0b10 1 25 0 25 0
l1d_u25-15 llc-0b11 1 25 0 25 0
l1d_u25-15 llc-0b12 1 25 0 25 0
l1d_u25-15 llc-0b13 1 25 0 25 0
l1d_u25-15 llc-0b14 1 25 0 25 0
l1d_u25-15 llc-0b15 1 25 0 25 0
l1d_u25-15 llc-0b16 1 25 0 25 0
l1d_u25-15 llc-0b17 1 25 0 25 0
l1d_u25-15 llc-0b18 1 25 0 25 0
l1d_u25-15 llc-0b19 1 25 0 25 0
l1d_u25-15 llc-0b20 1 25 0 25 0
l1d_u25-15 llc-0b21 1 25 0 25 0
l1d_u25-15 llc-0b22 1 25 0 25 0
l1d_u25-15 llc-0b23 1 25 0 25 0
l1d_u25-15 llc-0b24 1 25 0 25 0
l1d_u25-15 llc-0b25 1 25 0 25 0
l1d_u25-15 llc-0b26 1 25 0 25 0
l1d_u25-15 llc-0b27 1 25 0 25 0
l1d_u25-15 llc-0b28 1 25 0 25 0
l1d_u25-15 llc-0b29 1 25 0 25 0
l1d_u25-15 llc-0b30 1 25 0 25 0
l1d_u25-15 llc-0b31 1 25 0 25 0
l1i_u26-0 llc-0b0 1 26 0 26 0
l1i_u26-0 llc-0b1 1 26 0 26 0
l1i_u26-0 llc-0b2 1 26 0 26 0
l1i_u26-0 llc-0b3 1 26 0 26 0
l1i_u26-0 llc-0b4 1 26 0 26 0
l1i_u26-0 llc-0b5 1 26 0 26 0
l1i_u26-0 llc-0b6 1 26 0 26 0
l1i_u26-0 llc-0b7 1 26 0 26 0
l1i_u26-0 llc-0b8 1 26 0 26 0
l1i_u26-0 llc-0b9 1 26 0 26 0
l1i_u26-0 llc-0b10 1 26 0 26 0
l1i_u26-0 llc-0b11 1 26 0 26 0
l1i_u26-0 llc-0b12 1 26 0 26 0
l1i_u26-0 llc-0b13 1 26 0 26 0
l1i_u26-0 llc-0b14 1 26 0 26 0
l1i_u26-0 llc-0b15 1 26 0 26 0
l1i_u26-0 llc-0b16 1 26 0 26 0
l1i_u26-0 llc-0b17 1 26 0 26 0
l1i_u26-0 llc-0b18 1 26 0 26 0
l1i_u26-0 llc-0b19 1 26 0 26 0
l1i_u26-0 llc-0b20 1 26 0 26 0
l1i_u26-0 llc-0b21 1 26 0 26 0
l1i_u26-0 llc-0b22 1 26 0 26 0
l1i_u26-0 llc-0b23 1 26 0 26 0
l1i_u26-0 llc-0b24 1 26 0 26 0
l1i_u26-0 llc-0b25 1 26 0 26 0
l1i_u26-0 llc-0b26 1 26 0 26 0
l1i_u26-0 llc-0b27 1 26 0 26 0
l1i_u26-0 llc-0b28 1 26 0 26 0
l1i_u26-0 llc-0b29 1 26 0 26 0
l1i_u26-0 llc-0b30 1 26 0 26 0
l1i_u26-0 llc-0b31 1 26 0 26 0
l1i_u26-1 llc-0b0 1 26 0 26 0
l1i_u26-1 llc-0b1 1 26 0 26 0
l1i_u26-1 llc-0b2 1 26 0 26 0
l1i_u26-1 llc-0b3 1 26 0 26 0
l1i_u26-1 llc-0b4 1 26 0 26 0
l1i_u26-1 llc-0b5 1 26 0 26 0
l1i_u26-1 llc-0b6 1 26 0 26 0
l1i_u26-1 llc-0b7 1 26 0 26 0
l1i_u26-1 llc-0b8 1 26 0 26 0
l1i_u26-1 llc-0b9 1 26 0 26 0
l1i_u26-1 llc-0b10 1 26 0 26 0
l1i_u26-1 llc-0b11 1 26 0 26 0
l1i_u26-1 llc-0b12 1 26 0 26 0
l1i_u26-1 llc-0b13 1 26 0 26 0
l1i_u26-1 llc-0b14 1 26 0 26 0
l1i_u26-1 llc-0b15 1 26 0 26 0
l1i_u26-1 llc-0b16 1 26 0 26 0
l1i_u26-1 llc-0b17 1 26 0 26 0
l1i_u26-1 llc-0b18 1 26 0 26 0
l1i_u26-1 llc-0b19 1 26 0 26 0
l1i_u26-1 llc-0b20 1 26 0 26 0
l1i_u26-1 llc-0b21 1 26 0 26 0
l1i_u26-1 llc-0b22 1 26 0 26 0
l1i_u26-1 llc-0b23 1 26 0 26 0
l1i_u26-1 llc-0b24 1 26 0 26 0
l1i_u26-1 llc-0b25 1 26 0 26 0
l1i_u26-1 llc-0b26 1 26 0 26 0
l1i_u26-1 llc-0b27 1 26 0 26 0
l1i_u26-1 llc-0b28 1 26 0 26 0
l1i_u26-1 llc-0b29 1 26 0 26 0
l1i_u26-1 llc-0b30 1 26 0 26 0
l1i_u26-1 llc-0b31 1 26 0 26 0
l1i_u26-2 llc-0b0 1 26 0 26 0
l1i_u26-2 llc-0b1 1 26 0 26 0
l1i_u26-2 llc-0b2 1 26 0 26 0
l1i_u26-2 llc-0b3 1 26 0 26 0
l1i_u26-2 llc-0b4 1 26 0 26 0
l1i_u26-2 llc-0b5 1 26 0 26 0
l1i_u26-2 llc-0b6 1 26 0 26 0
l1i_u26-2 llc-0b7 1 26 0 26 0
l1i_u26-2 llc-0b8 1 26 0 26 0
l1i_u26-2 llc-0b9 1 26 0 26 0
l1i_u26-2 llc-0b10 1 26 0 26 0
l1i_u26-2 llc-0b11 1 26 0 26 0
l1i_u26-2 llc-0b12 1 26 0 26 0
l1i_u26-2 llc-0b13 1 26 0 26 0
l1i_u26-2 llc-0b14 1 26 0 26 0
l1i_u26-2 llc-0b15 1 26 0 26 0
l1i_u26-2 llc-0b16 1 26 0 26 0
l1i_u26-2 llc-0b17 1 26 0 26 0
l1i_u26-2 llc-0b18 1 26 0 26 0
l1i_u26-2 llc-0b19 1 26 0 26 0
l1i_u26-2 llc-0b20 1 26 0 26 0
l1i_u26-2 llc-0b21 1 26 0 26 0
l1i_u26-2 llc-0b22 1 26 0 26 0
l1i_u26-2 llc-0b23 1 26 0 26 0
l1i_u26-2 llc-0b24 1 26 0 26 0
l1i_u26-2 llc-0b25 1 26 0 26 0
l1i_u26-2 llc-0b26 1 26 0 26 0
l1i_u26-2 llc-0b27 1 26 0 26 0
l1i_u26-2 llc-0b28 1 26 0 26 0
l1i_u26-2 llc-0b29 1 26 0 26 0
l1i_u26-2 llc-0b30 1 26 0 26 0
l1i_u26-2 llc-0b31 1 26 0 26 0
l1i_u26-3 llc-0b0 1 26 0 26 0
l1i_u26-3 llc-0b1 1 26 0 26 0
l1i_u26-3 llc-0b2 1 26 0 26 0
l1i_u26-3 llc-0b3 1 26 0 26 0
l1i_u26-3 llc-0b4 1 26 0 26 0
l1i_u26-3 llc-0b5 1 26 0 26 0
l1i_u26-3 llc-0b6 1 26 0 26 0
l1i_u26-3 llc-0b7 1 26 0 26 0
l1i_u26-3 llc-0b8 1 26 0 26 0
l1i_u26-3 llc-0b9 1 26 0 26 0
l1i_u26-3 llc-0b10 1 26 0 26 0
l1i_u26-3 llc-0b11 1 26 0 26 0
l1i_u26-3 llc-0b12 1 26 0 26 0
l1i_u26-3 llc-0b13 1 26 0 26 0
l1i_u26-3 llc-0b14 1 26 0 26 0
l1i_u26-3 llc-0b15 1 26 0 26 0
l1i_u26-3 llc-0b16 1 26 0 26 0
l1i_u26-3 llc-0b17 1 26 0 26 0
l1i_u26-3 llc-0b18 1 26 0 26 0
l1i_u26-3 llc-0b19 1 26 0 26 0
l1i_u26-3 llc-0b20 1 26 0 26 0
l1i_u26-3 llc-0b21 1 26 0 26 0
l1i_u26-3 llc-0b22 1 26 0 26 0
l1i_u26-3 llc-0b23 1 26 0 26 0
l1i_u26-3 llc-0b24 1 26 0 26 0
l1i_u26-3 llc-0b25 1 26 0 26 0
l1i_u26-3 llc-0b26 1 26 0 26 0
l1i_u26-3 llc-0b27 1 26 0 26 0
l1i_u26-3 llc-0b28 1 26 0 26 0
l1i_u26-3 llc-0b29 1 26 0 26 0
l1i_u26-3 llc-0b30 1 26 0 26 0
l1i_u26-3 llc-0b31 1 26 0 26 0
l1i_u26-4 llc-0b0 1 26 0 26 0
l1i_u26-4 llc-0b1 1 26 0 26 0
l1i_u26-4 llc-0b2 1 26 0 26 0
l1i_u26-4 llc-0b3 1 26 0 26 0
l1i_u26-4 llc-0b4 1 26 0 26 0
l1i_u26-4 llc-0b5 1 26 0 26 0
l1i_u26-4 llc-0b6 1 26 0 26 0
l1i_u26-4 llc-0b7 1 26 0 26 0
l1i_u26-4 llc-0b8 1 26 0 26 0
l1i_u26-4 llc-0b9 1 26 0 26 0
l1i_u26-4 llc-0b10 1 26 0 26 0
l1i_u26-4 llc-0b11 1 26 0 26 0
l1i_u26-4 llc-0b12 1 26 0 26 0
l1i_u26-4 llc-0b13 1 26 0 26 0
l1i_u26-4 llc-0b14 1 26 0 26 0
l1i_u26-4 llc-0b15 1 26 0 26 0
l1i_u26-4 llc-0b16 1 26 0 26 0
l1i_u26-4 llc-0b17 1 26 0 26 0
l1i_u26-4 llc-0b18 1 26 0 26 0
l1i_u26-4 llc-0b19 1 26 0 26 0
l1i_u26-4 llc-0b20 1 26 0 26 0
l1i_u26-4 llc-0b21 1 26 0 26 0
l1i_u26-4 llc-0b22 1 26 0 26 0
l1i_u26-4 llc-0b23 1 26 0 26 0
l1i_u26-4 llc-0b24 1 26 0 26 0
l1i_u26-4 llc-0b25 1 26 0 26 0
l1i_u26-4 llc-0b26 1 26 0 26 0
l1i_u26-4 llc-0b27 1 26 0 26 0
l1i_u26-4 llc-0b28 1 26 0 26 0
l1i_u26-4 llc-0b29 1 26 0 26 0
l1i_u26-4 llc-0b30 1 26 0 26 0
l1i_u26-4 llc-0b31 1 26 0 26 0
l1i_u26-5 llc-0b0 1 26 0 26 0
l1i_u26-5 llc-0b1 1 26 0 26 0
l1i_u26-5 llc-0b2 1 26 0 26 0
l1i_u26-5 llc-0b3 1 26 0 26 0
l1i_u26-5 llc-0b4 1 26 0 26 0
l1i_u26-5 llc-0b5 1 26 0 26 0
l1i_u26-5 llc-0b6 1 26 0 26 0
l1i_u26-5 llc-0b7 1 26 0 26 0
l1i_u26-5 llc-0b8 1 26 0 26 0
l1i_u26-5 llc-0b9 1 26 0 26 0
l1i_u26-5 llc-0b10 1 26 0 26 0
l1i_u26-5 llc-0b11 1 26 0 26 0
l1i_u26-5 llc-0b12 1 26 0 26 0
l1i_u26-5 llc-0b13 1 26 0 26 0
l1i_u26-5 llc-0b14 1 26 0 26 0
l1i_u26-5 llc-0b15 1 26 0 26 0
l1i_u26-5 llc-0b16 1 26 0 26 0
l1i_u26-5 llc-0b17 1 26 0 26 0
l1i_u26-5 llc-0b18 1 26 0 26 0
l1i_u26-5 llc-0b19 1 26 0 26 0
l1i_u26-5 llc-0b20 1 26 0 26 0
l1i_u26-5 llc-0b21 1 26 0 26 0
l1i_u26-5 llc-0b22 1 26 0 26 0
l1i_u26-5 llc-0b23 1 26 0 26 0
l1i_u26-5 llc-0b24 1 26 0 26 0
l1i_u26-5 llc-0b25 1 26 0 26 0
l1i_u26-5 llc-0b26 1 26 0 26 0
l1i_u26-5 llc-0b27 1 26 0 26 0
l1i_u26-5 llc-0b28 1 26 0 26 0
l1i_u26-5 llc-0b29 1 26 0 26 0
l1i_u26-5 llc-0b30 1 26 0 26 0
l1i_u26-5 llc-0b31 1 26 0 26 0
l1i_u26-6 llc-0b0 1 26 0 26 0
l1i_u26-6 llc-0b1 1 26 0 26 0
l1i_u26-6 llc-0b2 1 26 0 26 0
l1i_u26-6 llc-0b3 1 26 0 26 0
l1i_u26-6 llc-0b4 1 26 0 26 0
l1i_u26-6 llc-0b5 1 26 0 26 0
l1i_u26-6 llc-0b6 1 26 0 26 0
l1i_u26-6 llc-0b7 1 26 0 26 0
l1i_u26-6 llc-0b8 1 26 0 26 0
l1i_u26-6 llc-0b9 1 26 0 26 0
l1i_u26-6 llc-0b10 1 26 0 26 0
l1i_u26-6 llc-0b11 1 26 0 26 0
l1i_u26-6 llc-0b12 1 26 0 26 0
l1i_u26-6 llc-0b13 1 26 0 26 0
l1i_u26-6 llc-0b14 1 26 0 26 0
l1i_u26-6 llc-0b15 1 26 0 26 0
l1i_u26-6 llc-0b16 1 26 0 26 0
l1i_u26-6 llc-0b17 1 26 0 26 0
l1i_u26-6 llc-0b18 1 26 0 26 0
l1i_u26-6 llc-0b19 1 26 0 26 0
l1i_u26-6 llc-0b20 1 26 0 26 0
l1i_u26-6 llc-0b21 1 26 0 26 0
l1i_u26-6 llc-0b22 1 26 0 26 0
l1i_u26-6 llc-0b23 1 26 0 26 0
l1i_u26-6 llc-0b24 1 26 0 26 0
l1i_u26-6 llc-0b25 1 26 0 26 0
l1i_u26-6 llc-0b26 1 26 0 26 0
l1i_u26-6 llc-0b27 1 26 0 26 0
l1i_u26-6 llc-0b28 1 26 0 26 0
l1i_u26-6 llc-0b29 1 26 0 26 0
l1i_u26-6 llc-0b30 1 26 0 26 0
l1i_u26-6 llc-0b31 1 26 0 26 0
l1i_u26-7 llc-0b0 1 26 0 26 0
l1i_u26-7 llc-0b1 1 26 0 26 0
l1i_u26-7 llc-0b2 1 26 0 26 0
l1i_u26-7 llc-0b3 1 26 0 26 0
l1i_u26-7 llc-0b4 1 26 0 26 0
l1i_u26-7 llc-0b5 1 26 0 26 0
l1i_u26-7 llc-0b6 1 26 0 26 0
l1i_u26-7 llc-0b7 1 26 0 26 0
l1i_u26-7 llc-0b8 1 26 0 26 0
l1i_u26-7 llc-0b9 1 26 0 26 0
l1i_u26-7 llc-0b10 1 26 0 26 0
l1i_u26-7 llc-0b11 1 26 0 26 0
l1i_u26-7 llc-0b12 1 26 0 26 0
l1i_u26-7 llc-0b13 1 26 0 26 0
l1i_u26-7 llc-0b14 1 26 0 26 0
l1i_u26-7 llc-0b15 1 26 0 26 0
l1i_u26-7 llc-0b16 1 26 0 26 0
l1i_u26-7 llc-0b17 1 26 0 26 0
l1i_u26-7 llc-0b18 1 26 0 26 0
l1i_u26-7 llc-0b19 1 26 0 26 0
l1i_u26-7 llc-0b20 1 26 0 26 0
l1i_u26-7 llc-0b21 1 26 0 26 0
l1i_u26-7 llc-0b22 1 26 0 26 0
l1i_u26-7 llc-0b23 1 26 0 26 0
l1i_u26-7 llc-0b24 1 26 0 26 0
l1i_u26-7 llc-0b25 1 26 0 26 0
l1i_u26-7 llc-0b26 1 26 0 26 0
l1i_u26-7 llc-0b27 1 26 0 26 0
l1i_u26-7 llc-0b28 1 26 0 26 0
l1i_u26-7 llc-0b29 1 26 0 26 0
l1i_u26-7 llc-0b30 1 26 0 26 0
l1i_u26-7 llc-0b31 1 26 0 26 0
l1i_u26-8 llc-0b0 1 26 0 26 0
l1i_u26-8 llc-0b1 1 26 0 26 0
l1i_u26-8 llc-0b2 1 26 0 26 0
l1i_u26-8 llc-0b3 1 26 0 26 0
l1i_u26-8 llc-0b4 1 26 0 26 0
l1i_u26-8 llc-0b5 1 26 0 26 0
l1i_u26-8 llc-0b6 1 26 0 26 0
l1i_u26-8 llc-0b7 1 26 0 26 0
l1i_u26-8 llc-0b8 1 26 0 26 0
l1i_u26-8 llc-0b9 1 26 0 26 0
l1i_u26-8 llc-0b10 1 26 0 26 0
l1i_u26-8 llc-0b11 1 26 0 26 0
l1i_u26-8 llc-0b12 1 26 0 26 0
l1i_u26-8 llc-0b13 1 26 0 26 0
l1i_u26-8 llc-0b14 1 26 0 26 0
l1i_u26-8 llc-0b15 1 26 0 26 0
l1i_u26-8 llc-0b16 1 26 0 26 0
l1i_u26-8 llc-0b17 1 26 0 26 0
l1i_u26-8 llc-0b18 1 26 0 26 0
l1i_u26-8 llc-0b19 1 26 0 26 0
l1i_u26-8 llc-0b20 1 26 0 26 0
l1i_u26-8 llc-0b21 1 26 0 26 0
l1i_u26-8 llc-0b22 1 26 0 26 0
l1i_u26-8 llc-0b23 1 26 0 26 0
l1i_u26-8 llc-0b24 1 26 0 26 0
l1i_u26-8 llc-0b25 1 26 0 26 0
l1i_u26-8 llc-0b26 1 26 0 26 0
l1i_u26-8 llc-0b27 1 26 0 26 0
l1i_u26-8 llc-0b28 1 26 0 26 0
l1i_u26-8 llc-0b29 1 26 0 26 0
l1i_u26-8 llc-0b30 1 26 0 26 0
l1i_u26-8 llc-0b31 1 26 0 26 0
l1i_u26-9 llc-0b0 1 26 0 26 0
l1i_u26-9 llc-0b1 1 26 0 26 0
l1i_u26-9 llc-0b2 1 26 0 26 0
l1i_u26-9 llc-0b3 1 26 0 26 0
l1i_u26-9 llc-0b4 1 26 0 26 0
l1i_u26-9 llc-0b5 1 26 0 26 0
l1i_u26-9 llc-0b6 1 26 0 26 0
l1i_u26-9 llc-0b7 1 26 0 26 0
l1i_u26-9 llc-0b8 1 26 0 26 0
l1i_u26-9 llc-0b9 1 26 0 26 0
l1i_u26-9 llc-0b10 1 26 0 26 0
l1i_u26-9 llc-0b11 1 26 0 26 0
l1i_u26-9 llc-0b12 1 26 0 26 0
l1i_u26-9 llc-0b13 1 26 0 26 0
l1i_u26-9 llc-0b14 1 26 0 26 0
l1i_u26-9 llc-0b15 1 26 0 26 0
l1i_u26-9 llc-0b16 1 26 0 26 0
l1i_u26-9 llc-0b17 1 26 0 26 0
l1i_u26-9 llc-0b18 1 26 0 26 0
l1i_u26-9 llc-0b19 1 26 0 26 0
l1i_u26-9 llc-0b20 1 26 0 26 0
l1i_u26-9 llc-0b21 1 26 0 26 0
l1i_u26-9 llc-0b22 1 26 0 26 0
l1i_u26-9 llc-0b23 1 26 0 26 0
l1i_u26-9 llc-0b24 1 26 0 26 0
l1i_u26-9 llc-0b25 1 26 0 26 0
l1i_u26-9 llc-0b26 1 26 0 26 0
l1i_u26-9 llc-0b27 1 26 0 26 0
l1i_u26-9 llc-0b28 1 26 0 26 0
l1i_u26-9 llc-0b29 1 26 0 26 0
l1i_u26-9 llc-0b30 1 26 0 26 0
l1i_u26-9 llc-0b31 1 26 0 26 0
l1i_u26-10 llc-0b0 1 26 0 26 0
l1i_u26-10 llc-0b1 1 26 0 26 0
l1i_u26-10 llc-0b2 1 26 0 26 0
l1i_u26-10 llc-0b3 1 26 0 26 0
l1i_u26-10 llc-0b4 1 26 0 26 0
l1i_u26-10 llc-0b5 1 26 0 26 0
l1i_u26-10 llc-0b6 1 26 0 26 0
l1i_u26-10 llc-0b7 1 26 0 26 0
l1i_u26-10 llc-0b8 1 26 0 26 0
l1i_u26-10 llc-0b9 1 26 0 26 0
l1i_u26-10 llc-0b10 1 26 0 26 0
l1i_u26-10 llc-0b11 1 26 0 26 0
l1i_u26-10 llc-0b12 1 26 0 26 0
l1i_u26-10 llc-0b13 1 26 0 26 0
l1i_u26-10 llc-0b14 1 26 0 26 0
l1i_u26-10 llc-0b15 1 26 0 26 0
l1i_u26-10 llc-0b16 1 26 0 26 0
l1i_u26-10 llc-0b17 1 26 0 26 0
l1i_u26-10 llc-0b18 1 26 0 26 0
l1i_u26-10 llc-0b19 1 26 0 26 0
l1i_u26-10 llc-0b20 1 26 0 26 0
l1i_u26-10 llc-0b21 1 26 0 26 0
l1i_u26-10 llc-0b22 1 26 0 26 0
l1i_u26-10 llc-0b23 1 26 0 26 0
l1i_u26-10 llc-0b24 1 26 0 26 0
l1i_u26-10 llc-0b25 1 26 0 26 0
l1i_u26-10 llc-0b26 1 26 0 26 0
l1i_u26-10 llc-0b27 1 26 0 26 0
l1i_u26-10 llc-0b28 1 26 0 26 0
l1i_u26-10 llc-0b29 1 26 0 26 0
l1i_u26-10 llc-0b30 1 26 0 26 0
l1i_u26-10 llc-0b31 1 26 0 26 0
l1i_u26-11 llc-0b0 1 26 0 26 0
l1i_u26-11 llc-0b1 1 26 0 26 0
l1i_u26-11 llc-0b2 1 26 0 26 0
l1i_u26-11 llc-0b3 1 26 0 26 0
l1i_u26-11 llc-0b4 1 26 0 26 0
l1i_u26-11 llc-0b5 1 26 0 26 0
l1i_u26-11 llc-0b6 1 26 0 26 0
l1i_u26-11 llc-0b7 1 26 0 26 0
l1i_u26-11 llc-0b8 1 26 0 26 0
l1i_u26-11 llc-0b9 1 26 0 26 0
l1i_u26-11 llc-0b10 1 26 0 26 0
l1i_u26-11 llc-0b11 1 26 0 26 0
l1i_u26-11 llc-0b12 1 26 0 26 0
l1i_u26-11 llc-0b13 1 26 0 26 0
l1i_u26-11 llc-0b14 1 26 0 26 0
l1i_u26-11 llc-0b15 1 26 0 26 0
l1i_u26-11 llc-0b16 1 26 0 26 0
l1i_u26-11 llc-0b17 1 26 0 26 0
l1i_u26-11 llc-0b18 1 26 0 26 0
l1i_u26-11 llc-0b19 1 26 0 26 0
l1i_u26-11 llc-0b20 1 26 0 26 0
l1i_u26-11 llc-0b21 1 26 0 26 0
l1i_u26-11 llc-0b22 1 26 0 26 0
l1i_u26-11 llc-0b23 1 26 0 26 0
l1i_u26-11 llc-0b24 1 26 0 26 0
l1i_u26-11 llc-0b25 1 26 0 26 0
l1i_u26-11 llc-0b26 1 26 0 26 0
l1i_u26-11 llc-0b27 1 26 0 26 0
l1i_u26-11 llc-0b28 1 26 0 26 0
l1i_u26-11 llc-0b29 1 26 0 26 0
l1i_u26-11 llc-0b30 1 26 0 26 0
l1i_u26-11 llc-0b31 1 26 0 26 0
l1i_u26-12 llc-0b0 1 26 0 26 0
l1i_u26-12 llc-0b1 1 26 0 26 0
l1i_u26-12 llc-0b2 1 26 0 26 0
l1i_u26-12 llc-0b3 1 26 0 26 0
l1i_u26-12 llc-0b4 1 26 0 26 0
l1i_u26-12 llc-0b5 1 26 0 26 0
l1i_u26-12 llc-0b6 1 26 0 26 0
l1i_u26-12 llc-0b7 1 26 0 26 0
l1i_u26-12 llc-0b8 1 26 0 26 0
l1i_u26-12 llc-0b9 1 26 0 26 0
l1i_u26-12 llc-0b10 1 26 0 26 0
l1i_u26-12 llc-0b11 1 26 0 26 0
l1i_u26-12 llc-0b12 1 26 0 26 0
l1i_u26-12 llc-0b13 1 26 0 26 0
l1i_u26-12 llc-0b14 1 26 0 26 0
l1i_u26-12 llc-0b15 1 26 0 26 0
l1i_u26-12 llc-0b16 1 26 0 26 0
l1i_u26-12 llc-0b17 1 26 0 26 0
l1i_u26-12 llc-0b18 1 26 0 26 0
l1i_u26-12 llc-0b19 1 26 0 26 0
l1i_u26-12 llc-0b20 1 26 0 26 0
l1i_u26-12 llc-0b21 1 26 0 26 0
l1i_u26-12 llc-0b22 1 26 0 26 0
l1i_u26-12 llc-0b23 1 26 0 26 0
l1i_u26-12 llc-0b24 1 26 0 26 0
l1i_u26-12 llc-0b25 1 26 0 26 0
l1i_u26-12 llc-0b26 1 26 0 26 0
l1i_u26-12 llc-0b27 1 26 0 26 0
l1i_u26-12 llc-0b28 1 26 0 26 0
l1i_u26-12 llc-0b29 1 26 0 26 0
l1i_u26-12 llc-0b30 1 26 0 26 0
l1i_u26-12 llc-0b31 1 26 0 26 0
l1i_u26-13 llc-0b0 1 26 0 26 0
l1i_u26-13 llc-0b1 1 26 0 26 0
l1i_u26-13 llc-0b2 1 26 0 26 0
l1i_u26-13 llc-0b3 1 26 0 26 0
l1i_u26-13 llc-0b4 1 26 0 26 0
l1i_u26-13 llc-0b5 1 26 0 26 0
l1i_u26-13 llc-0b6 1 26 0 26 0
l1i_u26-13 llc-0b7 1 26 0 26 0
l1i_u26-13 llc-0b8 1 26 0 26 0
l1i_u26-13 llc-0b9 1 26 0 26 0
l1i_u26-13 llc-0b10 1 26 0 26 0
l1i_u26-13 llc-0b11 1 26 0 26 0
l1i_u26-13 llc-0b12 1 26 0 26 0
l1i_u26-13 llc-0b13 1 26 0 26 0
l1i_u26-13 llc-0b14 1 26 0 26 0
l1i_u26-13 llc-0b15 1 26 0 26 0
l1i_u26-13 llc-0b16 1 26 0 26 0
l1i_u26-13 llc-0b17 1 26 0 26 0
l1i_u26-13 llc-0b18 1 26 0 26 0
l1i_u26-13 llc-0b19 1 26 0 26 0
l1i_u26-13 llc-0b20 1 26 0 26 0
l1i_u26-13 llc-0b21 1 26 0 26 0
l1i_u26-13 llc-0b22 1 26 0 26 0
l1i_u26-13 llc-0b23 1 26 0 26 0
l1i_u26-13 llc-0b24 1 26 0 26 0
l1i_u26-13 llc-0b25 1 26 0 26 0
l1i_u26-13 llc-0b26 1 26 0 26 0
l1i_u26-13 llc-0b27 1 26 0 26 0
l1i_u26-13 llc-0b28 1 26 0 26 0
l1i_u26-13 llc-0b29 1 26 0 26 0
l1i_u26-13 llc-0b30 1 26 0 26 0
l1i_u26-13 llc-0b31 1 26 0 26 0
l1i_u26-14 llc-0b0 1 26 0 26 0
l1i_u26-14 llc-0b1 1 26 0 26 0
l1i_u26-14 llc-0b2 1 26 0 26 0
l1i_u26-14 llc-0b3 1 26 0 26 0
l1i_u26-14 llc-0b4 1 26 0 26 0
l1i_u26-14 llc-0b5 1 26 0 26 0
l1i_u26-14 llc-0b6 1 26 0 26 0
l1i_u26-14 llc-0b7 1 26 0 26 0
l1i_u26-14 llc-0b8 1 26 0 26 0
l1i_u26-14 llc-0b9 1 26 0 26 0
l1i_u26-14 llc-0b10 1 26 0 26 0
l1i_u26-14 llc-0b11 1 26 0 26 0
l1i_u26-14 llc-0b12 1 26 0 26 0
l1i_u26-14 llc-0b13 1 26 0 26 0
l1i_u26-14 llc-0b14 1 26 0 26 0
l1i_u26-14 llc-0b15 1 26 0 26 0
l1i_u26-14 llc-0b16 1 26 0 26 0
l1i_u26-14 llc-0b17 1 26 0 26 0
l1i_u26-14 llc-0b18 1 26 0 26 0
l1i_u26-14 llc-0b19 1 26 0 26 0
l1i_u26-14 llc-0b20 1 26 0 26 0
l1i_u26-14 llc-0b21 1 26 0 26 0
l1i_u26-14 llc-0b22 1 26 0 26 0
l1i_u26-14 llc-0b23 1 26 0 26 0
l1i_u26-14 llc-0b24 1 26 0 26 0
l1i_u26-14 llc-0b25 1 26 0 26 0
l1i_u26-14 llc-0b26 1 26 0 26 0
l1i_u26-14 llc-0b27 1 26 0 26 0
l1i_u26-14 llc-0b28 1 26 0 26 0
l1i_u26-14 llc-0b29 1 26 0 26 0
l1i_u26-14 llc-0b30 1 26 0 26 0
l1i_u26-14 llc-0b31 1 26 0 26 0
l1i_u26-15 llc-0b0 1 26 0 26 0
l1i_u26-15 llc-0b1 1 26 0 26 0
l1i_u26-15 llc-0b2 1 26 0 26 0
l1i_u26-15 llc-0b3 1 26 0 26 0
l1i_u26-15 llc-0b4 1 26 0 26 0
l1i_u26-15 llc-0b5 1 26 0 26 0
l1i_u26-15 llc-0b6 1 26 0 26 0
l1i_u26-15 llc-0b7 1 26 0 26 0
l1i_u26-15 llc-0b8 1 26 0 26 0
l1i_u26-15 llc-0b9 1 26 0 26 0
l1i_u26-15 llc-0b10 1 26 0 26 0
l1i_u26-15 llc-0b11 1 26 0 26 0
l1i_u26-15 llc-0b12 1 26 0 26 0
l1i_u26-15 llc-0b13 1 26 0 26 0
l1i_u26-15 llc-0b14 1 26 0 26 0
l1i_u26-15 llc-0b15 1 26 0 26 0
l1i_u26-15 llc-0b16 1 26 0 26 0
l1i_u26-15 llc-0b17 1 26 0 26 0
l1i_u26-15 llc-0b18 1 26 0 26 0
l1i_u26-15 llc-0b19 1 26 0 26 0
l1i_u26-15 llc-0b20 1 26 0 26 0
l1i_u26-15 llc-0b21 1 26 0 26 0
l1i_u26-15 llc-0b22 1 26 0 26 0
l1i_u26-15 llc-0b23 1 26 0 26 0
l1i_u26-15 llc-0b24 1 26 0 26 0
l1i_u26-15 llc-0b25 1 26 0 26 0
l1i_u26-15 llc-0b26 1 26 0 26 0
l1i_u26-15 llc-0b27 1 26 0 26 0
l1i_u26-15 llc-0b28 1 26 0 26 0
l1i_u26-15 llc-0b29 1 26 0 26 0
l1i_u26-15 llc-0b30 1 26 0 26 0
l1i_u26-15 llc-0b31 1 26 0 26 0
l1d_u26-0 llc-0b0 1 26 0 26 0
l1d_u26-0 llc-0b1 1 26 0 26 0
l1d_u26-0 llc-0b2 1 26 0 26 0
l1d_u26-0 llc-0b3 1 26 0 26 0
l1d_u26-0 llc-0b4 1 26 0 26 0
l1d_u26-0 llc-0b5 1 26 0 26 0
l1d_u26-0 llc-0b6 1 26 0 26 0
l1d_u26-0 llc-0b7 1 26 0 26 0
l1d_u26-0 llc-0b8 1 26 0 26 0
l1d_u26-0 llc-0b9 1 26 0 26 0
l1d_u26-0 llc-0b10 1 26 0 26 0
l1d_u26-0 llc-0b11 1 26 0 26 0
l1d_u26-0 llc-0b12 1 26 0 26 0
l1d_u26-0 llc-0b13 1 26 0 26 0
l1d_u26-0 llc-0b14 1 26 0 26 0
l1d_u26-0 llc-0b15 1 26 0 26 0
l1d_u26-0 llc-0b16 1 26 0 26 0
l1d_u26-0 llc-0b17 1 26 0 26 0
l1d_u26-0 llc-0b18 1 26 0 26 0
l1d_u26-0 llc-0b19 1 26 0 26 0
l1d_u26-0 llc-0b20 1 26 0 26 0
l1d_u26-0 llc-0b21 1 26 0 26 0
l1d_u26-0 llc-0b22 1 26 0 26 0
l1d_u26-0 llc-0b23 1 26 0 26 0
l1d_u26-0 llc-0b24 1 26 0 26 0
l1d_u26-0 llc-0b25 1 26 0 26 0
l1d_u26-0 llc-0b26 1 26 0 26 0
l1d_u26-0 llc-0b27 1 26 0 26 0
l1d_u26-0 llc-0b28 1 26 0 26 0
l1d_u26-0 llc-0b29 1 26 0 26 0
l1d_u26-0 llc-0b30 1 26 0 26 0
l1d_u26-0 llc-0b31 1 26 0 26 0
l1d_u26-1 llc-0b0 1 26 0 26 0
l1d_u26-1 llc-0b1 1 26 0 26 0
l1d_u26-1 llc-0b2 1 26 0 26 0
l1d_u26-1 llc-0b3 1 26 0 26 0
l1d_u26-1 llc-0b4 1 26 0 26 0
l1d_u26-1 llc-0b5 1 26 0 26 0
l1d_u26-1 llc-0b6 1 26 0 26 0
l1d_u26-1 llc-0b7 1 26 0 26 0
l1d_u26-1 llc-0b8 1 26 0 26 0
l1d_u26-1 llc-0b9 1 26 0 26 0
l1d_u26-1 llc-0b10 1 26 0 26 0
l1d_u26-1 llc-0b11 1 26 0 26 0
l1d_u26-1 llc-0b12 1 26 0 26 0
l1d_u26-1 llc-0b13 1 26 0 26 0
l1d_u26-1 llc-0b14 1 26 0 26 0
l1d_u26-1 llc-0b15 1 26 0 26 0
l1d_u26-1 llc-0b16 1 26 0 26 0
l1d_u26-1 llc-0b17 1 26 0 26 0
l1d_u26-1 llc-0b18 1 26 0 26 0
l1d_u26-1 llc-0b19 1 26 0 26 0
l1d_u26-1 llc-0b20 1 26 0 26 0
l1d_u26-1 llc-0b21 1 26 0 26 0
l1d_u26-1 llc-0b22 1 26 0 26 0
l1d_u26-1 llc-0b23 1 26 0 26 0
l1d_u26-1 llc-0b24 1 26 0 26 0
l1d_u26-1 llc-0b25 1 26 0 26 0
l1d_u26-1 llc-0b26 1 26 0 26 0
l1d_u26-1 llc-0b27 1 26 0 26 0
l1d_u26-1 llc-0b28 1 26 0 26 0
l1d_u26-1 llc-0b29 1 26 0 26 0
l1d_u26-1 llc-0b30 1 26 0 26 0
l1d_u26-1 llc-0b31 1 26 0 26 0
l1d_u26-2 llc-0b0 1 26 0 26 0
l1d_u26-2 llc-0b1 1 26 0 26 0
l1d_u26-2 llc-0b2 1 26 0 26 0
l1d_u26-2 llc-0b3 1 26 0 26 0
l1d_u26-2 llc-0b4 1 26 0 26 0
l1d_u26-2 llc-0b5 1 26 0 26 0
l1d_u26-2 llc-0b6 1 26 0 26 0
l1d_u26-2 llc-0b7 1 26 0 26 0
l1d_u26-2 llc-0b8 1 26 0 26 0
l1d_u26-2 llc-0b9 1 26 0 26 0
l1d_u26-2 llc-0b10 1 26 0 26 0
l1d_u26-2 llc-0b11 1 26 0 26 0
l1d_u26-2 llc-0b12 1 26 0 26 0
l1d_u26-2 llc-0b13 1 26 0 26 0
l1d_u26-2 llc-0b14 1 26 0 26 0
l1d_u26-2 llc-0b15 1 26 0 26 0
l1d_u26-2 llc-0b16 1 26 0 26 0
l1d_u26-2 llc-0b17 1 26 0 26 0
l1d_u26-2 llc-0b18 1 26 0 26 0
l1d_u26-2 llc-0b19 1 26 0 26 0
l1d_u26-2 llc-0b20 1 26 0 26 0
l1d_u26-2 llc-0b21 1 26 0 26 0
l1d_u26-2 llc-0b22 1 26 0 26 0
l1d_u26-2 llc-0b23 1 26 0 26 0
l1d_u26-2 llc-0b24 1 26 0 26 0
l1d_u26-2 llc-0b25 1 26 0 26 0
l1d_u26-2 llc-0b26 1 26 0 26 0
l1d_u26-2 llc-0b27 1 26 0 26 0
l1d_u26-2 llc-0b28 1 26 0 26 0
l1d_u26-2 llc-0b29 1 26 0 26 0
l1d_u26-2 llc-0b30 1 26 0 26 0
l1d_u26-2 llc-0b31 1 26 0 26 0
l1d_u26-3 llc-0b0 1 26 0 26 0
l1d_u26-3 llc-0b1 1 26 0 26 0
l1d_u26-3 llc-0b2 1 26 0 26 0
l1d_u26-3 llc-0b3 1 26 0 26 0
l1d_u26-3 llc-0b4 1 26 0 26 0
l1d_u26-3 llc-0b5 1 26 0 26 0
l1d_u26-3 llc-0b6 1 26 0 26 0
l1d_u26-3 llc-0b7 1 26 0 26 0
l1d_u26-3 llc-0b8 1 26 0 26 0
l1d_u26-3 llc-0b9 1 26 0 26 0
l1d_u26-3 llc-0b10 1 26 0 26 0
l1d_u26-3 llc-0b11 1 26 0 26 0
l1d_u26-3 llc-0b12 1 26 0 26 0
l1d_u26-3 llc-0b13 1 26 0 26 0
l1d_u26-3 llc-0b14 1 26 0 26 0
l1d_u26-3 llc-0b15 1 26 0 26 0
l1d_u26-3 llc-0b16 1 26 0 26 0
l1d_u26-3 llc-0b17 1 26 0 26 0
l1d_u26-3 llc-0b18 1 26 0 26 0
l1d_u26-3 llc-0b19 1 26 0 26 0
l1d_u26-3 llc-0b20 1 26 0 26 0
l1d_u26-3 llc-0b21 1 26 0 26 0
l1d_u26-3 llc-0b22 1 26 0 26 0
l1d_u26-3 llc-0b23 1 26 0 26 0
l1d_u26-3 llc-0b24 1 26 0 26 0
l1d_u26-3 llc-0b25 1 26 0 26 0
l1d_u26-3 llc-0b26 1 26 0 26 0
l1d_u26-3 llc-0b27 1 26 0 26 0
l1d_u26-3 llc-0b28 1 26 0 26 0
l1d_u26-3 llc-0b29 1 26 0 26 0
l1d_u26-3 llc-0b30 1 26 0 26 0
l1d_u26-3 llc-0b31 1 26 0 26 0
l1d_u26-4 llc-0b0 1 26 0 26 0
l1d_u26-4 llc-0b1 1 26 0 26 0
l1d_u26-4 llc-0b2 1 26 0 26 0
l1d_u26-4 llc-0b3 1 26 0 26 0
l1d_u26-4 llc-0b4 1 26 0 26 0
l1d_u26-4 llc-0b5 1 26 0 26 0
l1d_u26-4 llc-0b6 1 26 0 26 0
l1d_u26-4 llc-0b7 1 26 0 26 0
l1d_u26-4 llc-0b8 1 26 0 26 0
l1d_u26-4 llc-0b9 1 26 0 26 0
l1d_u26-4 llc-0b10 1 26 0 26 0
l1d_u26-4 llc-0b11 1 26 0 26 0
l1d_u26-4 llc-0b12 1 26 0 26 0
l1d_u26-4 llc-0b13 1 26 0 26 0
l1d_u26-4 llc-0b14 1 26 0 26 0
l1d_u26-4 llc-0b15 1 26 0 26 0
l1d_u26-4 llc-0b16 1 26 0 26 0
l1d_u26-4 llc-0b17 1 26 0 26 0
l1d_u26-4 llc-0b18 1 26 0 26 0
l1d_u26-4 llc-0b19 1 26 0 26 0
l1d_u26-4 llc-0b20 1 26 0 26 0
l1d_u26-4 llc-0b21 1 26 0 26 0
l1d_u26-4 llc-0b22 1 26 0 26 0
l1d_u26-4 llc-0b23 1 26 0 26 0
l1d_u26-4 llc-0b24 1 26 0 26 0
l1d_u26-4 llc-0b25 1 26 0 26 0
l1d_u26-4 llc-0b26 1 26 0 26 0
l1d_u26-4 llc-0b27 1 26 0 26 0
l1d_u26-4 llc-0b28 1 26 0 26 0
l1d_u26-4 llc-0b29 1 26 0 26 0
l1d_u26-4 llc-0b30 1 26 0 26 0
l1d_u26-4 llc-0b31 1 26 0 26 0
l1d_u26-5 llc-0b0 1 26 0 26 0
l1d_u26-5 llc-0b1 1 26 0 26 0
l1d_u26-5 llc-0b2 1 26 0 26 0
l1d_u26-5 llc-0b3 1 26 0 26 0
l1d_u26-5 llc-0b4 1 26 0 26 0
l1d_u26-5 llc-0b5 1 26 0 26 0
l1d_u26-5 llc-0b6 1 26 0 26 0
l1d_u26-5 llc-0b7 1 26 0 26 0
l1d_u26-5 llc-0b8 1 26 0 26 0
l1d_u26-5 llc-0b9 1 26 0 26 0
l1d_u26-5 llc-0b10 1 26 0 26 0
l1d_u26-5 llc-0b11 1 26 0 26 0
l1d_u26-5 llc-0b12 1 26 0 26 0
l1d_u26-5 llc-0b13 1 26 0 26 0
l1d_u26-5 llc-0b14 1 26 0 26 0
l1d_u26-5 llc-0b15 1 26 0 26 0
l1d_u26-5 llc-0b16 1 26 0 26 0
l1d_u26-5 llc-0b17 1 26 0 26 0
l1d_u26-5 llc-0b18 1 26 0 26 0
l1d_u26-5 llc-0b19 1 26 0 26 0
l1d_u26-5 llc-0b20 1 26 0 26 0
l1d_u26-5 llc-0b21 1 26 0 26 0
l1d_u26-5 llc-0b22 1 26 0 26 0
l1d_u26-5 llc-0b23 1 26 0 26 0
l1d_u26-5 llc-0b24 1 26 0 26 0
l1d_u26-5 llc-0b25 1 26 0 26 0
l1d_u26-5 llc-0b26 1 26 0 26 0
l1d_u26-5 llc-0b27 1 26 0 26 0
l1d_u26-5 llc-0b28 1 26 0 26 0
l1d_u26-5 llc-0b29 1 26 0 26 0
l1d_u26-5 llc-0b30 1 26 0 26 0
l1d_u26-5 llc-0b31 1 26 0 26 0
l1d_u26-6 llc-0b0 1 26 0 26 0
l1d_u26-6 llc-0b1 1 26 0 26 0
l1d_u26-6 llc-0b2 1 26 0 26 0
l1d_u26-6 llc-0b3 1 26 0 26 0
l1d_u26-6 llc-0b4 1 26 0 26 0
l1d_u26-6 llc-0b5 1 26 0 26 0
l1d_u26-6 llc-0b6 1 26 0 26 0
l1d_u26-6 llc-0b7 1 26 0 26 0
l1d_u26-6 llc-0b8 1 26 0 26 0
l1d_u26-6 llc-0b9 1 26 0 26 0
l1d_u26-6 llc-0b10 1 26 0 26 0
l1d_u26-6 llc-0b11 1 26 0 26 0
l1d_u26-6 llc-0b12 1 26 0 26 0
l1d_u26-6 llc-0b13 1 26 0 26 0
l1d_u26-6 llc-0b14 1 26 0 26 0
l1d_u26-6 llc-0b15 1 26 0 26 0
l1d_u26-6 llc-0b16 1 26 0 26 0
l1d_u26-6 llc-0b17 1 26 0 26 0
l1d_u26-6 llc-0b18 1 26 0 26 0
l1d_u26-6 llc-0b19 1 26 0 26 0
l1d_u26-6 llc-0b20 1 26 0 26 0
l1d_u26-6 llc-0b21 1 26 0 26 0
l1d_u26-6 llc-0b22 1 26 0 26 0
l1d_u26-6 llc-0b23 1 26 0 26 0
l1d_u26-6 llc-0b24 1 26 0 26 0
l1d_u26-6 llc-0b25 1 26 0 26 0
l1d_u26-6 llc-0b26 1 26 0 26 0
l1d_u26-6 llc-0b27 1 26 0 26 0
l1d_u26-6 llc-0b28 1 26 0 26 0
l1d_u26-6 llc-0b29 1 26 0 26 0
l1d_u26-6 llc-0b30 1 26 0 26 0
l1d_u26-6 llc-0b31 1 26 0 26 0
l1d_u26-7 llc-0b0 1 26 0 26 0
l1d_u26-7 llc-0b1 1 26 0 26 0
l1d_u26-7 llc-0b2 1 26 0 26 0
l1d_u26-7 llc-0b3 1 26 0 26 0
l1d_u26-7 llc-0b4 1 26 0 26 0
l1d_u26-7 llc-0b5 1 26 0 26 0
l1d_u26-7 llc-0b6 1 26 0 26 0
l1d_u26-7 llc-0b7 1 26 0 26 0
l1d_u26-7 llc-0b8 1 26 0 26 0
l1d_u26-7 llc-0b9 1 26 0 26 0
l1d_u26-7 llc-0b10 1 26 0 26 0
l1d_u26-7 llc-0b11 1 26 0 26 0
l1d_u26-7 llc-0b12 1 26 0 26 0
l1d_u26-7 llc-0b13 1 26 0 26 0
l1d_u26-7 llc-0b14 1 26 0 26 0
l1d_u26-7 llc-0b15 1 26 0 26 0
l1d_u26-7 llc-0b16 1 26 0 26 0
l1d_u26-7 llc-0b17 1 26 0 26 0
l1d_u26-7 llc-0b18 1 26 0 26 0
l1d_u26-7 llc-0b19 1 26 0 26 0
l1d_u26-7 llc-0b20 1 26 0 26 0
l1d_u26-7 llc-0b21 1 26 0 26 0
l1d_u26-7 llc-0b22 1 26 0 26 0
l1d_u26-7 llc-0b23 1 26 0 26 0
l1d_u26-7 llc-0b24 1 26 0 26 0
l1d_u26-7 llc-0b25 1 26 0 26 0
l1d_u26-7 llc-0b26 1 26 0 26 0
l1d_u26-7 llc-0b27 1 26 0 26 0
l1d_u26-7 llc-0b28 1 26 0 26 0
l1d_u26-7 llc-0b29 1 26 0 26 0
l1d_u26-7 llc-0b30 1 26 0 26 0
l1d_u26-7 llc-0b31 1 26 0 26 0
l1d_u26-8 llc-0b0 1 26 0 26 0
l1d_u26-8 llc-0b1 1 26 0 26 0
l1d_u26-8 llc-0b2 1 26 0 26 0
l1d_u26-8 llc-0b3 1 26 0 26 0
l1d_u26-8 llc-0b4 1 26 0 26 0
l1d_u26-8 llc-0b5 1 26 0 26 0
l1d_u26-8 llc-0b6 1 26 0 26 0
l1d_u26-8 llc-0b7 1 26 0 26 0
l1d_u26-8 llc-0b8 1 26 0 26 0
l1d_u26-8 llc-0b9 1 26 0 26 0
l1d_u26-8 llc-0b10 1 26 0 26 0
l1d_u26-8 llc-0b11 1 26 0 26 0
l1d_u26-8 llc-0b12 1 26 0 26 0
l1d_u26-8 llc-0b13 1 26 0 26 0
l1d_u26-8 llc-0b14 1 26 0 26 0
l1d_u26-8 llc-0b15 1 26 0 26 0
l1d_u26-8 llc-0b16 1 26 0 26 0
l1d_u26-8 llc-0b17 1 26 0 26 0
l1d_u26-8 llc-0b18 1 26 0 26 0
l1d_u26-8 llc-0b19 1 26 0 26 0
l1d_u26-8 llc-0b20 1 26 0 26 0
l1d_u26-8 llc-0b21 1 26 0 26 0
l1d_u26-8 llc-0b22 1 26 0 26 0
l1d_u26-8 llc-0b23 1 26 0 26 0
l1d_u26-8 llc-0b24 1 26 0 26 0
l1d_u26-8 llc-0b25 1 26 0 26 0
l1d_u26-8 llc-0b26 1 26 0 26 0
l1d_u26-8 llc-0b27 1 26 0 26 0
l1d_u26-8 llc-0b28 1 26 0 26 0
l1d_u26-8 llc-0b29 1 26 0 26 0
l1d_u26-8 llc-0b30 1 26 0 26 0
l1d_u26-8 llc-0b31 1 26 0 26 0
l1d_u26-9 llc-0b0 1 26 0 26 0
l1d_u26-9 llc-0b1 1 26 0 26 0
l1d_u26-9 llc-0b2 1 26 0 26 0
l1d_u26-9 llc-0b3 1 26 0 26 0
l1d_u26-9 llc-0b4 1 26 0 26 0
l1d_u26-9 llc-0b5 1 26 0 26 0
l1d_u26-9 llc-0b6 1 26 0 26 0
l1d_u26-9 llc-0b7 1 26 0 26 0
l1d_u26-9 llc-0b8 1 26 0 26 0
l1d_u26-9 llc-0b9 1 26 0 26 0
l1d_u26-9 llc-0b10 1 26 0 26 0
l1d_u26-9 llc-0b11 1 26 0 26 0
l1d_u26-9 llc-0b12 1 26 0 26 0
l1d_u26-9 llc-0b13 1 26 0 26 0
l1d_u26-9 llc-0b14 1 26 0 26 0
l1d_u26-9 llc-0b15 1 26 0 26 0
l1d_u26-9 llc-0b16 1 26 0 26 0
l1d_u26-9 llc-0b17 1 26 0 26 0
l1d_u26-9 llc-0b18 1 26 0 26 0
l1d_u26-9 llc-0b19 1 26 0 26 0
l1d_u26-9 llc-0b20 1 26 0 26 0
l1d_u26-9 llc-0b21 1 26 0 26 0
l1d_u26-9 llc-0b22 1 26 0 26 0
l1d_u26-9 llc-0b23 1 26 0 26 0
l1d_u26-9 llc-0b24 1 26 0 26 0
l1d_u26-9 llc-0b25 1 26 0 26 0
l1d_u26-9 llc-0b26 1 26 0 26 0
l1d_u26-9 llc-0b27 1 26 0 26 0
l1d_u26-9 llc-0b28 1 26 0 26 0
l1d_u26-9 llc-0b29 1 26 0 26 0
l1d_u26-9 llc-0b30 1 26 0 26 0
l1d_u26-9 llc-0b31 1 26 0 26 0
l1d_u26-10 llc-0b0 1 26 0 26 0
l1d_u26-10 llc-0b1 1 26 0 26 0
l1d_u26-10 llc-0b2 1 26 0 26 0
l1d_u26-10 llc-0b3 1 26 0 26 0
l1d_u26-10 llc-0b4 1 26 0 26 0
l1d_u26-10 llc-0b5 1 26 0 26 0
l1d_u26-10 llc-0b6 1 26 0 26 0
l1d_u26-10 llc-0b7 1 26 0 26 0
l1d_u26-10 llc-0b8 1 26 0 26 0
l1d_u26-10 llc-0b9 1 26 0 26 0
l1d_u26-10 llc-0b10 1 26 0 26 0
l1d_u26-10 llc-0b11 1 26 0 26 0
l1d_u26-10 llc-0b12 1 26 0 26 0
l1d_u26-10 llc-0b13 1 26 0 26 0
l1d_u26-10 llc-0b14 1 26 0 26 0
l1d_u26-10 llc-0b15 1 26 0 26 0
l1d_u26-10 llc-0b16 1 26 0 26 0
l1d_u26-10 llc-0b17 1 26 0 26 0
l1d_u26-10 llc-0b18 1 26 0 26 0
l1d_u26-10 llc-0b19 1 26 0 26 0
l1d_u26-10 llc-0b20 1 26 0 26 0
l1d_u26-10 llc-0b21 1 26 0 26 0
l1d_u26-10 llc-0b22 1 26 0 26 0
l1d_u26-10 llc-0b23 1 26 0 26 0
l1d_u26-10 llc-0b24 1 26 0 26 0
l1d_u26-10 llc-0b25 1 26 0 26 0
l1d_u26-10 llc-0b26 1 26 0 26 0
l1d_u26-10 llc-0b27 1 26 0 26 0
l1d_u26-10 llc-0b28 1 26 0 26 0
l1d_u26-10 llc-0b29 1 26 0 26 0
l1d_u26-10 llc-0b30 1 26 0 26 0
l1d_u26-10 llc-0b31 1 26 0 26 0
l1d_u26-11 llc-0b0 1 26 0 26 0
l1d_u26-11 llc-0b1 1 26 0 26 0
l1d_u26-11 llc-0b2 1 26 0 26 0
l1d_u26-11 llc-0b3 1 26 0 26 0
l1d_u26-11 llc-0b4 1 26 0 26 0
l1d_u26-11 llc-0b5 1 26 0 26 0
l1d_u26-11 llc-0b6 1 26 0 26 0
l1d_u26-11 llc-0b7 1 26 0 26 0
l1d_u26-11 llc-0b8 1 26 0 26 0
l1d_u26-11 llc-0b9 1 26 0 26 0
l1d_u26-11 llc-0b10 1 26 0 26 0
l1d_u26-11 llc-0b11 1 26 0 26 0
l1d_u26-11 llc-0b12 1 26 0 26 0
l1d_u26-11 llc-0b13 1 26 0 26 0
l1d_u26-11 llc-0b14 1 26 0 26 0
l1d_u26-11 llc-0b15 1 26 0 26 0
l1d_u26-11 llc-0b16 1 26 0 26 0
l1d_u26-11 llc-0b17 1 26 0 26 0
l1d_u26-11 llc-0b18 1 26 0 26 0
l1d_u26-11 llc-0b19 1 26 0 26 0
l1d_u26-11 llc-0b20 1 26 0 26 0
l1d_u26-11 llc-0b21 1 26 0 26 0
l1d_u26-11 llc-0b22 1 26 0 26 0
l1d_u26-11 llc-0b23 1 26 0 26 0
l1d_u26-11 llc-0b24 1 26 0 26 0
l1d_u26-11 llc-0b25 1 26 0 26 0
l1d_u26-11 llc-0b26 1 26 0 26 0
l1d_u26-11 llc-0b27 1 26 0 26 0
l1d_u26-11 llc-0b28 1 26 0 26 0
l1d_u26-11 llc-0b29 1 26 0 26 0
l1d_u26-11 llc-0b30 1 26 0 26 0
l1d_u26-11 llc-0b31 1 26 0 26 0
l1d_u26-12 llc-0b0 1 26 0 26 0
l1d_u26-12 llc-0b1 1 26 0 26 0
l1d_u26-12 llc-0b2 1 26 0 26 0
l1d_u26-12 llc-0b3 1 26 0 26 0
l1d_u26-12 llc-0b4 1 26 0 26 0
l1d_u26-12 llc-0b5 1 26 0 26 0
l1d_u26-12 llc-0b6 1 26 0 26 0
l1d_u26-12 llc-0b7 1 26 0 26 0
l1d_u26-12 llc-0b8 1 26 0 26 0
l1d_u26-12 llc-0b9 1 26 0 26 0
l1d_u26-12 llc-0b10 1 26 0 26 0
l1d_u26-12 llc-0b11 1 26 0 26 0
l1d_u26-12 llc-0b12 1 26 0 26 0
l1d_u26-12 llc-0b13 1 26 0 26 0
l1d_u26-12 llc-0b14 1 26 0 26 0
l1d_u26-12 llc-0b15 1 26 0 26 0
l1d_u26-12 llc-0b16 1 26 0 26 0
l1d_u26-12 llc-0b17 1 26 0 26 0
l1d_u26-12 llc-0b18 1 26 0 26 0
l1d_u26-12 llc-0b19 1 26 0 26 0
l1d_u26-12 llc-0b20 1 26 0 26 0
l1d_u26-12 llc-0b21 1 26 0 26 0
l1d_u26-12 llc-0b22 1 26 0 26 0
l1d_u26-12 llc-0b23 1 26 0 26 0
l1d_u26-12 llc-0b24 1 26 0 26 0
l1d_u26-12 llc-0b25 1 26 0 26 0
l1d_u26-12 llc-0b26 1 26 0 26 0
l1d_u26-12 llc-0b27 1 26 0 26 0
l1d_u26-12 llc-0b28 1 26 0 26 0
l1d_u26-12 llc-0b29 1 26 0 26 0
l1d_u26-12 llc-0b30 1 26 0 26 0
l1d_u26-12 llc-0b31 1 26 0 26 0
l1d_u26-13 llc-0b0 1 26 0 26 0
l1d_u26-13 llc-0b1 1 26 0 26 0
l1d_u26-13 llc-0b2 1 26 0 26 0
l1d_u26-13 llc-0b3 1 26 0 26 0
l1d_u26-13 llc-0b4 1 26 0 26 0
l1d_u26-13 llc-0b5 1 26 0 26 0
l1d_u26-13 llc-0b6 1 26 0 26 0
l1d_u26-13 llc-0b7 1 26 0 26 0
l1d_u26-13 llc-0b8 1 26 0 26 0
l1d_u26-13 llc-0b9 1 26 0 26 0
l1d_u26-13 llc-0b10 1 26 0 26 0
l1d_u26-13 llc-0b11 1 26 0 26 0
l1d_u26-13 llc-0b12 1 26 0 26 0
l1d_u26-13 llc-0b13 1 26 0 26 0
l1d_u26-13 llc-0b14 1 26 0 26 0
l1d_u26-13 llc-0b15 1 26 0 26 0
l1d_u26-13 llc-0b16 1 26 0 26 0
l1d_u26-13 llc-0b17 1 26 0 26 0
l1d_u26-13 llc-0b18 1 26 0 26 0
l1d_u26-13 llc-0b19 1 26 0 26 0
l1d_u26-13 llc-0b20 1 26 0 26 0
l1d_u26-13 llc-0b21 1 26 0 26 0
l1d_u26-13 llc-0b22 1 26 0 26 0
l1d_u26-13 llc-0b23 1 26 0 26 0
l1d_u26-13 llc-0b24 1 26 0 26 0
l1d_u26-13 llc-0b25 1 26 0 26 0
l1d_u26-13 llc-0b26 1 26 0 26 0
l1d_u26-13 llc-0b27 1 26 0 26 0
l1d_u26-13 llc-0b28 1 26 0 26 0
l1d_u26-13 llc-0b29 1 26 0 26 0
l1d_u26-13 llc-0b30 1 26 0 26 0
l1d_u26-13 llc-0b31 1 26 0 26 0
l1d_u26-14 llc-0b0 1 26 0 26 0
l1d_u26-14 llc-0b1 1 26 0 26 0
l1d_u26-14 llc-0b2 1 26 0 26 0
l1d_u26-14 llc-0b3 1 26 0 26 0
l1d_u26-14 llc-0b4 1 26 0 26 0
l1d_u26-14 llc-0b5 1 26 0 26 0
l1d_u26-14 llc-0b6 1 26 0 26 0
l1d_u26-14 llc-0b7 1 26 0 26 0
l1d_u26-14 llc-0b8 1 26 0 26 0
l1d_u26-14 llc-0b9 1 26 0 26 0
l1d_u26-14 llc-0b10 1 26 0 26 0
l1d_u26-14 llc-0b11 1 26 0 26 0
l1d_u26-14 llc-0b12 1 26 0 26 0
l1d_u26-14 llc-0b13 1 26 0 26 0
l1d_u26-14 llc-0b14 1 26 0 26 0
l1d_u26-14 llc-0b15 1 26 0 26 0
l1d_u26-14 llc-0b16 1 26 0 26 0
l1d_u26-14 llc-0b17 1 26 0 26 0
l1d_u26-14 llc-0b18 1 26 0 26 0
l1d_u26-14 llc-0b19 1 26 0 26 0
l1d_u26-14 llc-0b20 1 26 0 26 0
l1d_u26-14 llc-0b21 1 26 0 26 0
l1d_u26-14 llc-0b22 1 26 0 26 0
l1d_u26-14 llc-0b23 1 26 0 26 0
l1d_u26-14 llc-0b24 1 26 0 26 0
l1d_u26-14 llc-0b25 1 26 0 26 0
l1d_u26-14 llc-0b26 1 26 0 26 0
l1d_u26-14 llc-0b27 1 26 0 26 0
l1d_u26-14 llc-0b28 1 26 0 26 0
l1d_u26-14 llc-0b29 1 26 0 26 0
l1d_u26-14 llc-0b30 1 26 0 26 0
l1d_u26-14 llc-0b31 1 26 0 26 0
l1d_u26-15 llc-0b0 1 26 0 26 0
l1d_u26-15 llc-0b1 1 26 0 26 0
l1d_u26-15 llc-0b2 1 26 0 26 0
l1d_u26-15 llc-0b3 1 26 0 26 0
l1d_u26-15 llc-0b4 1 26 0 26 0
l1d_u26-15 llc-0b5 1 26 0 26 0
l1d_u26-15 llc-0b6 1 26 0 26 0
l1d_u26-15 llc-0b7 1 26 0 26 0
l1d_u26-15 llc-0b8 1 26 0 26 0
l1d_u26-15 llc-0b9 1 26 0 26 0
l1d_u26-15 llc-0b10 1 26 0 26 0
l1d_u26-15 llc-0b11 1 26 0 26 0
l1d_u26-15 llc-0b12 1 26 0 26 0
l1d_u26-15 llc-0b13 1 26 0 26 0
l1d_u26-15 llc-0b14 1 26 0 26 0
l1d_u26-15 llc-0b15 1 26 0 26 0
l1d_u26-15 llc-0b16 1 26 0 26 0
l1d_u26-15 llc-0b17 1 26 0 26 0
l1d_u26-15 llc-0b18 1 26 0 26 0
l1d_u26-15 llc-0b19 1 26 0 26 0
l1d_u26-15 llc-0b20 1 26 0 26 0
l1d_u26-15 llc-0b21 1 26 0 26 0
l1d_u26-15 llc-0b22 1 26 0 26 0
l1d_u26-15 llc-0b23 1 26 0 26 0
l1d_u26-15 llc-0b24 1 26 0 26 0
l1d_u26-15 llc-0b25 1 26 0 26 0
l1d_u26-15 llc-0b26 1 26 0 26 0
l1d_u26-15 llc-0b27 1 26 0 26 0
l1d_u26-15 llc-0b28 1 26 0 26 0
l1d_u26-15 llc-0b29 1 26 0 26 0
l1d_u26-15 llc-0b30 1 26 0 26 0
l1d_u26-15 llc-0b31 1 26 0 26 0
l1i_u27-0 llc-0b0 1 27 0 27 0
l1i_u27-0 llc-0b1 1 27 0 27 0
l1i_u27-0 llc-0b2 1 27 0 27 0
l1i_u27-0 llc-0b3 1 27 0 27 0
l1i_u27-0 llc-0b4 1 27 0 27 0
l1i_u27-0 llc-0b5 1 27 0 27 0
l1i_u27-0 llc-0b6 1 27 0 27 0
l1i_u27-0 llc-0b7 1 27 0 27 0
l1i_u27-0 llc-0b8 1 27 0 27 0
l1i_u27-0 llc-0b9 1 27 0 27 0
l1i_u27-0 llc-0b10 1 27 0 27 0
l1i_u27-0 llc-0b11 1 27 0 27 0
l1i_u27-0 llc-0b12 1 27 0 27 0
l1i_u27-0 llc-0b13 1 27 0 27 0
l1i_u27-0 llc-0b14 1 27 0 27 0
l1i_u27-0 llc-0b15 1 27 0 27 0
l1i_u27-0 llc-0b16 1 27 0 27 0
l1i_u27-0 llc-0b17 1 27 0 27 0
l1i_u27-0 llc-0b18 1 27 0 27 0
l1i_u27-0 llc-0b19 1 27 0 27 0
l1i_u27-0 llc-0b20 1 27 0 27 0
l1i_u27-0 llc-0b21 1 27 0 27 0
l1i_u27-0 llc-0b22 1 27 0 27 0
l1i_u27-0 llc-0b23 1 27 0 27 0
l1i_u27-0 llc-0b24 1 27 0 27 0
l1i_u27-0 llc-0b25 1 27 0 27 0
l1i_u27-0 llc-0b26 1 27 0 27 0
l1i_u27-0 llc-0b27 1 27 0 27 0
l1i_u27-0 llc-0b28 1 27 0 27 0
l1i_u27-0 llc-0b29 1 27 0 27 0
l1i_u27-0 llc-0b30 1 27 0 27 0
l1i_u27-0 llc-0b31 1 27 0 27 0
l1i_u27-1 llc-0b0 1 27 0 27 0
l1i_u27-1 llc-0b1 1 27 0 27 0
l1i_u27-1 llc-0b2 1 27 0 27 0
l1i_u27-1 llc-0b3 1 27 0 27 0
l1i_u27-1 llc-0b4 1 27 0 27 0
l1i_u27-1 llc-0b5 1 27 0 27 0
l1i_u27-1 llc-0b6 1 27 0 27 0
l1i_u27-1 llc-0b7 1 27 0 27 0
l1i_u27-1 llc-0b8 1 27 0 27 0
l1i_u27-1 llc-0b9 1 27 0 27 0
l1i_u27-1 llc-0b10 1 27 0 27 0
l1i_u27-1 llc-0b11 1 27 0 27 0
l1i_u27-1 llc-0b12 1 27 0 27 0
l1i_u27-1 llc-0b13 1 27 0 27 0
l1i_u27-1 llc-0b14 1 27 0 27 0
l1i_u27-1 llc-0b15 1 27 0 27 0
l1i_u27-1 llc-0b16 1 27 0 27 0
l1i_u27-1 llc-0b17 1 27 0 27 0
l1i_u27-1 llc-0b18 1 27 0 27 0
l1i_u27-1 llc-0b19 1 27 0 27 0
l1i_u27-1 llc-0b20 1 27 0 27 0
l1i_u27-1 llc-0b21 1 27 0 27 0
l1i_u27-1 llc-0b22 1 27 0 27 0
l1i_u27-1 llc-0b23 1 27 0 27 0
l1i_u27-1 llc-0b24 1 27 0 27 0
l1i_u27-1 llc-0b25 1 27 0 27 0
l1i_u27-1 llc-0b26 1 27 0 27 0
l1i_u27-1 llc-0b27 1 27 0 27 0
l1i_u27-1 llc-0b28 1 27 0 27 0
l1i_u27-1 llc-0b29 1 27 0 27 0
l1i_u27-1 llc-0b30 1 27 0 27 0
l1i_u27-1 llc-0b31 1 27 0 27 0
l1i_u27-2 llc-0b0 1 27 0 27 0
l1i_u27-2 llc-0b1 1 27 0 27 0
l1i_u27-2 llc-0b2 1 27 0 27 0
l1i_u27-2 llc-0b3 1 27 0 27 0
l1i_u27-2 llc-0b4 1 27 0 27 0
l1i_u27-2 llc-0b5 1 27 0 27 0
l1i_u27-2 llc-0b6 1 27 0 27 0
l1i_u27-2 llc-0b7 1 27 0 27 0
l1i_u27-2 llc-0b8 1 27 0 27 0
l1i_u27-2 llc-0b9 1 27 0 27 0
l1i_u27-2 llc-0b10 1 27 0 27 0
l1i_u27-2 llc-0b11 1 27 0 27 0
l1i_u27-2 llc-0b12 1 27 0 27 0
l1i_u27-2 llc-0b13 1 27 0 27 0
l1i_u27-2 llc-0b14 1 27 0 27 0
l1i_u27-2 llc-0b15 1 27 0 27 0
l1i_u27-2 llc-0b16 1 27 0 27 0
l1i_u27-2 llc-0b17 1 27 0 27 0
l1i_u27-2 llc-0b18 1 27 0 27 0
l1i_u27-2 llc-0b19 1 27 0 27 0
l1i_u27-2 llc-0b20 1 27 0 27 0
l1i_u27-2 llc-0b21 1 27 0 27 0
l1i_u27-2 llc-0b22 1 27 0 27 0
l1i_u27-2 llc-0b23 1 27 0 27 0
l1i_u27-2 llc-0b24 1 27 0 27 0
l1i_u27-2 llc-0b25 1 27 0 27 0
l1i_u27-2 llc-0b26 1 27 0 27 0
l1i_u27-2 llc-0b27 1 27 0 27 0
l1i_u27-2 llc-0b28 1 27 0 27 0
l1i_u27-2 llc-0b29 1 27 0 27 0
l1i_u27-2 llc-0b30 1 27 0 27 0
l1i_u27-2 llc-0b31 1 27 0 27 0
l1i_u27-3 llc-0b0 1 27 0 27 0
l1i_u27-3 llc-0b1 1 27 0 27 0
l1i_u27-3 llc-0b2 1 27 0 27 0
l1i_u27-3 llc-0b3 1 27 0 27 0
l1i_u27-3 llc-0b4 1 27 0 27 0
l1i_u27-3 llc-0b5 1 27 0 27 0
l1i_u27-3 llc-0b6 1 27 0 27 0
l1i_u27-3 llc-0b7 1 27 0 27 0
l1i_u27-3 llc-0b8 1 27 0 27 0
l1i_u27-3 llc-0b9 1 27 0 27 0
l1i_u27-3 llc-0b10 1 27 0 27 0
l1i_u27-3 llc-0b11 1 27 0 27 0
l1i_u27-3 llc-0b12 1 27 0 27 0
l1i_u27-3 llc-0b13 1 27 0 27 0
l1i_u27-3 llc-0b14 1 27 0 27 0
l1i_u27-3 llc-0b15 1 27 0 27 0
l1i_u27-3 llc-0b16 1 27 0 27 0
l1i_u27-3 llc-0b17 1 27 0 27 0
l1i_u27-3 llc-0b18 1 27 0 27 0
l1i_u27-3 llc-0b19 1 27 0 27 0
l1i_u27-3 llc-0b20 1 27 0 27 0
l1i_u27-3 llc-0b21 1 27 0 27 0
l1i_u27-3 llc-0b22 1 27 0 27 0
l1i_u27-3 llc-0b23 1 27 0 27 0
l1i_u27-3 llc-0b24 1 27 0 27 0
l1i_u27-3 llc-0b25 1 27 0 27 0
l1i_u27-3 llc-0b26 1 27 0 27 0
l1i_u27-3 llc-0b27 1 27 0 27 0
l1i_u27-3 llc-0b28 1 27 0 27 0
l1i_u27-3 llc-0b29 1 27 0 27 0
l1i_u27-3 llc-0b30 1 27 0 27 0
l1i_u27-3 llc-0b31 1 27 0 27 0
l1i_u27-4 llc-0b0 1 27 0 27 0
l1i_u27-4 llc-0b1 1 27 0 27 0
l1i_u27-4 llc-0b2 1 27 0 27 0
l1i_u27-4 llc-0b3 1 27 0 27 0
l1i_u27-4 llc-0b4 1 27 0 27 0
l1i_u27-4 llc-0b5 1 27 0 27 0
l1i_u27-4 llc-0b6 1 27 0 27 0
l1i_u27-4 llc-0b7 1 27 0 27 0
l1i_u27-4 llc-0b8 1 27 0 27 0
l1i_u27-4 llc-0b9 1 27 0 27 0
l1i_u27-4 llc-0b10 1 27 0 27 0
l1i_u27-4 llc-0b11 1 27 0 27 0
l1i_u27-4 llc-0b12 1 27 0 27 0
l1i_u27-4 llc-0b13 1 27 0 27 0
l1i_u27-4 llc-0b14 1 27 0 27 0
l1i_u27-4 llc-0b15 1 27 0 27 0
l1i_u27-4 llc-0b16 1 27 0 27 0
l1i_u27-4 llc-0b17 1 27 0 27 0
l1i_u27-4 llc-0b18 1 27 0 27 0
l1i_u27-4 llc-0b19 1 27 0 27 0
l1i_u27-4 llc-0b20 1 27 0 27 0
l1i_u27-4 llc-0b21 1 27 0 27 0
l1i_u27-4 llc-0b22 1 27 0 27 0
l1i_u27-4 llc-0b23 1 27 0 27 0
l1i_u27-4 llc-0b24 1 27 0 27 0
l1i_u27-4 llc-0b25 1 27 0 27 0
l1i_u27-4 llc-0b26 1 27 0 27 0
l1i_u27-4 llc-0b27 1 27 0 27 0
l1i_u27-4 llc-0b28 1 27 0 27 0
l1i_u27-4 llc-0b29 1 27 0 27 0
l1i_u27-4 llc-0b30 1 27 0 27 0
l1i_u27-4 llc-0b31 1 27 0 27 0
l1i_u27-5 llc-0b0 1 27 0 27 0
l1i_u27-5 llc-0b1 1 27 0 27 0
l1i_u27-5 llc-0b2 1 27 0 27 0
l1i_u27-5 llc-0b3 1 27 0 27 0
l1i_u27-5 llc-0b4 1 27 0 27 0
l1i_u27-5 llc-0b5 1 27 0 27 0
l1i_u27-5 llc-0b6 1 27 0 27 0
l1i_u27-5 llc-0b7 1 27 0 27 0
l1i_u27-5 llc-0b8 1 27 0 27 0
l1i_u27-5 llc-0b9 1 27 0 27 0
l1i_u27-5 llc-0b10 1 27 0 27 0
l1i_u27-5 llc-0b11 1 27 0 27 0
l1i_u27-5 llc-0b12 1 27 0 27 0
l1i_u27-5 llc-0b13 1 27 0 27 0
l1i_u27-5 llc-0b14 1 27 0 27 0
l1i_u27-5 llc-0b15 1 27 0 27 0
l1i_u27-5 llc-0b16 1 27 0 27 0
l1i_u27-5 llc-0b17 1 27 0 27 0
l1i_u27-5 llc-0b18 1 27 0 27 0
l1i_u27-5 llc-0b19 1 27 0 27 0
l1i_u27-5 llc-0b20 1 27 0 27 0
l1i_u27-5 llc-0b21 1 27 0 27 0
l1i_u27-5 llc-0b22 1 27 0 27 0
l1i_u27-5 llc-0b23 1 27 0 27 0
l1i_u27-5 llc-0b24 1 27 0 27 0
l1i_u27-5 llc-0b25 1 27 0 27 0
l1i_u27-5 llc-0b26 1 27 0 27 0
l1i_u27-5 llc-0b27 1 27 0 27 0
l1i_u27-5 llc-0b28 1 27 0 27 0
l1i_u27-5 llc-0b29 1 27 0 27 0
l1i_u27-5 llc-0b30 1 27 0 27 0
l1i_u27-5 llc-0b31 1 27 0 27 0
l1i_u27-6 llc-0b0 1 27 0 27 0
l1i_u27-6 llc-0b1 1 27 0 27 0
l1i_u27-6 llc-0b2 1 27 0 27 0
l1i_u27-6 llc-0b3 1 27 0 27 0
l1i_u27-6 llc-0b4 1 27 0 27 0
l1i_u27-6 llc-0b5 1 27 0 27 0
l1i_u27-6 llc-0b6 1 27 0 27 0
l1i_u27-6 llc-0b7 1 27 0 27 0
l1i_u27-6 llc-0b8 1 27 0 27 0
l1i_u27-6 llc-0b9 1 27 0 27 0
l1i_u27-6 llc-0b10 1 27 0 27 0
l1i_u27-6 llc-0b11 1 27 0 27 0
l1i_u27-6 llc-0b12 1 27 0 27 0
l1i_u27-6 llc-0b13 1 27 0 27 0
l1i_u27-6 llc-0b14 1 27 0 27 0
l1i_u27-6 llc-0b15 1 27 0 27 0
l1i_u27-6 llc-0b16 1 27 0 27 0
l1i_u27-6 llc-0b17 1 27 0 27 0
l1i_u27-6 llc-0b18 1 27 0 27 0
l1i_u27-6 llc-0b19 1 27 0 27 0
l1i_u27-6 llc-0b20 1 27 0 27 0
l1i_u27-6 llc-0b21 1 27 0 27 0
l1i_u27-6 llc-0b22 1 27 0 27 0
l1i_u27-6 llc-0b23 1 27 0 27 0
l1i_u27-6 llc-0b24 1 27 0 27 0
l1i_u27-6 llc-0b25 1 27 0 27 0
l1i_u27-6 llc-0b26 1 27 0 27 0
l1i_u27-6 llc-0b27 1 27 0 27 0
l1i_u27-6 llc-0b28 1 27 0 27 0
l1i_u27-6 llc-0b29 1 27 0 27 0
l1i_u27-6 llc-0b30 1 27 0 27 0
l1i_u27-6 llc-0b31 1 27 0 27 0
l1i_u27-7 llc-0b0 1 27 0 27 0
l1i_u27-7 llc-0b1 1 27 0 27 0
l1i_u27-7 llc-0b2 1 27 0 27 0
l1i_u27-7 llc-0b3 1 27 0 27 0
l1i_u27-7 llc-0b4 1 27 0 27 0
l1i_u27-7 llc-0b5 1 27 0 27 0
l1i_u27-7 llc-0b6 1 27 0 27 0
l1i_u27-7 llc-0b7 1 27 0 27 0
l1i_u27-7 llc-0b8 1 27 0 27 0
l1i_u27-7 llc-0b9 1 27 0 27 0
l1i_u27-7 llc-0b10 1 27 0 27 0
l1i_u27-7 llc-0b11 1 27 0 27 0
l1i_u27-7 llc-0b12 1 27 0 27 0
l1i_u27-7 llc-0b13 1 27 0 27 0
l1i_u27-7 llc-0b14 1 27 0 27 0
l1i_u27-7 llc-0b15 1 27 0 27 0
l1i_u27-7 llc-0b16 1 27 0 27 0
l1i_u27-7 llc-0b17 1 27 0 27 0
l1i_u27-7 llc-0b18 1 27 0 27 0
l1i_u27-7 llc-0b19 1 27 0 27 0
l1i_u27-7 llc-0b20 1 27 0 27 0
l1i_u27-7 llc-0b21 1 27 0 27 0
l1i_u27-7 llc-0b22 1 27 0 27 0
l1i_u27-7 llc-0b23 1 27 0 27 0
l1i_u27-7 llc-0b24 1 27 0 27 0
l1i_u27-7 llc-0b25 1 27 0 27 0
l1i_u27-7 llc-0b26 1 27 0 27 0
l1i_u27-7 llc-0b27 1 27 0 27 0
l1i_u27-7 llc-0b28 1 27 0 27 0
l1i_u27-7 llc-0b29 1 27 0 27 0
l1i_u27-7 llc-0b30 1 27 0 27 0
l1i_u27-7 llc-0b31 1 27 0 27 0
l1i_u27-8 llc-0b0 1 27 0 27 0
l1i_u27-8 llc-0b1 1 27 0 27 0
l1i_u27-8 llc-0b2 1 27 0 27 0
l1i_u27-8 llc-0b3 1 27 0 27 0
l1i_u27-8 llc-0b4 1 27 0 27 0
l1i_u27-8 llc-0b5 1 27 0 27 0
l1i_u27-8 llc-0b6 1 27 0 27 0
l1i_u27-8 llc-0b7 1 27 0 27 0
l1i_u27-8 llc-0b8 1 27 0 27 0
l1i_u27-8 llc-0b9 1 27 0 27 0
l1i_u27-8 llc-0b10 1 27 0 27 0
l1i_u27-8 llc-0b11 1 27 0 27 0
l1i_u27-8 llc-0b12 1 27 0 27 0
l1i_u27-8 llc-0b13 1 27 0 27 0
l1i_u27-8 llc-0b14 1 27 0 27 0
l1i_u27-8 llc-0b15 1 27 0 27 0
l1i_u27-8 llc-0b16 1 27 0 27 0
l1i_u27-8 llc-0b17 1 27 0 27 0
l1i_u27-8 llc-0b18 1 27 0 27 0
l1i_u27-8 llc-0b19 1 27 0 27 0
l1i_u27-8 llc-0b20 1 27 0 27 0
l1i_u27-8 llc-0b21 1 27 0 27 0
l1i_u27-8 llc-0b22 1 27 0 27 0
l1i_u27-8 llc-0b23 1 27 0 27 0
l1i_u27-8 llc-0b24 1 27 0 27 0
l1i_u27-8 llc-0b25 1 27 0 27 0
l1i_u27-8 llc-0b26 1 27 0 27 0
l1i_u27-8 llc-0b27 1 27 0 27 0
l1i_u27-8 llc-0b28 1 27 0 27 0
l1i_u27-8 llc-0b29 1 27 0 27 0
l1i_u27-8 llc-0b30 1 27 0 27 0
l1i_u27-8 llc-0b31 1 27 0 27 0
l1i_u27-9 llc-0b0 1 27 0 27 0
l1i_u27-9 llc-0b1 1 27 0 27 0
l1i_u27-9 llc-0b2 1 27 0 27 0
l1i_u27-9 llc-0b3 1 27 0 27 0
l1i_u27-9 llc-0b4 1 27 0 27 0
l1i_u27-9 llc-0b5 1 27 0 27 0
l1i_u27-9 llc-0b6 1 27 0 27 0
l1i_u27-9 llc-0b7 1 27 0 27 0
l1i_u27-9 llc-0b8 1 27 0 27 0
l1i_u27-9 llc-0b9 1 27 0 27 0
l1i_u27-9 llc-0b10 1 27 0 27 0
l1i_u27-9 llc-0b11 1 27 0 27 0
l1i_u27-9 llc-0b12 1 27 0 27 0
l1i_u27-9 llc-0b13 1 27 0 27 0
l1i_u27-9 llc-0b14 1 27 0 27 0
l1i_u27-9 llc-0b15 1 27 0 27 0
l1i_u27-9 llc-0b16 1 27 0 27 0
l1i_u27-9 llc-0b17 1 27 0 27 0
l1i_u27-9 llc-0b18 1 27 0 27 0
l1i_u27-9 llc-0b19 1 27 0 27 0
l1i_u27-9 llc-0b20 1 27 0 27 0
l1i_u27-9 llc-0b21 1 27 0 27 0
l1i_u27-9 llc-0b22 1 27 0 27 0
l1i_u27-9 llc-0b23 1 27 0 27 0
l1i_u27-9 llc-0b24 1 27 0 27 0
l1i_u27-9 llc-0b25 1 27 0 27 0
l1i_u27-9 llc-0b26 1 27 0 27 0
l1i_u27-9 llc-0b27 1 27 0 27 0
l1i_u27-9 llc-0b28 1 27 0 27 0
l1i_u27-9 llc-0b29 1 27 0 27 0
l1i_u27-9 llc-0b30 1 27 0 27 0
l1i_u27-9 llc-0b31 1 27 0 27 0
l1i_u27-10 llc-0b0 1 27 0 27 0
l1i_u27-10 llc-0b1 1 27 0 27 0
l1i_u27-10 llc-0b2 1 27 0 27 0
l1i_u27-10 llc-0b3 1 27 0 27 0
l1i_u27-10 llc-0b4 1 27 0 27 0
l1i_u27-10 llc-0b5 1 27 0 27 0
l1i_u27-10 llc-0b6 1 27 0 27 0
l1i_u27-10 llc-0b7 1 27 0 27 0
l1i_u27-10 llc-0b8 1 27 0 27 0
l1i_u27-10 llc-0b9 1 27 0 27 0
l1i_u27-10 llc-0b10 1 27 0 27 0
l1i_u27-10 llc-0b11 1 27 0 27 0
l1i_u27-10 llc-0b12 1 27 0 27 0
l1i_u27-10 llc-0b13 1 27 0 27 0
l1i_u27-10 llc-0b14 1 27 0 27 0
l1i_u27-10 llc-0b15 1 27 0 27 0
l1i_u27-10 llc-0b16 1 27 0 27 0
l1i_u27-10 llc-0b17 1 27 0 27 0
l1i_u27-10 llc-0b18 1 27 0 27 0
l1i_u27-10 llc-0b19 1 27 0 27 0
l1i_u27-10 llc-0b20 1 27 0 27 0
l1i_u27-10 llc-0b21 1 27 0 27 0
l1i_u27-10 llc-0b22 1 27 0 27 0
l1i_u27-10 llc-0b23 1 27 0 27 0
l1i_u27-10 llc-0b24 1 27 0 27 0
l1i_u27-10 llc-0b25 1 27 0 27 0
l1i_u27-10 llc-0b26 1 27 0 27 0
l1i_u27-10 llc-0b27 1 27 0 27 0
l1i_u27-10 llc-0b28 1 27 0 27 0
l1i_u27-10 llc-0b29 1 27 0 27 0
l1i_u27-10 llc-0b30 1 27 0 27 0
l1i_u27-10 llc-0b31 1 27 0 27 0
l1i_u27-11 llc-0b0 1 27 0 27 0
l1i_u27-11 llc-0b1 1 27 0 27 0
l1i_u27-11 llc-0b2 1 27 0 27 0
l1i_u27-11 llc-0b3 1 27 0 27 0
l1i_u27-11 llc-0b4 1 27 0 27 0
l1i_u27-11 llc-0b5 1 27 0 27 0
l1i_u27-11 llc-0b6 1 27 0 27 0
l1i_u27-11 llc-0b7 1 27 0 27 0
l1i_u27-11 llc-0b8 1 27 0 27 0
l1i_u27-11 llc-0b9 1 27 0 27 0
l1i_u27-11 llc-0b10 1 27 0 27 0
l1i_u27-11 llc-0b11 1 27 0 27 0
l1i_u27-11 llc-0b12 1 27 0 27 0
l1i_u27-11 llc-0b13 1 27 0 27 0
l1i_u27-11 llc-0b14 1 27 0 27 0
l1i_u27-11 llc-0b15 1 27 0 27 0
l1i_u27-11 llc-0b16 1 27 0 27 0
l1i_u27-11 llc-0b17 1 27 0 27 0
l1i_u27-11 llc-0b18 1 27 0 27 0
l1i_u27-11 llc-0b19 1 27 0 27 0
l1i_u27-11 llc-0b20 1 27 0 27 0
l1i_u27-11 llc-0b21 1 27 0 27 0
l1i_u27-11 llc-0b22 1 27 0 27 0
l1i_u27-11 llc-0b23 1 27 0 27 0
l1i_u27-11 llc-0b24 1 27 0 27 0
l1i_u27-11 llc-0b25 1 27 0 27 0
l1i_u27-11 llc-0b26 1 27 0 27 0
l1i_u27-11 llc-0b27 1 27 0 27 0
l1i_u27-11 llc-0b28 1 27 0 27 0
l1i_u27-11 llc-0b29 1 27 0 27 0
l1i_u27-11 llc-0b30 1 27 0 27 0
l1i_u27-11 llc-0b31 1 27 0 27 0
l1i_u27-12 llc-0b0 1 27 0 27 0
l1i_u27-12 llc-0b1 1 27 0 27 0
l1i_u27-12 llc-0b2 1 27 0 27 0
l1i_u27-12 llc-0b3 1 27 0 27 0
l1i_u27-12 llc-0b4 1 27 0 27 0
l1i_u27-12 llc-0b5 1 27 0 27 0
l1i_u27-12 llc-0b6 1 27 0 27 0
l1i_u27-12 llc-0b7 1 27 0 27 0
l1i_u27-12 llc-0b8 1 27 0 27 0
l1i_u27-12 llc-0b9 1 27 0 27 0
l1i_u27-12 llc-0b10 1 27 0 27 0
l1i_u27-12 llc-0b11 1 27 0 27 0
l1i_u27-12 llc-0b12 1 27 0 27 0
l1i_u27-12 llc-0b13 1 27 0 27 0
l1i_u27-12 llc-0b14 1 27 0 27 0
l1i_u27-12 llc-0b15 1 27 0 27 0
l1i_u27-12 llc-0b16 1 27 0 27 0
l1i_u27-12 llc-0b17 1 27 0 27 0
l1i_u27-12 llc-0b18 1 27 0 27 0
l1i_u27-12 llc-0b19 1 27 0 27 0
l1i_u27-12 llc-0b20 1 27 0 27 0
l1i_u27-12 llc-0b21 1 27 0 27 0
l1i_u27-12 llc-0b22 1 27 0 27 0
l1i_u27-12 llc-0b23 1 27 0 27 0
l1i_u27-12 llc-0b24 1 27 0 27 0
l1i_u27-12 llc-0b25 1 27 0 27 0
l1i_u27-12 llc-0b26 1 27 0 27 0
l1i_u27-12 llc-0b27 1 27 0 27 0
l1i_u27-12 llc-0b28 1 27 0 27 0
l1i_u27-12 llc-0b29 1 27 0 27 0
l1i_u27-12 llc-0b30 1 27 0 27 0
l1i_u27-12 llc-0b31 1 27 0 27 0
l1i_u27-13 llc-0b0 1 27 0 27 0
l1i_u27-13 llc-0b1 1 27 0 27 0
l1i_u27-13 llc-0b2 1 27 0 27 0
l1i_u27-13 llc-0b3 1 27 0 27 0
l1i_u27-13 llc-0b4 1 27 0 27 0
l1i_u27-13 llc-0b5 1 27 0 27 0
l1i_u27-13 llc-0b6 1 27 0 27 0
l1i_u27-13 llc-0b7 1 27 0 27 0
l1i_u27-13 llc-0b8 1 27 0 27 0
l1i_u27-13 llc-0b9 1 27 0 27 0
l1i_u27-13 llc-0b10 1 27 0 27 0
l1i_u27-13 llc-0b11 1 27 0 27 0
l1i_u27-13 llc-0b12 1 27 0 27 0
l1i_u27-13 llc-0b13 1 27 0 27 0
l1i_u27-13 llc-0b14 1 27 0 27 0
l1i_u27-13 llc-0b15 1 27 0 27 0
l1i_u27-13 llc-0b16 1 27 0 27 0
l1i_u27-13 llc-0b17 1 27 0 27 0
l1i_u27-13 llc-0b18 1 27 0 27 0
l1i_u27-13 llc-0b19 1 27 0 27 0
l1i_u27-13 llc-0b20 1 27 0 27 0
l1i_u27-13 llc-0b21 1 27 0 27 0
l1i_u27-13 llc-0b22 1 27 0 27 0
l1i_u27-13 llc-0b23 1 27 0 27 0
l1i_u27-13 llc-0b24 1 27 0 27 0
l1i_u27-13 llc-0b25 1 27 0 27 0
l1i_u27-13 llc-0b26 1 27 0 27 0
l1i_u27-13 llc-0b27 1 27 0 27 0
l1i_u27-13 llc-0b28 1 27 0 27 0
l1i_u27-13 llc-0b29 1 27 0 27 0
l1i_u27-13 llc-0b30 1 27 0 27 0
l1i_u27-13 llc-0b31 1 27 0 27 0
l1i_u27-14 llc-0b0 1 27 0 27 0
l1i_u27-14 llc-0b1 1 27 0 27 0
l1i_u27-14 llc-0b2 1 27 0 27 0
l1i_u27-14 llc-0b3 1 27 0 27 0
l1i_u27-14 llc-0b4 1 27 0 27 0
l1i_u27-14 llc-0b5 1 27 0 27 0
l1i_u27-14 llc-0b6 1 27 0 27 0
l1i_u27-14 llc-0b7 1 27 0 27 0
l1i_u27-14 llc-0b8 1 27 0 27 0
l1i_u27-14 llc-0b9 1 27 0 27 0
l1i_u27-14 llc-0b10 1 27 0 27 0
l1i_u27-14 llc-0b11 1 27 0 27 0
l1i_u27-14 llc-0b12 1 27 0 27 0
l1i_u27-14 llc-0b13 1 27 0 27 0
l1i_u27-14 llc-0b14 1 27 0 27 0
l1i_u27-14 llc-0b15 1 27 0 27 0
l1i_u27-14 llc-0b16 1 27 0 27 0
l1i_u27-14 llc-0b17 1 27 0 27 0
l1i_u27-14 llc-0b18 1 27 0 27 0
l1i_u27-14 llc-0b19 1 27 0 27 0
l1i_u27-14 llc-0b20 1 27 0 27 0
l1i_u27-14 llc-0b21 1 27 0 27 0
l1i_u27-14 llc-0b22 1 27 0 27 0
l1i_u27-14 llc-0b23 1 27 0 27 0
l1i_u27-14 llc-0b24 1 27 0 27 0
l1i_u27-14 llc-0b25 1 27 0 27 0
l1i_u27-14 llc-0b26 1 27 0 27 0
l1i_u27-14 llc-0b27 1 27 0 27 0
l1i_u27-14 llc-0b28 1 27 0 27 0
l1i_u27-14 llc-0b29 1 27 0 27 0
l1i_u27-14 llc-0b30 1 27 0 27 0
l1i_u27-14 llc-0b31 1 27 0 27 0
l1i_u27-15 llc-0b0 1 27 0 27 0
l1i_u27-15 llc-0b1 1 27 0 27 0
l1i_u27-15 llc-0b2 1 27 0 27 0
l1i_u27-15 llc-0b3 1 27 0 27 0
l1i_u27-15 llc-0b4 1 27 0 27 0
l1i_u27-15 llc-0b5 1 27 0 27 0
l1i_u27-15 llc-0b6 1 27 0 27 0
l1i_u27-15 llc-0b7 1 27 0 27 0
l1i_u27-15 llc-0b8 1 27 0 27 0
l1i_u27-15 llc-0b9 1 27 0 27 0
l1i_u27-15 llc-0b10 1 27 0 27 0
l1i_u27-15 llc-0b11 1 27 0 27 0
l1i_u27-15 llc-0b12 1 27 0 27 0
l1i_u27-15 llc-0b13 1 27 0 27 0
l1i_u27-15 llc-0b14 1 27 0 27 0
l1i_u27-15 llc-0b15 1 27 0 27 0
l1i_u27-15 llc-0b16 1 27 0 27 0
l1i_u27-15 llc-0b17 1 27 0 27 0
l1i_u27-15 llc-0b18 1 27 0 27 0
l1i_u27-15 llc-0b19 1 27 0 27 0
l1i_u27-15 llc-0b20 1 27 0 27 0
l1i_u27-15 llc-0b21 1 27 0 27 0
l1i_u27-15 llc-0b22 1 27 0 27 0
l1i_u27-15 llc-0b23 1 27 0 27 0
l1i_u27-15 llc-0b24 1 27 0 27 0
l1i_u27-15 llc-0b25 1 27 0 27 0
l1i_u27-15 llc-0b26 1 27 0 27 0
l1i_u27-15 llc-0b27 1 27 0 27 0
l1i_u27-15 llc-0b28 1 27 0 27 0
l1i_u27-15 llc-0b29 1 27 0 27 0
l1i_u27-15 llc-0b30 1 27 0 27 0
l1i_u27-15 llc-0b31 1 27 0 27 0
l1d_u27-0 llc-0b0 1 27 0 27 0
l1d_u27-0 llc-0b1 1 27 0 27 0
l1d_u27-0 llc-0b2 1 27 0 27 0
l1d_u27-0 llc-0b3 1 27 0 27 0
l1d_u27-0 llc-0b4 1 27 0 27 0
l1d_u27-0 llc-0b5 1 27 0 27 0
l1d_u27-0 llc-0b6 1 27 0 27 0
l1d_u27-0 llc-0b7 1 27 0 27 0
l1d_u27-0 llc-0b8 1 27 0 27 0
l1d_u27-0 llc-0b9 1 27 0 27 0
l1d_u27-0 llc-0b10 1 27 0 27 0
l1d_u27-0 llc-0b11 1 27 0 27 0
l1d_u27-0 llc-0b12 1 27 0 27 0
l1d_u27-0 llc-0b13 1 27 0 27 0
l1d_u27-0 llc-0b14 1 27 0 27 0
l1d_u27-0 llc-0b15 1 27 0 27 0
l1d_u27-0 llc-0b16 1 27 0 27 0
l1d_u27-0 llc-0b17 1 27 0 27 0
l1d_u27-0 llc-0b18 1 27 0 27 0
l1d_u27-0 llc-0b19 1 27 0 27 0
l1d_u27-0 llc-0b20 1 27 0 27 0
l1d_u27-0 llc-0b21 1 27 0 27 0
l1d_u27-0 llc-0b22 1 27 0 27 0
l1d_u27-0 llc-0b23 1 27 0 27 0
l1d_u27-0 llc-0b24 1 27 0 27 0
l1d_u27-0 llc-0b25 1 27 0 27 0
l1d_u27-0 llc-0b26 1 27 0 27 0
l1d_u27-0 llc-0b27 1 27 0 27 0
l1d_u27-0 llc-0b28 1 27 0 27 0
l1d_u27-0 llc-0b29 1 27 0 27 0
l1d_u27-0 llc-0b30 1 27 0 27 0
l1d_u27-0 llc-0b31 1 27 0 27 0
l1d_u27-1 llc-0b0 1 27 0 27 0
l1d_u27-1 llc-0b1 1 27 0 27 0
l1d_u27-1 llc-0b2 1 27 0 27 0
l1d_u27-1 llc-0b3 1 27 0 27 0
l1d_u27-1 llc-0b4 1 27 0 27 0
l1d_u27-1 llc-0b5 1 27 0 27 0
l1d_u27-1 llc-0b6 1 27 0 27 0
l1d_u27-1 llc-0b7 1 27 0 27 0
l1d_u27-1 llc-0b8 1 27 0 27 0
l1d_u27-1 llc-0b9 1 27 0 27 0
l1d_u27-1 llc-0b10 1 27 0 27 0
l1d_u27-1 llc-0b11 1 27 0 27 0
l1d_u27-1 llc-0b12 1 27 0 27 0
l1d_u27-1 llc-0b13 1 27 0 27 0
l1d_u27-1 llc-0b14 1 27 0 27 0
l1d_u27-1 llc-0b15 1 27 0 27 0
l1d_u27-1 llc-0b16 1 27 0 27 0
l1d_u27-1 llc-0b17 1 27 0 27 0
l1d_u27-1 llc-0b18 1 27 0 27 0
l1d_u27-1 llc-0b19 1 27 0 27 0
l1d_u27-1 llc-0b20 1 27 0 27 0
l1d_u27-1 llc-0b21 1 27 0 27 0
l1d_u27-1 llc-0b22 1 27 0 27 0
l1d_u27-1 llc-0b23 1 27 0 27 0
l1d_u27-1 llc-0b24 1 27 0 27 0
l1d_u27-1 llc-0b25 1 27 0 27 0
l1d_u27-1 llc-0b26 1 27 0 27 0
l1d_u27-1 llc-0b27 1 27 0 27 0
l1d_u27-1 llc-0b28 1 27 0 27 0
l1d_u27-1 llc-0b29 1 27 0 27 0
l1d_u27-1 llc-0b30 1 27 0 27 0
l1d_u27-1 llc-0b31 1 27 0 27 0
l1d_u27-2 llc-0b0 1 27 0 27 0
l1d_u27-2 llc-0b1 1 27 0 27 0
l1d_u27-2 llc-0b2 1 27 0 27 0
l1d_u27-2 llc-0b3 1 27 0 27 0
l1d_u27-2 llc-0b4 1 27 0 27 0
l1d_u27-2 llc-0b5 1 27 0 27 0
l1d_u27-2 llc-0b6 1 27 0 27 0
l1d_u27-2 llc-0b7 1 27 0 27 0
l1d_u27-2 llc-0b8 1 27 0 27 0
l1d_u27-2 llc-0b9 1 27 0 27 0
l1d_u27-2 llc-0b10 1 27 0 27 0
l1d_u27-2 llc-0b11 1 27 0 27 0
l1d_u27-2 llc-0b12 1 27 0 27 0
l1d_u27-2 llc-0b13 1 27 0 27 0
l1d_u27-2 llc-0b14 1 27 0 27 0
l1d_u27-2 llc-0b15 1 27 0 27 0
l1d_u27-2 llc-0b16 1 27 0 27 0
l1d_u27-2 llc-0b17 1 27 0 27 0
l1d_u27-2 llc-0b18 1 27 0 27 0
l1d_u27-2 llc-0b19 1 27 0 27 0
l1d_u27-2 llc-0b20 1 27 0 27 0
l1d_u27-2 llc-0b21 1 27 0 27 0
l1d_u27-2 llc-0b22 1 27 0 27 0
l1d_u27-2 llc-0b23 1 27 0 27 0
l1d_u27-2 llc-0b24 1 27 0 27 0
l1d_u27-2 llc-0b25 1 27 0 27 0
l1d_u27-2 llc-0b26 1 27 0 27 0
l1d_u27-2 llc-0b27 1 27 0 27 0
l1d_u27-2 llc-0b28 1 27 0 27 0
l1d_u27-2 llc-0b29 1 27 0 27 0
l1d_u27-2 llc-0b30 1 27 0 27 0
l1d_u27-2 llc-0b31 1 27 0 27 0
l1d_u27-3 llc-0b0 1 27 0 27 0
l1d_u27-3 llc-0b1 1 27 0 27 0
l1d_u27-3 llc-0b2 1 27 0 27 0
l1d_u27-3 llc-0b3 1 27 0 27 0
l1d_u27-3 llc-0b4 1 27 0 27 0
l1d_u27-3 llc-0b5 1 27 0 27 0
l1d_u27-3 llc-0b6 1 27 0 27 0
l1d_u27-3 llc-0b7 1 27 0 27 0
l1d_u27-3 llc-0b8 1 27 0 27 0
l1d_u27-3 llc-0b9 1 27 0 27 0
l1d_u27-3 llc-0b10 1 27 0 27 0
l1d_u27-3 llc-0b11 1 27 0 27 0
l1d_u27-3 llc-0b12 1 27 0 27 0
l1d_u27-3 llc-0b13 1 27 0 27 0
l1d_u27-3 llc-0b14 1 27 0 27 0
l1d_u27-3 llc-0b15 1 27 0 27 0
l1d_u27-3 llc-0b16 1 27 0 27 0
l1d_u27-3 llc-0b17 1 27 0 27 0
l1d_u27-3 llc-0b18 1 27 0 27 0
l1d_u27-3 llc-0b19 1 27 0 27 0
l1d_u27-3 llc-0b20 1 27 0 27 0
l1d_u27-3 llc-0b21 1 27 0 27 0
l1d_u27-3 llc-0b22 1 27 0 27 0
l1d_u27-3 llc-0b23 1 27 0 27 0
l1d_u27-3 llc-0b24 1 27 0 27 0
l1d_u27-3 llc-0b25 1 27 0 27 0
l1d_u27-3 llc-0b26 1 27 0 27 0
l1d_u27-3 llc-0b27 1 27 0 27 0
l1d_u27-3 llc-0b28 1 27 0 27 0
l1d_u27-3 llc-0b29 1 27 0 27 0
l1d_u27-3 llc-0b30 1 27 0 27 0
l1d_u27-3 llc-0b31 1 27 0 27 0
l1d_u27-4 llc-0b0 1 27 0 27 0
l1d_u27-4 llc-0b1 1 27 0 27 0
l1d_u27-4 llc-0b2 1 27 0 27 0
l1d_u27-4 llc-0b3 1 27 0 27 0
l1d_u27-4 llc-0b4 1 27 0 27 0
l1d_u27-4 llc-0b5 1 27 0 27 0
l1d_u27-4 llc-0b6 1 27 0 27 0
l1d_u27-4 llc-0b7 1 27 0 27 0
l1d_u27-4 llc-0b8 1 27 0 27 0
l1d_u27-4 llc-0b9 1 27 0 27 0
l1d_u27-4 llc-0b10 1 27 0 27 0
l1d_u27-4 llc-0b11 1 27 0 27 0
l1d_u27-4 llc-0b12 1 27 0 27 0
l1d_u27-4 llc-0b13 1 27 0 27 0
l1d_u27-4 llc-0b14 1 27 0 27 0
l1d_u27-4 llc-0b15 1 27 0 27 0
l1d_u27-4 llc-0b16 1 27 0 27 0
l1d_u27-4 llc-0b17 1 27 0 27 0
l1d_u27-4 llc-0b18 1 27 0 27 0
l1d_u27-4 llc-0b19 1 27 0 27 0
l1d_u27-4 llc-0b20 1 27 0 27 0
l1d_u27-4 llc-0b21 1 27 0 27 0
l1d_u27-4 llc-0b22 1 27 0 27 0
l1d_u27-4 llc-0b23 1 27 0 27 0
l1d_u27-4 llc-0b24 1 27 0 27 0
l1d_u27-4 llc-0b25 1 27 0 27 0
l1d_u27-4 llc-0b26 1 27 0 27 0
l1d_u27-4 llc-0b27 1 27 0 27 0
l1d_u27-4 llc-0b28 1 27 0 27 0
l1d_u27-4 llc-0b29 1 27 0 27 0
l1d_u27-4 llc-0b30 1 27 0 27 0
l1d_u27-4 llc-0b31 1 27 0 27 0
l1d_u27-5 llc-0b0 1 27 0 27 0
l1d_u27-5 llc-0b1 1 27 0 27 0
l1d_u27-5 llc-0b2 1 27 0 27 0
l1d_u27-5 llc-0b3 1 27 0 27 0
l1d_u27-5 llc-0b4 1 27 0 27 0
l1d_u27-5 llc-0b5 1 27 0 27 0
l1d_u27-5 llc-0b6 1 27 0 27 0
l1d_u27-5 llc-0b7 1 27 0 27 0
l1d_u27-5 llc-0b8 1 27 0 27 0
l1d_u27-5 llc-0b9 1 27 0 27 0
l1d_u27-5 llc-0b10 1 27 0 27 0
l1d_u27-5 llc-0b11 1 27 0 27 0
l1d_u27-5 llc-0b12 1 27 0 27 0
l1d_u27-5 llc-0b13 1 27 0 27 0
l1d_u27-5 llc-0b14 1 27 0 27 0
l1d_u27-5 llc-0b15 1 27 0 27 0
l1d_u27-5 llc-0b16 1 27 0 27 0
l1d_u27-5 llc-0b17 1 27 0 27 0
l1d_u27-5 llc-0b18 1 27 0 27 0
l1d_u27-5 llc-0b19 1 27 0 27 0
l1d_u27-5 llc-0b20 1 27 0 27 0
l1d_u27-5 llc-0b21 1 27 0 27 0
l1d_u27-5 llc-0b22 1 27 0 27 0
l1d_u27-5 llc-0b23 1 27 0 27 0
l1d_u27-5 llc-0b24 1 27 0 27 0
l1d_u27-5 llc-0b25 1 27 0 27 0
l1d_u27-5 llc-0b26 1 27 0 27 0
l1d_u27-5 llc-0b27 1 27 0 27 0
l1d_u27-5 llc-0b28 1 27 0 27 0
l1d_u27-5 llc-0b29 1 27 0 27 0
l1d_u27-5 llc-0b30 1 27 0 27 0
l1d_u27-5 llc-0b31 1 27 0 27 0
l1d_u27-6 llc-0b0 1 27 0 27 0
l1d_u27-6 llc-0b1 1 27 0 27 0
l1d_u27-6 llc-0b2 1 27 0 27 0
l1d_u27-6 llc-0b3 1 27 0 27 0
l1d_u27-6 llc-0b4 1 27 0 27 0
l1d_u27-6 llc-0b5 1 27 0 27 0
l1d_u27-6 llc-0b6 1 27 0 27 0
l1d_u27-6 llc-0b7 1 27 0 27 0
l1d_u27-6 llc-0b8 1 27 0 27 0
l1d_u27-6 llc-0b9 1 27 0 27 0
l1d_u27-6 llc-0b10 1 27 0 27 0
l1d_u27-6 llc-0b11 1 27 0 27 0
l1d_u27-6 llc-0b12 1 27 0 27 0
l1d_u27-6 llc-0b13 1 27 0 27 0
l1d_u27-6 llc-0b14 1 27 0 27 0
l1d_u27-6 llc-0b15 1 27 0 27 0
l1d_u27-6 llc-0b16 1 27 0 27 0
l1d_u27-6 llc-0b17 1 27 0 27 0
l1d_u27-6 llc-0b18 1 27 0 27 0
l1d_u27-6 llc-0b19 1 27 0 27 0
l1d_u27-6 llc-0b20 1 27 0 27 0
l1d_u27-6 llc-0b21 1 27 0 27 0
l1d_u27-6 llc-0b22 1 27 0 27 0
l1d_u27-6 llc-0b23 1 27 0 27 0
l1d_u27-6 llc-0b24 1 27 0 27 0
l1d_u27-6 llc-0b25 1 27 0 27 0
l1d_u27-6 llc-0b26 1 27 0 27 0
l1d_u27-6 llc-0b27 1 27 0 27 0
l1d_u27-6 llc-0b28 1 27 0 27 0
l1d_u27-6 llc-0b29 1 27 0 27 0
l1d_u27-6 llc-0b30 1 27 0 27 0
l1d_u27-6 llc-0b31 1 27 0 27 0
l1d_u27-7 llc-0b0 1 27 0 27 0
l1d_u27-7 llc-0b1 1 27 0 27 0
l1d_u27-7 llc-0b2 1 27 0 27 0
l1d_u27-7 llc-0b3 1 27 0 27 0
l1d_u27-7 llc-0b4 1 27 0 27 0
l1d_u27-7 llc-0b5 1 27 0 27 0
l1d_u27-7 llc-0b6 1 27 0 27 0
l1d_u27-7 llc-0b7 1 27 0 27 0
l1d_u27-7 llc-0b8 1 27 0 27 0
l1d_u27-7 llc-0b9 1 27 0 27 0
l1d_u27-7 llc-0b10 1 27 0 27 0
l1d_u27-7 llc-0b11 1 27 0 27 0
l1d_u27-7 llc-0b12 1 27 0 27 0
l1d_u27-7 llc-0b13 1 27 0 27 0
l1d_u27-7 llc-0b14 1 27 0 27 0
l1d_u27-7 llc-0b15 1 27 0 27 0
l1d_u27-7 llc-0b16 1 27 0 27 0
l1d_u27-7 llc-0b17 1 27 0 27 0
l1d_u27-7 llc-0b18 1 27 0 27 0
l1d_u27-7 llc-0b19 1 27 0 27 0
l1d_u27-7 llc-0b20 1 27 0 27 0
l1d_u27-7 llc-0b21 1 27 0 27 0
l1d_u27-7 llc-0b22 1 27 0 27 0
l1d_u27-7 llc-0b23 1 27 0 27 0
l1d_u27-7 llc-0b24 1 27 0 27 0
l1d_u27-7 llc-0b25 1 27 0 27 0
l1d_u27-7 llc-0b26 1 27 0 27 0
l1d_u27-7 llc-0b27 1 27 0 27 0
l1d_u27-7 llc-0b28 1 27 0 27 0
l1d_u27-7 llc-0b29 1 27 0 27 0
l1d_u27-7 llc-0b30 1 27 0 27 0
l1d_u27-7 llc-0b31 1 27 0 27 0
l1d_u27-8 llc-0b0 1 27 0 27 0
l1d_u27-8 llc-0b1 1 27 0 27 0
l1d_u27-8 llc-0b2 1 27 0 27 0
l1d_u27-8 llc-0b3 1 27 0 27 0
l1d_u27-8 llc-0b4 1 27 0 27 0
l1d_u27-8 llc-0b5 1 27 0 27 0
l1d_u27-8 llc-0b6 1 27 0 27 0
l1d_u27-8 llc-0b7 1 27 0 27 0
l1d_u27-8 llc-0b8 1 27 0 27 0
l1d_u27-8 llc-0b9 1 27 0 27 0
l1d_u27-8 llc-0b10 1 27 0 27 0
l1d_u27-8 llc-0b11 1 27 0 27 0
l1d_u27-8 llc-0b12 1 27 0 27 0
l1d_u27-8 llc-0b13 1 27 0 27 0
l1d_u27-8 llc-0b14 1 27 0 27 0
l1d_u27-8 llc-0b15 1 27 0 27 0
l1d_u27-8 llc-0b16 1 27 0 27 0
l1d_u27-8 llc-0b17 1 27 0 27 0
l1d_u27-8 llc-0b18 1 27 0 27 0
l1d_u27-8 llc-0b19 1 27 0 27 0
l1d_u27-8 llc-0b20 1 27 0 27 0
l1d_u27-8 llc-0b21 1 27 0 27 0
l1d_u27-8 llc-0b22 1 27 0 27 0
l1d_u27-8 llc-0b23 1 27 0 27 0
l1d_u27-8 llc-0b24 1 27 0 27 0
l1d_u27-8 llc-0b25 1 27 0 27 0
l1d_u27-8 llc-0b26 1 27 0 27 0
l1d_u27-8 llc-0b27 1 27 0 27 0
l1d_u27-8 llc-0b28 1 27 0 27 0
l1d_u27-8 llc-0b29 1 27 0 27 0
l1d_u27-8 llc-0b30 1 27 0 27 0
l1d_u27-8 llc-0b31 1 27 0 27 0
l1d_u27-9 llc-0b0 1 27 0 27 0
l1d_u27-9 llc-0b1 1 27 0 27 0
l1d_u27-9 llc-0b2 1 27 0 27 0
l1d_u27-9 llc-0b3 1 27 0 27 0
l1d_u27-9 llc-0b4 1 27 0 27 0
l1d_u27-9 llc-0b5 1 27 0 27 0
l1d_u27-9 llc-0b6 1 27 0 27 0
l1d_u27-9 llc-0b7 1 27 0 27 0
l1d_u27-9 llc-0b8 1 27 0 27 0
l1d_u27-9 llc-0b9 1 27 0 27 0
l1d_u27-9 llc-0b10 1 27 0 27 0
l1d_u27-9 llc-0b11 1 27 0 27 0
l1d_u27-9 llc-0b12 1 27 0 27 0
l1d_u27-9 llc-0b13 1 27 0 27 0
l1d_u27-9 llc-0b14 1 27 0 27 0
l1d_u27-9 llc-0b15 1 27 0 27 0
l1d_u27-9 llc-0b16 1 27 0 27 0
l1d_u27-9 llc-0b17 1 27 0 27 0
l1d_u27-9 llc-0b18 1 27 0 27 0
l1d_u27-9 llc-0b19 1 27 0 27 0
l1d_u27-9 llc-0b20 1 27 0 27 0
l1d_u27-9 llc-0b21 1 27 0 27 0
l1d_u27-9 llc-0b22 1 27 0 27 0
l1d_u27-9 llc-0b23 1 27 0 27 0
l1d_u27-9 llc-0b24 1 27 0 27 0
l1d_u27-9 llc-0b25 1 27 0 27 0
l1d_u27-9 llc-0b26 1 27 0 27 0
l1d_u27-9 llc-0b27 1 27 0 27 0
l1d_u27-9 llc-0b28 1 27 0 27 0
l1d_u27-9 llc-0b29 1 27 0 27 0
l1d_u27-9 llc-0b30 1 27 0 27 0
l1d_u27-9 llc-0b31 1 27 0 27 0
l1d_u27-10 llc-0b0 1 27 0 27 0
l1d_u27-10 llc-0b1 1 27 0 27 0
l1d_u27-10 llc-0b2 1 27 0 27 0
l1d_u27-10 llc-0b3 1 27 0 27 0
l1d_u27-10 llc-0b4 1 27 0 27 0
l1d_u27-10 llc-0b5 1 27 0 27 0
l1d_u27-10 llc-0b6 1 27 0 27 0
l1d_u27-10 llc-0b7 1 27 0 27 0
l1d_u27-10 llc-0b8 1 27 0 27 0
l1d_u27-10 llc-0b9 1 27 0 27 0
l1d_u27-10 llc-0b10 1 27 0 27 0
l1d_u27-10 llc-0b11 1 27 0 27 0
l1d_u27-10 llc-0b12 1 27 0 27 0
l1d_u27-10 llc-0b13 1 27 0 27 0
l1d_u27-10 llc-0b14 1 27 0 27 0
l1d_u27-10 llc-0b15 1 27 0 27 0
l1d_u27-10 llc-0b16 1 27 0 27 0
l1d_u27-10 llc-0b17 1 27 0 27 0
l1d_u27-10 llc-0b18 1 27 0 27 0
l1d_u27-10 llc-0b19 1 27 0 27 0
l1d_u27-10 llc-0b20 1 27 0 27 0
l1d_u27-10 llc-0b21 1 27 0 27 0
l1d_u27-10 llc-0b22 1 27 0 27 0
l1d_u27-10 llc-0b23 1 27 0 27 0
l1d_u27-10 llc-0b24 1 27 0 27 0
l1d_u27-10 llc-0b25 1 27 0 27 0
l1d_u27-10 llc-0b26 1 27 0 27 0
l1d_u27-10 llc-0b27 1 27 0 27 0
l1d_u27-10 llc-0b28 1 27 0 27 0
l1d_u27-10 llc-0b29 1 27 0 27 0
l1d_u27-10 llc-0b30 1 27 0 27 0
l1d_u27-10 llc-0b31 1 27 0 27 0
l1d_u27-11 llc-0b0 1 27 0 27 0
l1d_u27-11 llc-0b1 1 27 0 27 0
l1d_u27-11 llc-0b2 1 27 0 27 0
l1d_u27-11 llc-0b3 1 27 0 27 0
l1d_u27-11 llc-0b4 1 27 0 27 0
l1d_u27-11 llc-0b5 1 27 0 27 0
l1d_u27-11 llc-0b6 1 27 0 27 0
l1d_u27-11 llc-0b7 1 27 0 27 0
l1d_u27-11 llc-0b8 1 27 0 27 0
l1d_u27-11 llc-0b9 1 27 0 27 0
l1d_u27-11 llc-0b10 1 27 0 27 0
l1d_u27-11 llc-0b11 1 27 0 27 0
l1d_u27-11 llc-0b12 1 27 0 27 0
l1d_u27-11 llc-0b13 1 27 0 27 0
l1d_u27-11 llc-0b14 1 27 0 27 0
l1d_u27-11 llc-0b15 1 27 0 27 0
l1d_u27-11 llc-0b16 1 27 0 27 0
l1d_u27-11 llc-0b17 1 27 0 27 0
l1d_u27-11 llc-0b18 1 27 0 27 0
l1d_u27-11 llc-0b19 1 27 0 27 0
l1d_u27-11 llc-0b20 1 27 0 27 0
l1d_u27-11 llc-0b21 1 27 0 27 0
l1d_u27-11 llc-0b22 1 27 0 27 0
l1d_u27-11 llc-0b23 1 27 0 27 0
l1d_u27-11 llc-0b24 1 27 0 27 0
l1d_u27-11 llc-0b25 1 27 0 27 0
l1d_u27-11 llc-0b26 1 27 0 27 0
l1d_u27-11 llc-0b27 1 27 0 27 0
l1d_u27-11 llc-0b28 1 27 0 27 0
l1d_u27-11 llc-0b29 1 27 0 27 0
l1d_u27-11 llc-0b30 1 27 0 27 0
l1d_u27-11 llc-0b31 1 27 0 27 0
l1d_u27-12 llc-0b0 1 27 0 27 0
l1d_u27-12 llc-0b1 1 27 0 27 0
l1d_u27-12 llc-0b2 1 27 0 27 0
l1d_u27-12 llc-0b3 1 27 0 27 0
l1d_u27-12 llc-0b4 1 27 0 27 0
l1d_u27-12 llc-0b5 1 27 0 27 0
l1d_u27-12 llc-0b6 1 27 0 27 0
l1d_u27-12 llc-0b7 1 27 0 27 0
l1d_u27-12 llc-0b8 1 27 0 27 0
l1d_u27-12 llc-0b9 1 27 0 27 0
l1d_u27-12 llc-0b10 1 27 0 27 0
l1d_u27-12 llc-0b11 1 27 0 27 0
l1d_u27-12 llc-0b12 1 27 0 27 0
l1d_u27-12 llc-0b13 1 27 0 27 0
l1d_u27-12 llc-0b14 1 27 0 27 0
l1d_u27-12 llc-0b15 1 27 0 27 0
l1d_u27-12 llc-0b16 1 27 0 27 0
l1d_u27-12 llc-0b17 1 27 0 27 0
l1d_u27-12 llc-0b18 1 27 0 27 0
l1d_u27-12 llc-0b19 1 27 0 27 0
l1d_u27-12 llc-0b20 1 27 0 27 0
l1d_u27-12 llc-0b21 1 27 0 27 0
l1d_u27-12 llc-0b22 1 27 0 27 0
l1d_u27-12 llc-0b23 1 27 0 27 0
l1d_u27-12 llc-0b24 1 27 0 27 0
l1d_u27-12 llc-0b25 1 27 0 27 0
l1d_u27-12 llc-0b26 1 27 0 27 0
l1d_u27-12 llc-0b27 1 27 0 27 0
l1d_u27-12 llc-0b28 1 27 0 27 0
l1d_u27-12 llc-0b29 1 27 0 27 0
l1d_u27-12 llc-0b30 1 27 0 27 0
l1d_u27-12 llc-0b31 1 27 0 27 0
l1d_u27-13 llc-0b0 1 27 0 27 0
l1d_u27-13 llc-0b1 1 27 0 27 0
l1d_u27-13 llc-0b2 1 27 0 27 0
l1d_u27-13 llc-0b3 1 27 0 27 0
l1d_u27-13 llc-0b4 1 27 0 27 0
l1d_u27-13 llc-0b5 1 27 0 27 0
l1d_u27-13 llc-0b6 1 27 0 27 0
l1d_u27-13 llc-0b7 1 27 0 27 0
l1d_u27-13 llc-0b8 1 27 0 27 0
l1d_u27-13 llc-0b9 1 27 0 27 0
l1d_u27-13 llc-0b10 1 27 0 27 0
l1d_u27-13 llc-0b11 1 27 0 27 0
l1d_u27-13 llc-0b12 1 27 0 27 0
l1d_u27-13 llc-0b13 1 27 0 27 0
l1d_u27-13 llc-0b14 1 27 0 27 0
l1d_u27-13 llc-0b15 1 27 0 27 0
l1d_u27-13 llc-0b16 1 27 0 27 0
l1d_u27-13 llc-0b17 1 27 0 27 0
l1d_u27-13 llc-0b18 1 27 0 27 0
l1d_u27-13 llc-0b19 1 27 0 27 0
l1d_u27-13 llc-0b20 1 27 0 27 0
l1d_u27-13 llc-0b21 1 27 0 27 0
l1d_u27-13 llc-0b22 1 27 0 27 0
l1d_u27-13 llc-0b23 1 27 0 27 0
l1d_u27-13 llc-0b24 1 27 0 27 0
l1d_u27-13 llc-0b25 1 27 0 27 0
l1d_u27-13 llc-0b26 1 27 0 27 0
l1d_u27-13 llc-0b27 1 27 0 27 0
l1d_u27-13 llc-0b28 1 27 0 27 0
l1d_u27-13 llc-0b29 1 27 0 27 0
l1d_u27-13 llc-0b30 1 27 0 27 0
l1d_u27-13 llc-0b31 1 27 0 27 0
l1d_u27-14 llc-0b0 1 27 0 27 0
l1d_u27-14 llc-0b1 1 27 0 27 0
l1d_u27-14 llc-0b2 1 27 0 27 0
l1d_u27-14 llc-0b3 1 27 0 27 0
l1d_u27-14 llc-0b4 1 27 0 27 0
l1d_u27-14 llc-0b5 1 27 0 27 0
l1d_u27-14 llc-0b6 1 27 0 27 0
l1d_u27-14 llc-0b7 1 27 0 27 0
l1d_u27-14 llc-0b8 1 27 0 27 0
l1d_u27-14 llc-0b9 1 27 0 27 0
l1d_u27-14 llc-0b10 1 27 0 27 0
l1d_u27-14 llc-0b11 1 27 0 27 0
l1d_u27-14 llc-0b12 1 27 0 27 0
l1d_u27-14 llc-0b13 1 27 0 27 0
l1d_u27-14 llc-0b14 1 27 0 27 0
l1d_u27-14 llc-0b15 1 27 0 27 0
l1d_u27-14 llc-0b16 1 27 0 27 0
l1d_u27-14 llc-0b17 1 27 0 27 0
l1d_u27-14 llc-0b18 1 27 0 27 0
l1d_u27-14 llc-0b19 1 27 0 27 0
l1d_u27-14 llc-0b20 1 27 0 27 0
l1d_u27-14 llc-0b21 1 27 0 27 0
l1d_u27-14 llc-0b22 1 27 0 27 0
l1d_u27-14 llc-0b23 1 27 0 27 0
l1d_u27-14 llc-0b24 1 27 0 27 0
l1d_u27-14 llc-0b25 1 27 0 27 0
l1d_u27-14 llc-0b26 1 27 0 27 0
l1d_u27-14 llc-0b27 1 27 0 27 0
l1d_u27-14 llc-0b28 1 27 0 27 0
l1d_u27-14 llc-0b29 1 27 0 27 0
l1d_u27-14 llc-0b30 1 27 0 27 0
l1d_u27-14 llc-0b31 1 27 0 27 0
l1d_u27-15 llc-0b0 1 27 0 27 0
l1d_u27-15 llc-0b1 1 27 0 27 0
l1d_u27-15 llc-0b2 1 27 0 27 0
l1d_u27-15 llc-0b3 1 27 0 27 0
l1d_u27-15 llc-0b4 1 27 0 27 0
l1d_u27-15 llc-0b5 1 27 0 27 0
l1d_u27-15 llc-0b6 1 27 0 27 0
l1d_u27-15 llc-0b7 1 27 0 27 0
l1d_u27-15 llc-0b8 1 27 0 27 0
l1d_u27-15 llc-0b9 1 27 0 27 0
l1d_u27-15 llc-0b10 1 27 0 27 0
l1d_u27-15 llc-0b11 1 27 0 27 0
l1d_u27-15 llc-0b12 1 27 0 27 0
l1d_u27-15 llc-0b13 1 27 0 27 0
l1d_u27-15 llc-0b14 1 27 0 27 0
l1d_u27-15 llc-0b15 1 27 0 27 0
l1d_u27-15 llc-0b16 1 27 0 27 0
l1d_u27-15 llc-0b17 1 27 0 27 0
l1d_u27-15 llc-0b18 1 27 0 27 0
l1d_u27-15 llc-0b19 1 27 0 27 0
l1d_u27-15 llc-0b20 1 27 0 27 0
l1d_u27-15 llc-0b21 1 27 0 27 0
l1d_u27-15 llc-0b22 1 27 0 27 0
l1d_u27-15 llc-0b23 1 27 0 27 0
l1d_u27-15 llc-0b24 1 27 0 27 0
l1d_u27-15 llc-0b25 1 27 0 27 0
l1d_u27-15 llc-0b26 1 27 0 27 0
l1d_u27-15 llc-0b27 1 27 0 27 0
l1d_u27-15 llc-0b28 1 27 0 27 0
l1d_u27-15 llc-0b29 1 27 0 27 0
l1d_u27-15 llc-0b30 1 27 0 27 0
l1d_u27-15 llc-0b31 1 27 0 27 0
l1i_u28-0 llc-0b0 1 28 0 28 0
l1i_u28-0 llc-0b1 1 28 0 28 0
l1i_u28-0 llc-0b2 1 28 0 28 0
l1i_u28-0 llc-0b3 1 28 0 28 0
l1i_u28-0 llc-0b4 1 28 0 28 0
l1i_u28-0 llc-0b5 1 28 0 28 0
l1i_u28-0 llc-0b6 1 28 0 28 0
l1i_u28-0 llc-0b7 1 28 0 28 0
l1i_u28-0 llc-0b8 1 28 0 28 0
l1i_u28-0 llc-0b9 1 28 0 28 0
l1i_u28-0 llc-0b10 1 28 0 28 0
l1i_u28-0 llc-0b11 1 28 0 28 0
l1i_u28-0 llc-0b12 1 28 0 28 0
l1i_u28-0 llc-0b13 1 28 0 28 0
l1i_u28-0 llc-0b14 1 28 0 28 0
l1i_u28-0 llc-0b15 1 28 0 28 0
l1i_u28-0 llc-0b16 1 28 0 28 0
l1i_u28-0 llc-0b17 1 28 0 28 0
l1i_u28-0 llc-0b18 1 28 0 28 0
l1i_u28-0 llc-0b19 1 28 0 28 0
l1i_u28-0 llc-0b20 1 28 0 28 0
l1i_u28-0 llc-0b21 1 28 0 28 0
l1i_u28-0 llc-0b22 1 28 0 28 0
l1i_u28-0 llc-0b23 1 28 0 28 0
l1i_u28-0 llc-0b24 1 28 0 28 0
l1i_u28-0 llc-0b25 1 28 0 28 0
l1i_u28-0 llc-0b26 1 28 0 28 0
l1i_u28-0 llc-0b27 1 28 0 28 0
l1i_u28-0 llc-0b28 1 28 0 28 0
l1i_u28-0 llc-0b29 1 28 0 28 0
l1i_u28-0 llc-0b30 1 28 0 28 0
l1i_u28-0 llc-0b31 1 28 0 28 0
l1i_u28-1 llc-0b0 1 28 0 28 0
l1i_u28-1 llc-0b1 1 28 0 28 0
l1i_u28-1 llc-0b2 1 28 0 28 0
l1i_u28-1 llc-0b3 1 28 0 28 0
l1i_u28-1 llc-0b4 1 28 0 28 0
l1i_u28-1 llc-0b5 1 28 0 28 0
l1i_u28-1 llc-0b6 1 28 0 28 0
l1i_u28-1 llc-0b7 1 28 0 28 0
l1i_u28-1 llc-0b8 1 28 0 28 0
l1i_u28-1 llc-0b9 1 28 0 28 0
l1i_u28-1 llc-0b10 1 28 0 28 0
l1i_u28-1 llc-0b11 1 28 0 28 0
l1i_u28-1 llc-0b12 1 28 0 28 0
l1i_u28-1 llc-0b13 1 28 0 28 0
l1i_u28-1 llc-0b14 1 28 0 28 0
l1i_u28-1 llc-0b15 1 28 0 28 0
l1i_u28-1 llc-0b16 1 28 0 28 0
l1i_u28-1 llc-0b17 1 28 0 28 0
l1i_u28-1 llc-0b18 1 28 0 28 0
l1i_u28-1 llc-0b19 1 28 0 28 0
l1i_u28-1 llc-0b20 1 28 0 28 0
l1i_u28-1 llc-0b21 1 28 0 28 0
l1i_u28-1 llc-0b22 1 28 0 28 0
l1i_u28-1 llc-0b23 1 28 0 28 0
l1i_u28-1 llc-0b24 1 28 0 28 0
l1i_u28-1 llc-0b25 1 28 0 28 0
l1i_u28-1 llc-0b26 1 28 0 28 0
l1i_u28-1 llc-0b27 1 28 0 28 0
l1i_u28-1 llc-0b28 1 28 0 28 0
l1i_u28-1 llc-0b29 1 28 0 28 0
l1i_u28-1 llc-0b30 1 28 0 28 0
l1i_u28-1 llc-0b31 1 28 0 28 0
l1i_u28-2 llc-0b0 1 28 0 28 0
l1i_u28-2 llc-0b1 1 28 0 28 0
l1i_u28-2 llc-0b2 1 28 0 28 0
l1i_u28-2 llc-0b3 1 28 0 28 0
l1i_u28-2 llc-0b4 1 28 0 28 0
l1i_u28-2 llc-0b5 1 28 0 28 0
l1i_u28-2 llc-0b6 1 28 0 28 0
l1i_u28-2 llc-0b7 1 28 0 28 0
l1i_u28-2 llc-0b8 1 28 0 28 0
l1i_u28-2 llc-0b9 1 28 0 28 0
l1i_u28-2 llc-0b10 1 28 0 28 0
l1i_u28-2 llc-0b11 1 28 0 28 0
l1i_u28-2 llc-0b12 1 28 0 28 0
l1i_u28-2 llc-0b13 1 28 0 28 0
l1i_u28-2 llc-0b14 1 28 0 28 0
l1i_u28-2 llc-0b15 1 28 0 28 0
l1i_u28-2 llc-0b16 1 28 0 28 0
l1i_u28-2 llc-0b17 1 28 0 28 0
l1i_u28-2 llc-0b18 1 28 0 28 0
l1i_u28-2 llc-0b19 1 28 0 28 0
l1i_u28-2 llc-0b20 1 28 0 28 0
l1i_u28-2 llc-0b21 1 28 0 28 0
l1i_u28-2 llc-0b22 1 28 0 28 0
l1i_u28-2 llc-0b23 1 28 0 28 0
l1i_u28-2 llc-0b24 1 28 0 28 0
l1i_u28-2 llc-0b25 1 28 0 28 0
l1i_u28-2 llc-0b26 1 28 0 28 0
l1i_u28-2 llc-0b27 1 28 0 28 0
l1i_u28-2 llc-0b28 1 28 0 28 0
l1i_u28-2 llc-0b29 1 28 0 28 0
l1i_u28-2 llc-0b30 1 28 0 28 0
l1i_u28-2 llc-0b31 1 28 0 28 0
l1i_u28-3 llc-0b0 1 28 0 28 0
l1i_u28-3 llc-0b1 1 28 0 28 0
l1i_u28-3 llc-0b2 1 28 0 28 0
l1i_u28-3 llc-0b3 1 28 0 28 0
l1i_u28-3 llc-0b4 1 28 0 28 0
l1i_u28-3 llc-0b5 1 28 0 28 0
l1i_u28-3 llc-0b6 1 28 0 28 0
l1i_u28-3 llc-0b7 1 28 0 28 0
l1i_u28-3 llc-0b8 1 28 0 28 0
l1i_u28-3 llc-0b9 1 28 0 28 0
l1i_u28-3 llc-0b10 1 28 0 28 0
l1i_u28-3 llc-0b11 1 28 0 28 0
l1i_u28-3 llc-0b12 1 28 0 28 0
l1i_u28-3 llc-0b13 1 28 0 28 0
l1i_u28-3 llc-0b14 1 28 0 28 0
l1i_u28-3 llc-0b15 1 28 0 28 0
l1i_u28-3 llc-0b16 1 28 0 28 0
l1i_u28-3 llc-0b17 1 28 0 28 0
l1i_u28-3 llc-0b18 1 28 0 28 0
l1i_u28-3 llc-0b19 1 28 0 28 0
l1i_u28-3 llc-0b20 1 28 0 28 0
l1i_u28-3 llc-0b21 1 28 0 28 0
l1i_u28-3 llc-0b22 1 28 0 28 0
l1i_u28-3 llc-0b23 1 28 0 28 0
l1i_u28-3 llc-0b24 1 28 0 28 0
l1i_u28-3 llc-0b25 1 28 0 28 0
l1i_u28-3 llc-0b26 1 28 0 28 0
l1i_u28-3 llc-0b27 1 28 0 28 0
l1i_u28-3 llc-0b28 1 28 0 28 0
l1i_u28-3 llc-0b29 1 28 0 28 0
l1i_u28-3 llc-0b30 1 28 0 28 0
l1i_u28-3 llc-0b31 1 28 0 28 0
l1i_u28-4 llc-0b0 1 28 0 28 0
l1i_u28-4 llc-0b1 1 28 0 28 0
l1i_u28-4 llc-0b2 1 28 0 28 0
l1i_u28-4 llc-0b3 1 28 0 28 0
l1i_u28-4 llc-0b4 1 28 0 28 0
l1i_u28-4 llc-0b5 1 28 0 28 0
l1i_u28-4 llc-0b6 1 28 0 28 0
l1i_u28-4 llc-0b7 1 28 0 28 0
l1i_u28-4 llc-0b8 1 28 0 28 0
l1i_u28-4 llc-0b9 1 28 0 28 0
l1i_u28-4 llc-0b10 1 28 0 28 0
l1i_u28-4 llc-0b11 1 28 0 28 0
l1i_u28-4 llc-0b12 1 28 0 28 0
l1i_u28-4 llc-0b13 1 28 0 28 0
l1i_u28-4 llc-0b14 1 28 0 28 0
l1i_u28-4 llc-0b15 1 28 0 28 0
l1i_u28-4 llc-0b16 1 28 0 28 0
l1i_u28-4 llc-0b17 1 28 0 28 0
l1i_u28-4 llc-0b18 1 28 0 28 0
l1i_u28-4 llc-0b19 1 28 0 28 0
l1i_u28-4 llc-0b20 1 28 0 28 0
l1i_u28-4 llc-0b21 1 28 0 28 0
l1i_u28-4 llc-0b22 1 28 0 28 0
l1i_u28-4 llc-0b23 1 28 0 28 0
l1i_u28-4 llc-0b24 1 28 0 28 0
l1i_u28-4 llc-0b25 1 28 0 28 0
l1i_u28-4 llc-0b26 1 28 0 28 0
l1i_u28-4 llc-0b27 1 28 0 28 0
l1i_u28-4 llc-0b28 1 28 0 28 0
l1i_u28-4 llc-0b29 1 28 0 28 0
l1i_u28-4 llc-0b30 1 28 0 28 0
l1i_u28-4 llc-0b31 1 28 0 28 0
l1i_u28-5 llc-0b0 1 28 0 28 0
l1i_u28-5 llc-0b1 1 28 0 28 0
l1i_u28-5 llc-0b2 1 28 0 28 0
l1i_u28-5 llc-0b3 1 28 0 28 0
l1i_u28-5 llc-0b4 1 28 0 28 0
l1i_u28-5 llc-0b5 1 28 0 28 0
l1i_u28-5 llc-0b6 1 28 0 28 0
l1i_u28-5 llc-0b7 1 28 0 28 0
l1i_u28-5 llc-0b8 1 28 0 28 0
l1i_u28-5 llc-0b9 1 28 0 28 0
l1i_u28-5 llc-0b10 1 28 0 28 0
l1i_u28-5 llc-0b11 1 28 0 28 0
l1i_u28-5 llc-0b12 1 28 0 28 0
l1i_u28-5 llc-0b13 1 28 0 28 0
l1i_u28-5 llc-0b14 1 28 0 28 0
l1i_u28-5 llc-0b15 1 28 0 28 0
l1i_u28-5 llc-0b16 1 28 0 28 0
l1i_u28-5 llc-0b17 1 28 0 28 0
l1i_u28-5 llc-0b18 1 28 0 28 0
l1i_u28-5 llc-0b19 1 28 0 28 0
l1i_u28-5 llc-0b20 1 28 0 28 0
l1i_u28-5 llc-0b21 1 28 0 28 0
l1i_u28-5 llc-0b22 1 28 0 28 0
l1i_u28-5 llc-0b23 1 28 0 28 0
l1i_u28-5 llc-0b24 1 28 0 28 0
l1i_u28-5 llc-0b25 1 28 0 28 0
l1i_u28-5 llc-0b26 1 28 0 28 0
l1i_u28-5 llc-0b27 1 28 0 28 0
l1i_u28-5 llc-0b28 1 28 0 28 0
l1i_u28-5 llc-0b29 1 28 0 28 0
l1i_u28-5 llc-0b30 1 28 0 28 0
l1i_u28-5 llc-0b31 1 28 0 28 0
l1i_u28-6 llc-0b0 1 28 0 28 0
l1i_u28-6 llc-0b1 1 28 0 28 0
l1i_u28-6 llc-0b2 1 28 0 28 0
l1i_u28-6 llc-0b3 1 28 0 28 0
l1i_u28-6 llc-0b4 1 28 0 28 0
l1i_u28-6 llc-0b5 1 28 0 28 0
l1i_u28-6 llc-0b6 1 28 0 28 0
l1i_u28-6 llc-0b7 1 28 0 28 0
l1i_u28-6 llc-0b8 1 28 0 28 0
l1i_u28-6 llc-0b9 1 28 0 28 0
l1i_u28-6 llc-0b10 1 28 0 28 0
l1i_u28-6 llc-0b11 1 28 0 28 0
l1i_u28-6 llc-0b12 1 28 0 28 0
l1i_u28-6 llc-0b13 1 28 0 28 0
l1i_u28-6 llc-0b14 1 28 0 28 0
l1i_u28-6 llc-0b15 1 28 0 28 0
l1i_u28-6 llc-0b16 1 28 0 28 0
l1i_u28-6 llc-0b17 1 28 0 28 0
l1i_u28-6 llc-0b18 1 28 0 28 0
l1i_u28-6 llc-0b19 1 28 0 28 0
l1i_u28-6 llc-0b20 1 28 0 28 0
l1i_u28-6 llc-0b21 1 28 0 28 0
l1i_u28-6 llc-0b22 1 28 0 28 0
l1i_u28-6 llc-0b23 1 28 0 28 0
l1i_u28-6 llc-0b24 1 28 0 28 0
l1i_u28-6 llc-0b25 1 28 0 28 0
l1i_u28-6 llc-0b26 1 28 0 28 0
l1i_u28-6 llc-0b27 1 28 0 28 0
l1i_u28-6 llc-0b28 1 28 0 28 0
l1i_u28-6 llc-0b29 1 28 0 28 0
l1i_u28-6 llc-0b30 1 28 0 28 0
l1i_u28-6 llc-0b31 1 28 0 28 0
l1i_u28-7 llc-0b0 1 28 0 28 0
l1i_u28-7 llc-0b1 1 28 0 28 0
l1i_u28-7 llc-0b2 1 28 0 28 0
l1i_u28-7 llc-0b3 1 28 0 28 0
l1i_u28-7 llc-0b4 1 28 0 28 0
l1i_u28-7 llc-0b5 1 28 0 28 0
l1i_u28-7 llc-0b6 1 28 0 28 0
l1i_u28-7 llc-0b7 1 28 0 28 0
l1i_u28-7 llc-0b8 1 28 0 28 0
l1i_u28-7 llc-0b9 1 28 0 28 0
l1i_u28-7 llc-0b10 1 28 0 28 0
l1i_u28-7 llc-0b11 1 28 0 28 0
l1i_u28-7 llc-0b12 1 28 0 28 0
l1i_u28-7 llc-0b13 1 28 0 28 0
l1i_u28-7 llc-0b14 1 28 0 28 0
l1i_u28-7 llc-0b15 1 28 0 28 0
l1i_u28-7 llc-0b16 1 28 0 28 0
l1i_u28-7 llc-0b17 1 28 0 28 0
l1i_u28-7 llc-0b18 1 28 0 28 0
l1i_u28-7 llc-0b19 1 28 0 28 0
l1i_u28-7 llc-0b20 1 28 0 28 0
l1i_u28-7 llc-0b21 1 28 0 28 0
l1i_u28-7 llc-0b22 1 28 0 28 0
l1i_u28-7 llc-0b23 1 28 0 28 0
l1i_u28-7 llc-0b24 1 28 0 28 0
l1i_u28-7 llc-0b25 1 28 0 28 0
l1i_u28-7 llc-0b26 1 28 0 28 0
l1i_u28-7 llc-0b27 1 28 0 28 0
l1i_u28-7 llc-0b28 1 28 0 28 0
l1i_u28-7 llc-0b29 1 28 0 28 0
l1i_u28-7 llc-0b30 1 28 0 28 0
l1i_u28-7 llc-0b31 1 28 0 28 0
l1i_u28-8 llc-0b0 1 28 0 28 0
l1i_u28-8 llc-0b1 1 28 0 28 0
l1i_u28-8 llc-0b2 1 28 0 28 0
l1i_u28-8 llc-0b3 1 28 0 28 0
l1i_u28-8 llc-0b4 1 28 0 28 0
l1i_u28-8 llc-0b5 1 28 0 28 0
l1i_u28-8 llc-0b6 1 28 0 28 0
l1i_u28-8 llc-0b7 1 28 0 28 0
l1i_u28-8 llc-0b8 1 28 0 28 0
l1i_u28-8 llc-0b9 1 28 0 28 0
l1i_u28-8 llc-0b10 1 28 0 28 0
l1i_u28-8 llc-0b11 1 28 0 28 0
l1i_u28-8 llc-0b12 1 28 0 28 0
l1i_u28-8 llc-0b13 1 28 0 28 0
l1i_u28-8 llc-0b14 1 28 0 28 0
l1i_u28-8 llc-0b15 1 28 0 28 0
l1i_u28-8 llc-0b16 1 28 0 28 0
l1i_u28-8 llc-0b17 1 28 0 28 0
l1i_u28-8 llc-0b18 1 28 0 28 0
l1i_u28-8 llc-0b19 1 28 0 28 0
l1i_u28-8 llc-0b20 1 28 0 28 0
l1i_u28-8 llc-0b21 1 28 0 28 0
l1i_u28-8 llc-0b22 1 28 0 28 0
l1i_u28-8 llc-0b23 1 28 0 28 0
l1i_u28-8 llc-0b24 1 28 0 28 0
l1i_u28-8 llc-0b25 1 28 0 28 0
l1i_u28-8 llc-0b26 1 28 0 28 0
l1i_u28-8 llc-0b27 1 28 0 28 0
l1i_u28-8 llc-0b28 1 28 0 28 0
l1i_u28-8 llc-0b29 1 28 0 28 0
l1i_u28-8 llc-0b30 1 28 0 28 0
l1i_u28-8 llc-0b31 1 28 0 28 0
l1i_u28-9 llc-0b0 1 28 0 28 0
l1i_u28-9 llc-0b1 1 28 0 28 0
l1i_u28-9 llc-0b2 1 28 0 28 0
l1i_u28-9 llc-0b3 1 28 0 28 0
l1i_u28-9 llc-0b4 1 28 0 28 0
l1i_u28-9 llc-0b5 1 28 0 28 0
l1i_u28-9 llc-0b6 1 28 0 28 0
l1i_u28-9 llc-0b7 1 28 0 28 0
l1i_u28-9 llc-0b8 1 28 0 28 0
l1i_u28-9 llc-0b9 1 28 0 28 0
l1i_u28-9 llc-0b10 1 28 0 28 0
l1i_u28-9 llc-0b11 1 28 0 28 0
l1i_u28-9 llc-0b12 1 28 0 28 0
l1i_u28-9 llc-0b13 1 28 0 28 0
l1i_u28-9 llc-0b14 1 28 0 28 0
l1i_u28-9 llc-0b15 1 28 0 28 0
l1i_u28-9 llc-0b16 1 28 0 28 0
l1i_u28-9 llc-0b17 1 28 0 28 0
l1i_u28-9 llc-0b18 1 28 0 28 0
l1i_u28-9 llc-0b19 1 28 0 28 0
l1i_u28-9 llc-0b20 1 28 0 28 0
l1i_u28-9 llc-0b21 1 28 0 28 0
l1i_u28-9 llc-0b22 1 28 0 28 0
l1i_u28-9 llc-0b23 1 28 0 28 0
l1i_u28-9 llc-0b24 1 28 0 28 0
l1i_u28-9 llc-0b25 1 28 0 28 0
l1i_u28-9 llc-0b26 1 28 0 28 0
l1i_u28-9 llc-0b27 1 28 0 28 0
l1i_u28-9 llc-0b28 1 28 0 28 0
l1i_u28-9 llc-0b29 1 28 0 28 0
l1i_u28-9 llc-0b30 1 28 0 28 0
l1i_u28-9 llc-0b31 1 28 0 28 0
l1i_u28-10 llc-0b0 1 28 0 28 0
l1i_u28-10 llc-0b1 1 28 0 28 0
l1i_u28-10 llc-0b2 1 28 0 28 0
l1i_u28-10 llc-0b3 1 28 0 28 0
l1i_u28-10 llc-0b4 1 28 0 28 0
l1i_u28-10 llc-0b5 1 28 0 28 0
l1i_u28-10 llc-0b6 1 28 0 28 0
l1i_u28-10 llc-0b7 1 28 0 28 0
l1i_u28-10 llc-0b8 1 28 0 28 0
l1i_u28-10 llc-0b9 1 28 0 28 0
l1i_u28-10 llc-0b10 1 28 0 28 0
l1i_u28-10 llc-0b11 1 28 0 28 0
l1i_u28-10 llc-0b12 1 28 0 28 0
l1i_u28-10 llc-0b13 1 28 0 28 0
l1i_u28-10 llc-0b14 1 28 0 28 0
l1i_u28-10 llc-0b15 1 28 0 28 0
l1i_u28-10 llc-0b16 1 28 0 28 0
l1i_u28-10 llc-0b17 1 28 0 28 0
l1i_u28-10 llc-0b18 1 28 0 28 0
l1i_u28-10 llc-0b19 1 28 0 28 0
l1i_u28-10 llc-0b20 1 28 0 28 0
l1i_u28-10 llc-0b21 1 28 0 28 0
l1i_u28-10 llc-0b22 1 28 0 28 0
l1i_u28-10 llc-0b23 1 28 0 28 0
l1i_u28-10 llc-0b24 1 28 0 28 0
l1i_u28-10 llc-0b25 1 28 0 28 0
l1i_u28-10 llc-0b26 1 28 0 28 0
l1i_u28-10 llc-0b27 1 28 0 28 0
l1i_u28-10 llc-0b28 1 28 0 28 0
l1i_u28-10 llc-0b29 1 28 0 28 0
l1i_u28-10 llc-0b30 1 28 0 28 0
l1i_u28-10 llc-0b31 1 28 0 28 0
l1i_u28-11 llc-0b0 1 28 0 28 0
l1i_u28-11 llc-0b1 1 28 0 28 0
l1i_u28-11 llc-0b2 1 28 0 28 0
l1i_u28-11 llc-0b3 1 28 0 28 0
l1i_u28-11 llc-0b4 1 28 0 28 0
l1i_u28-11 llc-0b5 1 28 0 28 0
l1i_u28-11 llc-0b6 1 28 0 28 0
l1i_u28-11 llc-0b7 1 28 0 28 0
l1i_u28-11 llc-0b8 1 28 0 28 0
l1i_u28-11 llc-0b9 1 28 0 28 0
l1i_u28-11 llc-0b10 1 28 0 28 0
l1i_u28-11 llc-0b11 1 28 0 28 0
l1i_u28-11 llc-0b12 1 28 0 28 0
l1i_u28-11 llc-0b13 1 28 0 28 0
l1i_u28-11 llc-0b14 1 28 0 28 0
l1i_u28-11 llc-0b15 1 28 0 28 0
l1i_u28-11 llc-0b16 1 28 0 28 0
l1i_u28-11 llc-0b17 1 28 0 28 0
l1i_u28-11 llc-0b18 1 28 0 28 0
l1i_u28-11 llc-0b19 1 28 0 28 0
l1i_u28-11 llc-0b20 1 28 0 28 0
l1i_u28-11 llc-0b21 1 28 0 28 0
l1i_u28-11 llc-0b22 1 28 0 28 0
l1i_u28-11 llc-0b23 1 28 0 28 0
l1i_u28-11 llc-0b24 1 28 0 28 0
l1i_u28-11 llc-0b25 1 28 0 28 0
l1i_u28-11 llc-0b26 1 28 0 28 0
l1i_u28-11 llc-0b27 1 28 0 28 0
l1i_u28-11 llc-0b28 1 28 0 28 0
l1i_u28-11 llc-0b29 1 28 0 28 0
l1i_u28-11 llc-0b30 1 28 0 28 0
l1i_u28-11 llc-0b31 1 28 0 28 0
l1i_u28-12 llc-0b0 1 28 0 28 0
l1i_u28-12 llc-0b1 1 28 0 28 0
l1i_u28-12 llc-0b2 1 28 0 28 0
l1i_u28-12 llc-0b3 1 28 0 28 0
l1i_u28-12 llc-0b4 1 28 0 28 0
l1i_u28-12 llc-0b5 1 28 0 28 0
l1i_u28-12 llc-0b6 1 28 0 28 0
l1i_u28-12 llc-0b7 1 28 0 28 0
l1i_u28-12 llc-0b8 1 28 0 28 0
l1i_u28-12 llc-0b9 1 28 0 28 0
l1i_u28-12 llc-0b10 1 28 0 28 0
l1i_u28-12 llc-0b11 1 28 0 28 0
l1i_u28-12 llc-0b12 1 28 0 28 0
l1i_u28-12 llc-0b13 1 28 0 28 0
l1i_u28-12 llc-0b14 1 28 0 28 0
l1i_u28-12 llc-0b15 1 28 0 28 0
l1i_u28-12 llc-0b16 1 28 0 28 0
l1i_u28-12 llc-0b17 1 28 0 28 0
l1i_u28-12 llc-0b18 1 28 0 28 0
l1i_u28-12 llc-0b19 1 28 0 28 0
l1i_u28-12 llc-0b20 1 28 0 28 0
l1i_u28-12 llc-0b21 1 28 0 28 0
l1i_u28-12 llc-0b22 1 28 0 28 0
l1i_u28-12 llc-0b23 1 28 0 28 0
l1i_u28-12 llc-0b24 1 28 0 28 0
l1i_u28-12 llc-0b25 1 28 0 28 0
l1i_u28-12 llc-0b26 1 28 0 28 0
l1i_u28-12 llc-0b27 1 28 0 28 0
l1i_u28-12 llc-0b28 1 28 0 28 0
l1i_u28-12 llc-0b29 1 28 0 28 0
l1i_u28-12 llc-0b30 1 28 0 28 0
l1i_u28-12 llc-0b31 1 28 0 28 0
l1i_u28-13 llc-0b0 1 28 0 28 0
l1i_u28-13 llc-0b1 1 28 0 28 0
l1i_u28-13 llc-0b2 1 28 0 28 0
l1i_u28-13 llc-0b3 1 28 0 28 0
l1i_u28-13 llc-0b4 1 28 0 28 0
l1i_u28-13 llc-0b5 1 28 0 28 0
l1i_u28-13 llc-0b6 1 28 0 28 0
l1i_u28-13 llc-0b7 1 28 0 28 0
l1i_u28-13 llc-0b8 1 28 0 28 0
l1i_u28-13 llc-0b9 1 28 0 28 0
l1i_u28-13 llc-0b10 1 28 0 28 0
l1i_u28-13 llc-0b11 1 28 0 28 0
l1i_u28-13 llc-0b12 1 28 0 28 0
l1i_u28-13 llc-0b13 1 28 0 28 0
l1i_u28-13 llc-0b14 1 28 0 28 0
l1i_u28-13 llc-0b15 1 28 0 28 0
l1i_u28-13 llc-0b16 1 28 0 28 0
l1i_u28-13 llc-0b17 1 28 0 28 0
l1i_u28-13 llc-0b18 1 28 0 28 0
l1i_u28-13 llc-0b19 1 28 0 28 0
l1i_u28-13 llc-0b20 1 28 0 28 0
l1i_u28-13 llc-0b21 1 28 0 28 0
l1i_u28-13 llc-0b22 1 28 0 28 0
l1i_u28-13 llc-0b23 1 28 0 28 0
l1i_u28-13 llc-0b24 1 28 0 28 0
l1i_u28-13 llc-0b25 1 28 0 28 0
l1i_u28-13 llc-0b26 1 28 0 28 0
l1i_u28-13 llc-0b27 1 28 0 28 0
l1i_u28-13 llc-0b28 1 28 0 28 0
l1i_u28-13 llc-0b29 1 28 0 28 0
l1i_u28-13 llc-0b30 1 28 0 28 0
l1i_u28-13 llc-0b31 1 28 0 28 0
l1i_u28-14 llc-0b0 1 28 0 28 0
l1i_u28-14 llc-0b1 1 28 0 28 0
l1i_u28-14 llc-0b2 1 28 0 28 0
l1i_u28-14 llc-0b3 1 28 0 28 0
l1i_u28-14 llc-0b4 1 28 0 28 0
l1i_u28-14 llc-0b5 1 28 0 28 0
l1i_u28-14 llc-0b6 1 28 0 28 0
l1i_u28-14 llc-0b7 1 28 0 28 0
l1i_u28-14 llc-0b8 1 28 0 28 0
l1i_u28-14 llc-0b9 1 28 0 28 0
l1i_u28-14 llc-0b10 1 28 0 28 0
l1i_u28-14 llc-0b11 1 28 0 28 0
l1i_u28-14 llc-0b12 1 28 0 28 0
l1i_u28-14 llc-0b13 1 28 0 28 0
l1i_u28-14 llc-0b14 1 28 0 28 0
l1i_u28-14 llc-0b15 1 28 0 28 0
l1i_u28-14 llc-0b16 1 28 0 28 0
l1i_u28-14 llc-0b17 1 28 0 28 0
l1i_u28-14 llc-0b18 1 28 0 28 0
l1i_u28-14 llc-0b19 1 28 0 28 0
l1i_u28-14 llc-0b20 1 28 0 28 0
l1i_u28-14 llc-0b21 1 28 0 28 0
l1i_u28-14 llc-0b22 1 28 0 28 0
l1i_u28-14 llc-0b23 1 28 0 28 0
l1i_u28-14 llc-0b24 1 28 0 28 0
l1i_u28-14 llc-0b25 1 28 0 28 0
l1i_u28-14 llc-0b26 1 28 0 28 0
l1i_u28-14 llc-0b27 1 28 0 28 0
l1i_u28-14 llc-0b28 1 28 0 28 0
l1i_u28-14 llc-0b29 1 28 0 28 0
l1i_u28-14 llc-0b30 1 28 0 28 0
l1i_u28-14 llc-0b31 1 28 0 28 0
l1i_u28-15 llc-0b0 1 28 0 28 0
l1i_u28-15 llc-0b1 1 28 0 28 0
l1i_u28-15 llc-0b2 1 28 0 28 0
l1i_u28-15 llc-0b3 1 28 0 28 0
l1i_u28-15 llc-0b4 1 28 0 28 0
l1i_u28-15 llc-0b5 1 28 0 28 0
l1i_u28-15 llc-0b6 1 28 0 28 0
l1i_u28-15 llc-0b7 1 28 0 28 0
l1i_u28-15 llc-0b8 1 28 0 28 0
l1i_u28-15 llc-0b9 1 28 0 28 0
l1i_u28-15 llc-0b10 1 28 0 28 0
l1i_u28-15 llc-0b11 1 28 0 28 0
l1i_u28-15 llc-0b12 1 28 0 28 0
l1i_u28-15 llc-0b13 1 28 0 28 0
l1i_u28-15 llc-0b14 1 28 0 28 0
l1i_u28-15 llc-0b15 1 28 0 28 0
l1i_u28-15 llc-0b16 1 28 0 28 0
l1i_u28-15 llc-0b17 1 28 0 28 0
l1i_u28-15 llc-0b18 1 28 0 28 0
l1i_u28-15 llc-0b19 1 28 0 28 0
l1i_u28-15 llc-0b20 1 28 0 28 0
l1i_u28-15 llc-0b21 1 28 0 28 0
l1i_u28-15 llc-0b22 1 28 0 28 0
l1i_u28-15 llc-0b23 1 28 0 28 0
l1i_u28-15 llc-0b24 1 28 0 28 0
l1i_u28-15 llc-0b25 1 28 0 28 0
l1i_u28-15 llc-0b26 1 28 0 28 0
l1i_u28-15 llc-0b27 1 28 0 28 0
l1i_u28-15 llc-0b28 1 28 0 28 0
l1i_u28-15 llc-0b29 1 28 0 28 0
l1i_u28-15 llc-0b30 1 28 0 28 0
l1i_u28-15 llc-0b31 1 28 0 28 0
l1d_u28-0 llc-0b0 1 28 0 28 0
l1d_u28-0 llc-0b1 1 28 0 28 0
l1d_u28-0 llc-0b2 1 28 0 28 0
l1d_u28-0 llc-0b3 1 28 0 28 0
l1d_u28-0 llc-0b4 1 28 0 28 0
l1d_u28-0 llc-0b5 1 28 0 28 0
l1d_u28-0 llc-0b6 1 28 0 28 0
l1d_u28-0 llc-0b7 1 28 0 28 0
l1d_u28-0 llc-0b8 1 28 0 28 0
l1d_u28-0 llc-0b9 1 28 0 28 0
l1d_u28-0 llc-0b10 1 28 0 28 0
l1d_u28-0 llc-0b11 1 28 0 28 0
l1d_u28-0 llc-0b12 1 28 0 28 0
l1d_u28-0 llc-0b13 1 28 0 28 0
l1d_u28-0 llc-0b14 1 28 0 28 0
l1d_u28-0 llc-0b15 1 28 0 28 0
l1d_u28-0 llc-0b16 1 28 0 28 0
l1d_u28-0 llc-0b17 1 28 0 28 0
l1d_u28-0 llc-0b18 1 28 0 28 0
l1d_u28-0 llc-0b19 1 28 0 28 0
l1d_u28-0 llc-0b20 1 28 0 28 0
l1d_u28-0 llc-0b21 1 28 0 28 0
l1d_u28-0 llc-0b22 1 28 0 28 0
l1d_u28-0 llc-0b23 1 28 0 28 0
l1d_u28-0 llc-0b24 1 28 0 28 0
l1d_u28-0 llc-0b25 1 28 0 28 0
l1d_u28-0 llc-0b26 1 28 0 28 0
l1d_u28-0 llc-0b27 1 28 0 28 0
l1d_u28-0 llc-0b28 1 28 0 28 0
l1d_u28-0 llc-0b29 1 28 0 28 0
l1d_u28-0 llc-0b30 1 28 0 28 0
l1d_u28-0 llc-0b31 1 28 0 28 0
l1d_u28-1 llc-0b0 1 28 0 28 0
l1d_u28-1 llc-0b1 1 28 0 28 0
l1d_u28-1 llc-0b2 1 28 0 28 0
l1d_u28-1 llc-0b3 1 28 0 28 0
l1d_u28-1 llc-0b4 1 28 0 28 0
l1d_u28-1 llc-0b5 1 28 0 28 0
l1d_u28-1 llc-0b6 1 28 0 28 0
l1d_u28-1 llc-0b7 1 28 0 28 0
l1d_u28-1 llc-0b8 1 28 0 28 0
l1d_u28-1 llc-0b9 1 28 0 28 0
l1d_u28-1 llc-0b10 1 28 0 28 0
l1d_u28-1 llc-0b11 1 28 0 28 0
l1d_u28-1 llc-0b12 1 28 0 28 0
l1d_u28-1 llc-0b13 1 28 0 28 0
l1d_u28-1 llc-0b14 1 28 0 28 0
l1d_u28-1 llc-0b15 1 28 0 28 0
l1d_u28-1 llc-0b16 1 28 0 28 0
l1d_u28-1 llc-0b17 1 28 0 28 0
l1d_u28-1 llc-0b18 1 28 0 28 0
l1d_u28-1 llc-0b19 1 28 0 28 0
l1d_u28-1 llc-0b20 1 28 0 28 0
l1d_u28-1 llc-0b21 1 28 0 28 0
l1d_u28-1 llc-0b22 1 28 0 28 0
l1d_u28-1 llc-0b23 1 28 0 28 0
l1d_u28-1 llc-0b24 1 28 0 28 0
l1d_u28-1 llc-0b25 1 28 0 28 0
l1d_u28-1 llc-0b26 1 28 0 28 0
l1d_u28-1 llc-0b27 1 28 0 28 0
l1d_u28-1 llc-0b28 1 28 0 28 0
l1d_u28-1 llc-0b29 1 28 0 28 0
l1d_u28-1 llc-0b30 1 28 0 28 0
l1d_u28-1 llc-0b31 1 28 0 28 0
l1d_u28-2 llc-0b0 1 28 0 28 0
l1d_u28-2 llc-0b1 1 28 0 28 0
l1d_u28-2 llc-0b2 1 28 0 28 0
l1d_u28-2 llc-0b3 1 28 0 28 0
l1d_u28-2 llc-0b4 1 28 0 28 0
l1d_u28-2 llc-0b5 1 28 0 28 0
l1d_u28-2 llc-0b6 1 28 0 28 0
l1d_u28-2 llc-0b7 1 28 0 28 0
l1d_u28-2 llc-0b8 1 28 0 28 0
l1d_u28-2 llc-0b9 1 28 0 28 0
l1d_u28-2 llc-0b10 1 28 0 28 0
l1d_u28-2 llc-0b11 1 28 0 28 0
l1d_u28-2 llc-0b12 1 28 0 28 0
l1d_u28-2 llc-0b13 1 28 0 28 0
l1d_u28-2 llc-0b14 1 28 0 28 0
l1d_u28-2 llc-0b15 1 28 0 28 0
l1d_u28-2 llc-0b16 1 28 0 28 0
l1d_u28-2 llc-0b17 1 28 0 28 0
l1d_u28-2 llc-0b18 1 28 0 28 0
l1d_u28-2 llc-0b19 1 28 0 28 0
l1d_u28-2 llc-0b20 1 28 0 28 0
l1d_u28-2 llc-0b21 1 28 0 28 0
l1d_u28-2 llc-0b22 1 28 0 28 0
l1d_u28-2 llc-0b23 1 28 0 28 0
l1d_u28-2 llc-0b24 1 28 0 28 0
l1d_u28-2 llc-0b25 1 28 0 28 0
l1d_u28-2 llc-0b26 1 28 0 28 0
l1d_u28-2 llc-0b27 1 28 0 28 0
l1d_u28-2 llc-0b28 1 28 0 28 0
l1d_u28-2 llc-0b29 1 28 0 28 0
l1d_u28-2 llc-0b30 1 28 0 28 0
l1d_u28-2 llc-0b31 1 28 0 28 0
l1d_u28-3 llc-0b0 1 28 0 28 0
l1d_u28-3 llc-0b1 1 28 0 28 0
l1d_u28-3 llc-0b2 1 28 0 28 0
l1d_u28-3 llc-0b3 1 28 0 28 0
l1d_u28-3 llc-0b4 1 28 0 28 0
l1d_u28-3 llc-0b5 1 28 0 28 0
l1d_u28-3 llc-0b6 1 28 0 28 0
l1d_u28-3 llc-0b7 1 28 0 28 0
l1d_u28-3 llc-0b8 1 28 0 28 0
l1d_u28-3 llc-0b9 1 28 0 28 0
l1d_u28-3 llc-0b10 1 28 0 28 0
l1d_u28-3 llc-0b11 1 28 0 28 0
l1d_u28-3 llc-0b12 1 28 0 28 0
l1d_u28-3 llc-0b13 1 28 0 28 0
l1d_u28-3 llc-0b14 1 28 0 28 0
l1d_u28-3 llc-0b15 1 28 0 28 0
l1d_u28-3 llc-0b16 1 28 0 28 0
l1d_u28-3 llc-0b17 1 28 0 28 0
l1d_u28-3 llc-0b18 1 28 0 28 0
l1d_u28-3 llc-0b19 1 28 0 28 0
l1d_u28-3 llc-0b20 1 28 0 28 0
l1d_u28-3 llc-0b21 1 28 0 28 0
l1d_u28-3 llc-0b22 1 28 0 28 0
l1d_u28-3 llc-0b23 1 28 0 28 0
l1d_u28-3 llc-0b24 1 28 0 28 0
l1d_u28-3 llc-0b25 1 28 0 28 0
l1d_u28-3 llc-0b26 1 28 0 28 0
l1d_u28-3 llc-0b27 1 28 0 28 0
l1d_u28-3 llc-0b28 1 28 0 28 0
l1d_u28-3 llc-0b29 1 28 0 28 0
l1d_u28-3 llc-0b30 1 28 0 28 0
l1d_u28-3 llc-0b31 1 28 0 28 0
l1d_u28-4 llc-0b0 1 28 0 28 0
l1d_u28-4 llc-0b1 1 28 0 28 0
l1d_u28-4 llc-0b2 1 28 0 28 0
l1d_u28-4 llc-0b3 1 28 0 28 0
l1d_u28-4 llc-0b4 1 28 0 28 0
l1d_u28-4 llc-0b5 1 28 0 28 0
l1d_u28-4 llc-0b6 1 28 0 28 0
l1d_u28-4 llc-0b7 1 28 0 28 0
l1d_u28-4 llc-0b8 1 28 0 28 0
l1d_u28-4 llc-0b9 1 28 0 28 0
l1d_u28-4 llc-0b10 1 28 0 28 0
l1d_u28-4 llc-0b11 1 28 0 28 0
l1d_u28-4 llc-0b12 1 28 0 28 0
l1d_u28-4 llc-0b13 1 28 0 28 0
l1d_u28-4 llc-0b14 1 28 0 28 0
l1d_u28-4 llc-0b15 1 28 0 28 0
l1d_u28-4 llc-0b16 1 28 0 28 0
l1d_u28-4 llc-0b17 1 28 0 28 0
l1d_u28-4 llc-0b18 1 28 0 28 0
l1d_u28-4 llc-0b19 1 28 0 28 0
l1d_u28-4 llc-0b20 1 28 0 28 0
l1d_u28-4 llc-0b21 1 28 0 28 0
l1d_u28-4 llc-0b22 1 28 0 28 0
l1d_u28-4 llc-0b23 1 28 0 28 0
l1d_u28-4 llc-0b24 1 28 0 28 0
l1d_u28-4 llc-0b25 1 28 0 28 0
l1d_u28-4 llc-0b26 1 28 0 28 0
l1d_u28-4 llc-0b27 1 28 0 28 0
l1d_u28-4 llc-0b28 1 28 0 28 0
l1d_u28-4 llc-0b29 1 28 0 28 0
l1d_u28-4 llc-0b30 1 28 0 28 0
l1d_u28-4 llc-0b31 1 28 0 28 0
l1d_u28-5 llc-0b0 1 28 0 28 0
l1d_u28-5 llc-0b1 1 28 0 28 0
l1d_u28-5 llc-0b2 1 28 0 28 0
l1d_u28-5 llc-0b3 1 28 0 28 0
l1d_u28-5 llc-0b4 1 28 0 28 0
l1d_u28-5 llc-0b5 1 28 0 28 0
l1d_u28-5 llc-0b6 1 28 0 28 0
l1d_u28-5 llc-0b7 1 28 0 28 0
l1d_u28-5 llc-0b8 1 28 0 28 0
l1d_u28-5 llc-0b9 1 28 0 28 0
l1d_u28-5 llc-0b10 1 28 0 28 0
l1d_u28-5 llc-0b11 1 28 0 28 0
l1d_u28-5 llc-0b12 1 28 0 28 0
l1d_u28-5 llc-0b13 1 28 0 28 0
l1d_u28-5 llc-0b14 1 28 0 28 0
l1d_u28-5 llc-0b15 1 28 0 28 0
l1d_u28-5 llc-0b16 1 28 0 28 0
l1d_u28-5 llc-0b17 1 28 0 28 0
l1d_u28-5 llc-0b18 1 28 0 28 0
l1d_u28-5 llc-0b19 1 28 0 28 0
l1d_u28-5 llc-0b20 1 28 0 28 0
l1d_u28-5 llc-0b21 1 28 0 28 0
l1d_u28-5 llc-0b22 1 28 0 28 0
l1d_u28-5 llc-0b23 1 28 0 28 0
l1d_u28-5 llc-0b24 1 28 0 28 0
l1d_u28-5 llc-0b25 1 28 0 28 0
l1d_u28-5 llc-0b26 1 28 0 28 0
l1d_u28-5 llc-0b27 1 28 0 28 0
l1d_u28-5 llc-0b28 1 28 0 28 0
l1d_u28-5 llc-0b29 1 28 0 28 0
l1d_u28-5 llc-0b30 1 28 0 28 0
l1d_u28-5 llc-0b31 1 28 0 28 0
l1d_u28-6 llc-0b0 1 28 0 28 0
l1d_u28-6 llc-0b1 1 28 0 28 0
l1d_u28-6 llc-0b2 1 28 0 28 0
l1d_u28-6 llc-0b3 1 28 0 28 0
l1d_u28-6 llc-0b4 1 28 0 28 0
l1d_u28-6 llc-0b5 1 28 0 28 0
l1d_u28-6 llc-0b6 1 28 0 28 0
l1d_u28-6 llc-0b7 1 28 0 28 0
l1d_u28-6 llc-0b8 1 28 0 28 0
l1d_u28-6 llc-0b9 1 28 0 28 0
l1d_u28-6 llc-0b10 1 28 0 28 0
l1d_u28-6 llc-0b11 1 28 0 28 0
l1d_u28-6 llc-0b12 1 28 0 28 0
l1d_u28-6 llc-0b13 1 28 0 28 0
l1d_u28-6 llc-0b14 1 28 0 28 0
l1d_u28-6 llc-0b15 1 28 0 28 0
l1d_u28-6 llc-0b16 1 28 0 28 0
l1d_u28-6 llc-0b17 1 28 0 28 0
l1d_u28-6 llc-0b18 1 28 0 28 0
l1d_u28-6 llc-0b19 1 28 0 28 0
l1d_u28-6 llc-0b20 1 28 0 28 0
l1d_u28-6 llc-0b21 1 28 0 28 0
l1d_u28-6 llc-0b22 1 28 0 28 0
l1d_u28-6 llc-0b23 1 28 0 28 0
l1d_u28-6 llc-0b24 1 28 0 28 0
l1d_u28-6 llc-0b25 1 28 0 28 0
l1d_u28-6 llc-0b26 1 28 0 28 0
l1d_u28-6 llc-0b27 1 28 0 28 0
l1d_u28-6 llc-0b28 1 28 0 28 0
l1d_u28-6 llc-0b29 1 28 0 28 0
l1d_u28-6 llc-0b30 1 28 0 28 0
l1d_u28-6 llc-0b31 1 28 0 28 0
l1d_u28-7 llc-0b0 1 28 0 28 0
l1d_u28-7 llc-0b1 1 28 0 28 0
l1d_u28-7 llc-0b2 1 28 0 28 0
l1d_u28-7 llc-0b3 1 28 0 28 0
l1d_u28-7 llc-0b4 1 28 0 28 0
l1d_u28-7 llc-0b5 1 28 0 28 0
l1d_u28-7 llc-0b6 1 28 0 28 0
l1d_u28-7 llc-0b7 1 28 0 28 0
l1d_u28-7 llc-0b8 1 28 0 28 0
l1d_u28-7 llc-0b9 1 28 0 28 0
l1d_u28-7 llc-0b10 1 28 0 28 0
l1d_u28-7 llc-0b11 1 28 0 28 0
l1d_u28-7 llc-0b12 1 28 0 28 0
l1d_u28-7 llc-0b13 1 28 0 28 0
l1d_u28-7 llc-0b14 1 28 0 28 0
l1d_u28-7 llc-0b15 1 28 0 28 0
l1d_u28-7 llc-0b16 1 28 0 28 0
l1d_u28-7 llc-0b17 1 28 0 28 0
l1d_u28-7 llc-0b18 1 28 0 28 0
l1d_u28-7 llc-0b19 1 28 0 28 0
l1d_u28-7 llc-0b20 1 28 0 28 0
l1d_u28-7 llc-0b21 1 28 0 28 0
l1d_u28-7 llc-0b22 1 28 0 28 0
l1d_u28-7 llc-0b23 1 28 0 28 0
l1d_u28-7 llc-0b24 1 28 0 28 0
l1d_u28-7 llc-0b25 1 28 0 28 0
l1d_u28-7 llc-0b26 1 28 0 28 0
l1d_u28-7 llc-0b27 1 28 0 28 0
l1d_u28-7 llc-0b28 1 28 0 28 0
l1d_u28-7 llc-0b29 1 28 0 28 0
l1d_u28-7 llc-0b30 1 28 0 28 0
l1d_u28-7 llc-0b31 1 28 0 28 0
l1d_u28-8 llc-0b0 1 28 0 28 0
l1d_u28-8 llc-0b1 1 28 0 28 0
l1d_u28-8 llc-0b2 1 28 0 28 0
l1d_u28-8 llc-0b3 1 28 0 28 0
l1d_u28-8 llc-0b4 1 28 0 28 0
l1d_u28-8 llc-0b5 1 28 0 28 0
l1d_u28-8 llc-0b6 1 28 0 28 0
l1d_u28-8 llc-0b7 1 28 0 28 0
l1d_u28-8 llc-0b8 1 28 0 28 0
l1d_u28-8 llc-0b9 1 28 0 28 0
l1d_u28-8 llc-0b10 1 28 0 28 0
l1d_u28-8 llc-0b11 1 28 0 28 0
l1d_u28-8 llc-0b12 1 28 0 28 0
l1d_u28-8 llc-0b13 1 28 0 28 0
l1d_u28-8 llc-0b14 1 28 0 28 0
l1d_u28-8 llc-0b15 1 28 0 28 0
l1d_u28-8 llc-0b16 1 28 0 28 0
l1d_u28-8 llc-0b17 1 28 0 28 0
l1d_u28-8 llc-0b18 1 28 0 28 0
l1d_u28-8 llc-0b19 1 28 0 28 0
l1d_u28-8 llc-0b20 1 28 0 28 0
l1d_u28-8 llc-0b21 1 28 0 28 0
l1d_u28-8 llc-0b22 1 28 0 28 0
l1d_u28-8 llc-0b23 1 28 0 28 0
l1d_u28-8 llc-0b24 1 28 0 28 0
l1d_u28-8 llc-0b25 1 28 0 28 0
l1d_u28-8 llc-0b26 1 28 0 28 0
l1d_u28-8 llc-0b27 1 28 0 28 0
l1d_u28-8 llc-0b28 1 28 0 28 0
l1d_u28-8 llc-0b29 1 28 0 28 0
l1d_u28-8 llc-0b30 1 28 0 28 0
l1d_u28-8 llc-0b31 1 28 0 28 0
l1d_u28-9 llc-0b0 1 28 0 28 0
l1d_u28-9 llc-0b1 1 28 0 28 0
l1d_u28-9 llc-0b2 1 28 0 28 0
l1d_u28-9 llc-0b3 1 28 0 28 0
l1d_u28-9 llc-0b4 1 28 0 28 0
l1d_u28-9 llc-0b5 1 28 0 28 0
l1d_u28-9 llc-0b6 1 28 0 28 0
l1d_u28-9 llc-0b7 1 28 0 28 0
l1d_u28-9 llc-0b8 1 28 0 28 0
l1d_u28-9 llc-0b9 1 28 0 28 0
l1d_u28-9 llc-0b10 1 28 0 28 0
l1d_u28-9 llc-0b11 1 28 0 28 0
l1d_u28-9 llc-0b12 1 28 0 28 0
l1d_u28-9 llc-0b13 1 28 0 28 0
l1d_u28-9 llc-0b14 1 28 0 28 0
l1d_u28-9 llc-0b15 1 28 0 28 0
l1d_u28-9 llc-0b16 1 28 0 28 0
l1d_u28-9 llc-0b17 1 28 0 28 0
l1d_u28-9 llc-0b18 1 28 0 28 0
l1d_u28-9 llc-0b19 1 28 0 28 0
l1d_u28-9 llc-0b20 1 28 0 28 0
l1d_u28-9 llc-0b21 1 28 0 28 0
l1d_u28-9 llc-0b22 1 28 0 28 0
l1d_u28-9 llc-0b23 1 28 0 28 0
l1d_u28-9 llc-0b24 1 28 0 28 0
l1d_u28-9 llc-0b25 1 28 0 28 0
l1d_u28-9 llc-0b26 1 28 0 28 0
l1d_u28-9 llc-0b27 1 28 0 28 0
l1d_u28-9 llc-0b28 1 28 0 28 0
l1d_u28-9 llc-0b29 1 28 0 28 0
l1d_u28-9 llc-0b30 1 28 0 28 0
l1d_u28-9 llc-0b31 1 28 0 28 0
l1d_u28-10 llc-0b0 1 28 0 28 0
l1d_u28-10 llc-0b1 1 28 0 28 0
l1d_u28-10 llc-0b2 1 28 0 28 0
l1d_u28-10 llc-0b3 1 28 0 28 0
l1d_u28-10 llc-0b4 1 28 0 28 0
l1d_u28-10 llc-0b5 1 28 0 28 0
l1d_u28-10 llc-0b6 1 28 0 28 0
l1d_u28-10 llc-0b7 1 28 0 28 0
l1d_u28-10 llc-0b8 1 28 0 28 0
l1d_u28-10 llc-0b9 1 28 0 28 0
l1d_u28-10 llc-0b10 1 28 0 28 0
l1d_u28-10 llc-0b11 1 28 0 28 0
l1d_u28-10 llc-0b12 1 28 0 28 0
l1d_u28-10 llc-0b13 1 28 0 28 0
l1d_u28-10 llc-0b14 1 28 0 28 0
l1d_u28-10 llc-0b15 1 28 0 28 0
l1d_u28-10 llc-0b16 1 28 0 28 0
l1d_u28-10 llc-0b17 1 28 0 28 0
l1d_u28-10 llc-0b18 1 28 0 28 0
l1d_u28-10 llc-0b19 1 28 0 28 0
l1d_u28-10 llc-0b20 1 28 0 28 0
l1d_u28-10 llc-0b21 1 28 0 28 0
l1d_u28-10 llc-0b22 1 28 0 28 0
l1d_u28-10 llc-0b23 1 28 0 28 0
l1d_u28-10 llc-0b24 1 28 0 28 0
l1d_u28-10 llc-0b25 1 28 0 28 0
l1d_u28-10 llc-0b26 1 28 0 28 0
l1d_u28-10 llc-0b27 1 28 0 28 0
l1d_u28-10 llc-0b28 1 28 0 28 0
l1d_u28-10 llc-0b29 1 28 0 28 0
l1d_u28-10 llc-0b30 1 28 0 28 0
l1d_u28-10 llc-0b31 1 28 0 28 0
l1d_u28-11 llc-0b0 1 28 0 28 0
l1d_u28-11 llc-0b1 1 28 0 28 0
l1d_u28-11 llc-0b2 1 28 0 28 0
l1d_u28-11 llc-0b3 1 28 0 28 0
l1d_u28-11 llc-0b4 1 28 0 28 0
l1d_u28-11 llc-0b5 1 28 0 28 0
l1d_u28-11 llc-0b6 1 28 0 28 0
l1d_u28-11 llc-0b7 1 28 0 28 0
l1d_u28-11 llc-0b8 1 28 0 28 0
l1d_u28-11 llc-0b9 1 28 0 28 0
l1d_u28-11 llc-0b10 1 28 0 28 0
l1d_u28-11 llc-0b11 1 28 0 28 0
l1d_u28-11 llc-0b12 1 28 0 28 0
l1d_u28-11 llc-0b13 1 28 0 28 0
l1d_u28-11 llc-0b14 1 28 0 28 0
l1d_u28-11 llc-0b15 1 28 0 28 0
l1d_u28-11 llc-0b16 1 28 0 28 0
l1d_u28-11 llc-0b17 1 28 0 28 0
l1d_u28-11 llc-0b18 1 28 0 28 0
l1d_u28-11 llc-0b19 1 28 0 28 0
l1d_u28-11 llc-0b20 1 28 0 28 0
l1d_u28-11 llc-0b21 1 28 0 28 0
l1d_u28-11 llc-0b22 1 28 0 28 0
l1d_u28-11 llc-0b23 1 28 0 28 0
l1d_u28-11 llc-0b24 1 28 0 28 0
l1d_u28-11 llc-0b25 1 28 0 28 0
l1d_u28-11 llc-0b26 1 28 0 28 0
l1d_u28-11 llc-0b27 1 28 0 28 0
l1d_u28-11 llc-0b28 1 28 0 28 0
l1d_u28-11 llc-0b29 1 28 0 28 0
l1d_u28-11 llc-0b30 1 28 0 28 0
l1d_u28-11 llc-0b31 1 28 0 28 0
l1d_u28-12 llc-0b0 1 28 0 28 0
l1d_u28-12 llc-0b1 1 28 0 28 0
l1d_u28-12 llc-0b2 1 28 0 28 0
l1d_u28-12 llc-0b3 1 28 0 28 0
l1d_u28-12 llc-0b4 1 28 0 28 0
l1d_u28-12 llc-0b5 1 28 0 28 0
l1d_u28-12 llc-0b6 1 28 0 28 0
l1d_u28-12 llc-0b7 1 28 0 28 0
l1d_u28-12 llc-0b8 1 28 0 28 0
l1d_u28-12 llc-0b9 1 28 0 28 0
l1d_u28-12 llc-0b10 1 28 0 28 0
l1d_u28-12 llc-0b11 1 28 0 28 0
l1d_u28-12 llc-0b12 1 28 0 28 0
l1d_u28-12 llc-0b13 1 28 0 28 0
l1d_u28-12 llc-0b14 1 28 0 28 0
l1d_u28-12 llc-0b15 1 28 0 28 0
l1d_u28-12 llc-0b16 1 28 0 28 0
l1d_u28-12 llc-0b17 1 28 0 28 0
l1d_u28-12 llc-0b18 1 28 0 28 0
l1d_u28-12 llc-0b19 1 28 0 28 0
l1d_u28-12 llc-0b20 1 28 0 28 0
l1d_u28-12 llc-0b21 1 28 0 28 0
l1d_u28-12 llc-0b22 1 28 0 28 0
l1d_u28-12 llc-0b23 1 28 0 28 0
l1d_u28-12 llc-0b24 1 28 0 28 0
l1d_u28-12 llc-0b25 1 28 0 28 0
l1d_u28-12 llc-0b26 1 28 0 28 0
l1d_u28-12 llc-0b27 1 28 0 28 0
l1d_u28-12 llc-0b28 1 28 0 28 0
l1d_u28-12 llc-0b29 1 28 0 28 0
l1d_u28-12 llc-0b30 1 28 0 28 0
l1d_u28-12 llc-0b31 1 28 0 28 0
l1d_u28-13 llc-0b0 1 28 0 28 0
l1d_u28-13 llc-0b1 1 28 0 28 0
l1d_u28-13 llc-0b2 1 28 0 28 0
l1d_u28-13 llc-0b3 1 28 0 28 0
l1d_u28-13 llc-0b4 1 28 0 28 0
l1d_u28-13 llc-0b5 1 28 0 28 0
l1d_u28-13 llc-0b6 1 28 0 28 0
l1d_u28-13 llc-0b7 1 28 0 28 0
l1d_u28-13 llc-0b8 1 28 0 28 0
l1d_u28-13 llc-0b9 1 28 0 28 0
l1d_u28-13 llc-0b10 1 28 0 28 0
l1d_u28-13 llc-0b11 1 28 0 28 0
l1d_u28-13 llc-0b12 1 28 0 28 0
l1d_u28-13 llc-0b13 1 28 0 28 0
l1d_u28-13 llc-0b14 1 28 0 28 0
l1d_u28-13 llc-0b15 1 28 0 28 0
l1d_u28-13 llc-0b16 1 28 0 28 0
l1d_u28-13 llc-0b17 1 28 0 28 0
l1d_u28-13 llc-0b18 1 28 0 28 0
l1d_u28-13 llc-0b19 1 28 0 28 0
l1d_u28-13 llc-0b20 1 28 0 28 0
l1d_u28-13 llc-0b21 1 28 0 28 0
l1d_u28-13 llc-0b22 1 28 0 28 0
l1d_u28-13 llc-0b23 1 28 0 28 0
l1d_u28-13 llc-0b24 1 28 0 28 0
l1d_u28-13 llc-0b25 1 28 0 28 0
l1d_u28-13 llc-0b26 1 28 0 28 0
l1d_u28-13 llc-0b27 1 28 0 28 0
l1d_u28-13 llc-0b28 1 28 0 28 0
l1d_u28-13 llc-0b29 1 28 0 28 0
l1d_u28-13 llc-0b30 1 28 0 28 0
l1d_u28-13 llc-0b31 1 28 0 28 0
l1d_u28-14 llc-0b0 1 28 0 28 0
l1d_u28-14 llc-0b1 1 28 0 28 0
l1d_u28-14 llc-0b2 1 28 0 28 0
l1d_u28-14 llc-0b3 1 28 0 28 0
l1d_u28-14 llc-0b4 1 28 0 28 0
l1d_u28-14 llc-0b5 1 28 0 28 0
l1d_u28-14 llc-0b6 1 28 0 28 0
l1d_u28-14 llc-0b7 1 28 0 28 0
l1d_u28-14 llc-0b8 1 28 0 28 0
l1d_u28-14 llc-0b9 1 28 0 28 0
l1d_u28-14 llc-0b10 1 28 0 28 0
l1d_u28-14 llc-0b11 1 28 0 28 0
l1d_u28-14 llc-0b12 1 28 0 28 0
l1d_u28-14 llc-0b13 1 28 0 28 0
l1d_u28-14 llc-0b14 1 28 0 28 0
l1d_u28-14 llc-0b15 1 28 0 28 0
l1d_u28-14 llc-0b16 1 28 0 28 0
l1d_u28-14 llc-0b17 1 28 0 28 0
l1d_u28-14 llc-0b18 1 28 0 28 0
l1d_u28-14 llc-0b19 1 28 0 28 0
l1d_u28-14 llc-0b20 1 28 0 28 0
l1d_u28-14 llc-0b21 1 28 0 28 0
l1d_u28-14 llc-0b22 1 28 0 28 0
l1d_u28-14 llc-0b23 1 28 0 28 0
l1d_u28-14 llc-0b24 1 28 0 28 0
l1d_u28-14 llc-0b25 1 28 0 28 0
l1d_u28-14 llc-0b26 1 28 0 28 0
l1d_u28-14 llc-0b27 1 28 0 28 0
l1d_u28-14 llc-0b28 1 28 0 28 0
l1d_u28-14 llc-0b29 1 28 0 28 0
l1d_u28-14 llc-0b30 1 28 0 28 0
l1d_u28-14 llc-0b31 1 28 0 28 0
l1d_u28-15 llc-0b0 1 28 0 28 0
l1d_u28-15 llc-0b1 1 28 0 28 0
l1d_u28-15 llc-0b2 1 28 0 28 0
l1d_u28-15 llc-0b3 1 28 0 28 0
l1d_u28-15 llc-0b4 1 28 0 28 0
l1d_u28-15 llc-0b5 1 28 0 28 0
l1d_u28-15 llc-0b6 1 28 0 28 0
l1d_u28-15 llc-0b7 1 28 0 28 0
l1d_u28-15 llc-0b8 1 28 0 28 0
l1d_u28-15 llc-0b9 1 28 0 28 0
l1d_u28-15 llc-0b10 1 28 0 28 0
l1d_u28-15 llc-0b11 1 28 0 28 0
l1d_u28-15 llc-0b12 1 28 0 28 0
l1d_u28-15 llc-0b13 1 28 0 28 0
l1d_u28-15 llc-0b14 1 28 0 28 0
l1d_u28-15 llc-0b15 1 28 0 28 0
l1d_u28-15 llc-0b16 1 28 0 28 0
l1d_u28-15 llc-0b17 1 28 0 28 0
l1d_u28-15 llc-0b18 1 28 0 28 0
l1d_u28-15 llc-0b19 1 28 0 28 0
l1d_u28-15 llc-0b20 1 28 0 28 0
l1d_u28-15 llc-0b21 1 28 0 28 0
l1d_u28-15 llc-0b22 1 28 0 28 0
l1d_u28-15 llc-0b23 1 28 0 28 0
l1d_u28-15 llc-0b24 1 28 0 28 0
l1d_u28-15 llc-0b25 1 28 0 28 0
l1d_u28-15 llc-0b26 1 28 0 28 0
l1d_u28-15 llc-0b27 1 28 0 28 0
l1d_u28-15 llc-0b28 1 28 0 28 0
l1d_u28-15 llc-0b29 1 28 0 28 0
l1d_u28-15 llc-0b30 1 28 0 28 0
l1d_u28-15 llc-0b31 1 28 0 28 0
l1i_u29-0 llc-0b0 1 29 0 29 0
l1i_u29-0 llc-0b1 1 29 0 29 0
l1i_u29-0 llc-0b2 1 29 0 29 0
l1i_u29-0 llc-0b3 1 29 0 29 0
l1i_u29-0 llc-0b4 1 29 0 29 0
l1i_u29-0 llc-0b5 1 29 0 29 0
l1i_u29-0 llc-0b6 1 29 0 29 0
l1i_u29-0 llc-0b7 1 29 0 29 0
l1i_u29-0 llc-0b8 1 29 0 29 0
l1i_u29-0 llc-0b9 1 29 0 29 0
l1i_u29-0 llc-0b10 1 29 0 29 0
l1i_u29-0 llc-0b11 1 29 0 29 0
l1i_u29-0 llc-0b12 1 29 0 29 0
l1i_u29-0 llc-0b13 1 29 0 29 0
l1i_u29-0 llc-0b14 1 29 0 29 0
l1i_u29-0 llc-0b15 1 29 0 29 0
l1i_u29-0 llc-0b16 1 29 0 29 0
l1i_u29-0 llc-0b17 1 29 0 29 0
l1i_u29-0 llc-0b18 1 29 0 29 0
l1i_u29-0 llc-0b19 1 29 0 29 0
l1i_u29-0 llc-0b20 1 29 0 29 0
l1i_u29-0 llc-0b21 1 29 0 29 0
l1i_u29-0 llc-0b22 1 29 0 29 0
l1i_u29-0 llc-0b23 1 29 0 29 0
l1i_u29-0 llc-0b24 1 29 0 29 0
l1i_u29-0 llc-0b25 1 29 0 29 0
l1i_u29-0 llc-0b26 1 29 0 29 0
l1i_u29-0 llc-0b27 1 29 0 29 0
l1i_u29-0 llc-0b28 1 29 0 29 0
l1i_u29-0 llc-0b29 1 29 0 29 0
l1i_u29-0 llc-0b30 1 29 0 29 0
l1i_u29-0 llc-0b31 1 29 0 29 0
l1i_u29-1 llc-0b0 1 29 0 29 0
l1i_u29-1 llc-0b1 1 29 0 29 0
l1i_u29-1 llc-0b2 1 29 0 29 0
l1i_u29-1 llc-0b3 1 29 0 29 0
l1i_u29-1 llc-0b4 1 29 0 29 0
l1i_u29-1 llc-0b5 1 29 0 29 0
l1i_u29-1 llc-0b6 1 29 0 29 0
l1i_u29-1 llc-0b7 1 29 0 29 0
l1i_u29-1 llc-0b8 1 29 0 29 0
l1i_u29-1 llc-0b9 1 29 0 29 0
l1i_u29-1 llc-0b10 1 29 0 29 0
l1i_u29-1 llc-0b11 1 29 0 29 0
l1i_u29-1 llc-0b12 1 29 0 29 0
l1i_u29-1 llc-0b13 1 29 0 29 0
l1i_u29-1 llc-0b14 1 29 0 29 0
l1i_u29-1 llc-0b15 1 29 0 29 0
l1i_u29-1 llc-0b16 1 29 0 29 0
l1i_u29-1 llc-0b17 1 29 0 29 0
l1i_u29-1 llc-0b18 1 29 0 29 0
l1i_u29-1 llc-0b19 1 29 0 29 0
l1i_u29-1 llc-0b20 1 29 0 29 0
l1i_u29-1 llc-0b21 1 29 0 29 0
l1i_u29-1 llc-0b22 1 29 0 29 0
l1i_u29-1 llc-0b23 1 29 0 29 0
l1i_u29-1 llc-0b24 1 29 0 29 0
l1i_u29-1 llc-0b25 1 29 0 29 0
l1i_u29-1 llc-0b26 1 29 0 29 0
l1i_u29-1 llc-0b27 1 29 0 29 0
l1i_u29-1 llc-0b28 1 29 0 29 0
l1i_u29-1 llc-0b29 1 29 0 29 0
l1i_u29-1 llc-0b30 1 29 0 29 0
l1i_u29-1 llc-0b31 1 29 0 29 0
l1i_u29-2 llc-0b0 1 29 0 29 0
l1i_u29-2 llc-0b1 1 29 0 29 0
l1i_u29-2 llc-0b2 1 29 0 29 0
l1i_u29-2 llc-0b3 1 29 0 29 0
l1i_u29-2 llc-0b4 1 29 0 29 0
l1i_u29-2 llc-0b5 1 29 0 29 0
l1i_u29-2 llc-0b6 1 29 0 29 0
l1i_u29-2 llc-0b7 1 29 0 29 0
l1i_u29-2 llc-0b8 1 29 0 29 0
l1i_u29-2 llc-0b9 1 29 0 29 0
l1i_u29-2 llc-0b10 1 29 0 29 0
l1i_u29-2 llc-0b11 1 29 0 29 0
l1i_u29-2 llc-0b12 1 29 0 29 0
l1i_u29-2 llc-0b13 1 29 0 29 0
l1i_u29-2 llc-0b14 1 29 0 29 0
l1i_u29-2 llc-0b15 1 29 0 29 0
l1i_u29-2 llc-0b16 1 29 0 29 0
l1i_u29-2 llc-0b17 1 29 0 29 0
l1i_u29-2 llc-0b18 1 29 0 29 0
l1i_u29-2 llc-0b19 1 29 0 29 0
l1i_u29-2 llc-0b20 1 29 0 29 0
l1i_u29-2 llc-0b21 1 29 0 29 0
l1i_u29-2 llc-0b22 1 29 0 29 0
l1i_u29-2 llc-0b23 1 29 0 29 0
l1i_u29-2 llc-0b24 1 29 0 29 0
l1i_u29-2 llc-0b25 1 29 0 29 0
l1i_u29-2 llc-0b26 1 29 0 29 0
l1i_u29-2 llc-0b27 1 29 0 29 0
l1i_u29-2 llc-0b28 1 29 0 29 0
l1i_u29-2 llc-0b29 1 29 0 29 0
l1i_u29-2 llc-0b30 1 29 0 29 0
l1i_u29-2 llc-0b31 1 29 0 29 0
l1i_u29-3 llc-0b0 1 29 0 29 0
l1i_u29-3 llc-0b1 1 29 0 29 0
l1i_u29-3 llc-0b2 1 29 0 29 0
l1i_u29-3 llc-0b3 1 29 0 29 0
l1i_u29-3 llc-0b4 1 29 0 29 0
l1i_u29-3 llc-0b5 1 29 0 29 0
l1i_u29-3 llc-0b6 1 29 0 29 0
l1i_u29-3 llc-0b7 1 29 0 29 0
l1i_u29-3 llc-0b8 1 29 0 29 0
l1i_u29-3 llc-0b9 1 29 0 29 0
l1i_u29-3 llc-0b10 1 29 0 29 0
l1i_u29-3 llc-0b11 1 29 0 29 0
l1i_u29-3 llc-0b12 1 29 0 29 0
l1i_u29-3 llc-0b13 1 29 0 29 0
l1i_u29-3 llc-0b14 1 29 0 29 0
l1i_u29-3 llc-0b15 1 29 0 29 0
l1i_u29-3 llc-0b16 1 29 0 29 0
l1i_u29-3 llc-0b17 1 29 0 29 0
l1i_u29-3 llc-0b18 1 29 0 29 0
l1i_u29-3 llc-0b19 1 29 0 29 0
l1i_u29-3 llc-0b20 1 29 0 29 0
l1i_u29-3 llc-0b21 1 29 0 29 0
l1i_u29-3 llc-0b22 1 29 0 29 0
l1i_u29-3 llc-0b23 1 29 0 29 0
l1i_u29-3 llc-0b24 1 29 0 29 0
l1i_u29-3 llc-0b25 1 29 0 29 0
l1i_u29-3 llc-0b26 1 29 0 29 0
l1i_u29-3 llc-0b27 1 29 0 29 0
l1i_u29-3 llc-0b28 1 29 0 29 0
l1i_u29-3 llc-0b29 1 29 0 29 0
l1i_u29-3 llc-0b30 1 29 0 29 0
l1i_u29-3 llc-0b31 1 29 0 29 0
l1i_u29-4 llc-0b0 1 29 0 29 0
l1i_u29-4 llc-0b1 1 29 0 29 0
l1i_u29-4 llc-0b2 1 29 0 29 0
l1i_u29-4 llc-0b3 1 29 0 29 0
l1i_u29-4 llc-0b4 1 29 0 29 0
l1i_u29-4 llc-0b5 1 29 0 29 0
l1i_u29-4 llc-0b6 1 29 0 29 0
l1i_u29-4 llc-0b7 1 29 0 29 0
l1i_u29-4 llc-0b8 1 29 0 29 0
l1i_u29-4 llc-0b9 1 29 0 29 0
l1i_u29-4 llc-0b10 1 29 0 29 0
l1i_u29-4 llc-0b11 1 29 0 29 0
l1i_u29-4 llc-0b12 1 29 0 29 0
l1i_u29-4 llc-0b13 1 29 0 29 0
l1i_u29-4 llc-0b14 1 29 0 29 0
l1i_u29-4 llc-0b15 1 29 0 29 0
l1i_u29-4 llc-0b16 1 29 0 29 0
l1i_u29-4 llc-0b17 1 29 0 29 0
l1i_u29-4 llc-0b18 1 29 0 29 0
l1i_u29-4 llc-0b19 1 29 0 29 0
l1i_u29-4 llc-0b20 1 29 0 29 0
l1i_u29-4 llc-0b21 1 29 0 29 0
l1i_u29-4 llc-0b22 1 29 0 29 0
l1i_u29-4 llc-0b23 1 29 0 29 0
l1i_u29-4 llc-0b24 1 29 0 29 0
l1i_u29-4 llc-0b25 1 29 0 29 0
l1i_u29-4 llc-0b26 1 29 0 29 0
l1i_u29-4 llc-0b27 1 29 0 29 0
l1i_u29-4 llc-0b28 1 29 0 29 0
l1i_u29-4 llc-0b29 1 29 0 29 0
l1i_u29-4 llc-0b30 1 29 0 29 0
l1i_u29-4 llc-0b31 1 29 0 29 0
l1i_u29-5 llc-0b0 1 29 0 29 0
l1i_u29-5 llc-0b1 1 29 0 29 0
l1i_u29-5 llc-0b2 1 29 0 29 0
l1i_u29-5 llc-0b3 1 29 0 29 0
l1i_u29-5 llc-0b4 1 29 0 29 0
l1i_u29-5 llc-0b5 1 29 0 29 0
l1i_u29-5 llc-0b6 1 29 0 29 0
l1i_u29-5 llc-0b7 1 29 0 29 0
l1i_u29-5 llc-0b8 1 29 0 29 0
l1i_u29-5 llc-0b9 1 29 0 29 0
l1i_u29-5 llc-0b10 1 29 0 29 0
l1i_u29-5 llc-0b11 1 29 0 29 0
l1i_u29-5 llc-0b12 1 29 0 29 0
l1i_u29-5 llc-0b13 1 29 0 29 0
l1i_u29-5 llc-0b14 1 29 0 29 0
l1i_u29-5 llc-0b15 1 29 0 29 0
l1i_u29-5 llc-0b16 1 29 0 29 0
l1i_u29-5 llc-0b17 1 29 0 29 0
l1i_u29-5 llc-0b18 1 29 0 29 0
l1i_u29-5 llc-0b19 1 29 0 29 0
l1i_u29-5 llc-0b20 1 29 0 29 0
l1i_u29-5 llc-0b21 1 29 0 29 0
l1i_u29-5 llc-0b22 1 29 0 29 0
l1i_u29-5 llc-0b23 1 29 0 29 0
l1i_u29-5 llc-0b24 1 29 0 29 0
l1i_u29-5 llc-0b25 1 29 0 29 0
l1i_u29-5 llc-0b26 1 29 0 29 0
l1i_u29-5 llc-0b27 1 29 0 29 0
l1i_u29-5 llc-0b28 1 29 0 29 0
l1i_u29-5 llc-0b29 1 29 0 29 0
l1i_u29-5 llc-0b30 1 29 0 29 0
l1i_u29-5 llc-0b31 1 29 0 29 0
l1i_u29-6 llc-0b0 1 29 0 29 0
l1i_u29-6 llc-0b1 1 29 0 29 0
l1i_u29-6 llc-0b2 1 29 0 29 0
l1i_u29-6 llc-0b3 1 29 0 29 0
l1i_u29-6 llc-0b4 1 29 0 29 0
l1i_u29-6 llc-0b5 1 29 0 29 0
l1i_u29-6 llc-0b6 1 29 0 29 0
l1i_u29-6 llc-0b7 1 29 0 29 0
l1i_u29-6 llc-0b8 1 29 0 29 0
l1i_u29-6 llc-0b9 1 29 0 29 0
l1i_u29-6 llc-0b10 1 29 0 29 0
l1i_u29-6 llc-0b11 1 29 0 29 0
l1i_u29-6 llc-0b12 1 29 0 29 0
l1i_u29-6 llc-0b13 1 29 0 29 0
l1i_u29-6 llc-0b14 1 29 0 29 0
l1i_u29-6 llc-0b15 1 29 0 29 0
l1i_u29-6 llc-0b16 1 29 0 29 0
l1i_u29-6 llc-0b17 1 29 0 29 0
l1i_u29-6 llc-0b18 1 29 0 29 0
l1i_u29-6 llc-0b19 1 29 0 29 0
l1i_u29-6 llc-0b20 1 29 0 29 0
l1i_u29-6 llc-0b21 1 29 0 29 0
l1i_u29-6 llc-0b22 1 29 0 29 0
l1i_u29-6 llc-0b23 1 29 0 29 0
l1i_u29-6 llc-0b24 1 29 0 29 0
l1i_u29-6 llc-0b25 1 29 0 29 0
l1i_u29-6 llc-0b26 1 29 0 29 0
l1i_u29-6 llc-0b27 1 29 0 29 0
l1i_u29-6 llc-0b28 1 29 0 29 0
l1i_u29-6 llc-0b29 1 29 0 29 0
l1i_u29-6 llc-0b30 1 29 0 29 0
l1i_u29-6 llc-0b31 1 29 0 29 0
l1i_u29-7 llc-0b0 1 29 0 29 0
l1i_u29-7 llc-0b1 1 29 0 29 0
l1i_u29-7 llc-0b2 1 29 0 29 0
l1i_u29-7 llc-0b3 1 29 0 29 0
l1i_u29-7 llc-0b4 1 29 0 29 0
l1i_u29-7 llc-0b5 1 29 0 29 0
l1i_u29-7 llc-0b6 1 29 0 29 0
l1i_u29-7 llc-0b7 1 29 0 29 0
l1i_u29-7 llc-0b8 1 29 0 29 0
l1i_u29-7 llc-0b9 1 29 0 29 0
l1i_u29-7 llc-0b10 1 29 0 29 0
l1i_u29-7 llc-0b11 1 29 0 29 0
l1i_u29-7 llc-0b12 1 29 0 29 0
l1i_u29-7 llc-0b13 1 29 0 29 0
l1i_u29-7 llc-0b14 1 29 0 29 0
l1i_u29-7 llc-0b15 1 29 0 29 0
l1i_u29-7 llc-0b16 1 29 0 29 0
l1i_u29-7 llc-0b17 1 29 0 29 0
l1i_u29-7 llc-0b18 1 29 0 29 0
l1i_u29-7 llc-0b19 1 29 0 29 0
l1i_u29-7 llc-0b20 1 29 0 29 0
l1i_u29-7 llc-0b21 1 29 0 29 0
l1i_u29-7 llc-0b22 1 29 0 29 0
l1i_u29-7 llc-0b23 1 29 0 29 0
l1i_u29-7 llc-0b24 1 29 0 29 0
l1i_u29-7 llc-0b25 1 29 0 29 0
l1i_u29-7 llc-0b26 1 29 0 29 0
l1i_u29-7 llc-0b27 1 29 0 29 0
l1i_u29-7 llc-0b28 1 29 0 29 0
l1i_u29-7 llc-0b29 1 29 0 29 0
l1i_u29-7 llc-0b30 1 29 0 29 0
l1i_u29-7 llc-0b31 1 29 0 29 0
l1i_u29-8 llc-0b0 1 29 0 29 0
l1i_u29-8 llc-0b1 1 29 0 29 0
l1i_u29-8 llc-0b2 1 29 0 29 0
l1i_u29-8 llc-0b3 1 29 0 29 0
l1i_u29-8 llc-0b4 1 29 0 29 0
l1i_u29-8 llc-0b5 1 29 0 29 0
l1i_u29-8 llc-0b6 1 29 0 29 0
l1i_u29-8 llc-0b7 1 29 0 29 0
l1i_u29-8 llc-0b8 1 29 0 29 0
l1i_u29-8 llc-0b9 1 29 0 29 0
l1i_u29-8 llc-0b10 1 29 0 29 0
l1i_u29-8 llc-0b11 1 29 0 29 0
l1i_u29-8 llc-0b12 1 29 0 29 0
l1i_u29-8 llc-0b13 1 29 0 29 0
l1i_u29-8 llc-0b14 1 29 0 29 0
l1i_u29-8 llc-0b15 1 29 0 29 0
l1i_u29-8 llc-0b16 1 29 0 29 0
l1i_u29-8 llc-0b17 1 29 0 29 0
l1i_u29-8 llc-0b18 1 29 0 29 0
l1i_u29-8 llc-0b19 1 29 0 29 0
l1i_u29-8 llc-0b20 1 29 0 29 0
l1i_u29-8 llc-0b21 1 29 0 29 0
l1i_u29-8 llc-0b22 1 29 0 29 0
l1i_u29-8 llc-0b23 1 29 0 29 0
l1i_u29-8 llc-0b24 1 29 0 29 0
l1i_u29-8 llc-0b25 1 29 0 29 0
l1i_u29-8 llc-0b26 1 29 0 29 0
l1i_u29-8 llc-0b27 1 29 0 29 0
l1i_u29-8 llc-0b28 1 29 0 29 0
l1i_u29-8 llc-0b29 1 29 0 29 0
l1i_u29-8 llc-0b30 1 29 0 29 0
l1i_u29-8 llc-0b31 1 29 0 29 0
l1i_u29-9 llc-0b0 1 29 0 29 0
l1i_u29-9 llc-0b1 1 29 0 29 0
l1i_u29-9 llc-0b2 1 29 0 29 0
l1i_u29-9 llc-0b3 1 29 0 29 0
l1i_u29-9 llc-0b4 1 29 0 29 0
l1i_u29-9 llc-0b5 1 29 0 29 0
l1i_u29-9 llc-0b6 1 29 0 29 0
l1i_u29-9 llc-0b7 1 29 0 29 0
l1i_u29-9 llc-0b8 1 29 0 29 0
l1i_u29-9 llc-0b9 1 29 0 29 0
l1i_u29-9 llc-0b10 1 29 0 29 0
l1i_u29-9 llc-0b11 1 29 0 29 0
l1i_u29-9 llc-0b12 1 29 0 29 0
l1i_u29-9 llc-0b13 1 29 0 29 0
l1i_u29-9 llc-0b14 1 29 0 29 0
l1i_u29-9 llc-0b15 1 29 0 29 0
l1i_u29-9 llc-0b16 1 29 0 29 0
l1i_u29-9 llc-0b17 1 29 0 29 0
l1i_u29-9 llc-0b18 1 29 0 29 0
l1i_u29-9 llc-0b19 1 29 0 29 0
l1i_u29-9 llc-0b20 1 29 0 29 0
l1i_u29-9 llc-0b21 1 29 0 29 0
l1i_u29-9 llc-0b22 1 29 0 29 0
l1i_u29-9 llc-0b23 1 29 0 29 0
l1i_u29-9 llc-0b24 1 29 0 29 0
l1i_u29-9 llc-0b25 1 29 0 29 0
l1i_u29-9 llc-0b26 1 29 0 29 0
l1i_u29-9 llc-0b27 1 29 0 29 0
l1i_u29-9 llc-0b28 1 29 0 29 0
l1i_u29-9 llc-0b29 1 29 0 29 0
l1i_u29-9 llc-0b30 1 29 0 29 0
l1i_u29-9 llc-0b31 1 29 0 29 0
l1i_u29-10 llc-0b0 1 29 0 29 0
l1i_u29-10 llc-0b1 1 29 0 29 0
l1i_u29-10 llc-0b2 1 29 0 29 0
l1i_u29-10 llc-0b3 1 29 0 29 0
l1i_u29-10 llc-0b4 1 29 0 29 0
l1i_u29-10 llc-0b5 1 29 0 29 0
l1i_u29-10 llc-0b6 1 29 0 29 0
l1i_u29-10 llc-0b7 1 29 0 29 0
l1i_u29-10 llc-0b8 1 29 0 29 0
l1i_u29-10 llc-0b9 1 29 0 29 0
l1i_u29-10 llc-0b10 1 29 0 29 0
l1i_u29-10 llc-0b11 1 29 0 29 0
l1i_u29-10 llc-0b12 1 29 0 29 0
l1i_u29-10 llc-0b13 1 29 0 29 0
l1i_u29-10 llc-0b14 1 29 0 29 0
l1i_u29-10 llc-0b15 1 29 0 29 0
l1i_u29-10 llc-0b16 1 29 0 29 0
l1i_u29-10 llc-0b17 1 29 0 29 0
l1i_u29-10 llc-0b18 1 29 0 29 0
l1i_u29-10 llc-0b19 1 29 0 29 0
l1i_u29-10 llc-0b20 1 29 0 29 0
l1i_u29-10 llc-0b21 1 29 0 29 0
l1i_u29-10 llc-0b22 1 29 0 29 0
l1i_u29-10 llc-0b23 1 29 0 29 0
l1i_u29-10 llc-0b24 1 29 0 29 0
l1i_u29-10 llc-0b25 1 29 0 29 0
l1i_u29-10 llc-0b26 1 29 0 29 0
l1i_u29-10 llc-0b27 1 29 0 29 0
l1i_u29-10 llc-0b28 1 29 0 29 0
l1i_u29-10 llc-0b29 1 29 0 29 0
l1i_u29-10 llc-0b30 1 29 0 29 0
l1i_u29-10 llc-0b31 1 29 0 29 0
l1i_u29-11 llc-0b0 1 29 0 29 0
l1i_u29-11 llc-0b1 1 29 0 29 0
l1i_u29-11 llc-0b2 1 29 0 29 0
l1i_u29-11 llc-0b3 1 29 0 29 0
l1i_u29-11 llc-0b4 1 29 0 29 0
l1i_u29-11 llc-0b5 1 29 0 29 0
l1i_u29-11 llc-0b6 1 29 0 29 0
l1i_u29-11 llc-0b7 1 29 0 29 0
l1i_u29-11 llc-0b8 1 29 0 29 0
l1i_u29-11 llc-0b9 1 29 0 29 0
l1i_u29-11 llc-0b10 1 29 0 29 0
l1i_u29-11 llc-0b11 1 29 0 29 0
l1i_u29-11 llc-0b12 1 29 0 29 0
l1i_u29-11 llc-0b13 1 29 0 29 0
l1i_u29-11 llc-0b14 1 29 0 29 0
l1i_u29-11 llc-0b15 1 29 0 29 0
l1i_u29-11 llc-0b16 1 29 0 29 0
l1i_u29-11 llc-0b17 1 29 0 29 0
l1i_u29-11 llc-0b18 1 29 0 29 0
l1i_u29-11 llc-0b19 1 29 0 29 0
l1i_u29-11 llc-0b20 1 29 0 29 0
l1i_u29-11 llc-0b21 1 29 0 29 0
l1i_u29-11 llc-0b22 1 29 0 29 0
l1i_u29-11 llc-0b23 1 29 0 29 0
l1i_u29-11 llc-0b24 1 29 0 29 0
l1i_u29-11 llc-0b25 1 29 0 29 0
l1i_u29-11 llc-0b26 1 29 0 29 0
l1i_u29-11 llc-0b27 1 29 0 29 0
l1i_u29-11 llc-0b28 1 29 0 29 0
l1i_u29-11 llc-0b29 1 29 0 29 0
l1i_u29-11 llc-0b30 1 29 0 29 0
l1i_u29-11 llc-0b31 1 29 0 29 0
l1i_u29-12 llc-0b0 1 29 0 29 0
l1i_u29-12 llc-0b1 1 29 0 29 0
l1i_u29-12 llc-0b2 1 29 0 29 0
l1i_u29-12 llc-0b3 1 29 0 29 0
l1i_u29-12 llc-0b4 1 29 0 29 0
l1i_u29-12 llc-0b5 1 29 0 29 0
l1i_u29-12 llc-0b6 1 29 0 29 0
l1i_u29-12 llc-0b7 1 29 0 29 0
l1i_u29-12 llc-0b8 1 29 0 29 0
l1i_u29-12 llc-0b9 1 29 0 29 0
l1i_u29-12 llc-0b10 1 29 0 29 0
l1i_u29-12 llc-0b11 1 29 0 29 0
l1i_u29-12 llc-0b12 1 29 0 29 0
l1i_u29-12 llc-0b13 1 29 0 29 0
l1i_u29-12 llc-0b14 1 29 0 29 0
l1i_u29-12 llc-0b15 1 29 0 29 0
l1i_u29-12 llc-0b16 1 29 0 29 0
l1i_u29-12 llc-0b17 1 29 0 29 0
l1i_u29-12 llc-0b18 1 29 0 29 0
l1i_u29-12 llc-0b19 1 29 0 29 0
l1i_u29-12 llc-0b20 1 29 0 29 0
l1i_u29-12 llc-0b21 1 29 0 29 0
l1i_u29-12 llc-0b22 1 29 0 29 0
l1i_u29-12 llc-0b23 1 29 0 29 0
l1i_u29-12 llc-0b24 1 29 0 29 0
l1i_u29-12 llc-0b25 1 29 0 29 0
l1i_u29-12 llc-0b26 1 29 0 29 0
l1i_u29-12 llc-0b27 1 29 0 29 0
l1i_u29-12 llc-0b28 1 29 0 29 0
l1i_u29-12 llc-0b29 1 29 0 29 0
l1i_u29-12 llc-0b30 1 29 0 29 0
l1i_u29-12 llc-0b31 1 29 0 29 0
l1i_u29-13 llc-0b0 1 29 0 29 0
l1i_u29-13 llc-0b1 1 29 0 29 0
l1i_u29-13 llc-0b2 1 29 0 29 0
l1i_u29-13 llc-0b3 1 29 0 29 0
l1i_u29-13 llc-0b4 1 29 0 29 0
l1i_u29-13 llc-0b5 1 29 0 29 0
l1i_u29-13 llc-0b6 1 29 0 29 0
l1i_u29-13 llc-0b7 1 29 0 29 0
l1i_u29-13 llc-0b8 1 29 0 29 0
l1i_u29-13 llc-0b9 1 29 0 29 0
l1i_u29-13 llc-0b10 1 29 0 29 0
l1i_u29-13 llc-0b11 1 29 0 29 0
l1i_u29-13 llc-0b12 1 29 0 29 0
l1i_u29-13 llc-0b13 1 29 0 29 0
l1i_u29-13 llc-0b14 1 29 0 29 0
l1i_u29-13 llc-0b15 1 29 0 29 0
l1i_u29-13 llc-0b16 1 29 0 29 0
l1i_u29-13 llc-0b17 1 29 0 29 0
l1i_u29-13 llc-0b18 1 29 0 29 0
l1i_u29-13 llc-0b19 1 29 0 29 0
l1i_u29-13 llc-0b20 1 29 0 29 0
l1i_u29-13 llc-0b21 1 29 0 29 0
l1i_u29-13 llc-0b22 1 29 0 29 0
l1i_u29-13 llc-0b23 1 29 0 29 0
l1i_u29-13 llc-0b24 1 29 0 29 0
l1i_u29-13 llc-0b25 1 29 0 29 0
l1i_u29-13 llc-0b26 1 29 0 29 0
l1i_u29-13 llc-0b27 1 29 0 29 0
l1i_u29-13 llc-0b28 1 29 0 29 0
l1i_u29-13 llc-0b29 1 29 0 29 0
l1i_u29-13 llc-0b30 1 29 0 29 0
l1i_u29-13 llc-0b31 1 29 0 29 0
l1i_u29-14 llc-0b0 1 29 0 29 0
l1i_u29-14 llc-0b1 1 29 0 29 0
l1i_u29-14 llc-0b2 1 29 0 29 0
l1i_u29-14 llc-0b3 1 29 0 29 0
l1i_u29-14 llc-0b4 1 29 0 29 0
l1i_u29-14 llc-0b5 1 29 0 29 0
l1i_u29-14 llc-0b6 1 29 0 29 0
l1i_u29-14 llc-0b7 1 29 0 29 0
l1i_u29-14 llc-0b8 1 29 0 29 0
l1i_u29-14 llc-0b9 1 29 0 29 0
l1i_u29-14 llc-0b10 1 29 0 29 0
l1i_u29-14 llc-0b11 1 29 0 29 0
l1i_u29-14 llc-0b12 1 29 0 29 0
l1i_u29-14 llc-0b13 1 29 0 29 0
l1i_u29-14 llc-0b14 1 29 0 29 0
l1i_u29-14 llc-0b15 1 29 0 29 0
l1i_u29-14 llc-0b16 1 29 0 29 0
l1i_u29-14 llc-0b17 1 29 0 29 0
l1i_u29-14 llc-0b18 1 29 0 29 0
l1i_u29-14 llc-0b19 1 29 0 29 0
l1i_u29-14 llc-0b20 1 29 0 29 0
l1i_u29-14 llc-0b21 1 29 0 29 0
l1i_u29-14 llc-0b22 1 29 0 29 0
l1i_u29-14 llc-0b23 1 29 0 29 0
l1i_u29-14 llc-0b24 1 29 0 29 0
l1i_u29-14 llc-0b25 1 29 0 29 0
l1i_u29-14 llc-0b26 1 29 0 29 0
l1i_u29-14 llc-0b27 1 29 0 29 0
l1i_u29-14 llc-0b28 1 29 0 29 0
l1i_u29-14 llc-0b29 1 29 0 29 0
l1i_u29-14 llc-0b30 1 29 0 29 0
l1i_u29-14 llc-0b31 1 29 0 29 0
l1i_u29-15 llc-0b0 1 29 0 29 0
l1i_u29-15 llc-0b1 1 29 0 29 0
l1i_u29-15 llc-0b2 1 29 0 29 0
l1i_u29-15 llc-0b3 1 29 0 29 0
l1i_u29-15 llc-0b4 1 29 0 29 0
l1i_u29-15 llc-0b5 1 29 0 29 0
l1i_u29-15 llc-0b6 1 29 0 29 0
l1i_u29-15 llc-0b7 1 29 0 29 0
l1i_u29-15 llc-0b8 1 29 0 29 0
l1i_u29-15 llc-0b9 1 29 0 29 0
l1i_u29-15 llc-0b10 1 29 0 29 0
l1i_u29-15 llc-0b11 1 29 0 29 0
l1i_u29-15 llc-0b12 1 29 0 29 0
l1i_u29-15 llc-0b13 1 29 0 29 0
l1i_u29-15 llc-0b14 1 29 0 29 0
l1i_u29-15 llc-0b15 1 29 0 29 0
l1i_u29-15 llc-0b16 1 29 0 29 0
l1i_u29-15 llc-0b17 1 29 0 29 0
l1i_u29-15 llc-0b18 1 29 0 29 0
l1i_u29-15 llc-0b19 1 29 0 29 0
l1i_u29-15 llc-0b20 1 29 0 29 0
l1i_u29-15 llc-0b21 1 29 0 29 0
l1i_u29-15 llc-0b22 1 29 0 29 0
l1i_u29-15 llc-0b23 1 29 0 29 0
l1i_u29-15 llc-0b24 1 29 0 29 0
l1i_u29-15 llc-0b25 1 29 0 29 0
l1i_u29-15 llc-0b26 1 29 0 29 0
l1i_u29-15 llc-0b27 1 29 0 29 0
l1i_u29-15 llc-0b28 1 29 0 29 0
l1i_u29-15 llc-0b29 1 29 0 29 0
l1i_u29-15 llc-0b30 1 29 0 29 0
l1i_u29-15 llc-0b31 1 29 0 29 0
l1d_u29-0 llc-0b0 1 29 0 29 0
l1d_u29-0 llc-0b1 1 29 0 29 0
l1d_u29-0 llc-0b2 1 29 0 29 0
l1d_u29-0 llc-0b3 1 29 0 29 0
l1d_u29-0 llc-0b4 1 29 0 29 0
l1d_u29-0 llc-0b5 1 29 0 29 0
l1d_u29-0 llc-0b6 1 29 0 29 0
l1d_u29-0 llc-0b7 1 29 0 29 0
l1d_u29-0 llc-0b8 1 29 0 29 0
l1d_u29-0 llc-0b9 1 29 0 29 0
l1d_u29-0 llc-0b10 1 29 0 29 0
l1d_u29-0 llc-0b11 1 29 0 29 0
l1d_u29-0 llc-0b12 1 29 0 29 0
l1d_u29-0 llc-0b13 1 29 0 29 0
l1d_u29-0 llc-0b14 1 29 0 29 0
l1d_u29-0 llc-0b15 1 29 0 29 0
l1d_u29-0 llc-0b16 1 29 0 29 0
l1d_u29-0 llc-0b17 1 29 0 29 0
l1d_u29-0 llc-0b18 1 29 0 29 0
l1d_u29-0 llc-0b19 1 29 0 29 0
l1d_u29-0 llc-0b20 1 29 0 29 0
l1d_u29-0 llc-0b21 1 29 0 29 0
l1d_u29-0 llc-0b22 1 29 0 29 0
l1d_u29-0 llc-0b23 1 29 0 29 0
l1d_u29-0 llc-0b24 1 29 0 29 0
l1d_u29-0 llc-0b25 1 29 0 29 0
l1d_u29-0 llc-0b26 1 29 0 29 0
l1d_u29-0 llc-0b27 1 29 0 29 0
l1d_u29-0 llc-0b28 1 29 0 29 0
l1d_u29-0 llc-0b29 1 29 0 29 0
l1d_u29-0 llc-0b30 1 29 0 29 0
l1d_u29-0 llc-0b31 1 29 0 29 0
l1d_u29-1 llc-0b0 1 29 0 29 0
l1d_u29-1 llc-0b1 1 29 0 29 0
l1d_u29-1 llc-0b2 1 29 0 29 0
l1d_u29-1 llc-0b3 1 29 0 29 0
l1d_u29-1 llc-0b4 1 29 0 29 0
l1d_u29-1 llc-0b5 1 29 0 29 0
l1d_u29-1 llc-0b6 1 29 0 29 0
l1d_u29-1 llc-0b7 1 29 0 29 0
l1d_u29-1 llc-0b8 1 29 0 29 0
l1d_u29-1 llc-0b9 1 29 0 29 0
l1d_u29-1 llc-0b10 1 29 0 29 0
l1d_u29-1 llc-0b11 1 29 0 29 0
l1d_u29-1 llc-0b12 1 29 0 29 0
l1d_u29-1 llc-0b13 1 29 0 29 0
l1d_u29-1 llc-0b14 1 29 0 29 0
l1d_u29-1 llc-0b15 1 29 0 29 0
l1d_u29-1 llc-0b16 1 29 0 29 0
l1d_u29-1 llc-0b17 1 29 0 29 0
l1d_u29-1 llc-0b18 1 29 0 29 0
l1d_u29-1 llc-0b19 1 29 0 29 0
l1d_u29-1 llc-0b20 1 29 0 29 0
l1d_u29-1 llc-0b21 1 29 0 29 0
l1d_u29-1 llc-0b22 1 29 0 29 0
l1d_u29-1 llc-0b23 1 29 0 29 0
l1d_u29-1 llc-0b24 1 29 0 29 0
l1d_u29-1 llc-0b25 1 29 0 29 0
l1d_u29-1 llc-0b26 1 29 0 29 0
l1d_u29-1 llc-0b27 1 29 0 29 0
l1d_u29-1 llc-0b28 1 29 0 29 0
l1d_u29-1 llc-0b29 1 29 0 29 0
l1d_u29-1 llc-0b30 1 29 0 29 0
l1d_u29-1 llc-0b31 1 29 0 29 0
l1d_u29-2 llc-0b0 1 29 0 29 0
l1d_u29-2 llc-0b1 1 29 0 29 0
l1d_u29-2 llc-0b2 1 29 0 29 0
l1d_u29-2 llc-0b3 1 29 0 29 0
l1d_u29-2 llc-0b4 1 29 0 29 0
l1d_u29-2 llc-0b5 1 29 0 29 0
l1d_u29-2 llc-0b6 1 29 0 29 0
l1d_u29-2 llc-0b7 1 29 0 29 0
l1d_u29-2 llc-0b8 1 29 0 29 0
l1d_u29-2 llc-0b9 1 29 0 29 0
l1d_u29-2 llc-0b10 1 29 0 29 0
l1d_u29-2 llc-0b11 1 29 0 29 0
l1d_u29-2 llc-0b12 1 29 0 29 0
l1d_u29-2 llc-0b13 1 29 0 29 0
l1d_u29-2 llc-0b14 1 29 0 29 0
l1d_u29-2 llc-0b15 1 29 0 29 0
l1d_u29-2 llc-0b16 1 29 0 29 0
l1d_u29-2 llc-0b17 1 29 0 29 0
l1d_u29-2 llc-0b18 1 29 0 29 0
l1d_u29-2 llc-0b19 1 29 0 29 0
l1d_u29-2 llc-0b20 1 29 0 29 0
l1d_u29-2 llc-0b21 1 29 0 29 0
l1d_u29-2 llc-0b22 1 29 0 29 0
l1d_u29-2 llc-0b23 1 29 0 29 0
l1d_u29-2 llc-0b24 1 29 0 29 0
l1d_u29-2 llc-0b25 1 29 0 29 0
l1d_u29-2 llc-0b26 1 29 0 29 0
l1d_u29-2 llc-0b27 1 29 0 29 0
l1d_u29-2 llc-0b28 1 29 0 29 0
l1d_u29-2 llc-0b29 1 29 0 29 0
l1d_u29-2 llc-0b30 1 29 0 29 0
l1d_u29-2 llc-0b31 1 29 0 29 0
l1d_u29-3 llc-0b0 1 29 0 29 0
l1d_u29-3 llc-0b1 1 29 0 29 0
l1d_u29-3 llc-0b2 1 29 0 29 0
l1d_u29-3 llc-0b3 1 29 0 29 0
l1d_u29-3 llc-0b4 1 29 0 29 0
l1d_u29-3 llc-0b5 1 29 0 29 0
l1d_u29-3 llc-0b6 1 29 0 29 0
l1d_u29-3 llc-0b7 1 29 0 29 0
l1d_u29-3 llc-0b8 1 29 0 29 0
l1d_u29-3 llc-0b9 1 29 0 29 0
l1d_u29-3 llc-0b10 1 29 0 29 0
l1d_u29-3 llc-0b11 1 29 0 29 0
l1d_u29-3 llc-0b12 1 29 0 29 0
l1d_u29-3 llc-0b13 1 29 0 29 0
l1d_u29-3 llc-0b14 1 29 0 29 0
l1d_u29-3 llc-0b15 1 29 0 29 0
l1d_u29-3 llc-0b16 1 29 0 29 0
l1d_u29-3 llc-0b17 1 29 0 29 0
l1d_u29-3 llc-0b18 1 29 0 29 0
l1d_u29-3 llc-0b19 1 29 0 29 0
l1d_u29-3 llc-0b20 1 29 0 29 0
l1d_u29-3 llc-0b21 1 29 0 29 0
l1d_u29-3 llc-0b22 1 29 0 29 0
l1d_u29-3 llc-0b23 1 29 0 29 0
l1d_u29-3 llc-0b24 1 29 0 29 0
l1d_u29-3 llc-0b25 1 29 0 29 0
l1d_u29-3 llc-0b26 1 29 0 29 0
l1d_u29-3 llc-0b27 1 29 0 29 0
l1d_u29-3 llc-0b28 1 29 0 29 0
l1d_u29-3 llc-0b29 1 29 0 29 0
l1d_u29-3 llc-0b30 1 29 0 29 0
l1d_u29-3 llc-0b31 1 29 0 29 0
l1d_u29-4 llc-0b0 1 29 0 29 0
l1d_u29-4 llc-0b1 1 29 0 29 0
l1d_u29-4 llc-0b2 1 29 0 29 0
l1d_u29-4 llc-0b3 1 29 0 29 0
l1d_u29-4 llc-0b4 1 29 0 29 0
l1d_u29-4 llc-0b5 1 29 0 29 0
l1d_u29-4 llc-0b6 1 29 0 29 0
l1d_u29-4 llc-0b7 1 29 0 29 0
l1d_u29-4 llc-0b8 1 29 0 29 0
l1d_u29-4 llc-0b9 1 29 0 29 0
l1d_u29-4 llc-0b10 1 29 0 29 0
l1d_u29-4 llc-0b11 1 29 0 29 0
l1d_u29-4 llc-0b12 1 29 0 29 0
l1d_u29-4 llc-0b13 1 29 0 29 0
l1d_u29-4 llc-0b14 1 29 0 29 0
l1d_u29-4 llc-0b15 1 29 0 29 0
l1d_u29-4 llc-0b16 1 29 0 29 0
l1d_u29-4 llc-0b17 1 29 0 29 0
l1d_u29-4 llc-0b18 1 29 0 29 0
l1d_u29-4 llc-0b19 1 29 0 29 0
l1d_u29-4 llc-0b20 1 29 0 29 0
l1d_u29-4 llc-0b21 1 29 0 29 0
l1d_u29-4 llc-0b22 1 29 0 29 0
l1d_u29-4 llc-0b23 1 29 0 29 0
l1d_u29-4 llc-0b24 1 29 0 29 0
l1d_u29-4 llc-0b25 1 29 0 29 0
l1d_u29-4 llc-0b26 1 29 0 29 0
l1d_u29-4 llc-0b27 1 29 0 29 0
l1d_u29-4 llc-0b28 1 29 0 29 0
l1d_u29-4 llc-0b29 1 29 0 29 0
l1d_u29-4 llc-0b30 1 29 0 29 0
l1d_u29-4 llc-0b31 1 29 0 29 0
l1d_u29-5 llc-0b0 1 29 0 29 0
l1d_u29-5 llc-0b1 1 29 0 29 0
l1d_u29-5 llc-0b2 1 29 0 29 0
l1d_u29-5 llc-0b3 1 29 0 29 0
l1d_u29-5 llc-0b4 1 29 0 29 0
l1d_u29-5 llc-0b5 1 29 0 29 0
l1d_u29-5 llc-0b6 1 29 0 29 0
l1d_u29-5 llc-0b7 1 29 0 29 0
l1d_u29-5 llc-0b8 1 29 0 29 0
l1d_u29-5 llc-0b9 1 29 0 29 0
l1d_u29-5 llc-0b10 1 29 0 29 0
l1d_u29-5 llc-0b11 1 29 0 29 0
l1d_u29-5 llc-0b12 1 29 0 29 0
l1d_u29-5 llc-0b13 1 29 0 29 0
l1d_u29-5 llc-0b14 1 29 0 29 0
l1d_u29-5 llc-0b15 1 29 0 29 0
l1d_u29-5 llc-0b16 1 29 0 29 0
l1d_u29-5 llc-0b17 1 29 0 29 0
l1d_u29-5 llc-0b18 1 29 0 29 0
l1d_u29-5 llc-0b19 1 29 0 29 0
l1d_u29-5 llc-0b20 1 29 0 29 0
l1d_u29-5 llc-0b21 1 29 0 29 0
l1d_u29-5 llc-0b22 1 29 0 29 0
l1d_u29-5 llc-0b23 1 29 0 29 0
l1d_u29-5 llc-0b24 1 29 0 29 0
l1d_u29-5 llc-0b25 1 29 0 29 0
l1d_u29-5 llc-0b26 1 29 0 29 0
l1d_u29-5 llc-0b27 1 29 0 29 0
l1d_u29-5 llc-0b28 1 29 0 29 0
l1d_u29-5 llc-0b29 1 29 0 29 0
l1d_u29-5 llc-0b30 1 29 0 29 0
l1d_u29-5 llc-0b31 1 29 0 29 0
l1d_u29-6 llc-0b0 1 29 0 29 0
l1d_u29-6 llc-0b1 1 29 0 29 0
l1d_u29-6 llc-0b2 1 29 0 29 0
l1d_u29-6 llc-0b3 1 29 0 29 0
l1d_u29-6 llc-0b4 1 29 0 29 0
l1d_u29-6 llc-0b5 1 29 0 29 0
l1d_u29-6 llc-0b6 1 29 0 29 0
l1d_u29-6 llc-0b7 1 29 0 29 0
l1d_u29-6 llc-0b8 1 29 0 29 0
l1d_u29-6 llc-0b9 1 29 0 29 0
l1d_u29-6 llc-0b10 1 29 0 29 0
l1d_u29-6 llc-0b11 1 29 0 29 0
l1d_u29-6 llc-0b12 1 29 0 29 0
l1d_u29-6 llc-0b13 1 29 0 29 0
l1d_u29-6 llc-0b14 1 29 0 29 0
l1d_u29-6 llc-0b15 1 29 0 29 0
l1d_u29-6 llc-0b16 1 29 0 29 0
l1d_u29-6 llc-0b17 1 29 0 29 0
l1d_u29-6 llc-0b18 1 29 0 29 0
l1d_u29-6 llc-0b19 1 29 0 29 0
l1d_u29-6 llc-0b20 1 29 0 29 0
l1d_u29-6 llc-0b21 1 29 0 29 0
l1d_u29-6 llc-0b22 1 29 0 29 0
l1d_u29-6 llc-0b23 1 29 0 29 0
l1d_u29-6 llc-0b24 1 29 0 29 0
l1d_u29-6 llc-0b25 1 29 0 29 0
l1d_u29-6 llc-0b26 1 29 0 29 0
l1d_u29-6 llc-0b27 1 29 0 29 0
l1d_u29-6 llc-0b28 1 29 0 29 0
l1d_u29-6 llc-0b29 1 29 0 29 0
l1d_u29-6 llc-0b30 1 29 0 29 0
l1d_u29-6 llc-0b31 1 29 0 29 0
l1d_u29-7 llc-0b0 1 29 0 29 0
l1d_u29-7 llc-0b1 1 29 0 29 0
l1d_u29-7 llc-0b2 1 29 0 29 0
l1d_u29-7 llc-0b3 1 29 0 29 0
l1d_u29-7 llc-0b4 1 29 0 29 0
l1d_u29-7 llc-0b5 1 29 0 29 0
l1d_u29-7 llc-0b6 1 29 0 29 0
l1d_u29-7 llc-0b7 1 29 0 29 0
l1d_u29-7 llc-0b8 1 29 0 29 0
l1d_u29-7 llc-0b9 1 29 0 29 0
l1d_u29-7 llc-0b10 1 29 0 29 0
l1d_u29-7 llc-0b11 1 29 0 29 0
l1d_u29-7 llc-0b12 1 29 0 29 0
l1d_u29-7 llc-0b13 1 29 0 29 0
l1d_u29-7 llc-0b14 1 29 0 29 0
l1d_u29-7 llc-0b15 1 29 0 29 0
l1d_u29-7 llc-0b16 1 29 0 29 0
l1d_u29-7 llc-0b17 1 29 0 29 0
l1d_u29-7 llc-0b18 1 29 0 29 0
l1d_u29-7 llc-0b19 1 29 0 29 0
l1d_u29-7 llc-0b20 1 29 0 29 0
l1d_u29-7 llc-0b21 1 29 0 29 0
l1d_u29-7 llc-0b22 1 29 0 29 0
l1d_u29-7 llc-0b23 1 29 0 29 0
l1d_u29-7 llc-0b24 1 29 0 29 0
l1d_u29-7 llc-0b25 1 29 0 29 0
l1d_u29-7 llc-0b26 1 29 0 29 0
l1d_u29-7 llc-0b27 1 29 0 29 0
l1d_u29-7 llc-0b28 1 29 0 29 0
l1d_u29-7 llc-0b29 1 29 0 29 0
l1d_u29-7 llc-0b30 1 29 0 29 0
l1d_u29-7 llc-0b31 1 29 0 29 0
l1d_u29-8 llc-0b0 1 29 0 29 0
l1d_u29-8 llc-0b1 1 29 0 29 0
l1d_u29-8 llc-0b2 1 29 0 29 0
l1d_u29-8 llc-0b3 1 29 0 29 0
l1d_u29-8 llc-0b4 1 29 0 29 0
l1d_u29-8 llc-0b5 1 29 0 29 0
l1d_u29-8 llc-0b6 1 29 0 29 0
l1d_u29-8 llc-0b7 1 29 0 29 0
l1d_u29-8 llc-0b8 1 29 0 29 0
l1d_u29-8 llc-0b9 1 29 0 29 0
l1d_u29-8 llc-0b10 1 29 0 29 0
l1d_u29-8 llc-0b11 1 29 0 29 0
l1d_u29-8 llc-0b12 1 29 0 29 0
l1d_u29-8 llc-0b13 1 29 0 29 0
l1d_u29-8 llc-0b14 1 29 0 29 0
l1d_u29-8 llc-0b15 1 29 0 29 0
l1d_u29-8 llc-0b16 1 29 0 29 0
l1d_u29-8 llc-0b17 1 29 0 29 0
l1d_u29-8 llc-0b18 1 29 0 29 0
l1d_u29-8 llc-0b19 1 29 0 29 0
l1d_u29-8 llc-0b20 1 29 0 29 0
l1d_u29-8 llc-0b21 1 29 0 29 0
l1d_u29-8 llc-0b22 1 29 0 29 0
l1d_u29-8 llc-0b23 1 29 0 29 0
l1d_u29-8 llc-0b24 1 29 0 29 0
l1d_u29-8 llc-0b25 1 29 0 29 0
l1d_u29-8 llc-0b26 1 29 0 29 0
l1d_u29-8 llc-0b27 1 29 0 29 0
l1d_u29-8 llc-0b28 1 29 0 29 0
l1d_u29-8 llc-0b29 1 29 0 29 0
l1d_u29-8 llc-0b30 1 29 0 29 0
l1d_u29-8 llc-0b31 1 29 0 29 0
l1d_u29-9 llc-0b0 1 29 0 29 0
l1d_u29-9 llc-0b1 1 29 0 29 0
l1d_u29-9 llc-0b2 1 29 0 29 0
l1d_u29-9 llc-0b3 1 29 0 29 0
l1d_u29-9 llc-0b4 1 29 0 29 0
l1d_u29-9 llc-0b5 1 29 0 29 0
l1d_u29-9 llc-0b6 1 29 0 29 0
l1d_u29-9 llc-0b7 1 29 0 29 0
l1d_u29-9 llc-0b8 1 29 0 29 0
l1d_u29-9 llc-0b9 1 29 0 29 0
l1d_u29-9 llc-0b10 1 29 0 29 0
l1d_u29-9 llc-0b11 1 29 0 29 0
l1d_u29-9 llc-0b12 1 29 0 29 0
l1d_u29-9 llc-0b13 1 29 0 29 0
l1d_u29-9 llc-0b14 1 29 0 29 0
l1d_u29-9 llc-0b15 1 29 0 29 0
l1d_u29-9 llc-0b16 1 29 0 29 0
l1d_u29-9 llc-0b17 1 29 0 29 0
l1d_u29-9 llc-0b18 1 29 0 29 0
l1d_u29-9 llc-0b19 1 29 0 29 0
l1d_u29-9 llc-0b20 1 29 0 29 0
l1d_u29-9 llc-0b21 1 29 0 29 0
l1d_u29-9 llc-0b22 1 29 0 29 0
l1d_u29-9 llc-0b23 1 29 0 29 0
l1d_u29-9 llc-0b24 1 29 0 29 0
l1d_u29-9 llc-0b25 1 29 0 29 0
l1d_u29-9 llc-0b26 1 29 0 29 0
l1d_u29-9 llc-0b27 1 29 0 29 0
l1d_u29-9 llc-0b28 1 29 0 29 0
l1d_u29-9 llc-0b29 1 29 0 29 0
l1d_u29-9 llc-0b30 1 29 0 29 0
l1d_u29-9 llc-0b31 1 29 0 29 0
l1d_u29-10 llc-0b0 1 29 0 29 0
l1d_u29-10 llc-0b1 1 29 0 29 0
l1d_u29-10 llc-0b2 1 29 0 29 0
l1d_u29-10 llc-0b3 1 29 0 29 0
l1d_u29-10 llc-0b4 1 29 0 29 0
l1d_u29-10 llc-0b5 1 29 0 29 0
l1d_u29-10 llc-0b6 1 29 0 29 0
l1d_u29-10 llc-0b7 1 29 0 29 0
l1d_u29-10 llc-0b8 1 29 0 29 0
l1d_u29-10 llc-0b9 1 29 0 29 0
l1d_u29-10 llc-0b10 1 29 0 29 0
l1d_u29-10 llc-0b11 1 29 0 29 0
l1d_u29-10 llc-0b12 1 29 0 29 0
l1d_u29-10 llc-0b13 1 29 0 29 0
l1d_u29-10 llc-0b14 1 29 0 29 0
l1d_u29-10 llc-0b15 1 29 0 29 0
l1d_u29-10 llc-0b16 1 29 0 29 0
l1d_u29-10 llc-0b17 1 29 0 29 0
l1d_u29-10 llc-0b18 1 29 0 29 0
l1d_u29-10 llc-0b19 1 29 0 29 0
l1d_u29-10 llc-0b20 1 29 0 29 0
l1d_u29-10 llc-0b21 1 29 0 29 0
l1d_u29-10 llc-0b22 1 29 0 29 0
l1d_u29-10 llc-0b23 1 29 0 29 0
l1d_u29-10 llc-0b24 1 29 0 29 0
l1d_u29-10 llc-0b25 1 29 0 29 0
l1d_u29-10 llc-0b26 1 29 0 29 0
l1d_u29-10 llc-0b27 1 29 0 29 0
l1d_u29-10 llc-0b28 1 29 0 29 0
l1d_u29-10 llc-0b29 1 29 0 29 0
l1d_u29-10 llc-0b30 1 29 0 29 0
l1d_u29-10 llc-0b31 1 29 0 29 0
l1d_u29-11 llc-0b0 1 29 0 29 0
l1d_u29-11 llc-0b1 1 29 0 29 0
l1d_u29-11 llc-0b2 1 29 0 29 0
l1d_u29-11 llc-0b3 1 29 0 29 0
l1d_u29-11 llc-0b4 1 29 0 29 0
l1d_u29-11 llc-0b5 1 29 0 29 0
l1d_u29-11 llc-0b6 1 29 0 29 0
l1d_u29-11 llc-0b7 1 29 0 29 0
l1d_u29-11 llc-0b8 1 29 0 29 0
l1d_u29-11 llc-0b9 1 29 0 29 0
l1d_u29-11 llc-0b10 1 29 0 29 0
l1d_u29-11 llc-0b11 1 29 0 29 0
l1d_u29-11 llc-0b12 1 29 0 29 0
l1d_u29-11 llc-0b13 1 29 0 29 0
l1d_u29-11 llc-0b14 1 29 0 29 0
l1d_u29-11 llc-0b15 1 29 0 29 0
l1d_u29-11 llc-0b16 1 29 0 29 0
l1d_u29-11 llc-0b17 1 29 0 29 0
l1d_u29-11 llc-0b18 1 29 0 29 0
l1d_u29-11 llc-0b19 1 29 0 29 0
l1d_u29-11 llc-0b20 1 29 0 29 0
l1d_u29-11 llc-0b21 1 29 0 29 0
l1d_u29-11 llc-0b22 1 29 0 29 0
l1d_u29-11 llc-0b23 1 29 0 29 0
l1d_u29-11 llc-0b24 1 29 0 29 0
l1d_u29-11 llc-0b25 1 29 0 29 0
l1d_u29-11 llc-0b26 1 29 0 29 0
l1d_u29-11 llc-0b27 1 29 0 29 0
l1d_u29-11 llc-0b28 1 29 0 29 0
l1d_u29-11 llc-0b29 1 29 0 29 0
l1d_u29-11 llc-0b30 1 29 0 29 0
l1d_u29-11 llc-0b31 1 29 0 29 0
l1d_u29-12 llc-0b0 1 29 0 29 0
l1d_u29-12 llc-0b1 1 29 0 29 0
l1d_u29-12 llc-0b2 1 29 0 29 0
l1d_u29-12 llc-0b3 1 29 0 29 0
l1d_u29-12 llc-0b4 1 29 0 29 0
l1d_u29-12 llc-0b5 1 29 0 29 0
l1d_u29-12 llc-0b6 1 29 0 29 0
l1d_u29-12 llc-0b7 1 29 0 29 0
l1d_u29-12 llc-0b8 1 29 0 29 0
l1d_u29-12 llc-0b9 1 29 0 29 0
l1d_u29-12 llc-0b10 1 29 0 29 0
l1d_u29-12 llc-0b11 1 29 0 29 0
l1d_u29-12 llc-0b12 1 29 0 29 0
l1d_u29-12 llc-0b13 1 29 0 29 0
l1d_u29-12 llc-0b14 1 29 0 29 0
l1d_u29-12 llc-0b15 1 29 0 29 0
l1d_u29-12 llc-0b16 1 29 0 29 0
l1d_u29-12 llc-0b17 1 29 0 29 0
l1d_u29-12 llc-0b18 1 29 0 29 0
l1d_u29-12 llc-0b19 1 29 0 29 0
l1d_u29-12 llc-0b20 1 29 0 29 0
l1d_u29-12 llc-0b21 1 29 0 29 0
l1d_u29-12 llc-0b22 1 29 0 29 0
l1d_u29-12 llc-0b23 1 29 0 29 0
l1d_u29-12 llc-0b24 1 29 0 29 0
l1d_u29-12 llc-0b25 1 29 0 29 0
l1d_u29-12 llc-0b26 1 29 0 29 0
l1d_u29-12 llc-0b27 1 29 0 29 0
l1d_u29-12 llc-0b28 1 29 0 29 0
l1d_u29-12 llc-0b29 1 29 0 29 0
l1d_u29-12 llc-0b30 1 29 0 29 0
l1d_u29-12 llc-0b31 1 29 0 29 0
l1d_u29-13 llc-0b0 1 29 0 29 0
l1d_u29-13 llc-0b1 1 29 0 29 0
l1d_u29-13 llc-0b2 1 29 0 29 0
l1d_u29-13 llc-0b3 1 29 0 29 0
l1d_u29-13 llc-0b4 1 29 0 29 0
l1d_u29-13 llc-0b5 1 29 0 29 0
l1d_u29-13 llc-0b6 1 29 0 29 0
l1d_u29-13 llc-0b7 1 29 0 29 0
l1d_u29-13 llc-0b8 1 29 0 29 0
l1d_u29-13 llc-0b9 1 29 0 29 0
l1d_u29-13 llc-0b10 1 29 0 29 0
l1d_u29-13 llc-0b11 1 29 0 29 0
l1d_u29-13 llc-0b12 1 29 0 29 0
l1d_u29-13 llc-0b13 1 29 0 29 0
l1d_u29-13 llc-0b14 1 29 0 29 0
l1d_u29-13 llc-0b15 1 29 0 29 0
l1d_u29-13 llc-0b16 1 29 0 29 0
l1d_u29-13 llc-0b17 1 29 0 29 0
l1d_u29-13 llc-0b18 1 29 0 29 0
l1d_u29-13 llc-0b19 1 29 0 29 0
l1d_u29-13 llc-0b20 1 29 0 29 0
l1d_u29-13 llc-0b21 1 29 0 29 0
l1d_u29-13 llc-0b22 1 29 0 29 0
l1d_u29-13 llc-0b23 1 29 0 29 0
l1d_u29-13 llc-0b24 1 29 0 29 0
l1d_u29-13 llc-0b25 1 29 0 29 0
l1d_u29-13 llc-0b26 1 29 0 29 0
l1d_u29-13 llc-0b27 1 29 0 29 0
l1d_u29-13 llc-0b28 1 29 0 29 0
l1d_u29-13 llc-0b29 1 29 0 29 0
l1d_u29-13 llc-0b30 1 29 0 29 0
l1d_u29-13 llc-0b31 1 29 0 29 0
l1d_u29-14 llc-0b0 1 29 0 29 0
l1d_u29-14 llc-0b1 1 29 0 29 0
l1d_u29-14 llc-0b2 1 29 0 29 0
l1d_u29-14 llc-0b3 1 29 0 29 0
l1d_u29-14 llc-0b4 1 29 0 29 0
l1d_u29-14 llc-0b5 1 29 0 29 0
l1d_u29-14 llc-0b6 1 29 0 29 0
l1d_u29-14 llc-0b7 1 29 0 29 0
l1d_u29-14 llc-0b8 1 29 0 29 0
l1d_u29-14 llc-0b9 1 29 0 29 0
l1d_u29-14 llc-0b10 1 29 0 29 0
l1d_u29-14 llc-0b11 1 29 0 29 0
l1d_u29-14 llc-0b12 1 29 0 29 0
l1d_u29-14 llc-0b13 1 29 0 29 0
l1d_u29-14 llc-0b14 1 29 0 29 0
l1d_u29-14 llc-0b15 1 29 0 29 0
l1d_u29-14 llc-0b16 1 29 0 29 0
l1d_u29-14 llc-0b17 1 29 0 29 0
l1d_u29-14 llc-0b18 1 29 0 29 0
l1d_u29-14 llc-0b19 1 29 0 29 0
l1d_u29-14 llc-0b20 1 29 0 29 0
l1d_u29-14 llc-0b21 1 29 0 29 0
l1d_u29-14 llc-0b22 1 29 0 29 0
l1d_u29-14 llc-0b23 1 29 0 29 0
l1d_u29-14 llc-0b24 1 29 0 29 0
l1d_u29-14 llc-0b25 1 29 0 29 0
l1d_u29-14 llc-0b26 1 29 0 29 0
l1d_u29-14 llc-0b27 1 29 0 29 0
l1d_u29-14 llc-0b28 1 29 0 29 0
l1d_u29-14 llc-0b29 1 29 0 29 0
l1d_u29-14 llc-0b30 1 29 0 29 0
l1d_u29-14 llc-0b31 1 29 0 29 0
l1d_u29-15 llc-0b0 1 29 0 29 0
l1d_u29-15 llc-0b1 1 29 0 29 0
l1d_u29-15 llc-0b2 1 29 0 29 0
l1d_u29-15 llc-0b3 1 29 0 29 0
l1d_u29-15 llc-0b4 1 29 0 29 0
l1d_u29-15 llc-0b5 1 29 0 29 0
l1d_u29-15 llc-0b6 1 29 0 29 0
l1d_u29-15 llc-0b7 1 29 0 29 0
l1d_u29-15 llc-0b8 1 29 0 29 0
l1d_u29-15 llc-0b9 1 29 0 29 0
l1d_u29-15 llc-0b10 1 29 0 29 0
l1d_u29-15 llc-0b11 1 29 0 29 0
l1d_u29-15 llc-0b12 1 29 0 29 0
l1d_u29-15 llc-0b13 1 29 0 29 0
l1d_u29-15 llc-0b14 1 29 0 29 0
l1d_u29-15 llc-0b15 1 29 0 29 0
l1d_u29-15 llc-0b16 1 29 0 29 0
l1d_u29-15 llc-0b17 1 29 0 29 0
l1d_u29-15 llc-0b18 1 29 0 29 0
l1d_u29-15 llc-0b19 1 29 0 29 0
l1d_u29-15 llc-0b20 1 29 0 29 0
l1d_u29-15 llc-0b21 1 29 0 29 0
l1d_u29-15 llc-0b22 1 29 0 29 0
l1d_u29-15 llc-0b23 1 29 0 29 0
l1d_u29-15 llc-0b24 1 29 0 29 0
l1d_u29-15 llc-0b25 1 29 0 29 0
l1d_u29-15 llc-0b26 1 29 0 29 0
l1d_u29-15 llc-0b27 1 29 0 29 0
l1d_u29-15 llc-0b28 1 29 0 29 0
l1d_u29-15 llc-0b29 1 29 0 29 0
l1d_u29-15 llc-0b30 1 29 0 29 0
l1d_u29-15 llc-0b31 1 29 0 29 0
l1i_u30-0 llc-0b0 1 30 0 30 0
l1i_u30-0 llc-0b1 1 30 0 30 0
l1i_u30-0 llc-0b2 1 30 0 30 0
l1i_u30-0 llc-0b3 1 30 0 30 0
l1i_u30-0 llc-0b4 1 30 0 30 0
l1i_u30-0 llc-0b5 1 30 0 30 0
l1i_u30-0 llc-0b6 1 30 0 30 0
l1i_u30-0 llc-0b7 1 30 0 30 0
l1i_u30-0 llc-0b8 1 30 0 30 0
l1i_u30-0 llc-0b9 1 30 0 30 0
l1i_u30-0 llc-0b10 1 30 0 30 0
l1i_u30-0 llc-0b11 1 30 0 30 0
l1i_u30-0 llc-0b12 1 30 0 30 0
l1i_u30-0 llc-0b13 1 30 0 30 0
l1i_u30-0 llc-0b14 1 30 0 30 0
l1i_u30-0 llc-0b15 1 30 0 30 0
l1i_u30-0 llc-0b16 1 30 0 30 0
l1i_u30-0 llc-0b17 1 30 0 30 0
l1i_u30-0 llc-0b18 1 30 0 30 0
l1i_u30-0 llc-0b19 1 30 0 30 0
l1i_u30-0 llc-0b20 1 30 0 30 0
l1i_u30-0 llc-0b21 1 30 0 30 0
l1i_u30-0 llc-0b22 1 30 0 30 0
l1i_u30-0 llc-0b23 1 30 0 30 0
l1i_u30-0 llc-0b24 1 30 0 30 0
l1i_u30-0 llc-0b25 1 30 0 30 0
l1i_u30-0 llc-0b26 1 30 0 30 0
l1i_u30-0 llc-0b27 1 30 0 30 0
l1i_u30-0 llc-0b28 1 30 0 30 0
l1i_u30-0 llc-0b29 1 30 0 30 0
l1i_u30-0 llc-0b30 1 30 0 30 0
l1i_u30-0 llc-0b31 1 30 0 30 0
l1i_u30-1 llc-0b0 1 30 0 30 0
l1i_u30-1 llc-0b1 1 30 0 30 0
l1i_u30-1 llc-0b2 1 30 0 30 0
l1i_u30-1 llc-0b3 1 30 0 30 0
l1i_u30-1 llc-0b4 1 30 0 30 0
l1i_u30-1 llc-0b5 1 30 0 30 0
l1i_u30-1 llc-0b6 1 30 0 30 0
l1i_u30-1 llc-0b7 1 30 0 30 0
l1i_u30-1 llc-0b8 1 30 0 30 0
l1i_u30-1 llc-0b9 1 30 0 30 0
l1i_u30-1 llc-0b10 1 30 0 30 0
l1i_u30-1 llc-0b11 1 30 0 30 0
l1i_u30-1 llc-0b12 1 30 0 30 0
l1i_u30-1 llc-0b13 1 30 0 30 0
l1i_u30-1 llc-0b14 1 30 0 30 0
l1i_u30-1 llc-0b15 1 30 0 30 0
l1i_u30-1 llc-0b16 1 30 0 30 0
l1i_u30-1 llc-0b17 1 30 0 30 0
l1i_u30-1 llc-0b18 1 30 0 30 0
l1i_u30-1 llc-0b19 1 30 0 30 0
l1i_u30-1 llc-0b20 1 30 0 30 0
l1i_u30-1 llc-0b21 1 30 0 30 0
l1i_u30-1 llc-0b22 1 30 0 30 0
l1i_u30-1 llc-0b23 1 30 0 30 0
l1i_u30-1 llc-0b24 1 30 0 30 0
l1i_u30-1 llc-0b25 1 30 0 30 0
l1i_u30-1 llc-0b26 1 30 0 30 0
l1i_u30-1 llc-0b27 1 30 0 30 0
l1i_u30-1 llc-0b28 1 30 0 30 0
l1i_u30-1 llc-0b29 1 30 0 30 0
l1i_u30-1 llc-0b30 1 30 0 30 0
l1i_u30-1 llc-0b31 1 30 0 30 0
l1i_u30-2 llc-0b0 1 30 0 30 0
l1i_u30-2 llc-0b1 1 30 0 30 0
l1i_u30-2 llc-0b2 1 30 0 30 0
l1i_u30-2 llc-0b3 1 30 0 30 0
l1i_u30-2 llc-0b4 1 30 0 30 0
l1i_u30-2 llc-0b5 1 30 0 30 0
l1i_u30-2 llc-0b6 1 30 0 30 0
l1i_u30-2 llc-0b7 1 30 0 30 0
l1i_u30-2 llc-0b8 1 30 0 30 0
l1i_u30-2 llc-0b9 1 30 0 30 0
l1i_u30-2 llc-0b10 1 30 0 30 0
l1i_u30-2 llc-0b11 1 30 0 30 0
l1i_u30-2 llc-0b12 1 30 0 30 0
l1i_u30-2 llc-0b13 1 30 0 30 0
l1i_u30-2 llc-0b14 1 30 0 30 0
l1i_u30-2 llc-0b15 1 30 0 30 0
l1i_u30-2 llc-0b16 1 30 0 30 0
l1i_u30-2 llc-0b17 1 30 0 30 0
l1i_u30-2 llc-0b18 1 30 0 30 0
l1i_u30-2 llc-0b19 1 30 0 30 0
l1i_u30-2 llc-0b20 1 30 0 30 0
l1i_u30-2 llc-0b21 1 30 0 30 0
l1i_u30-2 llc-0b22 1 30 0 30 0
l1i_u30-2 llc-0b23 1 30 0 30 0
l1i_u30-2 llc-0b24 1 30 0 30 0
l1i_u30-2 llc-0b25 1 30 0 30 0
l1i_u30-2 llc-0b26 1 30 0 30 0
l1i_u30-2 llc-0b27 1 30 0 30 0
l1i_u30-2 llc-0b28 1 30 0 30 0
l1i_u30-2 llc-0b29 1 30 0 30 0
l1i_u30-2 llc-0b30 1 30 0 30 0
l1i_u30-2 llc-0b31 1 30 0 30 0
l1i_u30-3 llc-0b0 1 30 0 30 0
l1i_u30-3 llc-0b1 1 30 0 30 0
l1i_u30-3 llc-0b2 1 30 0 30 0
l1i_u30-3 llc-0b3 1 30 0 30 0
l1i_u30-3 llc-0b4 1 30 0 30 0
l1i_u30-3 llc-0b5 1 30 0 30 0
l1i_u30-3 llc-0b6 1 30 0 30 0
l1i_u30-3 llc-0b7 1 30 0 30 0
l1i_u30-3 llc-0b8 1 30 0 30 0
l1i_u30-3 llc-0b9 1 30 0 30 0
l1i_u30-3 llc-0b10 1 30 0 30 0
l1i_u30-3 llc-0b11 1 30 0 30 0
l1i_u30-3 llc-0b12 1 30 0 30 0
l1i_u30-3 llc-0b13 1 30 0 30 0
l1i_u30-3 llc-0b14 1 30 0 30 0
l1i_u30-3 llc-0b15 1 30 0 30 0
l1i_u30-3 llc-0b16 1 30 0 30 0
l1i_u30-3 llc-0b17 1 30 0 30 0
l1i_u30-3 llc-0b18 1 30 0 30 0
l1i_u30-3 llc-0b19 1 30 0 30 0
l1i_u30-3 llc-0b20 1 30 0 30 0
l1i_u30-3 llc-0b21 1 30 0 30 0
l1i_u30-3 llc-0b22 1 30 0 30 0
l1i_u30-3 llc-0b23 1 30 0 30 0
l1i_u30-3 llc-0b24 1 30 0 30 0
l1i_u30-3 llc-0b25 1 30 0 30 0
l1i_u30-3 llc-0b26 1 30 0 30 0
l1i_u30-3 llc-0b27 1 30 0 30 0
l1i_u30-3 llc-0b28 1 30 0 30 0
l1i_u30-3 llc-0b29 1 30 0 30 0
l1i_u30-3 llc-0b30 1 30 0 30 0
l1i_u30-3 llc-0b31 1 30 0 30 0
l1i_u30-4 llc-0b0 1 30 0 30 0
l1i_u30-4 llc-0b1 1 30 0 30 0
l1i_u30-4 llc-0b2 1 30 0 30 0
l1i_u30-4 llc-0b3 1 30 0 30 0
l1i_u30-4 llc-0b4 1 30 0 30 0
l1i_u30-4 llc-0b5 1 30 0 30 0
l1i_u30-4 llc-0b6 1 30 0 30 0
l1i_u30-4 llc-0b7 1 30 0 30 0
l1i_u30-4 llc-0b8 1 30 0 30 0
l1i_u30-4 llc-0b9 1 30 0 30 0
l1i_u30-4 llc-0b10 1 30 0 30 0
l1i_u30-4 llc-0b11 1 30 0 30 0
l1i_u30-4 llc-0b12 1 30 0 30 0
l1i_u30-4 llc-0b13 1 30 0 30 0
l1i_u30-4 llc-0b14 1 30 0 30 0
l1i_u30-4 llc-0b15 1 30 0 30 0
l1i_u30-4 llc-0b16 1 30 0 30 0
l1i_u30-4 llc-0b17 1 30 0 30 0
l1i_u30-4 llc-0b18 1 30 0 30 0
l1i_u30-4 llc-0b19 1 30 0 30 0
l1i_u30-4 llc-0b20 1 30 0 30 0
l1i_u30-4 llc-0b21 1 30 0 30 0
l1i_u30-4 llc-0b22 1 30 0 30 0
l1i_u30-4 llc-0b23 1 30 0 30 0
l1i_u30-4 llc-0b24 1 30 0 30 0
l1i_u30-4 llc-0b25 1 30 0 30 0
l1i_u30-4 llc-0b26 1 30 0 30 0
l1i_u30-4 llc-0b27 1 30 0 30 0
l1i_u30-4 llc-0b28 1 30 0 30 0
l1i_u30-4 llc-0b29 1 30 0 30 0
l1i_u30-4 llc-0b30 1 30 0 30 0
l1i_u30-4 llc-0b31 1 30 0 30 0
l1i_u30-5 llc-0b0 1 30 0 30 0
l1i_u30-5 llc-0b1 1 30 0 30 0
l1i_u30-5 llc-0b2 1 30 0 30 0
l1i_u30-5 llc-0b3 1 30 0 30 0
l1i_u30-5 llc-0b4 1 30 0 30 0
l1i_u30-5 llc-0b5 1 30 0 30 0
l1i_u30-5 llc-0b6 1 30 0 30 0
l1i_u30-5 llc-0b7 1 30 0 30 0
l1i_u30-5 llc-0b8 1 30 0 30 0
l1i_u30-5 llc-0b9 1 30 0 30 0
l1i_u30-5 llc-0b10 1 30 0 30 0
l1i_u30-5 llc-0b11 1 30 0 30 0
l1i_u30-5 llc-0b12 1 30 0 30 0
l1i_u30-5 llc-0b13 1 30 0 30 0
l1i_u30-5 llc-0b14 1 30 0 30 0
l1i_u30-5 llc-0b15 1 30 0 30 0
l1i_u30-5 llc-0b16 1 30 0 30 0
l1i_u30-5 llc-0b17 1 30 0 30 0
l1i_u30-5 llc-0b18 1 30 0 30 0
l1i_u30-5 llc-0b19 1 30 0 30 0
l1i_u30-5 llc-0b20 1 30 0 30 0
l1i_u30-5 llc-0b21 1 30 0 30 0
l1i_u30-5 llc-0b22 1 30 0 30 0
l1i_u30-5 llc-0b23 1 30 0 30 0
l1i_u30-5 llc-0b24 1 30 0 30 0
l1i_u30-5 llc-0b25 1 30 0 30 0
l1i_u30-5 llc-0b26 1 30 0 30 0
l1i_u30-5 llc-0b27 1 30 0 30 0
l1i_u30-5 llc-0b28 1 30 0 30 0
l1i_u30-5 llc-0b29 1 30 0 30 0
l1i_u30-5 llc-0b30 1 30 0 30 0
l1i_u30-5 llc-0b31 1 30 0 30 0
l1i_u30-6 llc-0b0 1 30 0 30 0
l1i_u30-6 llc-0b1 1 30 0 30 0
l1i_u30-6 llc-0b2 1 30 0 30 0
l1i_u30-6 llc-0b3 1 30 0 30 0
l1i_u30-6 llc-0b4 1 30 0 30 0
l1i_u30-6 llc-0b5 1 30 0 30 0
l1i_u30-6 llc-0b6 1 30 0 30 0
l1i_u30-6 llc-0b7 1 30 0 30 0
l1i_u30-6 llc-0b8 1 30 0 30 0
l1i_u30-6 llc-0b9 1 30 0 30 0
l1i_u30-6 llc-0b10 1 30 0 30 0
l1i_u30-6 llc-0b11 1 30 0 30 0
l1i_u30-6 llc-0b12 1 30 0 30 0
l1i_u30-6 llc-0b13 1 30 0 30 0
l1i_u30-6 llc-0b14 1 30 0 30 0
l1i_u30-6 llc-0b15 1 30 0 30 0
l1i_u30-6 llc-0b16 1 30 0 30 0
l1i_u30-6 llc-0b17 1 30 0 30 0
l1i_u30-6 llc-0b18 1 30 0 30 0
l1i_u30-6 llc-0b19 1 30 0 30 0
l1i_u30-6 llc-0b20 1 30 0 30 0
l1i_u30-6 llc-0b21 1 30 0 30 0
l1i_u30-6 llc-0b22 1 30 0 30 0
l1i_u30-6 llc-0b23 1 30 0 30 0
l1i_u30-6 llc-0b24 1 30 0 30 0
l1i_u30-6 llc-0b25 1 30 0 30 0
l1i_u30-6 llc-0b26 1 30 0 30 0
l1i_u30-6 llc-0b27 1 30 0 30 0
l1i_u30-6 llc-0b28 1 30 0 30 0
l1i_u30-6 llc-0b29 1 30 0 30 0
l1i_u30-6 llc-0b30 1 30 0 30 0
l1i_u30-6 llc-0b31 1 30 0 30 0
l1i_u30-7 llc-0b0 1 30 0 30 0
l1i_u30-7 llc-0b1 1 30 0 30 0
l1i_u30-7 llc-0b2 1 30 0 30 0
l1i_u30-7 llc-0b3 1 30 0 30 0
l1i_u30-7 llc-0b4 1 30 0 30 0
l1i_u30-7 llc-0b5 1 30 0 30 0
l1i_u30-7 llc-0b6 1 30 0 30 0
l1i_u30-7 llc-0b7 1 30 0 30 0
l1i_u30-7 llc-0b8 1 30 0 30 0
l1i_u30-7 llc-0b9 1 30 0 30 0
l1i_u30-7 llc-0b10 1 30 0 30 0
l1i_u30-7 llc-0b11 1 30 0 30 0
l1i_u30-7 llc-0b12 1 30 0 30 0
l1i_u30-7 llc-0b13 1 30 0 30 0
l1i_u30-7 llc-0b14 1 30 0 30 0
l1i_u30-7 llc-0b15 1 30 0 30 0
l1i_u30-7 llc-0b16 1 30 0 30 0
l1i_u30-7 llc-0b17 1 30 0 30 0
l1i_u30-7 llc-0b18 1 30 0 30 0
l1i_u30-7 llc-0b19 1 30 0 30 0
l1i_u30-7 llc-0b20 1 30 0 30 0
l1i_u30-7 llc-0b21 1 30 0 30 0
l1i_u30-7 llc-0b22 1 30 0 30 0
l1i_u30-7 llc-0b23 1 30 0 30 0
l1i_u30-7 llc-0b24 1 30 0 30 0
l1i_u30-7 llc-0b25 1 30 0 30 0
l1i_u30-7 llc-0b26 1 30 0 30 0
l1i_u30-7 llc-0b27 1 30 0 30 0
l1i_u30-7 llc-0b28 1 30 0 30 0
l1i_u30-7 llc-0b29 1 30 0 30 0
l1i_u30-7 llc-0b30 1 30 0 30 0
l1i_u30-7 llc-0b31 1 30 0 30 0
l1i_u30-8 llc-0b0 1 30 0 30 0
l1i_u30-8 llc-0b1 1 30 0 30 0
l1i_u30-8 llc-0b2 1 30 0 30 0
l1i_u30-8 llc-0b3 1 30 0 30 0
l1i_u30-8 llc-0b4 1 30 0 30 0
l1i_u30-8 llc-0b5 1 30 0 30 0
l1i_u30-8 llc-0b6 1 30 0 30 0
l1i_u30-8 llc-0b7 1 30 0 30 0
l1i_u30-8 llc-0b8 1 30 0 30 0
l1i_u30-8 llc-0b9 1 30 0 30 0
l1i_u30-8 llc-0b10 1 30 0 30 0
l1i_u30-8 llc-0b11 1 30 0 30 0
l1i_u30-8 llc-0b12 1 30 0 30 0
l1i_u30-8 llc-0b13 1 30 0 30 0
l1i_u30-8 llc-0b14 1 30 0 30 0
l1i_u30-8 llc-0b15 1 30 0 30 0
l1i_u30-8 llc-0b16 1 30 0 30 0
l1i_u30-8 llc-0b17 1 30 0 30 0
l1i_u30-8 llc-0b18 1 30 0 30 0
l1i_u30-8 llc-0b19 1 30 0 30 0
l1i_u30-8 llc-0b20 1 30 0 30 0
l1i_u30-8 llc-0b21 1 30 0 30 0
l1i_u30-8 llc-0b22 1 30 0 30 0
l1i_u30-8 llc-0b23 1 30 0 30 0
l1i_u30-8 llc-0b24 1 30 0 30 0
l1i_u30-8 llc-0b25 1 30 0 30 0
l1i_u30-8 llc-0b26 1 30 0 30 0
l1i_u30-8 llc-0b27 1 30 0 30 0
l1i_u30-8 llc-0b28 1 30 0 30 0
l1i_u30-8 llc-0b29 1 30 0 30 0
l1i_u30-8 llc-0b30 1 30 0 30 0
l1i_u30-8 llc-0b31 1 30 0 30 0
l1i_u30-9 llc-0b0 1 30 0 30 0
l1i_u30-9 llc-0b1 1 30 0 30 0
l1i_u30-9 llc-0b2 1 30 0 30 0
l1i_u30-9 llc-0b3 1 30 0 30 0
l1i_u30-9 llc-0b4 1 30 0 30 0
l1i_u30-9 llc-0b5 1 30 0 30 0
l1i_u30-9 llc-0b6 1 30 0 30 0
l1i_u30-9 llc-0b7 1 30 0 30 0
l1i_u30-9 llc-0b8 1 30 0 30 0
l1i_u30-9 llc-0b9 1 30 0 30 0
l1i_u30-9 llc-0b10 1 30 0 30 0
l1i_u30-9 llc-0b11 1 30 0 30 0
l1i_u30-9 llc-0b12 1 30 0 30 0
l1i_u30-9 llc-0b13 1 30 0 30 0
l1i_u30-9 llc-0b14 1 30 0 30 0
l1i_u30-9 llc-0b15 1 30 0 30 0
l1i_u30-9 llc-0b16 1 30 0 30 0
l1i_u30-9 llc-0b17 1 30 0 30 0
l1i_u30-9 llc-0b18 1 30 0 30 0
l1i_u30-9 llc-0b19 1 30 0 30 0
l1i_u30-9 llc-0b20 1 30 0 30 0
l1i_u30-9 llc-0b21 1 30 0 30 0
l1i_u30-9 llc-0b22 1 30 0 30 0
l1i_u30-9 llc-0b23 1 30 0 30 0
l1i_u30-9 llc-0b24 1 30 0 30 0
l1i_u30-9 llc-0b25 1 30 0 30 0
l1i_u30-9 llc-0b26 1 30 0 30 0
l1i_u30-9 llc-0b27 1 30 0 30 0
l1i_u30-9 llc-0b28 1 30 0 30 0
l1i_u30-9 llc-0b29 1 30 0 30 0
l1i_u30-9 llc-0b30 1 30 0 30 0
l1i_u30-9 llc-0b31 1 30 0 30 0
l1i_u30-10 llc-0b0 1 30 0 30 0
l1i_u30-10 llc-0b1 1 30 0 30 0
l1i_u30-10 llc-0b2 1 30 0 30 0
l1i_u30-10 llc-0b3 1 30 0 30 0
l1i_u30-10 llc-0b4 1 30 0 30 0
l1i_u30-10 llc-0b5 1 30 0 30 0
l1i_u30-10 llc-0b6 1 30 0 30 0
l1i_u30-10 llc-0b7 1 30 0 30 0
l1i_u30-10 llc-0b8 1 30 0 30 0
l1i_u30-10 llc-0b9 1 30 0 30 0
l1i_u30-10 llc-0b10 1 30 0 30 0
l1i_u30-10 llc-0b11 1 30 0 30 0
l1i_u30-10 llc-0b12 1 30 0 30 0
l1i_u30-10 llc-0b13 1 30 0 30 0
l1i_u30-10 llc-0b14 1 30 0 30 0
l1i_u30-10 llc-0b15 1 30 0 30 0
l1i_u30-10 llc-0b16 1 30 0 30 0
l1i_u30-10 llc-0b17 1 30 0 30 0
l1i_u30-10 llc-0b18 1 30 0 30 0
l1i_u30-10 llc-0b19 1 30 0 30 0
l1i_u30-10 llc-0b20 1 30 0 30 0
l1i_u30-10 llc-0b21 1 30 0 30 0
l1i_u30-10 llc-0b22 1 30 0 30 0
l1i_u30-10 llc-0b23 1 30 0 30 0
l1i_u30-10 llc-0b24 1 30 0 30 0
l1i_u30-10 llc-0b25 1 30 0 30 0
l1i_u30-10 llc-0b26 1 30 0 30 0
l1i_u30-10 llc-0b27 1 30 0 30 0
l1i_u30-10 llc-0b28 1 30 0 30 0
l1i_u30-10 llc-0b29 1 30 0 30 0
l1i_u30-10 llc-0b30 1 30 0 30 0
l1i_u30-10 llc-0b31 1 30 0 30 0
l1i_u30-11 llc-0b0 1 30 0 30 0
l1i_u30-11 llc-0b1 1 30 0 30 0
l1i_u30-11 llc-0b2 1 30 0 30 0
l1i_u30-11 llc-0b3 1 30 0 30 0
l1i_u30-11 llc-0b4 1 30 0 30 0
l1i_u30-11 llc-0b5 1 30 0 30 0
l1i_u30-11 llc-0b6 1 30 0 30 0
l1i_u30-11 llc-0b7 1 30 0 30 0
l1i_u30-11 llc-0b8 1 30 0 30 0
l1i_u30-11 llc-0b9 1 30 0 30 0
l1i_u30-11 llc-0b10 1 30 0 30 0
l1i_u30-11 llc-0b11 1 30 0 30 0
l1i_u30-11 llc-0b12 1 30 0 30 0
l1i_u30-11 llc-0b13 1 30 0 30 0
l1i_u30-11 llc-0b14 1 30 0 30 0
l1i_u30-11 llc-0b15 1 30 0 30 0
l1i_u30-11 llc-0b16 1 30 0 30 0
l1i_u30-11 llc-0b17 1 30 0 30 0
l1i_u30-11 llc-0b18 1 30 0 30 0
l1i_u30-11 llc-0b19 1 30 0 30 0
l1i_u30-11 llc-0b20 1 30 0 30 0
l1i_u30-11 llc-0b21 1 30 0 30 0
l1i_u30-11 llc-0b22 1 30 0 30 0
l1i_u30-11 llc-0b23 1 30 0 30 0
l1i_u30-11 llc-0b24 1 30 0 30 0
l1i_u30-11 llc-0b25 1 30 0 30 0
l1i_u30-11 llc-0b26 1 30 0 30 0
l1i_u30-11 llc-0b27 1 30 0 30 0
l1i_u30-11 llc-0b28 1 30 0 30 0
l1i_u30-11 llc-0b29 1 30 0 30 0
l1i_u30-11 llc-0b30 1 30 0 30 0
l1i_u30-11 llc-0b31 1 30 0 30 0
l1i_u30-12 llc-0b0 1 30 0 30 0
l1i_u30-12 llc-0b1 1 30 0 30 0
l1i_u30-12 llc-0b2 1 30 0 30 0
l1i_u30-12 llc-0b3 1 30 0 30 0
l1i_u30-12 llc-0b4 1 30 0 30 0
l1i_u30-12 llc-0b5 1 30 0 30 0
l1i_u30-12 llc-0b6 1 30 0 30 0
l1i_u30-12 llc-0b7 1 30 0 30 0
l1i_u30-12 llc-0b8 1 30 0 30 0
l1i_u30-12 llc-0b9 1 30 0 30 0
l1i_u30-12 llc-0b10 1 30 0 30 0
l1i_u30-12 llc-0b11 1 30 0 30 0
l1i_u30-12 llc-0b12 1 30 0 30 0
l1i_u30-12 llc-0b13 1 30 0 30 0
l1i_u30-12 llc-0b14 1 30 0 30 0
l1i_u30-12 llc-0b15 1 30 0 30 0
l1i_u30-12 llc-0b16 1 30 0 30 0
l1i_u30-12 llc-0b17 1 30 0 30 0
l1i_u30-12 llc-0b18 1 30 0 30 0
l1i_u30-12 llc-0b19 1 30 0 30 0
l1i_u30-12 llc-0b20 1 30 0 30 0
l1i_u30-12 llc-0b21 1 30 0 30 0
l1i_u30-12 llc-0b22 1 30 0 30 0
l1i_u30-12 llc-0b23 1 30 0 30 0
l1i_u30-12 llc-0b24 1 30 0 30 0
l1i_u30-12 llc-0b25 1 30 0 30 0
l1i_u30-12 llc-0b26 1 30 0 30 0
l1i_u30-12 llc-0b27 1 30 0 30 0
l1i_u30-12 llc-0b28 1 30 0 30 0
l1i_u30-12 llc-0b29 1 30 0 30 0
l1i_u30-12 llc-0b30 1 30 0 30 0
l1i_u30-12 llc-0b31 1 30 0 30 0
l1i_u30-13 llc-0b0 1 30 0 30 0
l1i_u30-13 llc-0b1 1 30 0 30 0
l1i_u30-13 llc-0b2 1 30 0 30 0
l1i_u30-13 llc-0b3 1 30 0 30 0
l1i_u30-13 llc-0b4 1 30 0 30 0
l1i_u30-13 llc-0b5 1 30 0 30 0
l1i_u30-13 llc-0b6 1 30 0 30 0
l1i_u30-13 llc-0b7 1 30 0 30 0
l1i_u30-13 llc-0b8 1 30 0 30 0
l1i_u30-13 llc-0b9 1 30 0 30 0
l1i_u30-13 llc-0b10 1 30 0 30 0
l1i_u30-13 llc-0b11 1 30 0 30 0
l1i_u30-13 llc-0b12 1 30 0 30 0
l1i_u30-13 llc-0b13 1 30 0 30 0
l1i_u30-13 llc-0b14 1 30 0 30 0
l1i_u30-13 llc-0b15 1 30 0 30 0
l1i_u30-13 llc-0b16 1 30 0 30 0
l1i_u30-13 llc-0b17 1 30 0 30 0
l1i_u30-13 llc-0b18 1 30 0 30 0
l1i_u30-13 llc-0b19 1 30 0 30 0
l1i_u30-13 llc-0b20 1 30 0 30 0
l1i_u30-13 llc-0b21 1 30 0 30 0
l1i_u30-13 llc-0b22 1 30 0 30 0
l1i_u30-13 llc-0b23 1 30 0 30 0
l1i_u30-13 llc-0b24 1 30 0 30 0
l1i_u30-13 llc-0b25 1 30 0 30 0
l1i_u30-13 llc-0b26 1 30 0 30 0
l1i_u30-13 llc-0b27 1 30 0 30 0
l1i_u30-13 llc-0b28 1 30 0 30 0
l1i_u30-13 llc-0b29 1 30 0 30 0
l1i_u30-13 llc-0b30 1 30 0 30 0
l1i_u30-13 llc-0b31 1 30 0 30 0
l1i_u30-14 llc-0b0 1 30 0 30 0
l1i_u30-14 llc-0b1 1 30 0 30 0
l1i_u30-14 llc-0b2 1 30 0 30 0
l1i_u30-14 llc-0b3 1 30 0 30 0
l1i_u30-14 llc-0b4 1 30 0 30 0
l1i_u30-14 llc-0b5 1 30 0 30 0
l1i_u30-14 llc-0b6 1 30 0 30 0
l1i_u30-14 llc-0b7 1 30 0 30 0
l1i_u30-14 llc-0b8 1 30 0 30 0
l1i_u30-14 llc-0b9 1 30 0 30 0
l1i_u30-14 llc-0b10 1 30 0 30 0
l1i_u30-14 llc-0b11 1 30 0 30 0
l1i_u30-14 llc-0b12 1 30 0 30 0
l1i_u30-14 llc-0b13 1 30 0 30 0
l1i_u30-14 llc-0b14 1 30 0 30 0
l1i_u30-14 llc-0b15 1 30 0 30 0
l1i_u30-14 llc-0b16 1 30 0 30 0
l1i_u30-14 llc-0b17 1 30 0 30 0
l1i_u30-14 llc-0b18 1 30 0 30 0
l1i_u30-14 llc-0b19 1 30 0 30 0
l1i_u30-14 llc-0b20 1 30 0 30 0
l1i_u30-14 llc-0b21 1 30 0 30 0
l1i_u30-14 llc-0b22 1 30 0 30 0
l1i_u30-14 llc-0b23 1 30 0 30 0
l1i_u30-14 llc-0b24 1 30 0 30 0
l1i_u30-14 llc-0b25 1 30 0 30 0
l1i_u30-14 llc-0b26 1 30 0 30 0
l1i_u30-14 llc-0b27 1 30 0 30 0
l1i_u30-14 llc-0b28 1 30 0 30 0
l1i_u30-14 llc-0b29 1 30 0 30 0
l1i_u30-14 llc-0b30 1 30 0 30 0
l1i_u30-14 llc-0b31 1 30 0 30 0
l1i_u30-15 llc-0b0 1 30 0 30 0
l1i_u30-15 llc-0b1 1 30 0 30 0
l1i_u30-15 llc-0b2 1 30 0 30 0
l1i_u30-15 llc-0b3 1 30 0 30 0
l1i_u30-15 llc-0b4 1 30 0 30 0
l1i_u30-15 llc-0b5 1 30 0 30 0
l1i_u30-15 llc-0b6 1 30 0 30 0
l1i_u30-15 llc-0b7 1 30 0 30 0
l1i_u30-15 llc-0b8 1 30 0 30 0
l1i_u30-15 llc-0b9 1 30 0 30 0
l1i_u30-15 llc-0b10 1 30 0 30 0
l1i_u30-15 llc-0b11 1 30 0 30 0
l1i_u30-15 llc-0b12 1 30 0 30 0
l1i_u30-15 llc-0b13 1 30 0 30 0
l1i_u30-15 llc-0b14 1 30 0 30 0
l1i_u30-15 llc-0b15 1 30 0 30 0
l1i_u30-15 llc-0b16 1 30 0 30 0
l1i_u30-15 llc-0b17 1 30 0 30 0
l1i_u30-15 llc-0b18 1 30 0 30 0
l1i_u30-15 llc-0b19 1 30 0 30 0
l1i_u30-15 llc-0b20 1 30 0 30 0
l1i_u30-15 llc-0b21 1 30 0 30 0
l1i_u30-15 llc-0b22 1 30 0 30 0
l1i_u30-15 llc-0b23 1 30 0 30 0
l1i_u30-15 llc-0b24 1 30 0 30 0
l1i_u30-15 llc-0b25 1 30 0 30 0
l1i_u30-15 llc-0b26 1 30 0 30 0
l1i_u30-15 llc-0b27 1 30 0 30 0
l1i_u30-15 llc-0b28 1 30 0 30 0
l1i_u30-15 llc-0b29 1 30 0 30 0
l1i_u30-15 llc-0b30 1 30 0 30 0
l1i_u30-15 llc-0b31 1 30 0 30 0
l1d_u30-0 llc-0b0 1 30 0 30 0
l1d_u30-0 llc-0b1 1 30 0 30 0
l1d_u30-0 llc-0b2 1 30 0 30 0
l1d_u30-0 llc-0b3 1 30 0 30 0
l1d_u30-0 llc-0b4 1 30 0 30 0
l1d_u30-0 llc-0b5 1 30 0 30 0
l1d_u30-0 llc-0b6 1 30 0 30 0
l1d_u30-0 llc-0b7 1 30 0 30 0
l1d_u30-0 llc-0b8 1 30 0 30 0
l1d_u30-0 llc-0b9 1 30 0 30 0
l1d_u30-0 llc-0b10 1 30 0 30 0
l1d_u30-0 llc-0b11 1 30 0 30 0
l1d_u30-0 llc-0b12 1 30 0 30 0
l1d_u30-0 llc-0b13 1 30 0 30 0
l1d_u30-0 llc-0b14 1 30 0 30 0
l1d_u30-0 llc-0b15 1 30 0 30 0
l1d_u30-0 llc-0b16 1 30 0 30 0
l1d_u30-0 llc-0b17 1 30 0 30 0
l1d_u30-0 llc-0b18 1 30 0 30 0
l1d_u30-0 llc-0b19 1 30 0 30 0
l1d_u30-0 llc-0b20 1 30 0 30 0
l1d_u30-0 llc-0b21 1 30 0 30 0
l1d_u30-0 llc-0b22 1 30 0 30 0
l1d_u30-0 llc-0b23 1 30 0 30 0
l1d_u30-0 llc-0b24 1 30 0 30 0
l1d_u30-0 llc-0b25 1 30 0 30 0
l1d_u30-0 llc-0b26 1 30 0 30 0
l1d_u30-0 llc-0b27 1 30 0 30 0
l1d_u30-0 llc-0b28 1 30 0 30 0
l1d_u30-0 llc-0b29 1 30 0 30 0
l1d_u30-0 llc-0b30 1 30 0 30 0
l1d_u30-0 llc-0b31 1 30 0 30 0
l1d_u30-1 llc-0b0 1 30 0 30 0
l1d_u30-1 llc-0b1 1 30 0 30 0
l1d_u30-1 llc-0b2 1 30 0 30 0
l1d_u30-1 llc-0b3 1 30 0 30 0
l1d_u30-1 llc-0b4 1 30 0 30 0
l1d_u30-1 llc-0b5 1 30 0 30 0
l1d_u30-1 llc-0b6 1 30 0 30 0
l1d_u30-1 llc-0b7 1 30 0 30 0
l1d_u30-1 llc-0b8 1 30 0 30 0
l1d_u30-1 llc-0b9 1 30 0 30 0
l1d_u30-1 llc-0b10 1 30 0 30 0
l1d_u30-1 llc-0b11 1 30 0 30 0
l1d_u30-1 llc-0b12 1 30 0 30 0
l1d_u30-1 llc-0b13 1 30 0 30 0
l1d_u30-1 llc-0b14 1 30 0 30 0
l1d_u30-1 llc-0b15 1 30 0 30 0
l1d_u30-1 llc-0b16 1 30 0 30 0
l1d_u30-1 llc-0b17 1 30 0 30 0
l1d_u30-1 llc-0b18 1 30 0 30 0
l1d_u30-1 llc-0b19 1 30 0 30 0
l1d_u30-1 llc-0b20 1 30 0 30 0
l1d_u30-1 llc-0b21 1 30 0 30 0
l1d_u30-1 llc-0b22 1 30 0 30 0
l1d_u30-1 llc-0b23 1 30 0 30 0
l1d_u30-1 llc-0b24 1 30 0 30 0
l1d_u30-1 llc-0b25 1 30 0 30 0
l1d_u30-1 llc-0b26 1 30 0 30 0
l1d_u30-1 llc-0b27 1 30 0 30 0
l1d_u30-1 llc-0b28 1 30 0 30 0
l1d_u30-1 llc-0b29 1 30 0 30 0
l1d_u30-1 llc-0b30 1 30 0 30 0
l1d_u30-1 llc-0b31 1 30 0 30 0
l1d_u30-2 llc-0b0 1 30 0 30 0
l1d_u30-2 llc-0b1 1 30 0 30 0
l1d_u30-2 llc-0b2 1 30 0 30 0
l1d_u30-2 llc-0b3 1 30 0 30 0
l1d_u30-2 llc-0b4 1 30 0 30 0
l1d_u30-2 llc-0b5 1 30 0 30 0
l1d_u30-2 llc-0b6 1 30 0 30 0
l1d_u30-2 llc-0b7 1 30 0 30 0
l1d_u30-2 llc-0b8 1 30 0 30 0
l1d_u30-2 llc-0b9 1 30 0 30 0
l1d_u30-2 llc-0b10 1 30 0 30 0
l1d_u30-2 llc-0b11 1 30 0 30 0
l1d_u30-2 llc-0b12 1 30 0 30 0
l1d_u30-2 llc-0b13 1 30 0 30 0
l1d_u30-2 llc-0b14 1 30 0 30 0
l1d_u30-2 llc-0b15 1 30 0 30 0
l1d_u30-2 llc-0b16 1 30 0 30 0
l1d_u30-2 llc-0b17 1 30 0 30 0
l1d_u30-2 llc-0b18 1 30 0 30 0
l1d_u30-2 llc-0b19 1 30 0 30 0
l1d_u30-2 llc-0b20 1 30 0 30 0
l1d_u30-2 llc-0b21 1 30 0 30 0
l1d_u30-2 llc-0b22 1 30 0 30 0
l1d_u30-2 llc-0b23 1 30 0 30 0
l1d_u30-2 llc-0b24 1 30 0 30 0
l1d_u30-2 llc-0b25 1 30 0 30 0
l1d_u30-2 llc-0b26 1 30 0 30 0
l1d_u30-2 llc-0b27 1 30 0 30 0
l1d_u30-2 llc-0b28 1 30 0 30 0
l1d_u30-2 llc-0b29 1 30 0 30 0
l1d_u30-2 llc-0b30 1 30 0 30 0
l1d_u30-2 llc-0b31 1 30 0 30 0
l1d_u30-3 llc-0b0 1 30 0 30 0
l1d_u30-3 llc-0b1 1 30 0 30 0
l1d_u30-3 llc-0b2 1 30 0 30 0
l1d_u30-3 llc-0b3 1 30 0 30 0
l1d_u30-3 llc-0b4 1 30 0 30 0
l1d_u30-3 llc-0b5 1 30 0 30 0
l1d_u30-3 llc-0b6 1 30 0 30 0
l1d_u30-3 llc-0b7 1 30 0 30 0
l1d_u30-3 llc-0b8 1 30 0 30 0
l1d_u30-3 llc-0b9 1 30 0 30 0
l1d_u30-3 llc-0b10 1 30 0 30 0
l1d_u30-3 llc-0b11 1 30 0 30 0
l1d_u30-3 llc-0b12 1 30 0 30 0
l1d_u30-3 llc-0b13 1 30 0 30 0
l1d_u30-3 llc-0b14 1 30 0 30 0
l1d_u30-3 llc-0b15 1 30 0 30 0
l1d_u30-3 llc-0b16 1 30 0 30 0
l1d_u30-3 llc-0b17 1 30 0 30 0
l1d_u30-3 llc-0b18 1 30 0 30 0
l1d_u30-3 llc-0b19 1 30 0 30 0
l1d_u30-3 llc-0b20 1 30 0 30 0
l1d_u30-3 llc-0b21 1 30 0 30 0
l1d_u30-3 llc-0b22 1 30 0 30 0
l1d_u30-3 llc-0b23 1 30 0 30 0
l1d_u30-3 llc-0b24 1 30 0 30 0
l1d_u30-3 llc-0b25 1 30 0 30 0
l1d_u30-3 llc-0b26 1 30 0 30 0
l1d_u30-3 llc-0b27 1 30 0 30 0
l1d_u30-3 llc-0b28 1 30 0 30 0
l1d_u30-3 llc-0b29 1 30 0 30 0
l1d_u30-3 llc-0b30 1 30 0 30 0
l1d_u30-3 llc-0b31 1 30 0 30 0
l1d_u30-4 llc-0b0 1 30 0 30 0
l1d_u30-4 llc-0b1 1 30 0 30 0
l1d_u30-4 llc-0b2 1 30 0 30 0
l1d_u30-4 llc-0b3 1 30 0 30 0
l1d_u30-4 llc-0b4 1 30 0 30 0
l1d_u30-4 llc-0b5 1 30 0 30 0
l1d_u30-4 llc-0b6 1 30 0 30 0
l1d_u30-4 llc-0b7 1 30 0 30 0
l1d_u30-4 llc-0b8 1 30 0 30 0
l1d_u30-4 llc-0b9 1 30 0 30 0
l1d_u30-4 llc-0b10 1 30 0 30 0
l1d_u30-4 llc-0b11 1 30 0 30 0
l1d_u30-4 llc-0b12 1 30 0 30 0
l1d_u30-4 llc-0b13 1 30 0 30 0
l1d_u30-4 llc-0b14 1 30 0 30 0
l1d_u30-4 llc-0b15 1 30 0 30 0
l1d_u30-4 llc-0b16 1 30 0 30 0
l1d_u30-4 llc-0b17 1 30 0 30 0
l1d_u30-4 llc-0b18 1 30 0 30 0
l1d_u30-4 llc-0b19 1 30 0 30 0
l1d_u30-4 llc-0b20 1 30 0 30 0
l1d_u30-4 llc-0b21 1 30 0 30 0
l1d_u30-4 llc-0b22 1 30 0 30 0
l1d_u30-4 llc-0b23 1 30 0 30 0
l1d_u30-4 llc-0b24 1 30 0 30 0
l1d_u30-4 llc-0b25 1 30 0 30 0
l1d_u30-4 llc-0b26 1 30 0 30 0
l1d_u30-4 llc-0b27 1 30 0 30 0
l1d_u30-4 llc-0b28 1 30 0 30 0
l1d_u30-4 llc-0b29 1 30 0 30 0
l1d_u30-4 llc-0b30 1 30 0 30 0
l1d_u30-4 llc-0b31 1 30 0 30 0
l1d_u30-5 llc-0b0 1 30 0 30 0
l1d_u30-5 llc-0b1 1 30 0 30 0
l1d_u30-5 llc-0b2 1 30 0 30 0
l1d_u30-5 llc-0b3 1 30 0 30 0
l1d_u30-5 llc-0b4 1 30 0 30 0
l1d_u30-5 llc-0b5 1 30 0 30 0
l1d_u30-5 llc-0b6 1 30 0 30 0
l1d_u30-5 llc-0b7 1 30 0 30 0
l1d_u30-5 llc-0b8 1 30 0 30 0
l1d_u30-5 llc-0b9 1 30 0 30 0
l1d_u30-5 llc-0b10 1 30 0 30 0
l1d_u30-5 llc-0b11 1 30 0 30 0
l1d_u30-5 llc-0b12 1 30 0 30 0
l1d_u30-5 llc-0b13 1 30 0 30 0
l1d_u30-5 llc-0b14 1 30 0 30 0
l1d_u30-5 llc-0b15 1 30 0 30 0
l1d_u30-5 llc-0b16 1 30 0 30 0
l1d_u30-5 llc-0b17 1 30 0 30 0
l1d_u30-5 llc-0b18 1 30 0 30 0
l1d_u30-5 llc-0b19 1 30 0 30 0
l1d_u30-5 llc-0b20 1 30 0 30 0
l1d_u30-5 llc-0b21 1 30 0 30 0
l1d_u30-5 llc-0b22 1 30 0 30 0
l1d_u30-5 llc-0b23 1 30 0 30 0
l1d_u30-5 llc-0b24 1 30 0 30 0
l1d_u30-5 llc-0b25 1 30 0 30 0
l1d_u30-5 llc-0b26 1 30 0 30 0
l1d_u30-5 llc-0b27 1 30 0 30 0
l1d_u30-5 llc-0b28 1 30 0 30 0
l1d_u30-5 llc-0b29 1 30 0 30 0
l1d_u30-5 llc-0b30 1 30 0 30 0
l1d_u30-5 llc-0b31 1 30 0 30 0
l1d_u30-6 llc-0b0 1 30 0 30 0
l1d_u30-6 llc-0b1 1 30 0 30 0
l1d_u30-6 llc-0b2 1 30 0 30 0
l1d_u30-6 llc-0b3 1 30 0 30 0
l1d_u30-6 llc-0b4 1 30 0 30 0
l1d_u30-6 llc-0b5 1 30 0 30 0
l1d_u30-6 llc-0b6 1 30 0 30 0
l1d_u30-6 llc-0b7 1 30 0 30 0
l1d_u30-6 llc-0b8 1 30 0 30 0
l1d_u30-6 llc-0b9 1 30 0 30 0
l1d_u30-6 llc-0b10 1 30 0 30 0
l1d_u30-6 llc-0b11 1 30 0 30 0
l1d_u30-6 llc-0b12 1 30 0 30 0
l1d_u30-6 llc-0b13 1 30 0 30 0
l1d_u30-6 llc-0b14 1 30 0 30 0
l1d_u30-6 llc-0b15 1 30 0 30 0
l1d_u30-6 llc-0b16 1 30 0 30 0
l1d_u30-6 llc-0b17 1 30 0 30 0
l1d_u30-6 llc-0b18 1 30 0 30 0
l1d_u30-6 llc-0b19 1 30 0 30 0
l1d_u30-6 llc-0b20 1 30 0 30 0
l1d_u30-6 llc-0b21 1 30 0 30 0
l1d_u30-6 llc-0b22 1 30 0 30 0
l1d_u30-6 llc-0b23 1 30 0 30 0
l1d_u30-6 llc-0b24 1 30 0 30 0
l1d_u30-6 llc-0b25 1 30 0 30 0
l1d_u30-6 llc-0b26 1 30 0 30 0
l1d_u30-6 llc-0b27 1 30 0 30 0
l1d_u30-6 llc-0b28 1 30 0 30 0
l1d_u30-6 llc-0b29 1 30 0 30 0
l1d_u30-6 llc-0b30 1 30 0 30 0
l1d_u30-6 llc-0b31 1 30 0 30 0
l1d_u30-7 llc-0b0 1 30 0 30 0
l1d_u30-7 llc-0b1 1 30 0 30 0
l1d_u30-7 llc-0b2 1 30 0 30 0
l1d_u30-7 llc-0b3 1 30 0 30 0
l1d_u30-7 llc-0b4 1 30 0 30 0
l1d_u30-7 llc-0b5 1 30 0 30 0
l1d_u30-7 llc-0b6 1 30 0 30 0
l1d_u30-7 llc-0b7 1 30 0 30 0
l1d_u30-7 llc-0b8 1 30 0 30 0
l1d_u30-7 llc-0b9 1 30 0 30 0
l1d_u30-7 llc-0b10 1 30 0 30 0
l1d_u30-7 llc-0b11 1 30 0 30 0
l1d_u30-7 llc-0b12 1 30 0 30 0
l1d_u30-7 llc-0b13 1 30 0 30 0
l1d_u30-7 llc-0b14 1 30 0 30 0
l1d_u30-7 llc-0b15 1 30 0 30 0
l1d_u30-7 llc-0b16 1 30 0 30 0
l1d_u30-7 llc-0b17 1 30 0 30 0
l1d_u30-7 llc-0b18 1 30 0 30 0
l1d_u30-7 llc-0b19 1 30 0 30 0
l1d_u30-7 llc-0b20 1 30 0 30 0
l1d_u30-7 llc-0b21 1 30 0 30 0
l1d_u30-7 llc-0b22 1 30 0 30 0
l1d_u30-7 llc-0b23 1 30 0 30 0
l1d_u30-7 llc-0b24 1 30 0 30 0
l1d_u30-7 llc-0b25 1 30 0 30 0
l1d_u30-7 llc-0b26 1 30 0 30 0
l1d_u30-7 llc-0b27 1 30 0 30 0
l1d_u30-7 llc-0b28 1 30 0 30 0
l1d_u30-7 llc-0b29 1 30 0 30 0
l1d_u30-7 llc-0b30 1 30 0 30 0
l1d_u30-7 llc-0b31 1 30 0 30 0
l1d_u30-8 llc-0b0 1 30 0 30 0
l1d_u30-8 llc-0b1 1 30 0 30 0
l1d_u30-8 llc-0b2 1 30 0 30 0
l1d_u30-8 llc-0b3 1 30 0 30 0
l1d_u30-8 llc-0b4 1 30 0 30 0
l1d_u30-8 llc-0b5 1 30 0 30 0
l1d_u30-8 llc-0b6 1 30 0 30 0
l1d_u30-8 llc-0b7 1 30 0 30 0
l1d_u30-8 llc-0b8 1 30 0 30 0
l1d_u30-8 llc-0b9 1 30 0 30 0
l1d_u30-8 llc-0b10 1 30 0 30 0
l1d_u30-8 llc-0b11 1 30 0 30 0
l1d_u30-8 llc-0b12 1 30 0 30 0
l1d_u30-8 llc-0b13 1 30 0 30 0
l1d_u30-8 llc-0b14 1 30 0 30 0
l1d_u30-8 llc-0b15 1 30 0 30 0
l1d_u30-8 llc-0b16 1 30 0 30 0
l1d_u30-8 llc-0b17 1 30 0 30 0
l1d_u30-8 llc-0b18 1 30 0 30 0
l1d_u30-8 llc-0b19 1 30 0 30 0
l1d_u30-8 llc-0b20 1 30 0 30 0
l1d_u30-8 llc-0b21 1 30 0 30 0
l1d_u30-8 llc-0b22 1 30 0 30 0
l1d_u30-8 llc-0b23 1 30 0 30 0
l1d_u30-8 llc-0b24 1 30 0 30 0
l1d_u30-8 llc-0b25 1 30 0 30 0
l1d_u30-8 llc-0b26 1 30 0 30 0
l1d_u30-8 llc-0b27 1 30 0 30 0
l1d_u30-8 llc-0b28 1 30 0 30 0
l1d_u30-8 llc-0b29 1 30 0 30 0
l1d_u30-8 llc-0b30 1 30 0 30 0
l1d_u30-8 llc-0b31 1 30 0 30 0
l1d_u30-9 llc-0b0 1 30 0 30 0
l1d_u30-9 llc-0b1 1 30 0 30 0
l1d_u30-9 llc-0b2 1 30 0 30 0
l1d_u30-9 llc-0b3 1 30 0 30 0
l1d_u30-9 llc-0b4 1 30 0 30 0
l1d_u30-9 llc-0b5 1 30 0 30 0
l1d_u30-9 llc-0b6 1 30 0 30 0
l1d_u30-9 llc-0b7 1 30 0 30 0
l1d_u30-9 llc-0b8 1 30 0 30 0
l1d_u30-9 llc-0b9 1 30 0 30 0
l1d_u30-9 llc-0b10 1 30 0 30 0
l1d_u30-9 llc-0b11 1 30 0 30 0
l1d_u30-9 llc-0b12 1 30 0 30 0
l1d_u30-9 llc-0b13 1 30 0 30 0
l1d_u30-9 llc-0b14 1 30 0 30 0
l1d_u30-9 llc-0b15 1 30 0 30 0
l1d_u30-9 llc-0b16 1 30 0 30 0
l1d_u30-9 llc-0b17 1 30 0 30 0
l1d_u30-9 llc-0b18 1 30 0 30 0
l1d_u30-9 llc-0b19 1 30 0 30 0
l1d_u30-9 llc-0b20 1 30 0 30 0
l1d_u30-9 llc-0b21 1 30 0 30 0
l1d_u30-9 llc-0b22 1 30 0 30 0
l1d_u30-9 llc-0b23 1 30 0 30 0
l1d_u30-9 llc-0b24 1 30 0 30 0
l1d_u30-9 llc-0b25 1 30 0 30 0
l1d_u30-9 llc-0b26 1 30 0 30 0
l1d_u30-9 llc-0b27 1 30 0 30 0
l1d_u30-9 llc-0b28 1 30 0 30 0
l1d_u30-9 llc-0b29 1 30 0 30 0
l1d_u30-9 llc-0b30 1 30 0 30 0
l1d_u30-9 llc-0b31 1 30 0 30 0
l1d_u30-10 llc-0b0 1 30 0 30 0
l1d_u30-10 llc-0b1 1 30 0 30 0
l1d_u30-10 llc-0b2 1 30 0 30 0
l1d_u30-10 llc-0b3 1 30 0 30 0
l1d_u30-10 llc-0b4 1 30 0 30 0
l1d_u30-10 llc-0b5 1 30 0 30 0
l1d_u30-10 llc-0b6 1 30 0 30 0
l1d_u30-10 llc-0b7 1 30 0 30 0
l1d_u30-10 llc-0b8 1 30 0 30 0
l1d_u30-10 llc-0b9 1 30 0 30 0
l1d_u30-10 llc-0b10 1 30 0 30 0
l1d_u30-10 llc-0b11 1 30 0 30 0
l1d_u30-10 llc-0b12 1 30 0 30 0
l1d_u30-10 llc-0b13 1 30 0 30 0
l1d_u30-10 llc-0b14 1 30 0 30 0
l1d_u30-10 llc-0b15 1 30 0 30 0
l1d_u30-10 llc-0b16 1 30 0 30 0
l1d_u30-10 llc-0b17 1 30 0 30 0
l1d_u30-10 llc-0b18 1 30 0 30 0
l1d_u30-10 llc-0b19 1 30 0 30 0
l1d_u30-10 llc-0b20 1 30 0 30 0
l1d_u30-10 llc-0b21 1 30 0 30 0
l1d_u30-10 llc-0b22 1 30 0 30 0
l1d_u30-10 llc-0b23 1 30 0 30 0
l1d_u30-10 llc-0b24 1 30 0 30 0
l1d_u30-10 llc-0b25 1 30 0 30 0
l1d_u30-10 llc-0b26 1 30 0 30 0
l1d_u30-10 llc-0b27 1 30 0 30 0
l1d_u30-10 llc-0b28 1 30 0 30 0
l1d_u30-10 llc-0b29 1 30 0 30 0
l1d_u30-10 llc-0b30 1 30 0 30 0
l1d_u30-10 llc-0b31 1 30 0 30 0
l1d_u30-11 llc-0b0 1 30 0 30 0
l1d_u30-11 llc-0b1 1 30 0 30 0
l1d_u30-11 llc-0b2 1 30 0 30 0
l1d_u30-11 llc-0b3 1 30 0 30 0
l1d_u30-11 llc-0b4 1 30 0 30 0
l1d_u30-11 llc-0b5 1 30 0 30 0
l1d_u30-11 llc-0b6 1 30 0 30 0
l1d_u30-11 llc-0b7 1 30 0 30 0
l1d_u30-11 llc-0b8 1 30 0 30 0
l1d_u30-11 llc-0b9 1 30 0 30 0
l1d_u30-11 llc-0b10 1 30 0 30 0
l1d_u30-11 llc-0b11 1 30 0 30 0
l1d_u30-11 llc-0b12 1 30 0 30 0
l1d_u30-11 llc-0b13 1 30 0 30 0
l1d_u30-11 llc-0b14 1 30 0 30 0
l1d_u30-11 llc-0b15 1 30 0 30 0
l1d_u30-11 llc-0b16 1 30 0 30 0
l1d_u30-11 llc-0b17 1 30 0 30 0
l1d_u30-11 llc-0b18 1 30 0 30 0
l1d_u30-11 llc-0b19 1 30 0 30 0
l1d_u30-11 llc-0b20 1 30 0 30 0
l1d_u30-11 llc-0b21 1 30 0 30 0
l1d_u30-11 llc-0b22 1 30 0 30 0
l1d_u30-11 llc-0b23 1 30 0 30 0
l1d_u30-11 llc-0b24 1 30 0 30 0
l1d_u30-11 llc-0b25 1 30 0 30 0
l1d_u30-11 llc-0b26 1 30 0 30 0
l1d_u30-11 llc-0b27 1 30 0 30 0
l1d_u30-11 llc-0b28 1 30 0 30 0
l1d_u30-11 llc-0b29 1 30 0 30 0
l1d_u30-11 llc-0b30 1 30 0 30 0
l1d_u30-11 llc-0b31 1 30 0 30 0
l1d_u30-12 llc-0b0 1 30 0 30 0
l1d_u30-12 llc-0b1 1 30 0 30 0
l1d_u30-12 llc-0b2 1 30 0 30 0
l1d_u30-12 llc-0b3 1 30 0 30 0
l1d_u30-12 llc-0b4 1 30 0 30 0
l1d_u30-12 llc-0b5 1 30 0 30 0
l1d_u30-12 llc-0b6 1 30 0 30 0
l1d_u30-12 llc-0b7 1 30 0 30 0
l1d_u30-12 llc-0b8 1 30 0 30 0
l1d_u30-12 llc-0b9 1 30 0 30 0
l1d_u30-12 llc-0b10 1 30 0 30 0
l1d_u30-12 llc-0b11 1 30 0 30 0
l1d_u30-12 llc-0b12 1 30 0 30 0
l1d_u30-12 llc-0b13 1 30 0 30 0
l1d_u30-12 llc-0b14 1 30 0 30 0
l1d_u30-12 llc-0b15 1 30 0 30 0
l1d_u30-12 llc-0b16 1 30 0 30 0
l1d_u30-12 llc-0b17 1 30 0 30 0
l1d_u30-12 llc-0b18 1 30 0 30 0
l1d_u30-12 llc-0b19 1 30 0 30 0
l1d_u30-12 llc-0b20 1 30 0 30 0
l1d_u30-12 llc-0b21 1 30 0 30 0
l1d_u30-12 llc-0b22 1 30 0 30 0
l1d_u30-12 llc-0b23 1 30 0 30 0
l1d_u30-12 llc-0b24 1 30 0 30 0
l1d_u30-12 llc-0b25 1 30 0 30 0
l1d_u30-12 llc-0b26 1 30 0 30 0
l1d_u30-12 llc-0b27 1 30 0 30 0
l1d_u30-12 llc-0b28 1 30 0 30 0
l1d_u30-12 llc-0b29 1 30 0 30 0
l1d_u30-12 llc-0b30 1 30 0 30 0
l1d_u30-12 llc-0b31 1 30 0 30 0
l1d_u30-13 llc-0b0 1 30 0 30 0
l1d_u30-13 llc-0b1 1 30 0 30 0
l1d_u30-13 llc-0b2 1 30 0 30 0
l1d_u30-13 llc-0b3 1 30 0 30 0
l1d_u30-13 llc-0b4 1 30 0 30 0
l1d_u30-13 llc-0b5 1 30 0 30 0
l1d_u30-13 llc-0b6 1 30 0 30 0
l1d_u30-13 llc-0b7 1 30 0 30 0
l1d_u30-13 llc-0b8 1 30 0 30 0
l1d_u30-13 llc-0b9 1 30 0 30 0
l1d_u30-13 llc-0b10 1 30 0 30 0
l1d_u30-13 llc-0b11 1 30 0 30 0
l1d_u30-13 llc-0b12 1 30 0 30 0
l1d_u30-13 llc-0b13 1 30 0 30 0
l1d_u30-13 llc-0b14 1 30 0 30 0
l1d_u30-13 llc-0b15 1 30 0 30 0
l1d_u30-13 llc-0b16 1 30 0 30 0
l1d_u30-13 llc-0b17 1 30 0 30 0
l1d_u30-13 llc-0b18 1 30 0 30 0
l1d_u30-13 llc-0b19 1 30 0 30 0
l1d_u30-13 llc-0b20 1 30 0 30 0
l1d_u30-13 llc-0b21 1 30 0 30 0
l1d_u30-13 llc-0b22 1 30 0 30 0
l1d_u30-13 llc-0b23 1 30 0 30 0
l1d_u30-13 llc-0b24 1 30 0 30 0
l1d_u30-13 llc-0b25 1 30 0 30 0
l1d_u30-13 llc-0b26 1 30 0 30 0
l1d_u30-13 llc-0b27 1 30 0 30 0
l1d_u30-13 llc-0b28 1 30 0 30 0
l1d_u30-13 llc-0b29 1 30 0 30 0
l1d_u30-13 llc-0b30 1 30 0 30 0
l1d_u30-13 llc-0b31 1 30 0 30 0
l1d_u30-14 llc-0b0 1 30 0 30 0
l1d_u30-14 llc-0b1 1 30 0 30 0
l1d_u30-14 llc-0b2 1 30 0 30 0
l1d_u30-14 llc-0b3 1 30 0 30 0
l1d_u30-14 llc-0b4 1 30 0 30 0
l1d_u30-14 llc-0b5 1 30 0 30 0
l1d_u30-14 llc-0b6 1 30 0 30 0
l1d_u30-14 llc-0b7 1 30 0 30 0
l1d_u30-14 llc-0b8 1 30 0 30 0
l1d_u30-14 llc-0b9 1 30 0 30 0
l1d_u30-14 llc-0b10 1 30 0 30 0
l1d_u30-14 llc-0b11 1 30 0 30 0
l1d_u30-14 llc-0b12 1 30 0 30 0
l1d_u30-14 llc-0b13 1 30 0 30 0
l1d_u30-14 llc-0b14 1 30 0 30 0
l1d_u30-14 llc-0b15 1 30 0 30 0
l1d_u30-14 llc-0b16 1 30 0 30 0
l1d_u30-14 llc-0b17 1 30 0 30 0
l1d_u30-14 llc-0b18 1 30 0 30 0
l1d_u30-14 llc-0b19 1 30 0 30 0
l1d_u30-14 llc-0b20 1 30 0 30 0
l1d_u30-14 llc-0b21 1 30 0 30 0
l1d_u30-14 llc-0b22 1 30 0 30 0
l1d_u30-14 llc-0b23 1 30 0 30 0
l1d_u30-14 llc-0b24 1 30 0 30 0
l1d_u30-14 llc-0b25 1 30 0 30 0
l1d_u30-14 llc-0b26 1 30 0 30 0
l1d_u30-14 llc-0b27 1 30 0 30 0
l1d_u30-14 llc-0b28 1 30 0 30 0
l1d_u30-14 llc-0b29 1 30 0 30 0
l1d_u30-14 llc-0b30 1 30 0 30 0
l1d_u30-14 llc-0b31 1 30 0 30 0
l1d_u30-15 llc-0b0 1 30 0 30 0
l1d_u30-15 llc-0b1 1 30 0 30 0
l1d_u30-15 llc-0b2 1 30 0 30 0
l1d_u30-15 llc-0b3 1 30 0 30 0
l1d_u30-15 llc-0b4 1 30 0 30 0
l1d_u30-15 llc-0b5 1 30 0 30 0
l1d_u30-15 llc-0b6 1 30 0 30 0
l1d_u30-15 llc-0b7 1 30 0 30 0
l1d_u30-15 llc-0b8 1 30 0 30 0
l1d_u30-15 llc-0b9 1 30 0 30 0
l1d_u30-15 llc-0b10 1 30 0 30 0
l1d_u30-15 llc-0b11 1 30 0 30 0
l1d_u30-15 llc-0b12 1 30 0 30 0
l1d_u30-15 llc-0b13 1 30 0 30 0
l1d_u30-15 llc-0b14 1 30 0 30 0
l1d_u30-15 llc-0b15 1 30 0 30 0
l1d_u30-15 llc-0b16 1 30 0 30 0
l1d_u30-15 llc-0b17 1 30 0 30 0
l1d_u30-15 llc-0b18 1 30 0 30 0
l1d_u30-15 llc-0b19 1 30 0 30 0
l1d_u30-15 llc-0b20 1 30 0 30 0
l1d_u30-15 llc-0b21 1 30 0 30 0
l1d_u30-15 llc-0b22 1 30 0 30 0
l1d_u30-15 llc-0b23 1 30 0 30 0
l1d_u30-15 llc-0b24 1 30 0 30 0
l1d_u30-15 llc-0b25 1 30 0 30 0
l1d_u30-15 llc-0b26 1 30 0 30 0
l1d_u30-15 llc-0b27 1 30 0 30 0
l1d_u30-15 llc-0b28 1 30 0 30 0
l1d_u30-15 llc-0b29 1 30 0 30 0
l1d_u30-15 llc-0b30 1 30 0 30 0
l1d_u30-15 llc-0b31 1 30 0 30 0
l1i_u31-0 llc-0b0 1 31 0 31 0
l1i_u31-0 llc-0b1 1 31 0 31 0
l1i_u31-0 llc-0b2 1 31 0 31 0
l1i_u31-0 llc-0b3 1 31 0 31 0
l1i_u31-0 llc-0b4 1 31 0 31 0
l1i_u31-0 llc-0b5 1 31 0 31 0
l1i_u31-0 llc-0b6 1 31 0 31 0
l1i_u31-0 llc-0b7 1 31 0 31 0
l1i_u31-0 llc-0b8 1 31 0 31 0
l1i_u31-0 llc-0b9 1 31 0 31 0
l1i_u31-0 llc-0b10 1 31 0 31 0
l1i_u31-0 llc-0b11 1 31 0 31 0
l1i_u31-0 llc-0b12 1 31 0 31 0
l1i_u31-0 llc-0b13 1 31 0 31 0
l1i_u31-0 llc-0b14 1 31 0 31 0
l1i_u31-0 llc-0b15 1 31 0 31 0
l1i_u31-0 llc-0b16 1 31 0 31 0
l1i_u31-0 llc-0b17 1 31 0 31 0
l1i_u31-0 llc-0b18 1 31 0 31 0
l1i_u31-0 llc-0b19 1 31 0 31 0
l1i_u31-0 llc-0b20 1 31 0 31 0
l1i_u31-0 llc-0b21 1 31 0 31 0
l1i_u31-0 llc-0b22 1 31 0 31 0
l1i_u31-0 llc-0b23 1 31 0 31 0
l1i_u31-0 llc-0b24 1 31 0 31 0
l1i_u31-0 llc-0b25 1 31 0 31 0
l1i_u31-0 llc-0b26 1 31 0 31 0
l1i_u31-0 llc-0b27 1 31 0 31 0
l1i_u31-0 llc-0b28 1 31 0 31 0
l1i_u31-0 llc-0b29 1 31 0 31 0
l1i_u31-0 llc-0b30 1 31 0 31 0
l1i_u31-0 llc-0b31 1 31 0 31 0
l1i_u31-1 llc-0b0 1 31 0 31 0
l1i_u31-1 llc-0b1 1 31 0 31 0
l1i_u31-1 llc-0b2 1 31 0 31 0
l1i_u31-1 llc-0b3 1 31 0 31 0
l1i_u31-1 llc-0b4 1 31 0 31 0
l1i_u31-1 llc-0b5 1 31 0 31 0
l1i_u31-1 llc-0b6 1 31 0 31 0
l1i_u31-1 llc-0b7 1 31 0 31 0
l1i_u31-1 llc-0b8 1 31 0 31 0
l1i_u31-1 llc-0b9 1 31 0 31 0
l1i_u31-1 llc-0b10 1 31 0 31 0
l1i_u31-1 llc-0b11 1 31 0 31 0
l1i_u31-1 llc-0b12 1 31 0 31 0
l1i_u31-1 llc-0b13 1 31 0 31 0
l1i_u31-1 llc-0b14 1 31 0 31 0
l1i_u31-1 llc-0b15 1 31 0 31 0
l1i_u31-1 llc-0b16 1 31 0 31 0
l1i_u31-1 llc-0b17 1 31 0 31 0
l1i_u31-1 llc-0b18 1 31 0 31 0
l1i_u31-1 llc-0b19 1 31 0 31 0
l1i_u31-1 llc-0b20 1 31 0 31 0
l1i_u31-1 llc-0b21 1 31 0 31 0
l1i_u31-1 llc-0b22 1 31 0 31 0
l1i_u31-1 llc-0b23 1 31 0 31 0
l1i_u31-1 llc-0b24 1 31 0 31 0
l1i_u31-1 llc-0b25 1 31 0 31 0
l1i_u31-1 llc-0b26 1 31 0 31 0
l1i_u31-1 llc-0b27 1 31 0 31 0
l1i_u31-1 llc-0b28 1 31 0 31 0
l1i_u31-1 llc-0b29 1 31 0 31 0
l1i_u31-1 llc-0b30 1 31 0 31 0
l1i_u31-1 llc-0b31 1 31 0 31 0
l1i_u31-2 llc-0b0 1 31 0 31 0
l1i_u31-2 llc-0b1 1 31 0 31 0
l1i_u31-2 llc-0b2 1 31 0 31 0
l1i_u31-2 llc-0b3 1 31 0 31 0
l1i_u31-2 llc-0b4 1 31 0 31 0
l1i_u31-2 llc-0b5 1 31 0 31 0
l1i_u31-2 llc-0b6 1 31 0 31 0
l1i_u31-2 llc-0b7 1 31 0 31 0
l1i_u31-2 llc-0b8 1 31 0 31 0
l1i_u31-2 llc-0b9 1 31 0 31 0
l1i_u31-2 llc-0b10 1 31 0 31 0
l1i_u31-2 llc-0b11 1 31 0 31 0
l1i_u31-2 llc-0b12 1 31 0 31 0
l1i_u31-2 llc-0b13 1 31 0 31 0
l1i_u31-2 llc-0b14 1 31 0 31 0
l1i_u31-2 llc-0b15 1 31 0 31 0
l1i_u31-2 llc-0b16 1 31 0 31 0
l1i_u31-2 llc-0b17 1 31 0 31 0
l1i_u31-2 llc-0b18 1 31 0 31 0
l1i_u31-2 llc-0b19 1 31 0 31 0
l1i_u31-2 llc-0b20 1 31 0 31 0
l1i_u31-2 llc-0b21 1 31 0 31 0
l1i_u31-2 llc-0b22 1 31 0 31 0
l1i_u31-2 llc-0b23 1 31 0 31 0
l1i_u31-2 llc-0b24 1 31 0 31 0
l1i_u31-2 llc-0b25 1 31 0 31 0
l1i_u31-2 llc-0b26 1 31 0 31 0
l1i_u31-2 llc-0b27 1 31 0 31 0
l1i_u31-2 llc-0b28 1 31 0 31 0
l1i_u31-2 llc-0b29 1 31 0 31 0
l1i_u31-2 llc-0b30 1 31 0 31 0
l1i_u31-2 llc-0b31 1 31 0 31 0
l1i_u31-3 llc-0b0 1 31 0 31 0
l1i_u31-3 llc-0b1 1 31 0 31 0
l1i_u31-3 llc-0b2 1 31 0 31 0
l1i_u31-3 llc-0b3 1 31 0 31 0
l1i_u31-3 llc-0b4 1 31 0 31 0
l1i_u31-3 llc-0b5 1 31 0 31 0
l1i_u31-3 llc-0b6 1 31 0 31 0
l1i_u31-3 llc-0b7 1 31 0 31 0
l1i_u31-3 llc-0b8 1 31 0 31 0
l1i_u31-3 llc-0b9 1 31 0 31 0
l1i_u31-3 llc-0b10 1 31 0 31 0
l1i_u31-3 llc-0b11 1 31 0 31 0
l1i_u31-3 llc-0b12 1 31 0 31 0
l1i_u31-3 llc-0b13 1 31 0 31 0
l1i_u31-3 llc-0b14 1 31 0 31 0
l1i_u31-3 llc-0b15 1 31 0 31 0
l1i_u31-3 llc-0b16 1 31 0 31 0
l1i_u31-3 llc-0b17 1 31 0 31 0
l1i_u31-3 llc-0b18 1 31 0 31 0
l1i_u31-3 llc-0b19 1 31 0 31 0
l1i_u31-3 llc-0b20 1 31 0 31 0
l1i_u31-3 llc-0b21 1 31 0 31 0
l1i_u31-3 llc-0b22 1 31 0 31 0
l1i_u31-3 llc-0b23 1 31 0 31 0
l1i_u31-3 llc-0b24 1 31 0 31 0
l1i_u31-3 llc-0b25 1 31 0 31 0
l1i_u31-3 llc-0b26 1 31 0 31 0
l1i_u31-3 llc-0b27 1 31 0 31 0
l1i_u31-3 llc-0b28 1 31 0 31 0
l1i_u31-3 llc-0b29 1 31 0 31 0
l1i_u31-3 llc-0b30 1 31 0 31 0
l1i_u31-3 llc-0b31 1 31 0 31 0
l1i_u31-4 llc-0b0 1 31 0 31 0
l1i_u31-4 llc-0b1 1 31 0 31 0
l1i_u31-4 llc-0b2 1 31 0 31 0
l1i_u31-4 llc-0b3 1 31 0 31 0
l1i_u31-4 llc-0b4 1 31 0 31 0
l1i_u31-4 llc-0b5 1 31 0 31 0
l1i_u31-4 llc-0b6 1 31 0 31 0
l1i_u31-4 llc-0b7 1 31 0 31 0
l1i_u31-4 llc-0b8 1 31 0 31 0
l1i_u31-4 llc-0b9 1 31 0 31 0
l1i_u31-4 llc-0b10 1 31 0 31 0
l1i_u31-4 llc-0b11 1 31 0 31 0
l1i_u31-4 llc-0b12 1 31 0 31 0
l1i_u31-4 llc-0b13 1 31 0 31 0
l1i_u31-4 llc-0b14 1 31 0 31 0
l1i_u31-4 llc-0b15 1 31 0 31 0
l1i_u31-4 llc-0b16 1 31 0 31 0
l1i_u31-4 llc-0b17 1 31 0 31 0
l1i_u31-4 llc-0b18 1 31 0 31 0
l1i_u31-4 llc-0b19 1 31 0 31 0
l1i_u31-4 llc-0b20 1 31 0 31 0
l1i_u31-4 llc-0b21 1 31 0 31 0
l1i_u31-4 llc-0b22 1 31 0 31 0
l1i_u31-4 llc-0b23 1 31 0 31 0
l1i_u31-4 llc-0b24 1 31 0 31 0
l1i_u31-4 llc-0b25 1 31 0 31 0
l1i_u31-4 llc-0b26 1 31 0 31 0
l1i_u31-4 llc-0b27 1 31 0 31 0
l1i_u31-4 llc-0b28 1 31 0 31 0
l1i_u31-4 llc-0b29 1 31 0 31 0
l1i_u31-4 llc-0b30 1 31 0 31 0
l1i_u31-4 llc-0b31 1 31 0 31 0
l1i_u31-5 llc-0b0 1 31 0 31 0
l1i_u31-5 llc-0b1 1 31 0 31 0
l1i_u31-5 llc-0b2 1 31 0 31 0
l1i_u31-5 llc-0b3 1 31 0 31 0
l1i_u31-5 llc-0b4 1 31 0 31 0
l1i_u31-5 llc-0b5 1 31 0 31 0
l1i_u31-5 llc-0b6 1 31 0 31 0
l1i_u31-5 llc-0b7 1 31 0 31 0
l1i_u31-5 llc-0b8 1 31 0 31 0
l1i_u31-5 llc-0b9 1 31 0 31 0
l1i_u31-5 llc-0b10 1 31 0 31 0
l1i_u31-5 llc-0b11 1 31 0 31 0
l1i_u31-5 llc-0b12 1 31 0 31 0
l1i_u31-5 llc-0b13 1 31 0 31 0
l1i_u31-5 llc-0b14 1 31 0 31 0
l1i_u31-5 llc-0b15 1 31 0 31 0
l1i_u31-5 llc-0b16 1 31 0 31 0
l1i_u31-5 llc-0b17 1 31 0 31 0
l1i_u31-5 llc-0b18 1 31 0 31 0
l1i_u31-5 llc-0b19 1 31 0 31 0
l1i_u31-5 llc-0b20 1 31 0 31 0
l1i_u31-5 llc-0b21 1 31 0 31 0
l1i_u31-5 llc-0b22 1 31 0 31 0
l1i_u31-5 llc-0b23 1 31 0 31 0
l1i_u31-5 llc-0b24 1 31 0 31 0
l1i_u31-5 llc-0b25 1 31 0 31 0
l1i_u31-5 llc-0b26 1 31 0 31 0
l1i_u31-5 llc-0b27 1 31 0 31 0
l1i_u31-5 llc-0b28 1 31 0 31 0
l1i_u31-5 llc-0b29 1 31 0 31 0
l1i_u31-5 llc-0b30 1 31 0 31 0
l1i_u31-5 llc-0b31 1 31 0 31 0
l1i_u31-6 llc-0b0 1 31 0 31 0
l1i_u31-6 llc-0b1 1 31 0 31 0
l1i_u31-6 llc-0b2 1 31 0 31 0
l1i_u31-6 llc-0b3 1 31 0 31 0
l1i_u31-6 llc-0b4 1 31 0 31 0
l1i_u31-6 llc-0b5 1 31 0 31 0
l1i_u31-6 llc-0b6 1 31 0 31 0
l1i_u31-6 llc-0b7 1 31 0 31 0
l1i_u31-6 llc-0b8 1 31 0 31 0
l1i_u31-6 llc-0b9 1 31 0 31 0
l1i_u31-6 llc-0b10 1 31 0 31 0
l1i_u31-6 llc-0b11 1 31 0 31 0
l1i_u31-6 llc-0b12 1 31 0 31 0
l1i_u31-6 llc-0b13 1 31 0 31 0
l1i_u31-6 llc-0b14 1 31 0 31 0
l1i_u31-6 llc-0b15 1 31 0 31 0
l1i_u31-6 llc-0b16 1 31 0 31 0
l1i_u31-6 llc-0b17 1 31 0 31 0
l1i_u31-6 llc-0b18 1 31 0 31 0
l1i_u31-6 llc-0b19 1 31 0 31 0
l1i_u31-6 llc-0b20 1 31 0 31 0
l1i_u31-6 llc-0b21 1 31 0 31 0
l1i_u31-6 llc-0b22 1 31 0 31 0
l1i_u31-6 llc-0b23 1 31 0 31 0
l1i_u31-6 llc-0b24 1 31 0 31 0
l1i_u31-6 llc-0b25 1 31 0 31 0
l1i_u31-6 llc-0b26 1 31 0 31 0
l1i_u31-6 llc-0b27 1 31 0 31 0
l1i_u31-6 llc-0b28 1 31 0 31 0
l1i_u31-6 llc-0b29 1 31 0 31 0
l1i_u31-6 llc-0b30 1 31 0 31 0
l1i_u31-6 llc-0b31 1 31 0 31 0
l1i_u31-7 llc-0b0 1 31 0 31 0
l1i_u31-7 llc-0b1 1 31 0 31 0
l1i_u31-7 llc-0b2 1 31 0 31 0
l1i_u31-7 llc-0b3 1 31 0 31 0
l1i_u31-7 llc-0b4 1 31 0 31 0
l1i_u31-7 llc-0b5 1 31 0 31 0
l1i_u31-7 llc-0b6 1 31 0 31 0
l1i_u31-7 llc-0b7 1 31 0 31 0
l1i_u31-7 llc-0b8 1 31 0 31 0
l1i_u31-7 llc-0b9 1 31 0 31 0
l1i_u31-7 llc-0b10 1 31 0 31 0
l1i_u31-7 llc-0b11 1 31 0 31 0
l1i_u31-7 llc-0b12 1 31 0 31 0
l1i_u31-7 llc-0b13 1 31 0 31 0
l1i_u31-7 llc-0b14 1 31 0 31 0
l1i_u31-7 llc-0b15 1 31 0 31 0
l1i_u31-7 llc-0b16 1 31 0 31 0
l1i_u31-7 llc-0b17 1 31 0 31 0
l1i_u31-7 llc-0b18 1 31 0 31 0
l1i_u31-7 llc-0b19 1 31 0 31 0
l1i_u31-7 llc-0b20 1 31 0 31 0
l1i_u31-7 llc-0b21 1 31 0 31 0
l1i_u31-7 llc-0b22 1 31 0 31 0
l1i_u31-7 llc-0b23 1 31 0 31 0
l1i_u31-7 llc-0b24 1 31 0 31 0
l1i_u31-7 llc-0b25 1 31 0 31 0
l1i_u31-7 llc-0b26 1 31 0 31 0
l1i_u31-7 llc-0b27 1 31 0 31 0
l1i_u31-7 llc-0b28 1 31 0 31 0
l1i_u31-7 llc-0b29 1 31 0 31 0
l1i_u31-7 llc-0b30 1 31 0 31 0
l1i_u31-7 llc-0b31 1 31 0 31 0
l1i_u31-8 llc-0b0 1 31 0 31 0
l1i_u31-8 llc-0b1 1 31 0 31 0
l1i_u31-8 llc-0b2 1 31 0 31 0
l1i_u31-8 llc-0b3 1 31 0 31 0
l1i_u31-8 llc-0b4 1 31 0 31 0
l1i_u31-8 llc-0b5 1 31 0 31 0
l1i_u31-8 llc-0b6 1 31 0 31 0
l1i_u31-8 llc-0b7 1 31 0 31 0
l1i_u31-8 llc-0b8 1 31 0 31 0
l1i_u31-8 llc-0b9 1 31 0 31 0
l1i_u31-8 llc-0b10 1 31 0 31 0
l1i_u31-8 llc-0b11 1 31 0 31 0
l1i_u31-8 llc-0b12 1 31 0 31 0
l1i_u31-8 llc-0b13 1 31 0 31 0
l1i_u31-8 llc-0b14 1 31 0 31 0
l1i_u31-8 llc-0b15 1 31 0 31 0
l1i_u31-8 llc-0b16 1 31 0 31 0
l1i_u31-8 llc-0b17 1 31 0 31 0
l1i_u31-8 llc-0b18 1 31 0 31 0
l1i_u31-8 llc-0b19 1 31 0 31 0
l1i_u31-8 llc-0b20 1 31 0 31 0
l1i_u31-8 llc-0b21 1 31 0 31 0
l1i_u31-8 llc-0b22 1 31 0 31 0
l1i_u31-8 llc-0b23 1 31 0 31 0
l1i_u31-8 llc-0b24 1 31 0 31 0
l1i_u31-8 llc-0b25 1 31 0 31 0
l1i_u31-8 llc-0b26 1 31 0 31 0
l1i_u31-8 llc-0b27 1 31 0 31 0
l1i_u31-8 llc-0b28 1 31 0 31 0
l1i_u31-8 llc-0b29 1 31 0 31 0
l1i_u31-8 llc-0b30 1 31 0 31 0
l1i_u31-8 llc-0b31 1 31 0 31 0
l1i_u31-9 llc-0b0 1 31 0 31 0
l1i_u31-9 llc-0b1 1 31 0 31 0
l1i_u31-9 llc-0b2 1 31 0 31 0
l1i_u31-9 llc-0b3 1 31 0 31 0
l1i_u31-9 llc-0b4 1 31 0 31 0
l1i_u31-9 llc-0b5 1 31 0 31 0
l1i_u31-9 llc-0b6 1 31 0 31 0
l1i_u31-9 llc-0b7 1 31 0 31 0
l1i_u31-9 llc-0b8 1 31 0 31 0
l1i_u31-9 llc-0b9 1 31 0 31 0
l1i_u31-9 llc-0b10 1 31 0 31 0
l1i_u31-9 llc-0b11 1 31 0 31 0
l1i_u31-9 llc-0b12 1 31 0 31 0
l1i_u31-9 llc-0b13 1 31 0 31 0
l1i_u31-9 llc-0b14 1 31 0 31 0
l1i_u31-9 llc-0b15 1 31 0 31 0
l1i_u31-9 llc-0b16 1 31 0 31 0
l1i_u31-9 llc-0b17 1 31 0 31 0
l1i_u31-9 llc-0b18 1 31 0 31 0
l1i_u31-9 llc-0b19 1 31 0 31 0
l1i_u31-9 llc-0b20 1 31 0 31 0
l1i_u31-9 llc-0b21 1 31 0 31 0
l1i_u31-9 llc-0b22 1 31 0 31 0
l1i_u31-9 llc-0b23 1 31 0 31 0
l1i_u31-9 llc-0b24 1 31 0 31 0
l1i_u31-9 llc-0b25 1 31 0 31 0
l1i_u31-9 llc-0b26 1 31 0 31 0
l1i_u31-9 llc-0b27 1 31 0 31 0
l1i_u31-9 llc-0b28 1 31 0 31 0
l1i_u31-9 llc-0b29 1 31 0 31 0
l1i_u31-9 llc-0b30 1 31 0 31 0
l1i_u31-9 llc-0b31 1 31 0 31 0
l1i_u31-10 llc-0b0 1 31 0 31 0
l1i_u31-10 llc-0b1 1 31 0 31 0
l1i_u31-10 llc-0b2 1 31 0 31 0
l1i_u31-10 llc-0b3 1 31 0 31 0
l1i_u31-10 llc-0b4 1 31 0 31 0
l1i_u31-10 llc-0b5 1 31 0 31 0
l1i_u31-10 llc-0b6 1 31 0 31 0
l1i_u31-10 llc-0b7 1 31 0 31 0
l1i_u31-10 llc-0b8 1 31 0 31 0
l1i_u31-10 llc-0b9 1 31 0 31 0
l1i_u31-10 llc-0b10 1 31 0 31 0
l1i_u31-10 llc-0b11 1 31 0 31 0
l1i_u31-10 llc-0b12 1 31 0 31 0
l1i_u31-10 llc-0b13 1 31 0 31 0
l1i_u31-10 llc-0b14 1 31 0 31 0
l1i_u31-10 llc-0b15 1 31 0 31 0
l1i_u31-10 llc-0b16 1 31 0 31 0
l1i_u31-10 llc-0b17 1 31 0 31 0
l1i_u31-10 llc-0b18 1 31 0 31 0
l1i_u31-10 llc-0b19 1 31 0 31 0
l1i_u31-10 llc-0b20 1 31 0 31 0
l1i_u31-10 llc-0b21 1 31 0 31 0
l1i_u31-10 llc-0b22 1 31 0 31 0
l1i_u31-10 llc-0b23 1 31 0 31 0
l1i_u31-10 llc-0b24 1 31 0 31 0
l1i_u31-10 llc-0b25 1 31 0 31 0
l1i_u31-10 llc-0b26 1 31 0 31 0
l1i_u31-10 llc-0b27 1 31 0 31 0
l1i_u31-10 llc-0b28 1 31 0 31 0
l1i_u31-10 llc-0b29 1 31 0 31 0
l1i_u31-10 llc-0b30 1 31 0 31 0
l1i_u31-10 llc-0b31 1 31 0 31 0
l1i_u31-11 llc-0b0 1 31 0 31 0
l1i_u31-11 llc-0b1 1 31 0 31 0
l1i_u31-11 llc-0b2 1 31 0 31 0
l1i_u31-11 llc-0b3 1 31 0 31 0
l1i_u31-11 llc-0b4 1 31 0 31 0
l1i_u31-11 llc-0b5 1 31 0 31 0
l1i_u31-11 llc-0b6 1 31 0 31 0
l1i_u31-11 llc-0b7 1 31 0 31 0
l1i_u31-11 llc-0b8 1 31 0 31 0
l1i_u31-11 llc-0b9 1 31 0 31 0
l1i_u31-11 llc-0b10 1 31 0 31 0
l1i_u31-11 llc-0b11 1 31 0 31 0
l1i_u31-11 llc-0b12 1 31 0 31 0
l1i_u31-11 llc-0b13 1 31 0 31 0
l1i_u31-11 llc-0b14 1 31 0 31 0
l1i_u31-11 llc-0b15 1 31 0 31 0
l1i_u31-11 llc-0b16 1 31 0 31 0
l1i_u31-11 llc-0b17 1 31 0 31 0
l1i_u31-11 llc-0b18 1 31 0 31 0
l1i_u31-11 llc-0b19 1 31 0 31 0
l1i_u31-11 llc-0b20 1 31 0 31 0
l1i_u31-11 llc-0b21 1 31 0 31 0
l1i_u31-11 llc-0b22 1 31 0 31 0
l1i_u31-11 llc-0b23 1 31 0 31 0
l1i_u31-11 llc-0b24 1 31 0 31 0
l1i_u31-11 llc-0b25 1 31 0 31 0
l1i_u31-11 llc-0b26 1 31 0 31 0
l1i_u31-11 llc-0b27 1 31 0 31 0
l1i_u31-11 llc-0b28 1 31 0 31 0
l1i_u31-11 llc-0b29 1 31 0 31 0
l1i_u31-11 llc-0b30 1 31 0 31 0
l1i_u31-11 llc-0b31 1 31 0 31 0
l1i_u31-12 llc-0b0 1 31 0 31 0
l1i_u31-12 llc-0b1 1 31 0 31 0
l1i_u31-12 llc-0b2 1 31 0 31 0
l1i_u31-12 llc-0b3 1 31 0 31 0
l1i_u31-12 llc-0b4 1 31 0 31 0
l1i_u31-12 llc-0b5 1 31 0 31 0
l1i_u31-12 llc-0b6 1 31 0 31 0
l1i_u31-12 llc-0b7 1 31 0 31 0
l1i_u31-12 llc-0b8 1 31 0 31 0
l1i_u31-12 llc-0b9 1 31 0 31 0
l1i_u31-12 llc-0b10 1 31 0 31 0
l1i_u31-12 llc-0b11 1 31 0 31 0
l1i_u31-12 llc-0b12 1 31 0 31 0
l1i_u31-12 llc-0b13 1 31 0 31 0
l1i_u31-12 llc-0b14 1 31 0 31 0
l1i_u31-12 llc-0b15 1 31 0 31 0
l1i_u31-12 llc-0b16 1 31 0 31 0
l1i_u31-12 llc-0b17 1 31 0 31 0
l1i_u31-12 llc-0b18 1 31 0 31 0
l1i_u31-12 llc-0b19 1 31 0 31 0
l1i_u31-12 llc-0b20 1 31 0 31 0
l1i_u31-12 llc-0b21 1 31 0 31 0
l1i_u31-12 llc-0b22 1 31 0 31 0
l1i_u31-12 llc-0b23 1 31 0 31 0
l1i_u31-12 llc-0b24 1 31 0 31 0
l1i_u31-12 llc-0b25 1 31 0 31 0
l1i_u31-12 llc-0b26 1 31 0 31 0
l1i_u31-12 llc-0b27 1 31 0 31 0
l1i_u31-12 llc-0b28 1 31 0 31 0
l1i_u31-12 llc-0b29 1 31 0 31 0
l1i_u31-12 llc-0b30 1 31 0 31 0
l1i_u31-12 llc-0b31 1 31 0 31 0
l1i_u31-13 llc-0b0 1 31 0 31 0
l1i_u31-13 llc-0b1 1 31 0 31 0
l1i_u31-13 llc-0b2 1 31 0 31 0
l1i_u31-13 llc-0b3 1 31 0 31 0
l1i_u31-13 llc-0b4 1 31 0 31 0
l1i_u31-13 llc-0b5 1 31 0 31 0
l1i_u31-13 llc-0b6 1 31 0 31 0
l1i_u31-13 llc-0b7 1 31 0 31 0
l1i_u31-13 llc-0b8 1 31 0 31 0
l1i_u31-13 llc-0b9 1 31 0 31 0
l1i_u31-13 llc-0b10 1 31 0 31 0
l1i_u31-13 llc-0b11 1 31 0 31 0
l1i_u31-13 llc-0b12 1 31 0 31 0
l1i_u31-13 llc-0b13 1 31 0 31 0
l1i_u31-13 llc-0b14 1 31 0 31 0
l1i_u31-13 llc-0b15 1 31 0 31 0
l1i_u31-13 llc-0b16 1 31 0 31 0
l1i_u31-13 llc-0b17 1 31 0 31 0
l1i_u31-13 llc-0b18 1 31 0 31 0
l1i_u31-13 llc-0b19 1 31 0 31 0
l1i_u31-13 llc-0b20 1 31 0 31 0
l1i_u31-13 llc-0b21 1 31 0 31 0
l1i_u31-13 llc-0b22 1 31 0 31 0
l1i_u31-13 llc-0b23 1 31 0 31 0
l1i_u31-13 llc-0b24 1 31 0 31 0
l1i_u31-13 llc-0b25 1 31 0 31 0
l1i_u31-13 llc-0b26 1 31 0 31 0
l1i_u31-13 llc-0b27 1 31 0 31 0
l1i_u31-13 llc-0b28 1 31 0 31 0
l1i_u31-13 llc-0b29 1 31 0 31 0
l1i_u31-13 llc-0b30 1 31 0 31 0
l1i_u31-13 llc-0b31 1 31 0 31 0
l1i_u31-14 llc-0b0 1 31 0 31 0
l1i_u31-14 llc-0b1 1 31 0 31 0
l1i_u31-14 llc-0b2 1 31 0 31 0
l1i_u31-14 llc-0b3 1 31 0 31 0
l1i_u31-14 llc-0b4 1 31 0 31 0
l1i_u31-14 llc-0b5 1 31 0 31 0
l1i_u31-14 llc-0b6 1 31 0 31 0
l1i_u31-14 llc-0b7 1 31 0 31 0
l1i_u31-14 llc-0b8 1 31 0 31 0
l1i_u31-14 llc-0b9 1 31 0 31 0
l1i_u31-14 llc-0b10 1 31 0 31 0
l1i_u31-14 llc-0b11 1 31 0 31 0
l1i_u31-14 llc-0b12 1 31 0 31 0
l1i_u31-14 llc-0b13 1 31 0 31 0
l1i_u31-14 llc-0b14 1 31 0 31 0
l1i_u31-14 llc-0b15 1 31 0 31 0
l1i_u31-14 llc-0b16 1 31 0 31 0
l1i_u31-14 llc-0b17 1 31 0 31 0
l1i_u31-14 llc-0b18 1 31 0 31 0
l1i_u31-14 llc-0b19 1 31 0 31 0
l1i_u31-14 llc-0b20 1 31 0 31 0
l1i_u31-14 llc-0b21 1 31 0 31 0
l1i_u31-14 llc-0b22 1 31 0 31 0
l1i_u31-14 llc-0b23 1 31 0 31 0
l1i_u31-14 llc-0b24 1 31 0 31 0
l1i_u31-14 llc-0b25 1 31 0 31 0
l1i_u31-14 llc-0b26 1 31 0 31 0
l1i_u31-14 llc-0b27 1 31 0 31 0
l1i_u31-14 llc-0b28 1 31 0 31 0
l1i_u31-14 llc-0b29 1 31 0 31 0
l1i_u31-14 llc-0b30 1 31 0 31 0
l1i_u31-14 llc-0b31 1 31 0 31 0
l1i_u31-15 llc-0b0 1 31 0 31 0
l1i_u31-15 llc-0b1 1 31 0 31 0
l1i_u31-15 llc-0b2 1 31 0 31 0
l1i_u31-15 llc-0b3 1 31 0 31 0
l1i_u31-15 llc-0b4 1 31 0 31 0
l1i_u31-15 llc-0b5 1 31 0 31 0
l1i_u31-15 llc-0b6 1 31 0 31 0
l1i_u31-15 llc-0b7 1 31 0 31 0
l1i_u31-15 llc-0b8 1 31 0 31 0
l1i_u31-15 llc-0b9 1 31 0 31 0
l1i_u31-15 llc-0b10 1 31 0 31 0
l1i_u31-15 llc-0b11 1 31 0 31 0
l1i_u31-15 llc-0b12 1 31 0 31 0
l1i_u31-15 llc-0b13 1 31 0 31 0
l1i_u31-15 llc-0b14 1 31 0 31 0
l1i_u31-15 llc-0b15 1 31 0 31 0
l1i_u31-15 llc-0b16 1 31 0 31 0
l1i_u31-15 llc-0b17 1 31 0 31 0
l1i_u31-15 llc-0b18 1 31 0 31 0
l1i_u31-15 llc-0b19 1 31 0 31 0
l1i_u31-15 llc-0b20 1 31 0 31 0
l1i_u31-15 llc-0b21 1 31 0 31 0
l1i_u31-15 llc-0b22 1 31 0 31 0
l1i_u31-15 llc-0b23 1 31 0 31 0
l1i_u31-15 llc-0b24 1 31 0 31 0
l1i_u31-15 llc-0b25 1 31 0 31 0
l1i_u31-15 llc-0b26 1 31 0 31 0
l1i_u31-15 llc-0b27 1 31 0 31 0
l1i_u31-15 llc-0b28 1 31 0 31 0
l1i_u31-15 llc-0b29 1 31 0 31 0
l1i_u31-15 llc-0b30 1 31 0 31 0
l1i_u31-15 llc-0b31 1 31 0 31 0
l1d_u31-0 llc-0b0 1 31 0 31 0
l1d_u31-0 llc-0b1 1 31 0 31 0
l1d_u31-0 llc-0b2 1 31 0 31 0
l1d_u31-0 llc-0b3 1 31 0 31 0
l1d_u31-0 llc-0b4 1 31 0 31 0
l1d_u31-0 llc-0b5 1 31 0 31 0
l1d_u31-0 llc-0b6 1 31 0 31 0
l1d_u31-0 llc-0b7 1 31 0 31 0
l1d_u31-0 llc-0b8 1 31 0 31 0
l1d_u31-0 llc-0b9 1 31 0 31 0
l1d_u31-0 llc-0b10 1 31 0 31 0
l1d_u31-0 llc-0b11 1 31 0 31 0
l1d_u31-0 llc-0b12 1 31 0 31 0
l1d_u31-0 llc-0b13 1 31 0 31 0
l1d_u31-0 llc-0b14 1 31 0 31 0
l1d_u31-0 llc-0b15 1 31 0 31 0
l1d_u31-0 llc-0b16 1 31 0 31 0
l1d_u31-0 llc-0b17 1 31 0 31 0
l1d_u31-0 llc-0b18 1 31 0 31 0
l1d_u31-0 llc-0b19 1 31 0 31 0
l1d_u31-0 llc-0b20 1 31 0 31 0
l1d_u31-0 llc-0b21 1 31 0 31 0
l1d_u31-0 llc-0b22 1 31 0 31 0
l1d_u31-0 llc-0b23 1 31 0 31 0
l1d_u31-0 llc-0b24 1 31 0 31 0
l1d_u31-0 llc-0b25 1 31 0 31 0
l1d_u31-0 llc-0b26 1 31 0 31 0
l1d_u31-0 llc-0b27 1 31 0 31 0
l1d_u31-0 llc-0b28 1 31 0 31 0
l1d_u31-0 llc-0b29 1 31 0 31 0
l1d_u31-0 llc-0b30 1 31 0 31 0
l1d_u31-0 llc-0b31 1 31 0 31 0
l1d_u31-1 llc-0b0 1 31 0 31 0
l1d_u31-1 llc-0b1 1 31 0 31 0
l1d_u31-1 llc-0b2 1 31 0 31 0
l1d_u31-1 llc-0b3 1 31 0 31 0
l1d_u31-1 llc-0b4 1 31 0 31 0
l1d_u31-1 llc-0b5 1 31 0 31 0
l1d_u31-1 llc-0b6 1 31 0 31 0
l1d_u31-1 llc-0b7 1 31 0 31 0
l1d_u31-1 llc-0b8 1 31 0 31 0
l1d_u31-1 llc-0b9 1 31 0 31 0
l1d_u31-1 llc-0b10 1 31 0 31 0
l1d_u31-1 llc-0b11 1 31 0 31 0
l1d_u31-1 llc-0b12 1 31 0 31 0
l1d_u31-1 llc-0b13 1 31 0 31 0
l1d_u31-1 llc-0b14 1 31 0 31 0
l1d_u31-1 llc-0b15 1 31 0 31 0
l1d_u31-1 llc-0b16 1 31 0 31 0
l1d_u31-1 llc-0b17 1 31 0 31 0
l1d_u31-1 llc-0b18 1 31 0 31 0
l1d_u31-1 llc-0b19 1 31 0 31 0
l1d_u31-1 llc-0b20 1 31 0 31 0
l1d_u31-1 llc-0b21 1 31 0 31 0
l1d_u31-1 llc-0b22 1 31 0 31 0
l1d_u31-1 llc-0b23 1 31 0 31 0
l1d_u31-1 llc-0b24 1 31 0 31 0
l1d_u31-1 llc-0b25 1 31 0 31 0
l1d_u31-1 llc-0b26 1 31 0 31 0
l1d_u31-1 llc-0b27 1 31 0 31 0
l1d_u31-1 llc-0b28 1 31 0 31 0
l1d_u31-1 llc-0b29 1 31 0 31 0
l1d_u31-1 llc-0b30 1 31 0 31 0
l1d_u31-1 llc-0b31 1 31 0 31 0
l1d_u31-2 llc-0b0 1 31 0 31 0
l1d_u31-2 llc-0b1 1 31 0 31 0
l1d_u31-2 llc-0b2 1 31 0 31 0
l1d_u31-2 llc-0b3 1 31 0 31 0
l1d_u31-2 llc-0b4 1 31 0 31 0
l1d_u31-2 llc-0b5 1 31 0 31 0
l1d_u31-2 llc-0b6 1 31 0 31 0
l1d_u31-2 llc-0b7 1 31 0 31 0
l1d_u31-2 llc-0b8 1 31 0 31 0
l1d_u31-2 llc-0b9 1 31 0 31 0
l1d_u31-2 llc-0b10 1 31 0 31 0
l1d_u31-2 llc-0b11 1 31 0 31 0
l1d_u31-2 llc-0b12 1 31 0 31 0
l1d_u31-2 llc-0b13 1 31 0 31 0
l1d_u31-2 llc-0b14 1 31 0 31 0
l1d_u31-2 llc-0b15 1 31 0 31 0
l1d_u31-2 llc-0b16 1 31 0 31 0
l1d_u31-2 llc-0b17 1 31 0 31 0
l1d_u31-2 llc-0b18 1 31 0 31 0
l1d_u31-2 llc-0b19 1 31 0 31 0
l1d_u31-2 llc-0b20 1 31 0 31 0
l1d_u31-2 llc-0b21 1 31 0 31 0
l1d_u31-2 llc-0b22 1 31 0 31 0
l1d_u31-2 llc-0b23 1 31 0 31 0
l1d_u31-2 llc-0b24 1 31 0 31 0
l1d_u31-2 llc-0b25 1 31 0 31 0
l1d_u31-2 llc-0b26 1 31 0 31 0
l1d_u31-2 llc-0b27 1 31 0 31 0
l1d_u31-2 llc-0b28 1 31 0 31 0
l1d_u31-2 llc-0b29 1 31 0 31 0
l1d_u31-2 llc-0b30 1 31 0 31 0
l1d_u31-2 llc-0b31 1 31 0 31 0
l1d_u31-3 llc-0b0 1 31 0 31 0
l1d_u31-3 llc-0b1 1 31 0 31 0
l1d_u31-3 llc-0b2 1 31 0 31 0
l1d_u31-3 llc-0b3 1 31 0 31 0
l1d_u31-3 llc-0b4 1 31 0 31 0
l1d_u31-3 llc-0b5 1 31 0 31 0
l1d_u31-3 llc-0b6 1 31 0 31 0
l1d_u31-3 llc-0b7 1 31 0 31 0
l1d_u31-3 llc-0b8 1 31 0 31 0
l1d_u31-3 llc-0b9 1 31 0 31 0
l1d_u31-3 llc-0b10 1 31 0 31 0
l1d_u31-3 llc-0b11 1 31 0 31 0
l1d_u31-3 llc-0b12 1 31 0 31 0
l1d_u31-3 llc-0b13 1 31 0 31 0
l1d_u31-3 llc-0b14 1 31 0 31 0
l1d_u31-3 llc-0b15 1 31 0 31 0
l1d_u31-3 llc-0b16 1 31 0 31 0
l1d_u31-3 llc-0b17 1 31 0 31 0
l1d_u31-3 llc-0b18 1 31 0 31 0
l1d_u31-3 llc-0b19 1 31 0 31 0
l1d_u31-3 llc-0b20 1 31 0 31 0
l1d_u31-3 llc-0b21 1 31 0 31 0
l1d_u31-3 llc-0b22 1 31 0 31 0
l1d_u31-3 llc-0b23 1 31 0 31 0
l1d_u31-3 llc-0b24 1 31 0 31 0
l1d_u31-3 llc-0b25 1 31 0 31 0
l1d_u31-3 llc-0b26 1 31 0 31 0
l1d_u31-3 llc-0b27 1 31 0 31 0
l1d_u31-3 llc-0b28 1 31 0 31 0
l1d_u31-3 llc-0b29 1 31 0 31 0
l1d_u31-3 llc-0b30 1 31 0 31 0
l1d_u31-3 llc-0b31 1 31 0 31 0
l1d_u31-4 llc-0b0 1 31 0 31 0
l1d_u31-4 llc-0b1 1 31 0 31 0
l1d_u31-4 llc-0b2 1 31 0 31 0
l1d_u31-4 llc-0b3 1 31 0 31 0
l1d_u31-4 llc-0b4 1 31 0 31 0
l1d_u31-4 llc-0b5 1 31 0 31 0
l1d_u31-4 llc-0b6 1 31 0 31 0
l1d_u31-4 llc-0b7 1 31 0 31 0
l1d_u31-4 llc-0b8 1 31 0 31 0
l1d_u31-4 llc-0b9 1 31 0 31 0
l1d_u31-4 llc-0b10 1 31 0 31 0
l1d_u31-4 llc-0b11 1 31 0 31 0
l1d_u31-4 llc-0b12 1 31 0 31 0
l1d_u31-4 llc-0b13 1 31 0 31 0
l1d_u31-4 llc-0b14 1 31 0 31 0
l1d_u31-4 llc-0b15 1 31 0 31 0
l1d_u31-4 llc-0b16 1 31 0 31 0
l1d_u31-4 llc-0b17 1 31 0 31 0
l1d_u31-4 llc-0b18 1 31 0 31 0
l1d_u31-4 llc-0b19 1 31 0 31 0
l1d_u31-4 llc-0b20 1 31 0 31 0
l1d_u31-4 llc-0b21 1 31 0 31 0
l1d_u31-4 llc-0b22 1 31 0 31 0
l1d_u31-4 llc-0b23 1 31 0 31 0
l1d_u31-4 llc-0b24 1 31 0 31 0
l1d_u31-4 llc-0b25 1 31 0 31 0
l1d_u31-4 llc-0b26 1 31 0 31 0
l1d_u31-4 llc-0b27 1 31 0 31 0
l1d_u31-4 llc-0b28 1 31 0 31 0
l1d_u31-4 llc-0b29 1 31 0 31 0
l1d_u31-4 llc-0b30 1 31 0 31 0
l1d_u31-4 llc-0b31 1 31 0 31 0
l1d_u31-5 llc-0b0 1 31 0 31 0
l1d_u31-5 llc-0b1 1 31 0 31 0
l1d_u31-5 llc-0b2 1 31 0 31 0
l1d_u31-5 llc-0b3 1 31 0 31 0
l1d_u31-5 llc-0b4 1 31 0 31 0
l1d_u31-5 llc-0b5 1 31 0 31 0
l1d_u31-5 llc-0b6 1 31 0 31 0
l1d_u31-5 llc-0b7 1 31 0 31 0
l1d_u31-5 llc-0b8 1 31 0 31 0
l1d_u31-5 llc-0b9 1 31 0 31 0
l1d_u31-5 llc-0b10 1 31 0 31 0
l1d_u31-5 llc-0b11 1 31 0 31 0
l1d_u31-5 llc-0b12 1 31 0 31 0
l1d_u31-5 llc-0b13 1 31 0 31 0
l1d_u31-5 llc-0b14 1 31 0 31 0
l1d_u31-5 llc-0b15 1 31 0 31 0
l1d_u31-5 llc-0b16 1 31 0 31 0
l1d_u31-5 llc-0b17 1 31 0 31 0
l1d_u31-5 llc-0b18 1 31 0 31 0
l1d_u31-5 llc-0b19 1 31 0 31 0
l1d_u31-5 llc-0b20 1 31 0 31 0
l1d_u31-5 llc-0b21 1 31 0 31 0
l1d_u31-5 llc-0b22 1 31 0 31 0
l1d_u31-5 llc-0b23 1 31 0 31 0
l1d_u31-5 llc-0b24 1 31 0 31 0
l1d_u31-5 llc-0b25 1 31 0 31 0
l1d_u31-5 llc-0b26 1 31 0 31 0
l1d_u31-5 llc-0b27 1 31 0 31 0
l1d_u31-5 llc-0b28 1 31 0 31 0
l1d_u31-5 llc-0b29 1 31 0 31 0
l1d_u31-5 llc-0b30 1 31 0 31 0
l1d_u31-5 llc-0b31 1 31 0 31 0
l1d_u31-6 llc-0b0 1 31 0 31 0
l1d_u31-6 llc-0b1 1 31 0 31 0
l1d_u31-6 llc-0b2 1 31 0 31 0
l1d_u31-6 llc-0b3 1 31 0 31 0
l1d_u31-6 llc-0b4 1 31 0 31 0
l1d_u31-6 llc-0b5 1 31 0 31 0
l1d_u31-6 llc-0b6 1 31 0 31 0
l1d_u31-6 llc-0b7 1 31 0 31 0
l1d_u31-6 llc-0b8 1 31 0 31 0
l1d_u31-6 llc-0b9 1 31 0 31 0
l1d_u31-6 llc-0b10 1 31 0 31 0
l1d_u31-6 llc-0b11 1 31 0 31 0
l1d_u31-6 llc-0b12 1 31 0 31 0
l1d_u31-6 llc-0b13 1 31 0 31 0
l1d_u31-6 llc-0b14 1 31 0 31 0
l1d_u31-6 llc-0b15 1 31 0 31 0
l1d_u31-6 llc-0b16 1 31 0 31 0
l1d_u31-6 llc-0b17 1 31 0 31 0
l1d_u31-6 llc-0b18 1 31 0 31 0
l1d_u31-6 llc-0b19 1 31 0 31 0
l1d_u31-6 llc-0b20 1 31 0 31 0
l1d_u31-6 llc-0b21 1 31 0 31 0
l1d_u31-6 llc-0b22 1 31 0 31 0
l1d_u31-6 llc-0b23 1 31 0 31 0
l1d_u31-6 llc-0b24 1 31 0 31 0
l1d_u31-6 llc-0b25 1 31 0 31 0
l1d_u31-6 llc-0b26 1 31 0 31 0
l1d_u31-6 llc-0b27 1 31 0 31 0
l1d_u31-6 llc-0b28 1 31 0 31 0
l1d_u31-6 llc-0b29 1 31 0 31 0
l1d_u31-6 llc-0b30 1 31 0 31 0
l1d_u31-6 llc-0b31 1 31 0 31 0
l1d_u31-7 llc-0b0 1 31 0 31 0
l1d_u31-7 llc-0b1 1 31 0 31 0
l1d_u31-7 llc-0b2 1 31 0 31 0
l1d_u31-7 llc-0b3 1 31 0 31 0
l1d_u31-7 llc-0b4 1 31 0 31 0
l1d_u31-7 llc-0b5 1 31 0 31 0
l1d_u31-7 llc-0b6 1 31 0 31 0
l1d_u31-7 llc-0b7 1 31 0 31 0
l1d_u31-7 llc-0b8 1 31 0 31 0
l1d_u31-7 llc-0b9 1 31 0 31 0
l1d_u31-7 llc-0b10 1 31 0 31 0
l1d_u31-7 llc-0b11 1 31 0 31 0
l1d_u31-7 llc-0b12 1 31 0 31 0
l1d_u31-7 llc-0b13 1 31 0 31 0
l1d_u31-7 llc-0b14 1 31 0 31 0
l1d_u31-7 llc-0b15 1 31 0 31 0
l1d_u31-7 llc-0b16 1 31 0 31 0
l1d_u31-7 llc-0b17 1 31 0 31 0
l1d_u31-7 llc-0b18 1 31 0 31 0
l1d_u31-7 llc-0b19 1 31 0 31 0
l1d_u31-7 llc-0b20 1 31 0 31 0
l1d_u31-7 llc-0b21 1 31 0 31 0
l1d_u31-7 llc-0b22 1 31 0 31 0
l1d_u31-7 llc-0b23 1 31 0 31 0
l1d_u31-7 llc-0b24 1 31 0 31 0
l1d_u31-7 llc-0b25 1 31 0 31 0
l1d_u31-7 llc-0b26 1 31 0 31 0
l1d_u31-7 llc-0b27 1 31 0 31 0
l1d_u31-7 llc-0b28 1 31 0 31 0
l1d_u31-7 llc-0b29 1 31 0 31 0
l1d_u31-7 llc-0b30 1 31 0 31 0
l1d_u31-7 llc-0b31 1 31 0 31 0
l1d_u31-8 llc-0b0 1 31 0 31 0
l1d_u31-8 llc-0b1 1 31 0 31 0
l1d_u31-8 llc-0b2 1 31 0 31 0
l1d_u31-8 llc-0b3 1 31 0 31 0
l1d_u31-8 llc-0b4 1 31 0 31 0
l1d_u31-8 llc-0b5 1 31 0 31 0
l1d_u31-8 llc-0b6 1 31 0 31 0
l1d_u31-8 llc-0b7 1 31 0 31 0
l1d_u31-8 llc-0b8 1 31 0 31 0
l1d_u31-8 llc-0b9 1 31 0 31 0
l1d_u31-8 llc-0b10 1 31 0 31 0
l1d_u31-8 llc-0b11 1 31 0 31 0
l1d_u31-8 llc-0b12 1 31 0 31 0
l1d_u31-8 llc-0b13 1 31 0 31 0
l1d_u31-8 llc-0b14 1 31 0 31 0
l1d_u31-8 llc-0b15 1 31 0 31 0
l1d_u31-8 llc-0b16 1 31 0 31 0
l1d_u31-8 llc-0b17 1 31 0 31 0
l1d_u31-8 llc-0b18 1 31 0 31 0
l1d_u31-8 llc-0b19 1 31 0 31 0
l1d_u31-8 llc-0b20 1 31 0 31 0
l1d_u31-8 llc-0b21 1 31 0 31 0
l1d_u31-8 llc-0b22 1 31 0 31 0
l1d_u31-8 llc-0b23 1 31 0 31 0
l1d_u31-8 llc-0b24 1 31 0 31 0
l1d_u31-8 llc-0b25 1 31 0 31 0
l1d_u31-8 llc-0b26 1 31 0 31 0
l1d_u31-8 llc-0b27 1 31 0 31 0
l1d_u31-8 llc-0b28 1 31 0 31 0
l1d_u31-8 llc-0b29 1 31 0 31 0
l1d_u31-8 llc-0b30 1 31 0 31 0
l1d_u31-8 llc-0b31 1 31 0 31 0
l1d_u31-9 llc-0b0 1 31 0 31 0
l1d_u31-9 llc-0b1 1 31 0 31 0
l1d_u31-9 llc-0b2 1 31 0 31 0
l1d_u31-9 llc-0b3 1 31 0 31 0
l1d_u31-9 llc-0b4 1 31 0 31 0
l1d_u31-9 llc-0b5 1 31 0 31 0
l1d_u31-9 llc-0b6 1 31 0 31 0
l1d_u31-9 llc-0b7 1 31 0 31 0
l1d_u31-9 llc-0b8 1 31 0 31 0
l1d_u31-9 llc-0b9 1 31 0 31 0
l1d_u31-9 llc-0b10 1 31 0 31 0
l1d_u31-9 llc-0b11 1 31 0 31 0
l1d_u31-9 llc-0b12 1 31 0 31 0
l1d_u31-9 llc-0b13 1 31 0 31 0
l1d_u31-9 llc-0b14 1 31 0 31 0
l1d_u31-9 llc-0b15 1 31 0 31 0
l1d_u31-9 llc-0b16 1 31 0 31 0
l1d_u31-9 llc-0b17 1 31 0 31 0
l1d_u31-9 llc-0b18 1 31 0 31 0
l1d_u31-9 llc-0b19 1 31 0 31 0
l1d_u31-9 llc-0b20 1 31 0 31 0
l1d_u31-9 llc-0b21 1 31 0 31 0
l1d_u31-9 llc-0b22 1 31 0 31 0
l1d_u31-9 llc-0b23 1 31 0 31 0
l1d_u31-9 llc-0b24 1 31 0 31 0
l1d_u31-9 llc-0b25 1 31 0 31 0
l1d_u31-9 llc-0b26 1 31 0 31 0
l1d_u31-9 llc-0b27 1 31 0 31 0
l1d_u31-9 llc-0b28 1 31 0 31 0
l1d_u31-9 llc-0b29 1 31 0 31 0
l1d_u31-9 llc-0b30 1 31 0 31 0
l1d_u31-9 llc-0b31 1 31 0 31 0
l1d_u31-10 llc-0b0 1 31 0 31 0
l1d_u31-10 llc-0b1 1 31 0 31 0
l1d_u31-10 llc-0b2 1 31 0 31 0
l1d_u31-10 llc-0b3 1 31 0 31 0
l1d_u31-10 llc-0b4 1 31 0 31 0
l1d_u31-10 llc-0b5 1 31 0 31 0
l1d_u31-10 llc-0b6 1 31 0 31 0
l1d_u31-10 llc-0b7 1 31 0 31 0
l1d_u31-10 llc-0b8 1 31 0 31 0
l1d_u31-10 llc-0b9 1 31 0 31 0
l1d_u31-10 llc-0b10 1 31 0 31 0
l1d_u31-10 llc-0b11 1 31 0 31 0
l1d_u31-10 llc-0b12 1 31 0 31 0
l1d_u31-10 llc-0b13 1 31 0 31 0
l1d_u31-10 llc-0b14 1 31 0 31 0
l1d_u31-10 llc-0b15 1 31 0 31 0
l1d_u31-10 llc-0b16 1 31 0 31 0
l1d_u31-10 llc-0b17 1 31 0 31 0
l1d_u31-10 llc-0b18 1 31 0 31 0
l1d_u31-10 llc-0b19 1 31 0 31 0
l1d_u31-10 llc-0b20 1 31 0 31 0
l1d_u31-10 llc-0b21 1 31 0 31 0
l1d_u31-10 llc-0b22 1 31 0 31 0
l1d_u31-10 llc-0b23 1 31 0 31 0
l1d_u31-10 llc-0b24 1 31 0 31 0
l1d_u31-10 llc-0b25 1 31 0 31 0
l1d_u31-10 llc-0b26 1 31 0 31 0
l1d_u31-10 llc-0b27 1 31 0 31 0
l1d_u31-10 llc-0b28 1 31 0 31 0
l1d_u31-10 llc-0b29 1 31 0 31 0
l1d_u31-10 llc-0b30 1 31 0 31 0
l1d_u31-10 llc-0b31 1 31 0 31 0
l1d_u31-11 llc-0b0 1 31 0 31 0
l1d_u31-11 llc-0b1 1 31 0 31 0
l1d_u31-11 llc-0b2 1 31 0 31 0
l1d_u31-11 llc-0b3 1 31 0 31 0
l1d_u31-11 llc-0b4 1 31 0 31 0
l1d_u31-11 llc-0b5 1 31 0 31 0
l1d_u31-11 llc-0b6 1 31 0 31 0
l1d_u31-11 llc-0b7 1 31 0 31 0
l1d_u31-11 llc-0b8 1 31 0 31 0
l1d_u31-11 llc-0b9 1 31 0 31 0
l1d_u31-11 llc-0b10 1 31 0 31 0
l1d_u31-11 llc-0b11 1 31 0 31 0
l1d_u31-11 llc-0b12 1 31 0 31 0
l1d_u31-11 llc-0b13 1 31 0 31 0
l1d_u31-11 llc-0b14 1 31 0 31 0
l1d_u31-11 llc-0b15 1 31 0 31 0
l1d_u31-11 llc-0b16 1 31 0 31 0
l1d_u31-11 llc-0b17 1 31 0 31 0
l1d_u31-11 llc-0b18 1 31 0 31 0
l1d_u31-11 llc-0b19 1 31 0 31 0
l1d_u31-11 llc-0b20 1 31 0 31 0
l1d_u31-11 llc-0b21 1 31 0 31 0
l1d_u31-11 llc-0b22 1 31 0 31 0
l1d_u31-11 llc-0b23 1 31 0 31 0
l1d_u31-11 llc-0b24 1 31 0 31 0
l1d_u31-11 llc-0b25 1 31 0 31 0
l1d_u31-11 llc-0b26 1 31 0 31 0
l1d_u31-11 llc-0b27 1 31 0 31 0
l1d_u31-11 llc-0b28 1 31 0 31 0
l1d_u31-11 llc-0b29 1 31 0 31 0
l1d_u31-11 llc-0b30 1 31 0 31 0
l1d_u31-11 llc-0b31 1 31 0 31 0
l1d_u31-12 llc-0b0 1 31 0 31 0
l1d_u31-12 llc-0b1 1 31 0 31 0
l1d_u31-12 llc-0b2 1 31 0 31 0
l1d_u31-12 llc-0b3 1 31 0 31 0
l1d_u31-12 llc-0b4 1 31 0 31 0
l1d_u31-12 llc-0b5 1 31 0 31 0
l1d_u31-12 llc-0b6 1 31 0 31 0
l1d_u31-12 llc-0b7 1 31 0 31 0
l1d_u31-12 llc-0b8 1 31 0 31 0
l1d_u31-12 llc-0b9 1 31 0 31 0
l1d_u31-12 llc-0b10 1 31 0 31 0
l1d_u31-12 llc-0b11 1 31 0 31 0
l1d_u31-12 llc-0b12 1 31 0 31 0
l1d_u31-12 llc-0b13 1 31 0 31 0
l1d_u31-12 llc-0b14 1 31 0 31 0
l1d_u31-12 llc-0b15 1 31 0 31 0
l1d_u31-12 llc-0b16 1 31 0 31 0
l1d_u31-12 llc-0b17 1 31 0 31 0
l1d_u31-12 llc-0b18 1 31 0 31 0
l1d_u31-12 llc-0b19 1 31 0 31 0
l1d_u31-12 llc-0b20 1 31 0 31 0
l1d_u31-12 llc-0b21 1 31 0 31 0
l1d_u31-12 llc-0b22 1 31 0 31 0
l1d_u31-12 llc-0b23 1 31 0 31 0
l1d_u31-12 llc-0b24 1 31 0 31 0
l1d_u31-12 llc-0b25 1 31 0 31 0
l1d_u31-12 llc-0b26 1 31 0 31 0
l1d_u31-12 llc-0b27 1 31 0 31 0
l1d_u31-12 llc-0b28 1 31 0 31 0
l1d_u31-12 llc-0b29 1 31 0 31 0
l1d_u31-12 llc-0b30 1 31 0 31 0
l1d_u31-12 llc-0b31 1 31 0 31 0
l1d_u31-13 llc-0b0 1 31 0 31 0
l1d_u31-13 llc-0b1 1 31 0 31 0
l1d_u31-13 llc-0b2 1 31 0 31 0
l1d_u31-13 llc-0b3 1 31 0 31 0
l1d_u31-13 llc-0b4 1 31 0 31 0
l1d_u31-13 llc-0b5 1 31 0 31 0
l1d_u31-13 llc-0b6 1 31 0 31 0
l1d_u31-13 llc-0b7 1 31 0 31 0
l1d_u31-13 llc-0b8 1 31 0 31 0
l1d_u31-13 llc-0b9 1 31 0 31 0
l1d_u31-13 llc-0b10 1 31 0 31 0
l1d_u31-13 llc-0b11 1 31 0 31 0
l1d_u31-13 llc-0b12 1 31 0 31 0
l1d_u31-13 llc-0b13 1 31 0 31 0
l1d_u31-13 llc-0b14 1 31 0 31 0
l1d_u31-13 llc-0b15 1 31 0 31 0
l1d_u31-13 llc-0b16 1 31 0 31 0
l1d_u31-13 llc-0b17 1 31 0 31 0
l1d_u31-13 llc-0b18 1 31 0 31 0
l1d_u31-13 llc-0b19 1 31 0 31 0
l1d_u31-13 llc-0b20 1 31 0 31 0
l1d_u31-13 llc-0b21 1 31 0 31 0
l1d_u31-13 llc-0b22 1 31 0 31 0
l1d_u31-13 llc-0b23 1 31 0 31 0
l1d_u31-13 llc-0b24 1 31 0 31 0
l1d_u31-13 llc-0b25 1 31 0 31 0
l1d_u31-13 llc-0b26 1 31 0 31 0
l1d_u31-13 llc-0b27 1 31 0 31 0
l1d_u31-13 llc-0b28 1 31 0 31 0
l1d_u31-13 llc-0b29 1 31 0 31 0
l1d_u31-13 llc-0b30 1 31 0 31 0
l1d_u31-13 llc-0b31 1 31 0 31 0
l1d_u31-14 llc-0b0 1 31 0 31 0
l1d_u31-14 llc-0b1 1 31 0 31 0
l1d_u31-14 llc-0b2 1 31 0 31 0
l1d_u31-14 llc-0b3 1 31 0 31 0
l1d_u31-14 llc-0b4 1 31 0 31 0
l1d_u31-14 llc-0b5 1 31 0 31 0
l1d_u31-14 llc-0b6 1 31 0 31 0
l1d_u31-14 llc-0b7 1 31 0 31 0
l1d_u31-14 llc-0b8 1 31 0 31 0
l1d_u31-14 llc-0b9 1 31 0 31 0
l1d_u31-14 llc-0b10 1 31 0 31 0
l1d_u31-14 llc-0b11 1 31 0 31 0
l1d_u31-14 llc-0b12 1 31 0 31 0
l1d_u31-14 llc-0b13 1 31 0 31 0
l1d_u31-14 llc-0b14 1 31 0 31 0
l1d_u31-14 llc-0b15 1 31 0 31 0
l1d_u31-14 llc-0b16 1 31 0 31 0
l1d_u31-14 llc-0b17 1 31 0 31 0
l1d_u31-14 llc-0b18 1 31 0 31 0
l1d_u31-14 llc-0b19 1 31 0 31 0
l1d_u31-14 llc-0b20 1 31 0 31 0
l1d_u31-14 llc-0b21 1 31 0 31 0
l1d_u31-14 llc-0b22 1 31 0 31 0
l1d_u31-14 llc-0b23 1 31 0 31 0
l1d_u31-14 llc-0b24 1 31 0 31 0
l1d_u31-14 llc-0b25 1 31 0 31 0
l1d_u31-14 llc-0b26 1 31 0 31 0
l1d_u31-14 llc-0b27 1 31 0 31 0
l1d_u31-14 llc-0b28 1 31 0 31 0
l1d_u31-14 llc-0b29 1 31 0 31 0
l1d_u31-14 llc-0b30 1 31 0 31 0
l1d_u31-14 llc-0b31 1 31 0 31 0
l1d_u31-15 llc-0b0 1 31 0 31 0
l1d_u31-15 llc-0b1 1 31 0 31 0
l1d_u31-15 llc-0b2 1 31 0 31 0
l1d_u31-15 llc-0b3 1 31 0 31 0
l1d_u31-15 llc-0b4 1 31 0 31 0
l1d_u31-15 llc-0b5 1 31 0 31 0
l1d_u31-15 llc-0b6 1 31 0 31 0
l1d_u31-15 llc-0b7 1 31 0 31 0
l1d_u31-15 llc-0b8 1 31 0 31 0
l1d_u31-15 llc-0b9 1 31 0 31 0
l1d_u31-15 llc-0b10 1 31 0 31 0
l1d_u31-15 llc-0b11 1 31 0 31 0
l1d_u31-15 llc-0b12 1 31 0 31 0
l1d_u31-15 llc-0b13 1 31 0 31 0
l1d_u31-15 llc-0b14 1 31 0 31 0
l1d_u31-15 llc-0b15 1 31 0 31 0
l1d_u31-15 llc-0b16 1 31 0 31 0
l1d_u31-15 llc-0b17 1 31 0 31 0
l1d_u31-15 llc-0b18 1 31 0 31 0
l1d_u31-15 llc-0b19 1 31 0 31 0
l1d_u31-15 llc-0b20 1 31 0 31 0
l1d_u31-15 llc-0b21 1 31 0 31 0
l1d_u31-15 llc-0b22 1 31 0 31 0
l1d_u31-15 llc-0b23 1 31 0 31 0
l1d_u31-15 llc-0b24 1 31 0 31 0
l1d_u31-15 llc-0b25 1 31 0 31 0
l1d_u31-15 llc-0b26 1 31 0 31 0
l1d_u31-15 llc-0b27 1 31 0 31 0
l1d_u31-15 llc-0b28 1 31 0 31 0
l1d_u31-15 llc-0b29 1 31 0 31 0
l1d_u31-15 llc-0b30 1 31 0 31 0
l1d_u31-15 llc-0b31 1 31 0 31 0
llc-0b0 mem-0 0 0
llc-0b1 mem-0 0 0
llc-0b2 mem-0 0 0
llc-0b3 mem-0 0 0
llc-0b4 mem-0 0 0
llc-0b5 mem-0 0 0
llc-0b6 mem-0 0 0
llc-0b7 mem-0 0 0
llc-0b8 mem-0 0 0
llc-0b9 mem-0 0 0
llc-0b10 mem-0 0 0
llc-0b11 mem-0 0 0
llc-0b12 mem-0 0 0
llc-0b13 mem-0 0 0
llc-0b14 mem-0 0 0
llc-0b15 mem-0 0 0
llc-0b16 mem-0 0 0
llc-0b17 mem-0 0 0
llc-0b18 mem-0 0 0
llc-0b19 mem-0 0 0
llc-0b20 mem-0 0 0
llc-0b21 mem-0 0 0
llc-0b22 mem-0 0 0
llc-0b23 mem-0 0 0
llc-0b24 mem-0 0 0
llc-0b25 mem-0 0 0
llc-0b26 mem-0 0 0
llc-0b27 mem-0 0 0
llc-0b28 mem-0 0 0
llc-0b29 mem-0 0 0
llc-0b30 mem-0 0 0
llc-0b31 mem-0 0 0
