16 2 2
l1i_u0-0 llc-0b0 1 0 0 0 0
l1i_u0-0 llc-0b1 1 0 0 0 0
l1i_u0-0 llc-0b2 1 0 0 0 0
l1i_u0-0 llc-0b3 1 0 0 0 0
l1i_u0-0 llc-0b4 1 0 0 0 0
l1i_u0-0 llc-0b5 1 0 0 0 0
l1i_u0-0 llc-0b6 1 0 0 0 0
l1i_u0-0 llc-0b7 1 0 0 0 0
l1i_u0-0 llc-0b8 1 0 0 0 0
l1i_u0-0 llc-0b9 1 0 0 0 0
l1i_u0-0 llc-0b10 1 0 0 0 0
l1i_u0-0 llc-0b11 1 0 0 0 0
l1i_u0-0 llc-0b12 1 0 0 0 0
l1i_u0-0 llc-0b13 1 0 0 0 0
l1i_u0-0 llc-0b14 1 0 0 0 0
l1i_u0-0 llc-0b15 1 0 0 0 0
l1i_u0-1 llc-0b0 1 0 0 0 0
l1i_u0-1 llc-0b1 1 0 0 0 0
l1i_u0-1 llc-0b2 1 0 0 0 0
l1i_u0-1 llc-0b3 1 0 0 0 0
l1i_u0-1 llc-0b4 1 0 0 0 0
l1i_u0-1 llc-0b5 1 0 0 0 0
l1i_u0-1 llc-0b6 1 0 0 0 0
l1i_u0-1 llc-0b7 1 0 0 0 0
l1i_u0-1 llc-0b8 1 0 0 0 0
l1i_u0-1 llc-0b9 1 0 0 0 0
l1i_u0-1 llc-0b10 1 0 0 0 0
l1i_u0-1 llc-0b11 1 0 0 0 0
l1i_u0-1 llc-0b12 1 0 0 0 0
l1i_u0-1 llc-0b13 1 0 0 0 0
l1i_u0-1 llc-0b14 1 0 0 0 0
l1i_u0-1 llc-0b15 1 0 0 0 0
l1i_u0-2 llc-0b0 1 0 0 0 0
l1i_u0-2 llc-0b1 1 0 0 0 0
l1i_u0-2 llc-0b2 1 0 0 0 0
l1i_u0-2 llc-0b3 1 0 0 0 0
l1i_u0-2 llc-0b4 1 0 0 0 0
l1i_u0-2 llc-0b5 1 0 0 0 0
l1i_u0-2 llc-0b6 1 0 0 0 0
l1i_u0-2 llc-0b7 1 0 0 0 0
l1i_u0-2 llc-0b8 1 0 0 0 0
l1i_u0-2 llc-0b9 1 0 0 0 0
l1i_u0-2 llc-0b10 1 0 0 0 0
l1i_u0-2 llc-0b11 1 0 0 0 0
l1i_u0-2 llc-0b12 1 0 0 0 0
l1i_u0-2 llc-0b13 1 0 0 0 0
l1i_u0-2 llc-0b14 1 0 0 0 0
l1i_u0-2 llc-0b15 1 0 0 0 0
l1i_u0-3 llc-0b0 1 0 0 0 0
l1i_u0-3 llc-0b1 1 0 0 0 0
l1i_u0-3 llc-0b2 1 0 0 0 0
l1i_u0-3 llc-0b3 1 0 0 0 0
l1i_u0-3 llc-0b4 1 0 0 0 0
l1i_u0-3 llc-0b5 1 0 0 0 0
l1i_u0-3 llc-0b6 1 0 0 0 0
l1i_u0-3 llc-0b7 1 0 0 0 0
l1i_u0-3 llc-0b8 1 0 0 0 0
l1i_u0-3 llc-0b9 1 0 0 0 0
l1i_u0-3 llc-0b10 1 0 0 0 0
l1i_u0-3 llc-0b11 1 0 0 0 0
l1i_u0-3 llc-0b12 1 0 0 0 0
l1i_u0-3 llc-0b13 1 0 0 0 0
l1i_u0-3 llc-0b14 1 0 0 0 0
l1i_u0-3 llc-0b15 1 0 0 0 0
l1i_u0-4 llc-0b0 1 0 0 0 0
l1i_u0-4 llc-0b1 1 0 0 0 0
l1i_u0-4 llc-0b2 1 0 0 0 0
l1i_u0-4 llc-0b3 1 0 0 0 0
l1i_u0-4 llc-0b4 1 0 0 0 0
l1i_u0-4 llc-0b5 1 0 0 0 0
l1i_u0-4 llc-0b6 1 0 0 0 0
l1i_u0-4 llc-0b7 1 0 0 0 0
l1i_u0-4 llc-0b8 1 0 0 0 0
l1i_u0-4 llc-0b9 1 0 0 0 0
l1i_u0-4 llc-0b10 1 0 0 0 0
l1i_u0-4 llc-0b11 1 0 0 0 0
l1i_u0-4 llc-0b12 1 0 0 0 0
l1i_u0-4 llc-0b13 1 0 0 0 0
l1i_u0-4 llc-0b14 1 0 0 0 0
l1i_u0-4 llc-0b15 1 0 0 0 0
l1i_u0-5 llc-0b0 1 0 0 0 0
l1i_u0-5 llc-0b1 1 0 0 0 0
l1i_u0-5 llc-0b2 1 0 0 0 0
l1i_u0-5 llc-0b3 1 0 0 0 0
l1i_u0-5 llc-0b4 1 0 0 0 0
l1i_u0-5 llc-0b5 1 0 0 0 0
l1i_u0-5 llc-0b6 1 0 0 0 0
l1i_u0-5 llc-0b7 1 0 0 0 0
l1i_u0-5 llc-0b8 1 0 0 0 0
l1i_u0-5 llc-0b9 1 0 0 0 0
l1i_u0-5 llc-0b10 1 0 0 0 0
l1i_u0-5 llc-0b11 1 0 0 0 0
l1i_u0-5 llc-0b12 1 0 0 0 0
l1i_u0-5 llc-0b13 1 0 0 0 0
l1i_u0-5 llc-0b14 1 0 0 0 0
l1i_u0-5 llc-0b15 1 0 0 0 0
l1i_u0-6 llc-0b0 1 0 0 0 0
l1i_u0-6 llc-0b1 1 0 0 0 0
l1i_u0-6 llc-0b2 1 0 0 0 0
l1i_u0-6 llc-0b3 1 0 0 0 0
l1i_u0-6 llc-0b4 1 0 0 0 0
l1i_u0-6 llc-0b5 1 0 0 0 0
l1i_u0-6 llc-0b6 1 0 0 0 0
l1i_u0-6 llc-0b7 1 0 0 0 0
l1i_u0-6 llc-0b8 1 0 0 0 0
l1i_u0-6 llc-0b9 1 0 0 0 0
l1i_u0-6 llc-0b10 1 0 0 0 0
l1i_u0-6 llc-0b11 1 0 0 0 0
l1i_u0-6 llc-0b12 1 0 0 0 0
l1i_u0-6 llc-0b13 1 0 0 0 0
l1i_u0-6 llc-0b14 1 0 0 0 0
l1i_u0-6 llc-0b15 1 0 0 0 0
l1i_u0-7 llc-0b0 1 0 0 0 0
l1i_u0-7 llc-0b1 1 0 0 0 0
l1i_u0-7 llc-0b2 1 0 0 0 0
l1i_u0-7 llc-0b3 1 0 0 0 0
l1i_u0-7 llc-0b4 1 0 0 0 0
l1i_u0-7 llc-0b5 1 0 0 0 0
l1i_u0-7 llc-0b6 1 0 0 0 0
l1i_u0-7 llc-0b7 1 0 0 0 0
l1i_u0-7 llc-0b8 1 0 0 0 0
l1i_u0-7 llc-0b9 1 0 0 0 0
l1i_u0-7 llc-0b10 1 0 0 0 0
l1i_u0-7 llc-0b11 1 0 0 0 0
l1i_u0-7 llc-0b12 1 0 0 0 0
l1i_u0-7 llc-0b13 1 0 0 0 0
l1i_u0-7 llc-0b14 1 0 0 0 0
l1i_u0-7 llc-0b15 1 0 0 0 0
l1i_u0-8 llc-0b0 1 0 0 0 0
l1i_u0-8 llc-0b1 1 0 0 0 0
l1i_u0-8 llc-0b2 1 0 0 0 0
l1i_u0-8 llc-0b3 1 0 0 0 0
l1i_u0-8 llc-0b4 1 0 0 0 0
l1i_u0-8 llc-0b5 1 0 0 0 0
l1i_u0-8 llc-0b6 1 0 0 0 0
l1i_u0-8 llc-0b7 1 0 0 0 0
l1i_u0-8 llc-0b8 1 0 0 0 0
l1i_u0-8 llc-0b9 1 0 0 0 0
l1i_u0-8 llc-0b10 1 0 0 0 0
l1i_u0-8 llc-0b11 1 0 0 0 0
l1i_u0-8 llc-0b12 1 0 0 0 0
l1i_u0-8 llc-0b13 1 0 0 0 0
l1i_u0-8 llc-0b14 1 0 0 0 0
l1i_u0-8 llc-0b15 1 0 0 0 0
l1i_u0-9 llc-0b0 1 0 0 0 0
l1i_u0-9 llc-0b1 1 0 0 0 0
l1i_u0-9 llc-0b2 1 0 0 0 0
l1i_u0-9 llc-0b3 1 0 0 0 0
l1i_u0-9 llc-0b4 1 0 0 0 0
l1i_u0-9 llc-0b5 1 0 0 0 0
l1i_u0-9 llc-0b6 1 0 0 0 0
l1i_u0-9 llc-0b7 1 0 0 0 0
l1i_u0-9 llc-0b8 1 0 0 0 0
l1i_u0-9 llc-0b9 1 0 0 0 0
l1i_u0-9 llc-0b10 1 0 0 0 0
l1i_u0-9 llc-0b11 1 0 0 0 0
l1i_u0-9 llc-0b12 1 0 0 0 0
l1i_u0-9 llc-0b13 1 0 0 0 0
l1i_u0-9 llc-0b14 1 0 0 0 0
l1i_u0-9 llc-0b15 1 0 0 0 0
l1i_u0-10 llc-0b0 1 0 0 0 0
l1i_u0-10 llc-0b1 1 0 0 0 0
l1i_u0-10 llc-0b2 1 0 0 0 0
l1i_u0-10 llc-0b3 1 0 0 0 0
l1i_u0-10 llc-0b4 1 0 0 0 0
l1i_u0-10 llc-0b5 1 0 0 0 0
l1i_u0-10 llc-0b6 1 0 0 0 0
l1i_u0-10 llc-0b7 1 0 0 0 0
l1i_u0-10 llc-0b8 1 0 0 0 0
l1i_u0-10 llc-0b9 1 0 0 0 0
l1i_u0-10 llc-0b10 1 0 0 0 0
l1i_u0-10 llc-0b11 1 0 0 0 0
l1i_u0-10 llc-0b12 1 0 0 0 0
l1i_u0-10 llc-0b13 1 0 0 0 0
l1i_u0-10 llc-0b14 1 0 0 0 0
l1i_u0-10 llc-0b15 1 0 0 0 0
l1i_u0-11 llc-0b0 1 0 0 0 0
l1i_u0-11 llc-0b1 1 0 0 0 0
l1i_u0-11 llc-0b2 1 0 0 0 0
l1i_u0-11 llc-0b3 1 0 0 0 0
l1i_u0-11 llc-0b4 1 0 0 0 0
l1i_u0-11 llc-0b5 1 0 0 0 0
l1i_u0-11 llc-0b6 1 0 0 0 0
l1i_u0-11 llc-0b7 1 0 0 0 0
l1i_u0-11 llc-0b8 1 0 0 0 0
l1i_u0-11 llc-0b9 1 0 0 0 0
l1i_u0-11 llc-0b10 1 0 0 0 0
l1i_u0-11 llc-0b11 1 0 0 0 0
l1i_u0-11 llc-0b12 1 0 0 0 0
l1i_u0-11 llc-0b13 1 0 0 0 0
l1i_u0-11 llc-0b14 1 0 0 0 0
l1i_u0-11 llc-0b15 1 0 0 0 0
l1i_u0-12 llc-0b0 1 0 0 0 0
l1i_u0-12 llc-0b1 1 0 0 0 0
l1i_u0-12 llc-0b2 1 0 0 0 0
l1i_u0-12 llc-0b3 1 0 0 0 0
l1i_u0-12 llc-0b4 1 0 0 0 0
l1i_u0-12 llc-0b5 1 0 0 0 0
l1i_u0-12 llc-0b6 1 0 0 0 0
l1i_u0-12 llc-0b7 1 0 0 0 0
l1i_u0-12 llc-0b8 1 0 0 0 0
l1i_u0-12 llc-0b9 1 0 0 0 0
l1i_u0-12 llc-0b10 1 0 0 0 0
l1i_u0-12 llc-0b11 1 0 0 0 0
l1i_u0-12 llc-0b12 1 0 0 0 0
l1i_u0-12 llc-0b13 1 0 0 0 0
l1i_u0-12 llc-0b14 1 0 0 0 0
l1i_u0-12 llc-0b15 1 0 0 0 0
l1i_u0-13 llc-0b0 1 0 0 0 0
l1i_u0-13 llc-0b1 1 0 0 0 0
l1i_u0-13 llc-0b2 1 0 0 0 0
l1i_u0-13 llc-0b3 1 0 0 0 0
l1i_u0-13 llc-0b4 1 0 0 0 0
l1i_u0-13 llc-0b5 1 0 0 0 0
l1i_u0-13 llc-0b6 1 0 0 0 0
l1i_u0-13 llc-0b7 1 0 0 0 0
l1i_u0-13 llc-0b8 1 0 0 0 0
l1i_u0-13 llc-0b9 1 0 0 0 0
l1i_u0-13 llc-0b10 1 0 0 0 0
l1i_u0-13 llc-0b11 1 0 0 0 0
l1i_u0-13 llc-0b12 1 0 0 0 0
l1i_u0-13 llc-0b13 1 0 0 0 0
l1i_u0-13 llc-0b14 1 0 0 0 0
l1i_u0-13 llc-0b15 1 0 0 0 0
l1i_u0-14 llc-0b0 1 0 0 0 0
l1i_u0-14 llc-0b1 1 0 0 0 0
l1i_u0-14 llc-0b2 1 0 0 0 0
l1i_u0-14 llc-0b3 1 0 0 0 0
l1i_u0-14 llc-0b4 1 0 0 0 0
l1i_u0-14 llc-0b5 1 0 0 0 0
l1i_u0-14 llc-0b6 1 0 0 0 0
l1i_u0-14 llc-0b7 1 0 0 0 0
l1i_u0-14 llc-0b8 1 0 0 0 0
l1i_u0-14 llc-0b9 1 0 0 0 0
l1i_u0-14 llc-0b10 1 0 0 0 0
l1i_u0-14 llc-0b11 1 0 0 0 0
l1i_u0-14 llc-0b12 1 0 0 0 0
l1i_u0-14 llc-0b13 1 0 0 0 0
l1i_u0-14 llc-0b14 1 0 0 0 0
l1i_u0-14 llc-0b15 1 0 0 0 0
l1i_u0-15 llc-0b0 1 0 0 0 0
l1i_u0-15 llc-0b1 1 0 0 0 0
l1i_u0-15 llc-0b2 1 0 0 0 0
l1i_u0-15 llc-0b3 1 0 0 0 0
l1i_u0-15 llc-0b4 1 0 0 0 0
l1i_u0-15 llc-0b5 1 0 0 0 0
l1i_u0-15 llc-0b6 1 0 0 0 0
l1i_u0-15 llc-0b7 1 0 0 0 0
l1i_u0-15 llc-0b8 1 0 0 0 0
l1i_u0-15 llc-0b9 1 0 0 0 0
l1i_u0-15 llc-0b10 1 0 0 0 0
l1i_u0-15 llc-0b11 1 0 0 0 0
l1i_u0-15 llc-0b12 1 0 0 0 0
l1i_u0-15 llc-0b13 1 0 0 0 0
l1i_u0-15 llc-0b14 1 0 0 0 0
l1i_u0-15 llc-0b15 1 0 0 0 0
l1d_u0-0 llc-0b0 1 0 0 0 0
l1d_u0-0 llc-0b1 1 0 0 0 0
l1d_u0-0 llc-0b2 1 0 0 0 0
l1d_u0-0 llc-0b3 1 0 0 0 0
l1d_u0-0 llc-0b4 1 0 0 0 0
l1d_u0-0 llc-0b5 1 0 0 0 0
l1d_u0-0 llc-0b6 1 0 0 0 0
l1d_u0-0 llc-0b7 1 0 0 0 0
l1d_u0-0 llc-0b8 1 0 0 0 0
l1d_u0-0 llc-0b9 1 0 0 0 0
l1d_u0-0 llc-0b10 1 0 0 0 0
l1d_u0-0 llc-0b11 1 0 0 0 0
l1d_u0-0 llc-0b12 1 0 0 0 0
l1d_u0-0 llc-0b13 1 0 0 0 0
l1d_u0-0 llc-0b14 1 0 0 0 0
l1d_u0-0 llc-0b15 1 0 0 0 0
l1d_u0-1 llc-0b0 1 0 0 0 0
l1d_u0-1 llc-0b1 1 0 0 0 0
l1d_u0-1 llc-0b2 1 0 0 0 0
l1d_u0-1 llc-0b3 1 0 0 0 0
l1d_u0-1 llc-0b4 1 0 0 0 0
l1d_u0-1 llc-0b5 1 0 0 0 0
l1d_u0-1 llc-0b6 1 0 0 0 0
l1d_u0-1 llc-0b7 1 0 0 0 0
l1d_u0-1 llc-0b8 1 0 0 0 0
l1d_u0-1 llc-0b9 1 0 0 0 0
l1d_u0-1 llc-0b10 1 0 0 0 0
l1d_u0-1 llc-0b11 1 0 0 0 0
l1d_u0-1 llc-0b12 1 0 0 0 0
l1d_u0-1 llc-0b13 1 0 0 0 0
l1d_u0-1 llc-0b14 1 0 0 0 0
l1d_u0-1 llc-0b15 1 0 0 0 0
l1d_u0-2 llc-0b0 1 0 0 0 0
l1d_u0-2 llc-0b1 1 0 0 0 0
l1d_u0-2 llc-0b2 1 0 0 0 0
l1d_u0-2 llc-0b3 1 0 0 0 0
l1d_u0-2 llc-0b4 1 0 0 0 0
l1d_u0-2 llc-0b5 1 0 0 0 0
l1d_u0-2 llc-0b6 1 0 0 0 0
l1d_u0-2 llc-0b7 1 0 0 0 0
l1d_u0-2 llc-0b8 1 0 0 0 0
l1d_u0-2 llc-0b9 1 0 0 0 0
l1d_u0-2 llc-0b10 1 0 0 0 0
l1d_u0-2 llc-0b11 1 0 0 0 0
l1d_u0-2 llc-0b12 1 0 0 0 0
l1d_u0-2 llc-0b13 1 0 0 0 0
l1d_u0-2 llc-0b14 1 0 0 0 0
l1d_u0-2 llc-0b15 1 0 0 0 0
l1d_u0-3 llc-0b0 1 0 0 0 0
l1d_u0-3 llc-0b1 1 0 0 0 0
l1d_u0-3 llc-0b2 1 0 0 0 0
l1d_u0-3 llc-0b3 1 0 0 0 0
l1d_u0-3 llc-0b4 1 0 0 0 0
l1d_u0-3 llc-0b5 1 0 0 0 0
l1d_u0-3 llc-0b6 1 0 0 0 0
l1d_u0-3 llc-0b7 1 0 0 0 0
l1d_u0-3 llc-0b8 1 0 0 0 0
l1d_u0-3 llc-0b9 1 0 0 0 0
l1d_u0-3 llc-0b10 1 0 0 0 0
l1d_u0-3 llc-0b11 1 0 0 0 0
l1d_u0-3 llc-0b12 1 0 0 0 0
l1d_u0-3 llc-0b13 1 0 0 0 0
l1d_u0-3 llc-0b14 1 0 0 0 0
l1d_u0-3 llc-0b15 1 0 0 0 0
l1d_u0-4 llc-0b0 1 0 0 0 0
l1d_u0-4 llc-0b1 1 0 0 0 0
l1d_u0-4 llc-0b2 1 0 0 0 0
l1d_u0-4 llc-0b3 1 0 0 0 0
l1d_u0-4 llc-0b4 1 0 0 0 0
l1d_u0-4 llc-0b5 1 0 0 0 0
l1d_u0-4 llc-0b6 1 0 0 0 0
l1d_u0-4 llc-0b7 1 0 0 0 0
l1d_u0-4 llc-0b8 1 0 0 0 0
l1d_u0-4 llc-0b9 1 0 0 0 0
l1d_u0-4 llc-0b10 1 0 0 0 0
l1d_u0-4 llc-0b11 1 0 0 0 0
l1d_u0-4 llc-0b12 1 0 0 0 0
l1d_u0-4 llc-0b13 1 0 0 0 0
l1d_u0-4 llc-0b14 1 0 0 0 0
l1d_u0-4 llc-0b15 1 0 0 0 0
l1d_u0-5 llc-0b0 1 0 0 0 0
l1d_u0-5 llc-0b1 1 0 0 0 0
l1d_u0-5 llc-0b2 1 0 0 0 0
l1d_u0-5 llc-0b3 1 0 0 0 0
l1d_u0-5 llc-0b4 1 0 0 0 0
l1d_u0-5 llc-0b5 1 0 0 0 0
l1d_u0-5 llc-0b6 1 0 0 0 0
l1d_u0-5 llc-0b7 1 0 0 0 0
l1d_u0-5 llc-0b8 1 0 0 0 0
l1d_u0-5 llc-0b9 1 0 0 0 0
l1d_u0-5 llc-0b10 1 0 0 0 0
l1d_u0-5 llc-0b11 1 0 0 0 0
l1d_u0-5 llc-0b12 1 0 0 0 0
l1d_u0-5 llc-0b13 1 0 0 0 0
l1d_u0-5 llc-0b14 1 0 0 0 0
l1d_u0-5 llc-0b15 1 0 0 0 0
l1d_u0-6 llc-0b0 1 0 0 0 0
l1d_u0-6 llc-0b1 1 0 0 0 0
l1d_u0-6 llc-0b2 1 0 0 0 0
l1d_u0-6 llc-0b3 1 0 0 0 0
l1d_u0-6 llc-0b4 1 0 0 0 0
l1d_u0-6 llc-0b5 1 0 0 0 0
l1d_u0-6 llc-0b6 1 0 0 0 0
l1d_u0-6 llc-0b7 1 0 0 0 0
l1d_u0-6 llc-0b8 1 0 0 0 0
l1d_u0-6 llc-0b9 1 0 0 0 0
l1d_u0-6 llc-0b10 1 0 0 0 0
l1d_u0-6 llc-0b11 1 0 0 0 0
l1d_u0-6 llc-0b12 1 0 0 0 0
l1d_u0-6 llc-0b13 1 0 0 0 0
l1d_u0-6 llc-0b14 1 0 0 0 0
l1d_u0-6 llc-0b15 1 0 0 0 0
l1d_u0-7 llc-0b0 1 0 0 0 0
l1d_u0-7 llc-0b1 1 0 0 0 0
l1d_u0-7 llc-0b2 1 0 0 0 0
l1d_u0-7 llc-0b3 1 0 0 0 0
l1d_u0-7 llc-0b4 1 0 0 0 0
l1d_u0-7 llc-0b5 1 0 0 0 0
l1d_u0-7 llc-0b6 1 0 0 0 0
l1d_u0-7 llc-0b7 1 0 0 0 0
l1d_u0-7 llc-0b8 1 0 0 0 0
l1d_u0-7 llc-0b9 1 0 0 0 0
l1d_u0-7 llc-0b10 1 0 0 0 0
l1d_u0-7 llc-0b11 1 0 0 0 0
l1d_u0-7 llc-0b12 1 0 0 0 0
l1d_u0-7 llc-0b13 1 0 0 0 0
l1d_u0-7 llc-0b14 1 0 0 0 0
l1d_u0-7 llc-0b15 1 0 0 0 0
l1d_u0-8 llc-0b0 1 0 0 0 0
l1d_u0-8 llc-0b1 1 0 0 0 0
l1d_u0-8 llc-0b2 1 0 0 0 0
l1d_u0-8 llc-0b3 1 0 0 0 0
l1d_u0-8 llc-0b4 1 0 0 0 0
l1d_u0-8 llc-0b5 1 0 0 0 0
l1d_u0-8 llc-0b6 1 0 0 0 0
l1d_u0-8 llc-0b7 1 0 0 0 0
l1d_u0-8 llc-0b8 1 0 0 0 0
l1d_u0-8 llc-0b9 1 0 0 0 0
l1d_u0-8 llc-0b10 1 0 0 0 0
l1d_u0-8 llc-0b11 1 0 0 0 0
l1d_u0-8 llc-0b12 1 0 0 0 0
l1d_u0-8 llc-0b13 1 0 0 0 0
l1d_u0-8 llc-0b14 1 0 0 0 0
l1d_u0-8 llc-0b15 1 0 0 0 0
l1d_u0-9 llc-0b0 1 0 0 0 0
l1d_u0-9 llc-0b1 1 0 0 0 0
l1d_u0-9 llc-0b2 1 0 0 0 0
l1d_u0-9 llc-0b3 1 0 0 0 0
l1d_u0-9 llc-0b4 1 0 0 0 0
l1d_u0-9 llc-0b5 1 0 0 0 0
l1d_u0-9 llc-0b6 1 0 0 0 0
l1d_u0-9 llc-0b7 1 0 0 0 0
l1d_u0-9 llc-0b8 1 0 0 0 0
l1d_u0-9 llc-0b9 1 0 0 0 0
l1d_u0-9 llc-0b10 1 0 0 0 0
l1d_u0-9 llc-0b11 1 0 0 0 0
l1d_u0-9 llc-0b12 1 0 0 0 0
l1d_u0-9 llc-0b13 1 0 0 0 0
l1d_u0-9 llc-0b14 1 0 0 0 0
l1d_u0-9 llc-0b15 1 0 0 0 0
l1d_u0-10 llc-0b0 1 0 0 0 0
l1d_u0-10 llc-0b1 1 0 0 0 0
l1d_u0-10 llc-0b2 1 0 0 0 0
l1d_u0-10 llc-0b3 1 0 0 0 0
l1d_u0-10 llc-0b4 1 0 0 0 0
l1d_u0-10 llc-0b5 1 0 0 0 0
l1d_u0-10 llc-0b6 1 0 0 0 0
l1d_u0-10 llc-0b7 1 0 0 0 0
l1d_u0-10 llc-0b8 1 0 0 0 0
l1d_u0-10 llc-0b9 1 0 0 0 0
l1d_u0-10 llc-0b10 1 0 0 0 0
l1d_u0-10 llc-0b11 1 0 0 0 0
l1d_u0-10 llc-0b12 1 0 0 0 0
l1d_u0-10 llc-0b13 1 0 0 0 0
l1d_u0-10 llc-0b14 1 0 0 0 0
l1d_u0-10 llc-0b15 1 0 0 0 0
l1d_u0-11 llc-0b0 1 0 0 0 0
l1d_u0-11 llc-0b1 1 0 0 0 0
l1d_u0-11 llc-0b2 1 0 0 0 0
l1d_u0-11 llc-0b3 1 0 0 0 0
l1d_u0-11 llc-0b4 1 0 0 0 0
l1d_u0-11 llc-0b5 1 0 0 0 0
l1d_u0-11 llc-0b6 1 0 0 0 0
l1d_u0-11 llc-0b7 1 0 0 0 0
l1d_u0-11 llc-0b8 1 0 0 0 0
l1d_u0-11 llc-0b9 1 0 0 0 0
l1d_u0-11 llc-0b10 1 0 0 0 0
l1d_u0-11 llc-0b11 1 0 0 0 0
l1d_u0-11 llc-0b12 1 0 0 0 0
l1d_u0-11 llc-0b13 1 0 0 0 0
l1d_u0-11 llc-0b14 1 0 0 0 0
l1d_u0-11 llc-0b15 1 0 0 0 0
l1d_u0-12 llc-0b0 1 0 0 0 0
l1d_u0-12 llc-0b1 1 0 0 0 0
l1d_u0-12 llc-0b2 1 0 0 0 0
l1d_u0-12 llc-0b3 1 0 0 0 0
l1d_u0-12 llc-0b4 1 0 0 0 0
l1d_u0-12 llc-0b5 1 0 0 0 0
l1d_u0-12 llc-0b6 1 0 0 0 0
l1d_u0-12 llc-0b7 1 0 0 0 0
l1d_u0-12 llc-0b8 1 0 0 0 0
l1d_u0-12 llc-0b9 1 0 0 0 0
l1d_u0-12 llc-0b10 1 0 0 0 0
l1d_u0-12 llc-0b11 1 0 0 0 0
l1d_u0-12 llc-0b12 1 0 0 0 0
l1d_u0-12 llc-0b13 1 0 0 0 0
l1d_u0-12 llc-0b14 1 0 0 0 0
l1d_u0-12 llc-0b15 1 0 0 0 0
l1d_u0-13 llc-0b0 1 0 0 0 0
l1d_u0-13 llc-0b1 1 0 0 0 0
l1d_u0-13 llc-0b2 1 0 0 0 0
l1d_u0-13 llc-0b3 1 0 0 0 0
l1d_u0-13 llc-0b4 1 0 0 0 0
l1d_u0-13 llc-0b5 1 0 0 0 0
l1d_u0-13 llc-0b6 1 0 0 0 0
l1d_u0-13 llc-0b7 1 0 0 0 0
l1d_u0-13 llc-0b8 1 0 0 0 0
l1d_u0-13 llc-0b9 1 0 0 0 0
l1d_u0-13 llc-0b10 1 0 0 0 0
l1d_u0-13 llc-0b11 1 0 0 0 0
l1d_u0-13 llc-0b12 1 0 0 0 0
l1d_u0-13 llc-0b13 1 0 0 0 0
l1d_u0-13 llc-0b14 1 0 0 0 0
l1d_u0-13 llc-0b15 1 0 0 0 0
l1d_u0-14 llc-0b0 1 0 0 0 0
l1d_u0-14 llc-0b1 1 0 0 0 0
l1d_u0-14 llc-0b2 1 0 0 0 0
l1d_u0-14 llc-0b3 1 0 0 0 0
l1d_u0-14 llc-0b4 1 0 0 0 0
l1d_u0-14 llc-0b5 1 0 0 0 0
l1d_u0-14 llc-0b6 1 0 0 0 0
l1d_u0-14 llc-0b7 1 0 0 0 0
l1d_u0-14 llc-0b8 1 0 0 0 0
l1d_u0-14 llc-0b9 1 0 0 0 0
l1d_u0-14 llc-0b10 1 0 0 0 0
l1d_u0-14 llc-0b11 1 0 0 0 0
l1d_u0-14 llc-0b12 1 0 0 0 0
l1d_u0-14 llc-0b13 1 0 0 0 0
l1d_u0-14 llc-0b14 1 0 0 0 0
l1d_u0-14 llc-0b15 1 0 0 0 0
l1d_u0-15 llc-0b0 1 0 0 0 0
l1d_u0-15 llc-0b1 1 0 0 0 0
l1d_u0-15 llc-0b2 1 0 0 0 0
l1d_u0-15 llc-0b3 1 0 0 0 0
l1d_u0-15 llc-0b4 1 0 0 0 0
l1d_u0-15 llc-0b5 1 0 0 0 0
l1d_u0-15 llc-0b6 1 0 0 0 0
l1d_u0-15 llc-0b7 1 0 0 0 0
l1d_u0-15 llc-0b8 1 0 0 0 0
l1d_u0-15 llc-0b9 1 0 0 0 0
l1d_u0-15 llc-0b10 1 0 0 0 0
l1d_u0-15 llc-0b11 1 0 0 0 0
l1d_u0-15 llc-0b12 1 0 0 0 0
l1d_u0-15 llc-0b13 1 0 0 0 0
l1d_u0-15 llc-0b14 1 0 0 0 0
l1d_u0-15 llc-0b15 1 0 0 0 0
l1i_u1-0 llc-0b0 1 1 0 1 0
l1i_u1-0 llc-0b1 1 1 0 1 0
l1i_u1-0 llc-0b2 1 1 0 1 0
l1i_u1-0 llc-0b3 1 1 0 1 0
l1i_u1-0 llc-0b4 1 1 0 1 0
l1i_u1-0 llc-0b5 1 1 0 1 0
l1i_u1-0 llc-0b6 1 1 0 1 0
l1i_u1-0 llc-0b7 1 1 0 1 0
l1i_u1-0 llc-0b8 1 1 0 1 0
l1i_u1-0 llc-0b9 1 1 0 1 0
l1i_u1-0 llc-0b10 1 1 0 1 0
l1i_u1-0 llc-0b11 1 1 0 1 0
l1i_u1-0 llc-0b12 1 1 0 1 0
l1i_u1-0 llc-0b13 1 1 0 1 0
l1i_u1-0 llc-0b14 1 1 0 1 0
l1i_u1-0 llc-0b15 1 1 0 1 0
l1i_u1-1 llc-0b0 1 1 0 1 0
l1i_u1-1 llc-0b1 1 1 0 1 0
l1i_u1-1 llc-0b2 1 1 0 1 0
l1i_u1-1 llc-0b3 1 1 0 1 0
l1i_u1-1 llc-0b4 1 1 0 1 0
l1i_u1-1 llc-0b5 1 1 0 1 0
l1i_u1-1 llc-0b6 1 1 0 1 0
l1i_u1-1 llc-0b7 1 1 0 1 0
l1i_u1-1 llc-0b8 1 1 0 1 0
l1i_u1-1 llc-0b9 1 1 0 1 0
l1i_u1-1 llc-0b10 1 1 0 1 0
l1i_u1-1 llc-0b11 1 1 0 1 0
l1i_u1-1 llc-0b12 1 1 0 1 0
l1i_u1-1 llc-0b13 1 1 0 1 0
l1i_u1-1 llc-0b14 1 1 0 1 0
l1i_u1-1 llc-0b15 1 1 0 1 0
l1i_u1-2 llc-0b0 1 1 0 1 0
l1i_u1-2 llc-0b1 1 1 0 1 0
l1i_u1-2 llc-0b2 1 1 0 1 0
l1i_u1-2 llc-0b3 1 1 0 1 0
l1i_u1-2 llc-0b4 1 1 0 1 0
l1i_u1-2 llc-0b5 1 1 0 1 0
l1i_u1-2 llc-0b6 1 1 0 1 0
l1i_u1-2 llc-0b7 1 1 0 1 0
l1i_u1-2 llc-0b8 1 1 0 1 0
l1i_u1-2 llc-0b9 1 1 0 1 0
l1i_u1-2 llc-0b10 1 1 0 1 0
l1i_u1-2 llc-0b11 1 1 0 1 0
l1i_u1-2 llc-0b12 1 1 0 1 0
l1i_u1-2 llc-0b13 1 1 0 1 0
l1i_u1-2 llc-0b14 1 1 0 1 0
l1i_u1-2 llc-0b15 1 1 0 1 0
l1i_u1-3 llc-0b0 1 1 0 1 0
l1i_u1-3 llc-0b1 1 1 0 1 0
l1i_u1-3 llc-0b2 1 1 0 1 0
l1i_u1-3 llc-0b3 1 1 0 1 0
l1i_u1-3 llc-0b4 1 1 0 1 0
l1i_u1-3 llc-0b5 1 1 0 1 0
l1i_u1-3 llc-0b6 1 1 0 1 0
l1i_u1-3 llc-0b7 1 1 0 1 0
l1i_u1-3 llc-0b8 1 1 0 1 0
l1i_u1-3 llc-0b9 1 1 0 1 0
l1i_u1-3 llc-0b10 1 1 0 1 0
l1i_u1-3 llc-0b11 1 1 0 1 0
l1i_u1-3 llc-0b12 1 1 0 1 0
l1i_u1-3 llc-0b13 1 1 0 1 0
l1i_u1-3 llc-0b14 1 1 0 1 0
l1i_u1-3 llc-0b15 1 1 0 1 0
l1i_u1-4 llc-0b0 1 1 0 1 0
l1i_u1-4 llc-0b1 1 1 0 1 0
l1i_u1-4 llc-0b2 1 1 0 1 0
l1i_u1-4 llc-0b3 1 1 0 1 0
l1i_u1-4 llc-0b4 1 1 0 1 0
l1i_u1-4 llc-0b5 1 1 0 1 0
l1i_u1-4 llc-0b6 1 1 0 1 0
l1i_u1-4 llc-0b7 1 1 0 1 0
l1i_u1-4 llc-0b8 1 1 0 1 0
l1i_u1-4 llc-0b9 1 1 0 1 0
l1i_u1-4 llc-0b10 1 1 0 1 0
l1i_u1-4 llc-0b11 1 1 0 1 0
l1i_u1-4 llc-0b12 1 1 0 1 0
l1i_u1-4 llc-0b13 1 1 0 1 0
l1i_u1-4 llc-0b14 1 1 0 1 0
l1i_u1-4 llc-0b15 1 1 0 1 0
l1i_u1-5 llc-0b0 1 1 0 1 0
l1i_u1-5 llc-0b1 1 1 0 1 0
l1i_u1-5 llc-0b2 1 1 0 1 0
l1i_u1-5 llc-0b3 1 1 0 1 0
l1i_u1-5 llc-0b4 1 1 0 1 0
l1i_u1-5 llc-0b5 1 1 0 1 0
l1i_u1-5 llc-0b6 1 1 0 1 0
l1i_u1-5 llc-0b7 1 1 0 1 0
l1i_u1-5 llc-0b8 1 1 0 1 0
l1i_u1-5 llc-0b9 1 1 0 1 0
l1i_u1-5 llc-0b10 1 1 0 1 0
l1i_u1-5 llc-0b11 1 1 0 1 0
l1i_u1-5 llc-0b12 1 1 0 1 0
l1i_u1-5 llc-0b13 1 1 0 1 0
l1i_u1-5 llc-0b14 1 1 0 1 0
l1i_u1-5 llc-0b15 1 1 0 1 0
l1i_u1-6 llc-0b0 1 1 0 1 0
l1i_u1-6 llc-0b1 1 1 0 1 0
l1i_u1-6 llc-0b2 1 1 0 1 0
l1i_u1-6 llc-0b3 1 1 0 1 0
l1i_u1-6 llc-0b4 1 1 0 1 0
l1i_u1-6 llc-0b5 1 1 0 1 0
l1i_u1-6 llc-0b6 1 1 0 1 0
l1i_u1-6 llc-0b7 1 1 0 1 0
l1i_u1-6 llc-0b8 1 1 0 1 0
l1i_u1-6 llc-0b9 1 1 0 1 0
l1i_u1-6 llc-0b10 1 1 0 1 0
l1i_u1-6 llc-0b11 1 1 0 1 0
l1i_u1-6 llc-0b12 1 1 0 1 0
l1i_u1-6 llc-0b13 1 1 0 1 0
l1i_u1-6 llc-0b14 1 1 0 1 0
l1i_u1-6 llc-0b15 1 1 0 1 0
l1i_u1-7 llc-0b0 1 1 0 1 0
l1i_u1-7 llc-0b1 1 1 0 1 0
l1i_u1-7 llc-0b2 1 1 0 1 0
l1i_u1-7 llc-0b3 1 1 0 1 0
l1i_u1-7 llc-0b4 1 1 0 1 0
l1i_u1-7 llc-0b5 1 1 0 1 0
l1i_u1-7 llc-0b6 1 1 0 1 0
l1i_u1-7 llc-0b7 1 1 0 1 0
l1i_u1-7 llc-0b8 1 1 0 1 0
l1i_u1-7 llc-0b9 1 1 0 1 0
l1i_u1-7 llc-0b10 1 1 0 1 0
l1i_u1-7 llc-0b11 1 1 0 1 0
l1i_u1-7 llc-0b12 1 1 0 1 0
l1i_u1-7 llc-0b13 1 1 0 1 0
l1i_u1-7 llc-0b14 1 1 0 1 0
l1i_u1-7 llc-0b15 1 1 0 1 0
l1i_u1-8 llc-0b0 1 1 0 1 0
l1i_u1-8 llc-0b1 1 1 0 1 0
l1i_u1-8 llc-0b2 1 1 0 1 0
l1i_u1-8 llc-0b3 1 1 0 1 0
l1i_u1-8 llc-0b4 1 1 0 1 0
l1i_u1-8 llc-0b5 1 1 0 1 0
l1i_u1-8 llc-0b6 1 1 0 1 0
l1i_u1-8 llc-0b7 1 1 0 1 0
l1i_u1-8 llc-0b8 1 1 0 1 0
l1i_u1-8 llc-0b9 1 1 0 1 0
l1i_u1-8 llc-0b10 1 1 0 1 0
l1i_u1-8 llc-0b11 1 1 0 1 0
l1i_u1-8 llc-0b12 1 1 0 1 0
l1i_u1-8 llc-0b13 1 1 0 1 0
l1i_u1-8 llc-0b14 1 1 0 1 0
l1i_u1-8 llc-0b15 1 1 0 1 0
l1i_u1-9 llc-0b0 1 1 0 1 0
l1i_u1-9 llc-0b1 1 1 0 1 0
l1i_u1-9 llc-0b2 1 1 0 1 0
l1i_u1-9 llc-0b3 1 1 0 1 0
l1i_u1-9 llc-0b4 1 1 0 1 0
l1i_u1-9 llc-0b5 1 1 0 1 0
l1i_u1-9 llc-0b6 1 1 0 1 0
l1i_u1-9 llc-0b7 1 1 0 1 0
l1i_u1-9 llc-0b8 1 1 0 1 0
l1i_u1-9 llc-0b9 1 1 0 1 0
l1i_u1-9 llc-0b10 1 1 0 1 0
l1i_u1-9 llc-0b11 1 1 0 1 0
l1i_u1-9 llc-0b12 1 1 0 1 0
l1i_u1-9 llc-0b13 1 1 0 1 0
l1i_u1-9 llc-0b14 1 1 0 1 0
l1i_u1-9 llc-0b15 1 1 0 1 0
l1i_u1-10 llc-0b0 1 1 0 1 0
l1i_u1-10 llc-0b1 1 1 0 1 0
l1i_u1-10 llc-0b2 1 1 0 1 0
l1i_u1-10 llc-0b3 1 1 0 1 0
l1i_u1-10 llc-0b4 1 1 0 1 0
l1i_u1-10 llc-0b5 1 1 0 1 0
l1i_u1-10 llc-0b6 1 1 0 1 0
l1i_u1-10 llc-0b7 1 1 0 1 0
l1i_u1-10 llc-0b8 1 1 0 1 0
l1i_u1-10 llc-0b9 1 1 0 1 0
l1i_u1-10 llc-0b10 1 1 0 1 0
l1i_u1-10 llc-0b11 1 1 0 1 0
l1i_u1-10 llc-0b12 1 1 0 1 0
l1i_u1-10 llc-0b13 1 1 0 1 0
l1i_u1-10 llc-0b14 1 1 0 1 0
l1i_u1-10 llc-0b15 1 1 0 1 0
l1i_u1-11 llc-0b0 1 1 0 1 0
l1i_u1-11 llc-0b1 1 1 0 1 0
l1i_u1-11 llc-0b2 1 1 0 1 0
l1i_u1-11 llc-0b3 1 1 0 1 0
l1i_u1-11 llc-0b4 1 1 0 1 0
l1i_u1-11 llc-0b5 1 1 0 1 0
l1i_u1-11 llc-0b6 1 1 0 1 0
l1i_u1-11 llc-0b7 1 1 0 1 0
l1i_u1-11 llc-0b8 1 1 0 1 0
l1i_u1-11 llc-0b9 1 1 0 1 0
l1i_u1-11 llc-0b10 1 1 0 1 0
l1i_u1-11 llc-0b11 1 1 0 1 0
l1i_u1-11 llc-0b12 1 1 0 1 0
l1i_u1-11 llc-0b13 1 1 0 1 0
l1i_u1-11 llc-0b14 1 1 0 1 0
l1i_u1-11 llc-0b15 1 1 0 1 0
l1i_u1-12 llc-0b0 1 1 0 1 0
l1i_u1-12 llc-0b1 1 1 0 1 0
l1i_u1-12 llc-0b2 1 1 0 1 0
l1i_u1-12 llc-0b3 1 1 0 1 0
l1i_u1-12 llc-0b4 1 1 0 1 0
l1i_u1-12 llc-0b5 1 1 0 1 0
l1i_u1-12 llc-0b6 1 1 0 1 0
l1i_u1-12 llc-0b7 1 1 0 1 0
l1i_u1-12 llc-0b8 1 1 0 1 0
l1i_u1-12 llc-0b9 1 1 0 1 0
l1i_u1-12 llc-0b10 1 1 0 1 0
l1i_u1-12 llc-0b11 1 1 0 1 0
l1i_u1-12 llc-0b12 1 1 0 1 0
l1i_u1-12 llc-0b13 1 1 0 1 0
l1i_u1-12 llc-0b14 1 1 0 1 0
l1i_u1-12 llc-0b15 1 1 0 1 0
l1i_u1-13 llc-0b0 1 1 0 1 0
l1i_u1-13 llc-0b1 1 1 0 1 0
l1i_u1-13 llc-0b2 1 1 0 1 0
l1i_u1-13 llc-0b3 1 1 0 1 0
l1i_u1-13 llc-0b4 1 1 0 1 0
l1i_u1-13 llc-0b5 1 1 0 1 0
l1i_u1-13 llc-0b6 1 1 0 1 0
l1i_u1-13 llc-0b7 1 1 0 1 0
l1i_u1-13 llc-0b8 1 1 0 1 0
l1i_u1-13 llc-0b9 1 1 0 1 0
l1i_u1-13 llc-0b10 1 1 0 1 0
l1i_u1-13 llc-0b11 1 1 0 1 0
l1i_u1-13 llc-0b12 1 1 0 1 0
l1i_u1-13 llc-0b13 1 1 0 1 0
l1i_u1-13 llc-0b14 1 1 0 1 0
l1i_u1-13 llc-0b15 1 1 0 1 0
l1i_u1-14 llc-0b0 1 1 0 1 0
l1i_u1-14 llc-0b1 1 1 0 1 0
l1i_u1-14 llc-0b2 1 1 0 1 0
l1i_u1-14 llc-0b3 1 1 0 1 0
l1i_u1-14 llc-0b4 1 1 0 1 0
l1i_u1-14 llc-0b5 1 1 0 1 0
l1i_u1-14 llc-0b6 1 1 0 1 0
l1i_u1-14 llc-0b7 1 1 0 1 0
l1i_u1-14 llc-0b8 1 1 0 1 0
l1i_u1-14 llc-0b9 1 1 0 1 0
l1i_u1-14 llc-0b10 1 1 0 1 0
l1i_u1-14 llc-0b11 1 1 0 1 0
l1i_u1-14 llc-0b12 1 1 0 1 0
l1i_u1-14 llc-0b13 1 1 0 1 0
l1i_u1-14 llc-0b14 1 1 0 1 0
l1i_u1-14 llc-0b15 1 1 0 1 0
l1i_u1-15 llc-0b0 1 1 0 1 0
l1i_u1-15 llc-0b1 1 1 0 1 0
l1i_u1-15 llc-0b2 1 1 0 1 0
l1i_u1-15 llc-0b3 1 1 0 1 0
l1i_u1-15 llc-0b4 1 1 0 1 0
l1i_u1-15 llc-0b5 1 1 0 1 0
l1i_u1-15 llc-0b6 1 1 0 1 0
l1i_u1-15 llc-0b7 1 1 0 1 0
l1i_u1-15 llc-0b8 1 1 0 1 0
l1i_u1-15 llc-0b9 1 1 0 1 0
l1i_u1-15 llc-0b10 1 1 0 1 0
l1i_u1-15 llc-0b11 1 1 0 1 0
l1i_u1-15 llc-0b12 1 1 0 1 0
l1i_u1-15 llc-0b13 1 1 0 1 0
l1i_u1-15 llc-0b14 1 1 0 1 0
l1i_u1-15 llc-0b15 1 1 0 1 0
l1d_u1-0 llc-0b0 1 1 0 1 0
l1d_u1-0 llc-0b1 1 1 0 1 0
l1d_u1-0 llc-0b2 1 1 0 1 0
l1d_u1-0 llc-0b3 1 1 0 1 0
l1d_u1-0 llc-0b4 1 1 0 1 0
l1d_u1-0 llc-0b5 1 1 0 1 0
l1d_u1-0 llc-0b6 1 1 0 1 0
l1d_u1-0 llc-0b7 1 1 0 1 0
l1d_u1-0 llc-0b8 1 1 0 1 0
l1d_u1-0 llc-0b9 1 1 0 1 0
l1d_u1-0 llc-0b10 1 1 0 1 0
l1d_u1-0 llc-0b11 1 1 0 1 0
l1d_u1-0 llc-0b12 1 1 0 1 0
l1d_u1-0 llc-0b13 1 1 0 1 0
l1d_u1-0 llc-0b14 1 1 0 1 0
l1d_u1-0 llc-0b15 1 1 0 1 0
l1d_u1-1 llc-0b0 1 1 0 1 0
l1d_u1-1 llc-0b1 1 1 0 1 0
l1d_u1-1 llc-0b2 1 1 0 1 0
l1d_u1-1 llc-0b3 1 1 0 1 0
l1d_u1-1 llc-0b4 1 1 0 1 0
l1d_u1-1 llc-0b5 1 1 0 1 0
l1d_u1-1 llc-0b6 1 1 0 1 0
l1d_u1-1 llc-0b7 1 1 0 1 0
l1d_u1-1 llc-0b8 1 1 0 1 0
l1d_u1-1 llc-0b9 1 1 0 1 0
l1d_u1-1 llc-0b10 1 1 0 1 0
l1d_u1-1 llc-0b11 1 1 0 1 0
l1d_u1-1 llc-0b12 1 1 0 1 0
l1d_u1-1 llc-0b13 1 1 0 1 0
l1d_u1-1 llc-0b14 1 1 0 1 0
l1d_u1-1 llc-0b15 1 1 0 1 0
l1d_u1-2 llc-0b0 1 1 0 1 0
l1d_u1-2 llc-0b1 1 1 0 1 0
l1d_u1-2 llc-0b2 1 1 0 1 0
l1d_u1-2 llc-0b3 1 1 0 1 0
l1d_u1-2 llc-0b4 1 1 0 1 0
l1d_u1-2 llc-0b5 1 1 0 1 0
l1d_u1-2 llc-0b6 1 1 0 1 0
l1d_u1-2 llc-0b7 1 1 0 1 0
l1d_u1-2 llc-0b8 1 1 0 1 0
l1d_u1-2 llc-0b9 1 1 0 1 0
l1d_u1-2 llc-0b10 1 1 0 1 0
l1d_u1-2 llc-0b11 1 1 0 1 0
l1d_u1-2 llc-0b12 1 1 0 1 0
l1d_u1-2 llc-0b13 1 1 0 1 0
l1d_u1-2 llc-0b14 1 1 0 1 0
l1d_u1-2 llc-0b15 1 1 0 1 0
l1d_u1-3 llc-0b0 1 1 0 1 0
l1d_u1-3 llc-0b1 1 1 0 1 0
l1d_u1-3 llc-0b2 1 1 0 1 0
l1d_u1-3 llc-0b3 1 1 0 1 0
l1d_u1-3 llc-0b4 1 1 0 1 0
l1d_u1-3 llc-0b5 1 1 0 1 0
l1d_u1-3 llc-0b6 1 1 0 1 0
l1d_u1-3 llc-0b7 1 1 0 1 0
l1d_u1-3 llc-0b8 1 1 0 1 0
l1d_u1-3 llc-0b9 1 1 0 1 0
l1d_u1-3 llc-0b10 1 1 0 1 0
l1d_u1-3 llc-0b11 1 1 0 1 0
l1d_u1-3 llc-0b12 1 1 0 1 0
l1d_u1-3 llc-0b13 1 1 0 1 0
l1d_u1-3 llc-0b14 1 1 0 1 0
l1d_u1-3 llc-0b15 1 1 0 1 0
l1d_u1-4 llc-0b0 1 1 0 1 0
l1d_u1-4 llc-0b1 1 1 0 1 0
l1d_u1-4 llc-0b2 1 1 0 1 0
l1d_u1-4 llc-0b3 1 1 0 1 0
l1d_u1-4 llc-0b4 1 1 0 1 0
l1d_u1-4 llc-0b5 1 1 0 1 0
l1d_u1-4 llc-0b6 1 1 0 1 0
l1d_u1-4 llc-0b7 1 1 0 1 0
l1d_u1-4 llc-0b8 1 1 0 1 0
l1d_u1-4 llc-0b9 1 1 0 1 0
l1d_u1-4 llc-0b10 1 1 0 1 0
l1d_u1-4 llc-0b11 1 1 0 1 0
l1d_u1-4 llc-0b12 1 1 0 1 0
l1d_u1-4 llc-0b13 1 1 0 1 0
l1d_u1-4 llc-0b14 1 1 0 1 0
l1d_u1-4 llc-0b15 1 1 0 1 0
l1d_u1-5 llc-0b0 1 1 0 1 0
l1d_u1-5 llc-0b1 1 1 0 1 0
l1d_u1-5 llc-0b2 1 1 0 1 0
l1d_u1-5 llc-0b3 1 1 0 1 0
l1d_u1-5 llc-0b4 1 1 0 1 0
l1d_u1-5 llc-0b5 1 1 0 1 0
l1d_u1-5 llc-0b6 1 1 0 1 0
l1d_u1-5 llc-0b7 1 1 0 1 0
l1d_u1-5 llc-0b8 1 1 0 1 0
l1d_u1-5 llc-0b9 1 1 0 1 0
l1d_u1-5 llc-0b10 1 1 0 1 0
l1d_u1-5 llc-0b11 1 1 0 1 0
l1d_u1-5 llc-0b12 1 1 0 1 0
l1d_u1-5 llc-0b13 1 1 0 1 0
l1d_u1-5 llc-0b14 1 1 0 1 0
l1d_u1-5 llc-0b15 1 1 0 1 0
l1d_u1-6 llc-0b0 1 1 0 1 0
l1d_u1-6 llc-0b1 1 1 0 1 0
l1d_u1-6 llc-0b2 1 1 0 1 0
l1d_u1-6 llc-0b3 1 1 0 1 0
l1d_u1-6 llc-0b4 1 1 0 1 0
l1d_u1-6 llc-0b5 1 1 0 1 0
l1d_u1-6 llc-0b6 1 1 0 1 0
l1d_u1-6 llc-0b7 1 1 0 1 0
l1d_u1-6 llc-0b8 1 1 0 1 0
l1d_u1-6 llc-0b9 1 1 0 1 0
l1d_u1-6 llc-0b10 1 1 0 1 0
l1d_u1-6 llc-0b11 1 1 0 1 0
l1d_u1-6 llc-0b12 1 1 0 1 0
l1d_u1-6 llc-0b13 1 1 0 1 0
l1d_u1-6 llc-0b14 1 1 0 1 0
l1d_u1-6 llc-0b15 1 1 0 1 0
l1d_u1-7 llc-0b0 1 1 0 1 0
l1d_u1-7 llc-0b1 1 1 0 1 0
l1d_u1-7 llc-0b2 1 1 0 1 0
l1d_u1-7 llc-0b3 1 1 0 1 0
l1d_u1-7 llc-0b4 1 1 0 1 0
l1d_u1-7 llc-0b5 1 1 0 1 0
l1d_u1-7 llc-0b6 1 1 0 1 0
l1d_u1-7 llc-0b7 1 1 0 1 0
l1d_u1-7 llc-0b8 1 1 0 1 0
l1d_u1-7 llc-0b9 1 1 0 1 0
l1d_u1-7 llc-0b10 1 1 0 1 0
l1d_u1-7 llc-0b11 1 1 0 1 0
l1d_u1-7 llc-0b12 1 1 0 1 0
l1d_u1-7 llc-0b13 1 1 0 1 0
l1d_u1-7 llc-0b14 1 1 0 1 0
l1d_u1-7 llc-0b15 1 1 0 1 0
l1d_u1-8 llc-0b0 1 1 0 1 0
l1d_u1-8 llc-0b1 1 1 0 1 0
l1d_u1-8 llc-0b2 1 1 0 1 0
l1d_u1-8 llc-0b3 1 1 0 1 0
l1d_u1-8 llc-0b4 1 1 0 1 0
l1d_u1-8 llc-0b5 1 1 0 1 0
l1d_u1-8 llc-0b6 1 1 0 1 0
l1d_u1-8 llc-0b7 1 1 0 1 0
l1d_u1-8 llc-0b8 1 1 0 1 0
l1d_u1-8 llc-0b9 1 1 0 1 0
l1d_u1-8 llc-0b10 1 1 0 1 0
l1d_u1-8 llc-0b11 1 1 0 1 0
l1d_u1-8 llc-0b12 1 1 0 1 0
l1d_u1-8 llc-0b13 1 1 0 1 0
l1d_u1-8 llc-0b14 1 1 0 1 0
l1d_u1-8 llc-0b15 1 1 0 1 0
l1d_u1-9 llc-0b0 1 1 0 1 0
l1d_u1-9 llc-0b1 1 1 0 1 0
l1d_u1-9 llc-0b2 1 1 0 1 0
l1d_u1-9 llc-0b3 1 1 0 1 0
l1d_u1-9 llc-0b4 1 1 0 1 0
l1d_u1-9 llc-0b5 1 1 0 1 0
l1d_u1-9 llc-0b6 1 1 0 1 0
l1d_u1-9 llc-0b7 1 1 0 1 0
l1d_u1-9 llc-0b8 1 1 0 1 0
l1d_u1-9 llc-0b9 1 1 0 1 0
l1d_u1-9 llc-0b10 1 1 0 1 0
l1d_u1-9 llc-0b11 1 1 0 1 0
l1d_u1-9 llc-0b12 1 1 0 1 0
l1d_u1-9 llc-0b13 1 1 0 1 0
l1d_u1-9 llc-0b14 1 1 0 1 0
l1d_u1-9 llc-0b15 1 1 0 1 0
l1d_u1-10 llc-0b0 1 1 0 1 0
l1d_u1-10 llc-0b1 1 1 0 1 0
l1d_u1-10 llc-0b2 1 1 0 1 0
l1d_u1-10 llc-0b3 1 1 0 1 0
l1d_u1-10 llc-0b4 1 1 0 1 0
l1d_u1-10 llc-0b5 1 1 0 1 0
l1d_u1-10 llc-0b6 1 1 0 1 0
l1d_u1-10 llc-0b7 1 1 0 1 0
l1d_u1-10 llc-0b8 1 1 0 1 0
l1d_u1-10 llc-0b9 1 1 0 1 0
l1d_u1-10 llc-0b10 1 1 0 1 0
l1d_u1-10 llc-0b11 1 1 0 1 0
l1d_u1-10 llc-0b12 1 1 0 1 0
l1d_u1-10 llc-0b13 1 1 0 1 0
l1d_u1-10 llc-0b14 1 1 0 1 0
l1d_u1-10 llc-0b15 1 1 0 1 0
l1d_u1-11 llc-0b0 1 1 0 1 0
l1d_u1-11 llc-0b1 1 1 0 1 0
l1d_u1-11 llc-0b2 1 1 0 1 0
l1d_u1-11 llc-0b3 1 1 0 1 0
l1d_u1-11 llc-0b4 1 1 0 1 0
l1d_u1-11 llc-0b5 1 1 0 1 0
l1d_u1-11 llc-0b6 1 1 0 1 0
l1d_u1-11 llc-0b7 1 1 0 1 0
l1d_u1-11 llc-0b8 1 1 0 1 0
l1d_u1-11 llc-0b9 1 1 0 1 0
l1d_u1-11 llc-0b10 1 1 0 1 0
l1d_u1-11 llc-0b11 1 1 0 1 0
l1d_u1-11 llc-0b12 1 1 0 1 0
l1d_u1-11 llc-0b13 1 1 0 1 0
l1d_u1-11 llc-0b14 1 1 0 1 0
l1d_u1-11 llc-0b15 1 1 0 1 0
l1d_u1-12 llc-0b0 1 1 0 1 0
l1d_u1-12 llc-0b1 1 1 0 1 0
l1d_u1-12 llc-0b2 1 1 0 1 0
l1d_u1-12 llc-0b3 1 1 0 1 0
l1d_u1-12 llc-0b4 1 1 0 1 0
l1d_u1-12 llc-0b5 1 1 0 1 0
l1d_u1-12 llc-0b6 1 1 0 1 0
l1d_u1-12 llc-0b7 1 1 0 1 0
l1d_u1-12 llc-0b8 1 1 0 1 0
l1d_u1-12 llc-0b9 1 1 0 1 0
l1d_u1-12 llc-0b10 1 1 0 1 0
l1d_u1-12 llc-0b11 1 1 0 1 0
l1d_u1-12 llc-0b12 1 1 0 1 0
l1d_u1-12 llc-0b13 1 1 0 1 0
l1d_u1-12 llc-0b14 1 1 0 1 0
l1d_u1-12 llc-0b15 1 1 0 1 0
l1d_u1-13 llc-0b0 1 1 0 1 0
l1d_u1-13 llc-0b1 1 1 0 1 0
l1d_u1-13 llc-0b2 1 1 0 1 0
l1d_u1-13 llc-0b3 1 1 0 1 0
l1d_u1-13 llc-0b4 1 1 0 1 0
l1d_u1-13 llc-0b5 1 1 0 1 0
l1d_u1-13 llc-0b6 1 1 0 1 0
l1d_u1-13 llc-0b7 1 1 0 1 0
l1d_u1-13 llc-0b8 1 1 0 1 0
l1d_u1-13 llc-0b9 1 1 0 1 0
l1d_u1-13 llc-0b10 1 1 0 1 0
l1d_u1-13 llc-0b11 1 1 0 1 0
l1d_u1-13 llc-0b12 1 1 0 1 0
l1d_u1-13 llc-0b13 1 1 0 1 0
l1d_u1-13 llc-0b14 1 1 0 1 0
l1d_u1-13 llc-0b15 1 1 0 1 0
l1d_u1-14 llc-0b0 1 1 0 1 0
l1d_u1-14 llc-0b1 1 1 0 1 0
l1d_u1-14 llc-0b2 1 1 0 1 0
l1d_u1-14 llc-0b3 1 1 0 1 0
l1d_u1-14 llc-0b4 1 1 0 1 0
l1d_u1-14 llc-0b5 1 1 0 1 0
l1d_u1-14 llc-0b6 1 1 0 1 0
l1d_u1-14 llc-0b7 1 1 0 1 0
l1d_u1-14 llc-0b8 1 1 0 1 0
l1d_u1-14 llc-0b9 1 1 0 1 0
l1d_u1-14 llc-0b10 1 1 0 1 0
l1d_u1-14 llc-0b11 1 1 0 1 0
l1d_u1-14 llc-0b12 1 1 0 1 0
l1d_u1-14 llc-0b13 1 1 0 1 0
l1d_u1-14 llc-0b14 1 1 0 1 0
l1d_u1-14 llc-0b15 1 1 0 1 0
l1d_u1-15 llc-0b0 1 1 0 1 0
l1d_u1-15 llc-0b1 1 1 0 1 0
l1d_u1-15 llc-0b2 1 1 0 1 0
l1d_u1-15 llc-0b3 1 1 0 1 0
l1d_u1-15 llc-0b4 1 1 0 1 0
l1d_u1-15 llc-0b5 1 1 0 1 0
l1d_u1-15 llc-0b6 1 1 0 1 0
l1d_u1-15 llc-0b7 1 1 0 1 0
l1d_u1-15 llc-0b8 1 1 0 1 0
l1d_u1-15 llc-0b9 1 1 0 1 0
l1d_u1-15 llc-0b10 1 1 0 1 0
l1d_u1-15 llc-0b11 1 1 0 1 0
l1d_u1-15 llc-0b12 1 1 0 1 0
l1d_u1-15 llc-0b13 1 1 0 1 0
l1d_u1-15 llc-0b14 1 1 0 1 0
l1d_u1-15 llc-0b15 1 1 0 1 0
l1i_u2-0 llc-0b0 1 2 0 2 0
l1i_u2-0 llc-0b1 1 2 0 2 0
l1i_u2-0 llc-0b2 1 2 0 2 0
l1i_u2-0 llc-0b3 1 2 0 2 0
l1i_u2-0 llc-0b4 1 2 0 2 0
l1i_u2-0 llc-0b5 1 2 0 2 0
l1i_u2-0 llc-0b6 1 2 0 2 0
l1i_u2-0 llc-0b7 1 2 0 2 0
l1i_u2-0 llc-0b8 1 2 0 2 0
l1i_u2-0 llc-0b9 1 2 0 2 0
l1i_u2-0 llc-0b10 1 2 0 2 0
l1i_u2-0 llc-0b11 1 2 0 2 0
l1i_u2-0 llc-0b12 1 2 0 2 0
l1i_u2-0 llc-0b13 1 2 0 2 0
l1i_u2-0 llc-0b14 1 2 0 2 0
l1i_u2-0 llc-0b15 1 2 0 2 0
l1i_u2-1 llc-0b0 1 2 0 2 0
l1i_u2-1 llc-0b1 1 2 0 2 0
l1i_u2-1 llc-0b2 1 2 0 2 0
l1i_u2-1 llc-0b3 1 2 0 2 0
l1i_u2-1 llc-0b4 1 2 0 2 0
l1i_u2-1 llc-0b5 1 2 0 2 0
l1i_u2-1 llc-0b6 1 2 0 2 0
l1i_u2-1 llc-0b7 1 2 0 2 0
l1i_u2-1 llc-0b8 1 2 0 2 0
l1i_u2-1 llc-0b9 1 2 0 2 0
l1i_u2-1 llc-0b10 1 2 0 2 0
l1i_u2-1 llc-0b11 1 2 0 2 0
l1i_u2-1 llc-0b12 1 2 0 2 0
l1i_u2-1 llc-0b13 1 2 0 2 0
l1i_u2-1 llc-0b14 1 2 0 2 0
l1i_u2-1 llc-0b15 1 2 0 2 0
l1i_u2-2 llc-0b0 1 2 0 2 0
l1i_u2-2 llc-0b1 1 2 0 2 0
l1i_u2-2 llc-0b2 1 2 0 2 0
l1i_u2-2 llc-0b3 1 2 0 2 0
l1i_u2-2 llc-0b4 1 2 0 2 0
l1i_u2-2 llc-0b5 1 2 0 2 0
l1i_u2-2 llc-0b6 1 2 0 2 0
l1i_u2-2 llc-0b7 1 2 0 2 0
l1i_u2-2 llc-0b8 1 2 0 2 0
l1i_u2-2 llc-0b9 1 2 0 2 0
l1i_u2-2 llc-0b10 1 2 0 2 0
l1i_u2-2 llc-0b11 1 2 0 2 0
l1i_u2-2 llc-0b12 1 2 0 2 0
l1i_u2-2 llc-0b13 1 2 0 2 0
l1i_u2-2 llc-0b14 1 2 0 2 0
l1i_u2-2 llc-0b15 1 2 0 2 0
l1i_u2-3 llc-0b0 1 2 0 2 0
l1i_u2-3 llc-0b1 1 2 0 2 0
l1i_u2-3 llc-0b2 1 2 0 2 0
l1i_u2-3 llc-0b3 1 2 0 2 0
l1i_u2-3 llc-0b4 1 2 0 2 0
l1i_u2-3 llc-0b5 1 2 0 2 0
l1i_u2-3 llc-0b6 1 2 0 2 0
l1i_u2-3 llc-0b7 1 2 0 2 0
l1i_u2-3 llc-0b8 1 2 0 2 0
l1i_u2-3 llc-0b9 1 2 0 2 0
l1i_u2-3 llc-0b10 1 2 0 2 0
l1i_u2-3 llc-0b11 1 2 0 2 0
l1i_u2-3 llc-0b12 1 2 0 2 0
l1i_u2-3 llc-0b13 1 2 0 2 0
l1i_u2-3 llc-0b14 1 2 0 2 0
l1i_u2-3 llc-0b15 1 2 0 2 0
l1i_u2-4 llc-0b0 1 2 0 2 0
l1i_u2-4 llc-0b1 1 2 0 2 0
l1i_u2-4 llc-0b2 1 2 0 2 0
l1i_u2-4 llc-0b3 1 2 0 2 0
l1i_u2-4 llc-0b4 1 2 0 2 0
l1i_u2-4 llc-0b5 1 2 0 2 0
l1i_u2-4 llc-0b6 1 2 0 2 0
l1i_u2-4 llc-0b7 1 2 0 2 0
l1i_u2-4 llc-0b8 1 2 0 2 0
l1i_u2-4 llc-0b9 1 2 0 2 0
l1i_u2-4 llc-0b10 1 2 0 2 0
l1i_u2-4 llc-0b11 1 2 0 2 0
l1i_u2-4 llc-0b12 1 2 0 2 0
l1i_u2-4 llc-0b13 1 2 0 2 0
l1i_u2-4 llc-0b14 1 2 0 2 0
l1i_u2-4 llc-0b15 1 2 0 2 0
l1i_u2-5 llc-0b0 1 2 0 2 0
l1i_u2-5 llc-0b1 1 2 0 2 0
l1i_u2-5 llc-0b2 1 2 0 2 0
l1i_u2-5 llc-0b3 1 2 0 2 0
l1i_u2-5 llc-0b4 1 2 0 2 0
l1i_u2-5 llc-0b5 1 2 0 2 0
l1i_u2-5 llc-0b6 1 2 0 2 0
l1i_u2-5 llc-0b7 1 2 0 2 0
l1i_u2-5 llc-0b8 1 2 0 2 0
l1i_u2-5 llc-0b9 1 2 0 2 0
l1i_u2-5 llc-0b10 1 2 0 2 0
l1i_u2-5 llc-0b11 1 2 0 2 0
l1i_u2-5 llc-0b12 1 2 0 2 0
l1i_u2-5 llc-0b13 1 2 0 2 0
l1i_u2-5 llc-0b14 1 2 0 2 0
l1i_u2-5 llc-0b15 1 2 0 2 0
l1i_u2-6 llc-0b0 1 2 0 2 0
l1i_u2-6 llc-0b1 1 2 0 2 0
l1i_u2-6 llc-0b2 1 2 0 2 0
l1i_u2-6 llc-0b3 1 2 0 2 0
l1i_u2-6 llc-0b4 1 2 0 2 0
l1i_u2-6 llc-0b5 1 2 0 2 0
l1i_u2-6 llc-0b6 1 2 0 2 0
l1i_u2-6 llc-0b7 1 2 0 2 0
l1i_u2-6 llc-0b8 1 2 0 2 0
l1i_u2-6 llc-0b9 1 2 0 2 0
l1i_u2-6 llc-0b10 1 2 0 2 0
l1i_u2-6 llc-0b11 1 2 0 2 0
l1i_u2-6 llc-0b12 1 2 0 2 0
l1i_u2-6 llc-0b13 1 2 0 2 0
l1i_u2-6 llc-0b14 1 2 0 2 0
l1i_u2-6 llc-0b15 1 2 0 2 0
l1i_u2-7 llc-0b0 1 2 0 2 0
l1i_u2-7 llc-0b1 1 2 0 2 0
l1i_u2-7 llc-0b2 1 2 0 2 0
l1i_u2-7 llc-0b3 1 2 0 2 0
l1i_u2-7 llc-0b4 1 2 0 2 0
l1i_u2-7 llc-0b5 1 2 0 2 0
l1i_u2-7 llc-0b6 1 2 0 2 0
l1i_u2-7 llc-0b7 1 2 0 2 0
l1i_u2-7 llc-0b8 1 2 0 2 0
l1i_u2-7 llc-0b9 1 2 0 2 0
l1i_u2-7 llc-0b10 1 2 0 2 0
l1i_u2-7 llc-0b11 1 2 0 2 0
l1i_u2-7 llc-0b12 1 2 0 2 0
l1i_u2-7 llc-0b13 1 2 0 2 0
l1i_u2-7 llc-0b14 1 2 0 2 0
l1i_u2-7 llc-0b15 1 2 0 2 0
l1i_u2-8 llc-0b0 1 2 0 2 0
l1i_u2-8 llc-0b1 1 2 0 2 0
l1i_u2-8 llc-0b2 1 2 0 2 0
l1i_u2-8 llc-0b3 1 2 0 2 0
l1i_u2-8 llc-0b4 1 2 0 2 0
l1i_u2-8 llc-0b5 1 2 0 2 0
l1i_u2-8 llc-0b6 1 2 0 2 0
l1i_u2-8 llc-0b7 1 2 0 2 0
l1i_u2-8 llc-0b8 1 2 0 2 0
l1i_u2-8 llc-0b9 1 2 0 2 0
l1i_u2-8 llc-0b10 1 2 0 2 0
l1i_u2-8 llc-0b11 1 2 0 2 0
l1i_u2-8 llc-0b12 1 2 0 2 0
l1i_u2-8 llc-0b13 1 2 0 2 0
l1i_u2-8 llc-0b14 1 2 0 2 0
l1i_u2-8 llc-0b15 1 2 0 2 0
l1i_u2-9 llc-0b0 1 2 0 2 0
l1i_u2-9 llc-0b1 1 2 0 2 0
l1i_u2-9 llc-0b2 1 2 0 2 0
l1i_u2-9 llc-0b3 1 2 0 2 0
l1i_u2-9 llc-0b4 1 2 0 2 0
l1i_u2-9 llc-0b5 1 2 0 2 0
l1i_u2-9 llc-0b6 1 2 0 2 0
l1i_u2-9 llc-0b7 1 2 0 2 0
l1i_u2-9 llc-0b8 1 2 0 2 0
l1i_u2-9 llc-0b9 1 2 0 2 0
l1i_u2-9 llc-0b10 1 2 0 2 0
l1i_u2-9 llc-0b11 1 2 0 2 0
l1i_u2-9 llc-0b12 1 2 0 2 0
l1i_u2-9 llc-0b13 1 2 0 2 0
l1i_u2-9 llc-0b14 1 2 0 2 0
l1i_u2-9 llc-0b15 1 2 0 2 0
l1i_u2-10 llc-0b0 1 2 0 2 0
l1i_u2-10 llc-0b1 1 2 0 2 0
l1i_u2-10 llc-0b2 1 2 0 2 0
l1i_u2-10 llc-0b3 1 2 0 2 0
l1i_u2-10 llc-0b4 1 2 0 2 0
l1i_u2-10 llc-0b5 1 2 0 2 0
l1i_u2-10 llc-0b6 1 2 0 2 0
l1i_u2-10 llc-0b7 1 2 0 2 0
l1i_u2-10 llc-0b8 1 2 0 2 0
l1i_u2-10 llc-0b9 1 2 0 2 0
l1i_u2-10 llc-0b10 1 2 0 2 0
l1i_u2-10 llc-0b11 1 2 0 2 0
l1i_u2-10 llc-0b12 1 2 0 2 0
l1i_u2-10 llc-0b13 1 2 0 2 0
l1i_u2-10 llc-0b14 1 2 0 2 0
l1i_u2-10 llc-0b15 1 2 0 2 0
l1i_u2-11 llc-0b0 1 2 0 2 0
l1i_u2-11 llc-0b1 1 2 0 2 0
l1i_u2-11 llc-0b2 1 2 0 2 0
l1i_u2-11 llc-0b3 1 2 0 2 0
l1i_u2-11 llc-0b4 1 2 0 2 0
l1i_u2-11 llc-0b5 1 2 0 2 0
l1i_u2-11 llc-0b6 1 2 0 2 0
l1i_u2-11 llc-0b7 1 2 0 2 0
l1i_u2-11 llc-0b8 1 2 0 2 0
l1i_u2-11 llc-0b9 1 2 0 2 0
l1i_u2-11 llc-0b10 1 2 0 2 0
l1i_u2-11 llc-0b11 1 2 0 2 0
l1i_u2-11 llc-0b12 1 2 0 2 0
l1i_u2-11 llc-0b13 1 2 0 2 0
l1i_u2-11 llc-0b14 1 2 0 2 0
l1i_u2-11 llc-0b15 1 2 0 2 0
l1i_u2-12 llc-0b0 1 2 0 2 0
l1i_u2-12 llc-0b1 1 2 0 2 0
l1i_u2-12 llc-0b2 1 2 0 2 0
l1i_u2-12 llc-0b3 1 2 0 2 0
l1i_u2-12 llc-0b4 1 2 0 2 0
l1i_u2-12 llc-0b5 1 2 0 2 0
l1i_u2-12 llc-0b6 1 2 0 2 0
l1i_u2-12 llc-0b7 1 2 0 2 0
l1i_u2-12 llc-0b8 1 2 0 2 0
l1i_u2-12 llc-0b9 1 2 0 2 0
l1i_u2-12 llc-0b10 1 2 0 2 0
l1i_u2-12 llc-0b11 1 2 0 2 0
l1i_u2-12 llc-0b12 1 2 0 2 0
l1i_u2-12 llc-0b13 1 2 0 2 0
l1i_u2-12 llc-0b14 1 2 0 2 0
l1i_u2-12 llc-0b15 1 2 0 2 0
l1i_u2-13 llc-0b0 1 2 0 2 0
l1i_u2-13 llc-0b1 1 2 0 2 0
l1i_u2-13 llc-0b2 1 2 0 2 0
l1i_u2-13 llc-0b3 1 2 0 2 0
l1i_u2-13 llc-0b4 1 2 0 2 0
l1i_u2-13 llc-0b5 1 2 0 2 0
l1i_u2-13 llc-0b6 1 2 0 2 0
l1i_u2-13 llc-0b7 1 2 0 2 0
l1i_u2-13 llc-0b8 1 2 0 2 0
l1i_u2-13 llc-0b9 1 2 0 2 0
l1i_u2-13 llc-0b10 1 2 0 2 0
l1i_u2-13 llc-0b11 1 2 0 2 0
l1i_u2-13 llc-0b12 1 2 0 2 0
l1i_u2-13 llc-0b13 1 2 0 2 0
l1i_u2-13 llc-0b14 1 2 0 2 0
l1i_u2-13 llc-0b15 1 2 0 2 0
l1i_u2-14 llc-0b0 1 2 0 2 0
l1i_u2-14 llc-0b1 1 2 0 2 0
l1i_u2-14 llc-0b2 1 2 0 2 0
l1i_u2-14 llc-0b3 1 2 0 2 0
l1i_u2-14 llc-0b4 1 2 0 2 0
l1i_u2-14 llc-0b5 1 2 0 2 0
l1i_u2-14 llc-0b6 1 2 0 2 0
l1i_u2-14 llc-0b7 1 2 0 2 0
l1i_u2-14 llc-0b8 1 2 0 2 0
l1i_u2-14 llc-0b9 1 2 0 2 0
l1i_u2-14 llc-0b10 1 2 0 2 0
l1i_u2-14 llc-0b11 1 2 0 2 0
l1i_u2-14 llc-0b12 1 2 0 2 0
l1i_u2-14 llc-0b13 1 2 0 2 0
l1i_u2-14 llc-0b14 1 2 0 2 0
l1i_u2-14 llc-0b15 1 2 0 2 0
l1i_u2-15 llc-0b0 1 2 0 2 0
l1i_u2-15 llc-0b1 1 2 0 2 0
l1i_u2-15 llc-0b2 1 2 0 2 0
l1i_u2-15 llc-0b3 1 2 0 2 0
l1i_u2-15 llc-0b4 1 2 0 2 0
l1i_u2-15 llc-0b5 1 2 0 2 0
l1i_u2-15 llc-0b6 1 2 0 2 0
l1i_u2-15 llc-0b7 1 2 0 2 0
l1i_u2-15 llc-0b8 1 2 0 2 0
l1i_u2-15 llc-0b9 1 2 0 2 0
l1i_u2-15 llc-0b10 1 2 0 2 0
l1i_u2-15 llc-0b11 1 2 0 2 0
l1i_u2-15 llc-0b12 1 2 0 2 0
l1i_u2-15 llc-0b13 1 2 0 2 0
l1i_u2-15 llc-0b14 1 2 0 2 0
l1i_u2-15 llc-0b15 1 2 0 2 0
l1d_u2-0 llc-0b0 1 2 0 2 0
l1d_u2-0 llc-0b1 1 2 0 2 0
l1d_u2-0 llc-0b2 1 2 0 2 0
l1d_u2-0 llc-0b3 1 2 0 2 0
l1d_u2-0 llc-0b4 1 2 0 2 0
l1d_u2-0 llc-0b5 1 2 0 2 0
l1d_u2-0 llc-0b6 1 2 0 2 0
l1d_u2-0 llc-0b7 1 2 0 2 0
l1d_u2-0 llc-0b8 1 2 0 2 0
l1d_u2-0 llc-0b9 1 2 0 2 0
l1d_u2-0 llc-0b10 1 2 0 2 0
l1d_u2-0 llc-0b11 1 2 0 2 0
l1d_u2-0 llc-0b12 1 2 0 2 0
l1d_u2-0 llc-0b13 1 2 0 2 0
l1d_u2-0 llc-0b14 1 2 0 2 0
l1d_u2-0 llc-0b15 1 2 0 2 0
l1d_u2-1 llc-0b0 1 2 0 2 0
l1d_u2-1 llc-0b1 1 2 0 2 0
l1d_u2-1 llc-0b2 1 2 0 2 0
l1d_u2-1 llc-0b3 1 2 0 2 0
l1d_u2-1 llc-0b4 1 2 0 2 0
l1d_u2-1 llc-0b5 1 2 0 2 0
l1d_u2-1 llc-0b6 1 2 0 2 0
l1d_u2-1 llc-0b7 1 2 0 2 0
l1d_u2-1 llc-0b8 1 2 0 2 0
l1d_u2-1 llc-0b9 1 2 0 2 0
l1d_u2-1 llc-0b10 1 2 0 2 0
l1d_u2-1 llc-0b11 1 2 0 2 0
l1d_u2-1 llc-0b12 1 2 0 2 0
l1d_u2-1 llc-0b13 1 2 0 2 0
l1d_u2-1 llc-0b14 1 2 0 2 0
l1d_u2-1 llc-0b15 1 2 0 2 0
l1d_u2-2 llc-0b0 1 2 0 2 0
l1d_u2-2 llc-0b1 1 2 0 2 0
l1d_u2-2 llc-0b2 1 2 0 2 0
l1d_u2-2 llc-0b3 1 2 0 2 0
l1d_u2-2 llc-0b4 1 2 0 2 0
l1d_u2-2 llc-0b5 1 2 0 2 0
l1d_u2-2 llc-0b6 1 2 0 2 0
l1d_u2-2 llc-0b7 1 2 0 2 0
l1d_u2-2 llc-0b8 1 2 0 2 0
l1d_u2-2 llc-0b9 1 2 0 2 0
l1d_u2-2 llc-0b10 1 2 0 2 0
l1d_u2-2 llc-0b11 1 2 0 2 0
l1d_u2-2 llc-0b12 1 2 0 2 0
l1d_u2-2 llc-0b13 1 2 0 2 0
l1d_u2-2 llc-0b14 1 2 0 2 0
l1d_u2-2 llc-0b15 1 2 0 2 0
l1d_u2-3 llc-0b0 1 2 0 2 0
l1d_u2-3 llc-0b1 1 2 0 2 0
l1d_u2-3 llc-0b2 1 2 0 2 0
l1d_u2-3 llc-0b3 1 2 0 2 0
l1d_u2-3 llc-0b4 1 2 0 2 0
l1d_u2-3 llc-0b5 1 2 0 2 0
l1d_u2-3 llc-0b6 1 2 0 2 0
l1d_u2-3 llc-0b7 1 2 0 2 0
l1d_u2-3 llc-0b8 1 2 0 2 0
l1d_u2-3 llc-0b9 1 2 0 2 0
l1d_u2-3 llc-0b10 1 2 0 2 0
l1d_u2-3 llc-0b11 1 2 0 2 0
l1d_u2-3 llc-0b12 1 2 0 2 0
l1d_u2-3 llc-0b13 1 2 0 2 0
l1d_u2-3 llc-0b14 1 2 0 2 0
l1d_u2-3 llc-0b15 1 2 0 2 0
l1d_u2-4 llc-0b0 1 2 0 2 0
l1d_u2-4 llc-0b1 1 2 0 2 0
l1d_u2-4 llc-0b2 1 2 0 2 0
l1d_u2-4 llc-0b3 1 2 0 2 0
l1d_u2-4 llc-0b4 1 2 0 2 0
l1d_u2-4 llc-0b5 1 2 0 2 0
l1d_u2-4 llc-0b6 1 2 0 2 0
l1d_u2-4 llc-0b7 1 2 0 2 0
l1d_u2-4 llc-0b8 1 2 0 2 0
l1d_u2-4 llc-0b9 1 2 0 2 0
l1d_u2-4 llc-0b10 1 2 0 2 0
l1d_u2-4 llc-0b11 1 2 0 2 0
l1d_u2-4 llc-0b12 1 2 0 2 0
l1d_u2-4 llc-0b13 1 2 0 2 0
l1d_u2-4 llc-0b14 1 2 0 2 0
l1d_u2-4 llc-0b15 1 2 0 2 0
l1d_u2-5 llc-0b0 1 2 0 2 0
l1d_u2-5 llc-0b1 1 2 0 2 0
l1d_u2-5 llc-0b2 1 2 0 2 0
l1d_u2-5 llc-0b3 1 2 0 2 0
l1d_u2-5 llc-0b4 1 2 0 2 0
l1d_u2-5 llc-0b5 1 2 0 2 0
l1d_u2-5 llc-0b6 1 2 0 2 0
l1d_u2-5 llc-0b7 1 2 0 2 0
l1d_u2-5 llc-0b8 1 2 0 2 0
l1d_u2-5 llc-0b9 1 2 0 2 0
l1d_u2-5 llc-0b10 1 2 0 2 0
l1d_u2-5 llc-0b11 1 2 0 2 0
l1d_u2-5 llc-0b12 1 2 0 2 0
l1d_u2-5 llc-0b13 1 2 0 2 0
l1d_u2-5 llc-0b14 1 2 0 2 0
l1d_u2-5 llc-0b15 1 2 0 2 0
l1d_u2-6 llc-0b0 1 2 0 2 0
l1d_u2-6 llc-0b1 1 2 0 2 0
l1d_u2-6 llc-0b2 1 2 0 2 0
l1d_u2-6 llc-0b3 1 2 0 2 0
l1d_u2-6 llc-0b4 1 2 0 2 0
l1d_u2-6 llc-0b5 1 2 0 2 0
l1d_u2-6 llc-0b6 1 2 0 2 0
l1d_u2-6 llc-0b7 1 2 0 2 0
l1d_u2-6 llc-0b8 1 2 0 2 0
l1d_u2-6 llc-0b9 1 2 0 2 0
l1d_u2-6 llc-0b10 1 2 0 2 0
l1d_u2-6 llc-0b11 1 2 0 2 0
l1d_u2-6 llc-0b12 1 2 0 2 0
l1d_u2-6 llc-0b13 1 2 0 2 0
l1d_u2-6 llc-0b14 1 2 0 2 0
l1d_u2-6 llc-0b15 1 2 0 2 0
l1d_u2-7 llc-0b0 1 2 0 2 0
l1d_u2-7 llc-0b1 1 2 0 2 0
l1d_u2-7 llc-0b2 1 2 0 2 0
l1d_u2-7 llc-0b3 1 2 0 2 0
l1d_u2-7 llc-0b4 1 2 0 2 0
l1d_u2-7 llc-0b5 1 2 0 2 0
l1d_u2-7 llc-0b6 1 2 0 2 0
l1d_u2-7 llc-0b7 1 2 0 2 0
l1d_u2-7 llc-0b8 1 2 0 2 0
l1d_u2-7 llc-0b9 1 2 0 2 0
l1d_u2-7 llc-0b10 1 2 0 2 0
l1d_u2-7 llc-0b11 1 2 0 2 0
l1d_u2-7 llc-0b12 1 2 0 2 0
l1d_u2-7 llc-0b13 1 2 0 2 0
l1d_u2-7 llc-0b14 1 2 0 2 0
l1d_u2-7 llc-0b15 1 2 0 2 0
l1d_u2-8 llc-0b0 1 2 0 2 0
l1d_u2-8 llc-0b1 1 2 0 2 0
l1d_u2-8 llc-0b2 1 2 0 2 0
l1d_u2-8 llc-0b3 1 2 0 2 0
l1d_u2-8 llc-0b4 1 2 0 2 0
l1d_u2-8 llc-0b5 1 2 0 2 0
l1d_u2-8 llc-0b6 1 2 0 2 0
l1d_u2-8 llc-0b7 1 2 0 2 0
l1d_u2-8 llc-0b8 1 2 0 2 0
l1d_u2-8 llc-0b9 1 2 0 2 0
l1d_u2-8 llc-0b10 1 2 0 2 0
l1d_u2-8 llc-0b11 1 2 0 2 0
l1d_u2-8 llc-0b12 1 2 0 2 0
l1d_u2-8 llc-0b13 1 2 0 2 0
l1d_u2-8 llc-0b14 1 2 0 2 0
l1d_u2-8 llc-0b15 1 2 0 2 0
l1d_u2-9 llc-0b0 1 2 0 2 0
l1d_u2-9 llc-0b1 1 2 0 2 0
l1d_u2-9 llc-0b2 1 2 0 2 0
l1d_u2-9 llc-0b3 1 2 0 2 0
l1d_u2-9 llc-0b4 1 2 0 2 0
l1d_u2-9 llc-0b5 1 2 0 2 0
l1d_u2-9 llc-0b6 1 2 0 2 0
l1d_u2-9 llc-0b7 1 2 0 2 0
l1d_u2-9 llc-0b8 1 2 0 2 0
l1d_u2-9 llc-0b9 1 2 0 2 0
l1d_u2-9 llc-0b10 1 2 0 2 0
l1d_u2-9 llc-0b11 1 2 0 2 0
l1d_u2-9 llc-0b12 1 2 0 2 0
l1d_u2-9 llc-0b13 1 2 0 2 0
l1d_u2-9 llc-0b14 1 2 0 2 0
l1d_u2-9 llc-0b15 1 2 0 2 0
l1d_u2-10 llc-0b0 1 2 0 2 0
l1d_u2-10 llc-0b1 1 2 0 2 0
l1d_u2-10 llc-0b2 1 2 0 2 0
l1d_u2-10 llc-0b3 1 2 0 2 0
l1d_u2-10 llc-0b4 1 2 0 2 0
l1d_u2-10 llc-0b5 1 2 0 2 0
l1d_u2-10 llc-0b6 1 2 0 2 0
l1d_u2-10 llc-0b7 1 2 0 2 0
l1d_u2-10 llc-0b8 1 2 0 2 0
l1d_u2-10 llc-0b9 1 2 0 2 0
l1d_u2-10 llc-0b10 1 2 0 2 0
l1d_u2-10 llc-0b11 1 2 0 2 0
l1d_u2-10 llc-0b12 1 2 0 2 0
l1d_u2-10 llc-0b13 1 2 0 2 0
l1d_u2-10 llc-0b14 1 2 0 2 0
l1d_u2-10 llc-0b15 1 2 0 2 0
l1d_u2-11 llc-0b0 1 2 0 2 0
l1d_u2-11 llc-0b1 1 2 0 2 0
l1d_u2-11 llc-0b2 1 2 0 2 0
l1d_u2-11 llc-0b3 1 2 0 2 0
l1d_u2-11 llc-0b4 1 2 0 2 0
l1d_u2-11 llc-0b5 1 2 0 2 0
l1d_u2-11 llc-0b6 1 2 0 2 0
l1d_u2-11 llc-0b7 1 2 0 2 0
l1d_u2-11 llc-0b8 1 2 0 2 0
l1d_u2-11 llc-0b9 1 2 0 2 0
l1d_u2-11 llc-0b10 1 2 0 2 0
l1d_u2-11 llc-0b11 1 2 0 2 0
l1d_u2-11 llc-0b12 1 2 0 2 0
l1d_u2-11 llc-0b13 1 2 0 2 0
l1d_u2-11 llc-0b14 1 2 0 2 0
l1d_u2-11 llc-0b15 1 2 0 2 0
l1d_u2-12 llc-0b0 1 2 0 2 0
l1d_u2-12 llc-0b1 1 2 0 2 0
l1d_u2-12 llc-0b2 1 2 0 2 0
l1d_u2-12 llc-0b3 1 2 0 2 0
l1d_u2-12 llc-0b4 1 2 0 2 0
l1d_u2-12 llc-0b5 1 2 0 2 0
l1d_u2-12 llc-0b6 1 2 0 2 0
l1d_u2-12 llc-0b7 1 2 0 2 0
l1d_u2-12 llc-0b8 1 2 0 2 0
l1d_u2-12 llc-0b9 1 2 0 2 0
l1d_u2-12 llc-0b10 1 2 0 2 0
l1d_u2-12 llc-0b11 1 2 0 2 0
l1d_u2-12 llc-0b12 1 2 0 2 0
l1d_u2-12 llc-0b13 1 2 0 2 0
l1d_u2-12 llc-0b14 1 2 0 2 0
l1d_u2-12 llc-0b15 1 2 0 2 0
l1d_u2-13 llc-0b0 1 2 0 2 0
l1d_u2-13 llc-0b1 1 2 0 2 0
l1d_u2-13 llc-0b2 1 2 0 2 0
l1d_u2-13 llc-0b3 1 2 0 2 0
l1d_u2-13 llc-0b4 1 2 0 2 0
l1d_u2-13 llc-0b5 1 2 0 2 0
l1d_u2-13 llc-0b6 1 2 0 2 0
l1d_u2-13 llc-0b7 1 2 0 2 0
l1d_u2-13 llc-0b8 1 2 0 2 0
l1d_u2-13 llc-0b9 1 2 0 2 0
l1d_u2-13 llc-0b10 1 2 0 2 0
l1d_u2-13 llc-0b11 1 2 0 2 0
l1d_u2-13 llc-0b12 1 2 0 2 0
l1d_u2-13 llc-0b13 1 2 0 2 0
l1d_u2-13 llc-0b14 1 2 0 2 0
l1d_u2-13 llc-0b15 1 2 0 2 0
l1d_u2-14 llc-0b0 1 2 0 2 0
l1d_u2-14 llc-0b1 1 2 0 2 0
l1d_u2-14 llc-0b2 1 2 0 2 0
l1d_u2-14 llc-0b3 1 2 0 2 0
l1d_u2-14 llc-0b4 1 2 0 2 0
l1d_u2-14 llc-0b5 1 2 0 2 0
l1d_u2-14 llc-0b6 1 2 0 2 0
l1d_u2-14 llc-0b7 1 2 0 2 0
l1d_u2-14 llc-0b8 1 2 0 2 0
l1d_u2-14 llc-0b9 1 2 0 2 0
l1d_u2-14 llc-0b10 1 2 0 2 0
l1d_u2-14 llc-0b11 1 2 0 2 0
l1d_u2-14 llc-0b12 1 2 0 2 0
l1d_u2-14 llc-0b13 1 2 0 2 0
l1d_u2-14 llc-0b14 1 2 0 2 0
l1d_u2-14 llc-0b15 1 2 0 2 0
l1d_u2-15 llc-0b0 1 2 0 2 0
l1d_u2-15 llc-0b1 1 2 0 2 0
l1d_u2-15 llc-0b2 1 2 0 2 0
l1d_u2-15 llc-0b3 1 2 0 2 0
l1d_u2-15 llc-0b4 1 2 0 2 0
l1d_u2-15 llc-0b5 1 2 0 2 0
l1d_u2-15 llc-0b6 1 2 0 2 0
l1d_u2-15 llc-0b7 1 2 0 2 0
l1d_u2-15 llc-0b8 1 2 0 2 0
l1d_u2-15 llc-0b9 1 2 0 2 0
l1d_u2-15 llc-0b10 1 2 0 2 0
l1d_u2-15 llc-0b11 1 2 0 2 0
l1d_u2-15 llc-0b12 1 2 0 2 0
l1d_u2-15 llc-0b13 1 2 0 2 0
l1d_u2-15 llc-0b14 1 2 0 2 0
l1d_u2-15 llc-0b15 1 2 0 2 0
l1i_u3-0 llc-0b0 1 3 0 3 0
l1i_u3-0 llc-0b1 1 3 0 3 0
l1i_u3-0 llc-0b2 1 3 0 3 0
l1i_u3-0 llc-0b3 1 3 0 3 0
l1i_u3-0 llc-0b4 1 3 0 3 0
l1i_u3-0 llc-0b5 1 3 0 3 0
l1i_u3-0 llc-0b6 1 3 0 3 0
l1i_u3-0 llc-0b7 1 3 0 3 0
l1i_u3-0 llc-0b8 1 3 0 3 0
l1i_u3-0 llc-0b9 1 3 0 3 0
l1i_u3-0 llc-0b10 1 3 0 3 0
l1i_u3-0 llc-0b11 1 3 0 3 0
l1i_u3-0 llc-0b12 1 3 0 3 0
l1i_u3-0 llc-0b13 1 3 0 3 0
l1i_u3-0 llc-0b14 1 3 0 3 0
l1i_u3-0 llc-0b15 1 3 0 3 0
l1i_u3-1 llc-0b0 1 3 0 3 0
l1i_u3-1 llc-0b1 1 3 0 3 0
l1i_u3-1 llc-0b2 1 3 0 3 0
l1i_u3-1 llc-0b3 1 3 0 3 0
l1i_u3-1 llc-0b4 1 3 0 3 0
l1i_u3-1 llc-0b5 1 3 0 3 0
l1i_u3-1 llc-0b6 1 3 0 3 0
l1i_u3-1 llc-0b7 1 3 0 3 0
l1i_u3-1 llc-0b8 1 3 0 3 0
l1i_u3-1 llc-0b9 1 3 0 3 0
l1i_u3-1 llc-0b10 1 3 0 3 0
l1i_u3-1 llc-0b11 1 3 0 3 0
l1i_u3-1 llc-0b12 1 3 0 3 0
l1i_u3-1 llc-0b13 1 3 0 3 0
l1i_u3-1 llc-0b14 1 3 0 3 0
l1i_u3-1 llc-0b15 1 3 0 3 0
l1i_u3-2 llc-0b0 1 3 0 3 0
l1i_u3-2 llc-0b1 1 3 0 3 0
l1i_u3-2 llc-0b2 1 3 0 3 0
l1i_u3-2 llc-0b3 1 3 0 3 0
l1i_u3-2 llc-0b4 1 3 0 3 0
l1i_u3-2 llc-0b5 1 3 0 3 0
l1i_u3-2 llc-0b6 1 3 0 3 0
l1i_u3-2 llc-0b7 1 3 0 3 0
l1i_u3-2 llc-0b8 1 3 0 3 0
l1i_u3-2 llc-0b9 1 3 0 3 0
l1i_u3-2 llc-0b10 1 3 0 3 0
l1i_u3-2 llc-0b11 1 3 0 3 0
l1i_u3-2 llc-0b12 1 3 0 3 0
l1i_u3-2 llc-0b13 1 3 0 3 0
l1i_u3-2 llc-0b14 1 3 0 3 0
l1i_u3-2 llc-0b15 1 3 0 3 0
l1i_u3-3 llc-0b0 1 3 0 3 0
l1i_u3-3 llc-0b1 1 3 0 3 0
l1i_u3-3 llc-0b2 1 3 0 3 0
l1i_u3-3 llc-0b3 1 3 0 3 0
l1i_u3-3 llc-0b4 1 3 0 3 0
l1i_u3-3 llc-0b5 1 3 0 3 0
l1i_u3-3 llc-0b6 1 3 0 3 0
l1i_u3-3 llc-0b7 1 3 0 3 0
l1i_u3-3 llc-0b8 1 3 0 3 0
l1i_u3-3 llc-0b9 1 3 0 3 0
l1i_u3-3 llc-0b10 1 3 0 3 0
l1i_u3-3 llc-0b11 1 3 0 3 0
l1i_u3-3 llc-0b12 1 3 0 3 0
l1i_u3-3 llc-0b13 1 3 0 3 0
l1i_u3-3 llc-0b14 1 3 0 3 0
l1i_u3-3 llc-0b15 1 3 0 3 0
l1i_u3-4 llc-0b0 1 3 0 3 0
l1i_u3-4 llc-0b1 1 3 0 3 0
l1i_u3-4 llc-0b2 1 3 0 3 0
l1i_u3-4 llc-0b3 1 3 0 3 0
l1i_u3-4 llc-0b4 1 3 0 3 0
l1i_u3-4 llc-0b5 1 3 0 3 0
l1i_u3-4 llc-0b6 1 3 0 3 0
l1i_u3-4 llc-0b7 1 3 0 3 0
l1i_u3-4 llc-0b8 1 3 0 3 0
l1i_u3-4 llc-0b9 1 3 0 3 0
l1i_u3-4 llc-0b10 1 3 0 3 0
l1i_u3-4 llc-0b11 1 3 0 3 0
l1i_u3-4 llc-0b12 1 3 0 3 0
l1i_u3-4 llc-0b13 1 3 0 3 0
l1i_u3-4 llc-0b14 1 3 0 3 0
l1i_u3-4 llc-0b15 1 3 0 3 0
l1i_u3-5 llc-0b0 1 3 0 3 0
l1i_u3-5 llc-0b1 1 3 0 3 0
l1i_u3-5 llc-0b2 1 3 0 3 0
l1i_u3-5 llc-0b3 1 3 0 3 0
l1i_u3-5 llc-0b4 1 3 0 3 0
l1i_u3-5 llc-0b5 1 3 0 3 0
l1i_u3-5 llc-0b6 1 3 0 3 0
l1i_u3-5 llc-0b7 1 3 0 3 0
l1i_u3-5 llc-0b8 1 3 0 3 0
l1i_u3-5 llc-0b9 1 3 0 3 0
l1i_u3-5 llc-0b10 1 3 0 3 0
l1i_u3-5 llc-0b11 1 3 0 3 0
l1i_u3-5 llc-0b12 1 3 0 3 0
l1i_u3-5 llc-0b13 1 3 0 3 0
l1i_u3-5 llc-0b14 1 3 0 3 0
l1i_u3-5 llc-0b15 1 3 0 3 0
l1i_u3-6 llc-0b0 1 3 0 3 0
l1i_u3-6 llc-0b1 1 3 0 3 0
l1i_u3-6 llc-0b2 1 3 0 3 0
l1i_u3-6 llc-0b3 1 3 0 3 0
l1i_u3-6 llc-0b4 1 3 0 3 0
l1i_u3-6 llc-0b5 1 3 0 3 0
l1i_u3-6 llc-0b6 1 3 0 3 0
l1i_u3-6 llc-0b7 1 3 0 3 0
l1i_u3-6 llc-0b8 1 3 0 3 0
l1i_u3-6 llc-0b9 1 3 0 3 0
l1i_u3-6 llc-0b10 1 3 0 3 0
l1i_u3-6 llc-0b11 1 3 0 3 0
l1i_u3-6 llc-0b12 1 3 0 3 0
l1i_u3-6 llc-0b13 1 3 0 3 0
l1i_u3-6 llc-0b14 1 3 0 3 0
l1i_u3-6 llc-0b15 1 3 0 3 0
l1i_u3-7 llc-0b0 1 3 0 3 0
l1i_u3-7 llc-0b1 1 3 0 3 0
l1i_u3-7 llc-0b2 1 3 0 3 0
l1i_u3-7 llc-0b3 1 3 0 3 0
l1i_u3-7 llc-0b4 1 3 0 3 0
l1i_u3-7 llc-0b5 1 3 0 3 0
l1i_u3-7 llc-0b6 1 3 0 3 0
l1i_u3-7 llc-0b7 1 3 0 3 0
l1i_u3-7 llc-0b8 1 3 0 3 0
l1i_u3-7 llc-0b9 1 3 0 3 0
l1i_u3-7 llc-0b10 1 3 0 3 0
l1i_u3-7 llc-0b11 1 3 0 3 0
l1i_u3-7 llc-0b12 1 3 0 3 0
l1i_u3-7 llc-0b13 1 3 0 3 0
l1i_u3-7 llc-0b14 1 3 0 3 0
l1i_u3-7 llc-0b15 1 3 0 3 0
l1i_u3-8 llc-0b0 1 3 0 3 0
l1i_u3-8 llc-0b1 1 3 0 3 0
l1i_u3-8 llc-0b2 1 3 0 3 0
l1i_u3-8 llc-0b3 1 3 0 3 0
l1i_u3-8 llc-0b4 1 3 0 3 0
l1i_u3-8 llc-0b5 1 3 0 3 0
l1i_u3-8 llc-0b6 1 3 0 3 0
l1i_u3-8 llc-0b7 1 3 0 3 0
l1i_u3-8 llc-0b8 1 3 0 3 0
l1i_u3-8 llc-0b9 1 3 0 3 0
l1i_u3-8 llc-0b10 1 3 0 3 0
l1i_u3-8 llc-0b11 1 3 0 3 0
l1i_u3-8 llc-0b12 1 3 0 3 0
l1i_u3-8 llc-0b13 1 3 0 3 0
l1i_u3-8 llc-0b14 1 3 0 3 0
l1i_u3-8 llc-0b15 1 3 0 3 0
l1i_u3-9 llc-0b0 1 3 0 3 0
l1i_u3-9 llc-0b1 1 3 0 3 0
l1i_u3-9 llc-0b2 1 3 0 3 0
l1i_u3-9 llc-0b3 1 3 0 3 0
l1i_u3-9 llc-0b4 1 3 0 3 0
l1i_u3-9 llc-0b5 1 3 0 3 0
l1i_u3-9 llc-0b6 1 3 0 3 0
l1i_u3-9 llc-0b7 1 3 0 3 0
l1i_u3-9 llc-0b8 1 3 0 3 0
l1i_u3-9 llc-0b9 1 3 0 3 0
l1i_u3-9 llc-0b10 1 3 0 3 0
l1i_u3-9 llc-0b11 1 3 0 3 0
l1i_u3-9 llc-0b12 1 3 0 3 0
l1i_u3-9 llc-0b13 1 3 0 3 0
l1i_u3-9 llc-0b14 1 3 0 3 0
l1i_u3-9 llc-0b15 1 3 0 3 0
l1i_u3-10 llc-0b0 1 3 0 3 0
l1i_u3-10 llc-0b1 1 3 0 3 0
l1i_u3-10 llc-0b2 1 3 0 3 0
l1i_u3-10 llc-0b3 1 3 0 3 0
l1i_u3-10 llc-0b4 1 3 0 3 0
l1i_u3-10 llc-0b5 1 3 0 3 0
l1i_u3-10 llc-0b6 1 3 0 3 0
l1i_u3-10 llc-0b7 1 3 0 3 0
l1i_u3-10 llc-0b8 1 3 0 3 0
l1i_u3-10 llc-0b9 1 3 0 3 0
l1i_u3-10 llc-0b10 1 3 0 3 0
l1i_u3-10 llc-0b11 1 3 0 3 0
l1i_u3-10 llc-0b12 1 3 0 3 0
l1i_u3-10 llc-0b13 1 3 0 3 0
l1i_u3-10 llc-0b14 1 3 0 3 0
l1i_u3-10 llc-0b15 1 3 0 3 0
l1i_u3-11 llc-0b0 1 3 0 3 0
l1i_u3-11 llc-0b1 1 3 0 3 0
l1i_u3-11 llc-0b2 1 3 0 3 0
l1i_u3-11 llc-0b3 1 3 0 3 0
l1i_u3-11 llc-0b4 1 3 0 3 0
l1i_u3-11 llc-0b5 1 3 0 3 0
l1i_u3-11 llc-0b6 1 3 0 3 0
l1i_u3-11 llc-0b7 1 3 0 3 0
l1i_u3-11 llc-0b8 1 3 0 3 0
l1i_u3-11 llc-0b9 1 3 0 3 0
l1i_u3-11 llc-0b10 1 3 0 3 0
l1i_u3-11 llc-0b11 1 3 0 3 0
l1i_u3-11 llc-0b12 1 3 0 3 0
l1i_u3-11 llc-0b13 1 3 0 3 0
l1i_u3-11 llc-0b14 1 3 0 3 0
l1i_u3-11 llc-0b15 1 3 0 3 0
l1i_u3-12 llc-0b0 1 3 0 3 0
l1i_u3-12 llc-0b1 1 3 0 3 0
l1i_u3-12 llc-0b2 1 3 0 3 0
l1i_u3-12 llc-0b3 1 3 0 3 0
l1i_u3-12 llc-0b4 1 3 0 3 0
l1i_u3-12 llc-0b5 1 3 0 3 0
l1i_u3-12 llc-0b6 1 3 0 3 0
l1i_u3-12 llc-0b7 1 3 0 3 0
l1i_u3-12 llc-0b8 1 3 0 3 0
l1i_u3-12 llc-0b9 1 3 0 3 0
l1i_u3-12 llc-0b10 1 3 0 3 0
l1i_u3-12 llc-0b11 1 3 0 3 0
l1i_u3-12 llc-0b12 1 3 0 3 0
l1i_u3-12 llc-0b13 1 3 0 3 0
l1i_u3-12 llc-0b14 1 3 0 3 0
l1i_u3-12 llc-0b15 1 3 0 3 0
l1i_u3-13 llc-0b0 1 3 0 3 0
l1i_u3-13 llc-0b1 1 3 0 3 0
l1i_u3-13 llc-0b2 1 3 0 3 0
l1i_u3-13 llc-0b3 1 3 0 3 0
l1i_u3-13 llc-0b4 1 3 0 3 0
l1i_u3-13 llc-0b5 1 3 0 3 0
l1i_u3-13 llc-0b6 1 3 0 3 0
l1i_u3-13 llc-0b7 1 3 0 3 0
l1i_u3-13 llc-0b8 1 3 0 3 0
l1i_u3-13 llc-0b9 1 3 0 3 0
l1i_u3-13 llc-0b10 1 3 0 3 0
l1i_u3-13 llc-0b11 1 3 0 3 0
l1i_u3-13 llc-0b12 1 3 0 3 0
l1i_u3-13 llc-0b13 1 3 0 3 0
l1i_u3-13 llc-0b14 1 3 0 3 0
l1i_u3-13 llc-0b15 1 3 0 3 0
l1i_u3-14 llc-0b0 1 3 0 3 0
l1i_u3-14 llc-0b1 1 3 0 3 0
l1i_u3-14 llc-0b2 1 3 0 3 0
l1i_u3-14 llc-0b3 1 3 0 3 0
l1i_u3-14 llc-0b4 1 3 0 3 0
l1i_u3-14 llc-0b5 1 3 0 3 0
l1i_u3-14 llc-0b6 1 3 0 3 0
l1i_u3-14 llc-0b7 1 3 0 3 0
l1i_u3-14 llc-0b8 1 3 0 3 0
l1i_u3-14 llc-0b9 1 3 0 3 0
l1i_u3-14 llc-0b10 1 3 0 3 0
l1i_u3-14 llc-0b11 1 3 0 3 0
l1i_u3-14 llc-0b12 1 3 0 3 0
l1i_u3-14 llc-0b13 1 3 0 3 0
l1i_u3-14 llc-0b14 1 3 0 3 0
l1i_u3-14 llc-0b15 1 3 0 3 0
l1i_u3-15 llc-0b0 1 3 0 3 0
l1i_u3-15 llc-0b1 1 3 0 3 0
l1i_u3-15 llc-0b2 1 3 0 3 0
l1i_u3-15 llc-0b3 1 3 0 3 0
l1i_u3-15 llc-0b4 1 3 0 3 0
l1i_u3-15 llc-0b5 1 3 0 3 0
l1i_u3-15 llc-0b6 1 3 0 3 0
l1i_u3-15 llc-0b7 1 3 0 3 0
l1i_u3-15 llc-0b8 1 3 0 3 0
l1i_u3-15 llc-0b9 1 3 0 3 0
l1i_u3-15 llc-0b10 1 3 0 3 0
l1i_u3-15 llc-0b11 1 3 0 3 0
l1i_u3-15 llc-0b12 1 3 0 3 0
l1i_u3-15 llc-0b13 1 3 0 3 0
l1i_u3-15 llc-0b14 1 3 0 3 0
l1i_u3-15 llc-0b15 1 3 0 3 0
l1d_u3-0 llc-0b0 1 3 0 3 0
l1d_u3-0 llc-0b1 1 3 0 3 0
l1d_u3-0 llc-0b2 1 3 0 3 0
l1d_u3-0 llc-0b3 1 3 0 3 0
l1d_u3-0 llc-0b4 1 3 0 3 0
l1d_u3-0 llc-0b5 1 3 0 3 0
l1d_u3-0 llc-0b6 1 3 0 3 0
l1d_u3-0 llc-0b7 1 3 0 3 0
l1d_u3-0 llc-0b8 1 3 0 3 0
l1d_u3-0 llc-0b9 1 3 0 3 0
l1d_u3-0 llc-0b10 1 3 0 3 0
l1d_u3-0 llc-0b11 1 3 0 3 0
l1d_u3-0 llc-0b12 1 3 0 3 0
l1d_u3-0 llc-0b13 1 3 0 3 0
l1d_u3-0 llc-0b14 1 3 0 3 0
l1d_u3-0 llc-0b15 1 3 0 3 0
l1d_u3-1 llc-0b0 1 3 0 3 0
l1d_u3-1 llc-0b1 1 3 0 3 0
l1d_u3-1 llc-0b2 1 3 0 3 0
l1d_u3-1 llc-0b3 1 3 0 3 0
l1d_u3-1 llc-0b4 1 3 0 3 0
l1d_u3-1 llc-0b5 1 3 0 3 0
l1d_u3-1 llc-0b6 1 3 0 3 0
l1d_u3-1 llc-0b7 1 3 0 3 0
l1d_u3-1 llc-0b8 1 3 0 3 0
l1d_u3-1 llc-0b9 1 3 0 3 0
l1d_u3-1 llc-0b10 1 3 0 3 0
l1d_u3-1 llc-0b11 1 3 0 3 0
l1d_u3-1 llc-0b12 1 3 0 3 0
l1d_u3-1 llc-0b13 1 3 0 3 0
l1d_u3-1 llc-0b14 1 3 0 3 0
l1d_u3-1 llc-0b15 1 3 0 3 0
l1d_u3-2 llc-0b0 1 3 0 3 0
l1d_u3-2 llc-0b1 1 3 0 3 0
l1d_u3-2 llc-0b2 1 3 0 3 0
l1d_u3-2 llc-0b3 1 3 0 3 0
l1d_u3-2 llc-0b4 1 3 0 3 0
l1d_u3-2 llc-0b5 1 3 0 3 0
l1d_u3-2 llc-0b6 1 3 0 3 0
l1d_u3-2 llc-0b7 1 3 0 3 0
l1d_u3-2 llc-0b8 1 3 0 3 0
l1d_u3-2 llc-0b9 1 3 0 3 0
l1d_u3-2 llc-0b10 1 3 0 3 0
l1d_u3-2 llc-0b11 1 3 0 3 0
l1d_u3-2 llc-0b12 1 3 0 3 0
l1d_u3-2 llc-0b13 1 3 0 3 0
l1d_u3-2 llc-0b14 1 3 0 3 0
l1d_u3-2 llc-0b15 1 3 0 3 0
l1d_u3-3 llc-0b0 1 3 0 3 0
l1d_u3-3 llc-0b1 1 3 0 3 0
l1d_u3-3 llc-0b2 1 3 0 3 0
l1d_u3-3 llc-0b3 1 3 0 3 0
l1d_u3-3 llc-0b4 1 3 0 3 0
l1d_u3-3 llc-0b5 1 3 0 3 0
l1d_u3-3 llc-0b6 1 3 0 3 0
l1d_u3-3 llc-0b7 1 3 0 3 0
l1d_u3-3 llc-0b8 1 3 0 3 0
l1d_u3-3 llc-0b9 1 3 0 3 0
l1d_u3-3 llc-0b10 1 3 0 3 0
l1d_u3-3 llc-0b11 1 3 0 3 0
l1d_u3-3 llc-0b12 1 3 0 3 0
l1d_u3-3 llc-0b13 1 3 0 3 0
l1d_u3-3 llc-0b14 1 3 0 3 0
l1d_u3-3 llc-0b15 1 3 0 3 0
l1d_u3-4 llc-0b0 1 3 0 3 0
l1d_u3-4 llc-0b1 1 3 0 3 0
l1d_u3-4 llc-0b2 1 3 0 3 0
l1d_u3-4 llc-0b3 1 3 0 3 0
l1d_u3-4 llc-0b4 1 3 0 3 0
l1d_u3-4 llc-0b5 1 3 0 3 0
l1d_u3-4 llc-0b6 1 3 0 3 0
l1d_u3-4 llc-0b7 1 3 0 3 0
l1d_u3-4 llc-0b8 1 3 0 3 0
l1d_u3-4 llc-0b9 1 3 0 3 0
l1d_u3-4 llc-0b10 1 3 0 3 0
l1d_u3-4 llc-0b11 1 3 0 3 0
l1d_u3-4 llc-0b12 1 3 0 3 0
l1d_u3-4 llc-0b13 1 3 0 3 0
l1d_u3-4 llc-0b14 1 3 0 3 0
l1d_u3-4 llc-0b15 1 3 0 3 0
l1d_u3-5 llc-0b0 1 3 0 3 0
l1d_u3-5 llc-0b1 1 3 0 3 0
l1d_u3-5 llc-0b2 1 3 0 3 0
l1d_u3-5 llc-0b3 1 3 0 3 0
l1d_u3-5 llc-0b4 1 3 0 3 0
l1d_u3-5 llc-0b5 1 3 0 3 0
l1d_u3-5 llc-0b6 1 3 0 3 0
l1d_u3-5 llc-0b7 1 3 0 3 0
l1d_u3-5 llc-0b8 1 3 0 3 0
l1d_u3-5 llc-0b9 1 3 0 3 0
l1d_u3-5 llc-0b10 1 3 0 3 0
l1d_u3-5 llc-0b11 1 3 0 3 0
l1d_u3-5 llc-0b12 1 3 0 3 0
l1d_u3-5 llc-0b13 1 3 0 3 0
l1d_u3-5 llc-0b14 1 3 0 3 0
l1d_u3-5 llc-0b15 1 3 0 3 0
l1d_u3-6 llc-0b0 1 3 0 3 0
l1d_u3-6 llc-0b1 1 3 0 3 0
l1d_u3-6 llc-0b2 1 3 0 3 0
l1d_u3-6 llc-0b3 1 3 0 3 0
l1d_u3-6 llc-0b4 1 3 0 3 0
l1d_u3-6 llc-0b5 1 3 0 3 0
l1d_u3-6 llc-0b6 1 3 0 3 0
l1d_u3-6 llc-0b7 1 3 0 3 0
l1d_u3-6 llc-0b8 1 3 0 3 0
l1d_u3-6 llc-0b9 1 3 0 3 0
l1d_u3-6 llc-0b10 1 3 0 3 0
l1d_u3-6 llc-0b11 1 3 0 3 0
l1d_u3-6 llc-0b12 1 3 0 3 0
l1d_u3-6 llc-0b13 1 3 0 3 0
l1d_u3-6 llc-0b14 1 3 0 3 0
l1d_u3-6 llc-0b15 1 3 0 3 0
l1d_u3-7 llc-0b0 1 3 0 3 0
l1d_u3-7 llc-0b1 1 3 0 3 0
l1d_u3-7 llc-0b2 1 3 0 3 0
l1d_u3-7 llc-0b3 1 3 0 3 0
l1d_u3-7 llc-0b4 1 3 0 3 0
l1d_u3-7 llc-0b5 1 3 0 3 0
l1d_u3-7 llc-0b6 1 3 0 3 0
l1d_u3-7 llc-0b7 1 3 0 3 0
l1d_u3-7 llc-0b8 1 3 0 3 0
l1d_u3-7 llc-0b9 1 3 0 3 0
l1d_u3-7 llc-0b10 1 3 0 3 0
l1d_u3-7 llc-0b11 1 3 0 3 0
l1d_u3-7 llc-0b12 1 3 0 3 0
l1d_u3-7 llc-0b13 1 3 0 3 0
l1d_u3-7 llc-0b14 1 3 0 3 0
l1d_u3-7 llc-0b15 1 3 0 3 0
l1d_u3-8 llc-0b0 1 3 0 3 0
l1d_u3-8 llc-0b1 1 3 0 3 0
l1d_u3-8 llc-0b2 1 3 0 3 0
l1d_u3-8 llc-0b3 1 3 0 3 0
l1d_u3-8 llc-0b4 1 3 0 3 0
l1d_u3-8 llc-0b5 1 3 0 3 0
l1d_u3-8 llc-0b6 1 3 0 3 0
l1d_u3-8 llc-0b7 1 3 0 3 0
l1d_u3-8 llc-0b8 1 3 0 3 0
l1d_u3-8 llc-0b9 1 3 0 3 0
l1d_u3-8 llc-0b10 1 3 0 3 0
l1d_u3-8 llc-0b11 1 3 0 3 0
l1d_u3-8 llc-0b12 1 3 0 3 0
l1d_u3-8 llc-0b13 1 3 0 3 0
l1d_u3-8 llc-0b14 1 3 0 3 0
l1d_u3-8 llc-0b15 1 3 0 3 0
l1d_u3-9 llc-0b0 1 3 0 3 0
l1d_u3-9 llc-0b1 1 3 0 3 0
l1d_u3-9 llc-0b2 1 3 0 3 0
l1d_u3-9 llc-0b3 1 3 0 3 0
l1d_u3-9 llc-0b4 1 3 0 3 0
l1d_u3-9 llc-0b5 1 3 0 3 0
l1d_u3-9 llc-0b6 1 3 0 3 0
l1d_u3-9 llc-0b7 1 3 0 3 0
l1d_u3-9 llc-0b8 1 3 0 3 0
l1d_u3-9 llc-0b9 1 3 0 3 0
l1d_u3-9 llc-0b10 1 3 0 3 0
l1d_u3-9 llc-0b11 1 3 0 3 0
l1d_u3-9 llc-0b12 1 3 0 3 0
l1d_u3-9 llc-0b13 1 3 0 3 0
l1d_u3-9 llc-0b14 1 3 0 3 0
l1d_u3-9 llc-0b15 1 3 0 3 0
l1d_u3-10 llc-0b0 1 3 0 3 0
l1d_u3-10 llc-0b1 1 3 0 3 0
l1d_u3-10 llc-0b2 1 3 0 3 0
l1d_u3-10 llc-0b3 1 3 0 3 0
l1d_u3-10 llc-0b4 1 3 0 3 0
l1d_u3-10 llc-0b5 1 3 0 3 0
l1d_u3-10 llc-0b6 1 3 0 3 0
l1d_u3-10 llc-0b7 1 3 0 3 0
l1d_u3-10 llc-0b8 1 3 0 3 0
l1d_u3-10 llc-0b9 1 3 0 3 0
l1d_u3-10 llc-0b10 1 3 0 3 0
l1d_u3-10 llc-0b11 1 3 0 3 0
l1d_u3-10 llc-0b12 1 3 0 3 0
l1d_u3-10 llc-0b13 1 3 0 3 0
l1d_u3-10 llc-0b14 1 3 0 3 0
l1d_u3-10 llc-0b15 1 3 0 3 0
l1d_u3-11 llc-0b0 1 3 0 3 0
l1d_u3-11 llc-0b1 1 3 0 3 0
l1d_u3-11 llc-0b2 1 3 0 3 0
l1d_u3-11 llc-0b3 1 3 0 3 0
l1d_u3-11 llc-0b4 1 3 0 3 0
l1d_u3-11 llc-0b5 1 3 0 3 0
l1d_u3-11 llc-0b6 1 3 0 3 0
l1d_u3-11 llc-0b7 1 3 0 3 0
l1d_u3-11 llc-0b8 1 3 0 3 0
l1d_u3-11 llc-0b9 1 3 0 3 0
l1d_u3-11 llc-0b10 1 3 0 3 0
l1d_u3-11 llc-0b11 1 3 0 3 0
l1d_u3-11 llc-0b12 1 3 0 3 0
l1d_u3-11 llc-0b13 1 3 0 3 0
l1d_u3-11 llc-0b14 1 3 0 3 0
l1d_u3-11 llc-0b15 1 3 0 3 0
l1d_u3-12 llc-0b0 1 3 0 3 0
l1d_u3-12 llc-0b1 1 3 0 3 0
l1d_u3-12 llc-0b2 1 3 0 3 0
l1d_u3-12 llc-0b3 1 3 0 3 0
l1d_u3-12 llc-0b4 1 3 0 3 0
l1d_u3-12 llc-0b5 1 3 0 3 0
l1d_u3-12 llc-0b6 1 3 0 3 0
l1d_u3-12 llc-0b7 1 3 0 3 0
l1d_u3-12 llc-0b8 1 3 0 3 0
l1d_u3-12 llc-0b9 1 3 0 3 0
l1d_u3-12 llc-0b10 1 3 0 3 0
l1d_u3-12 llc-0b11 1 3 0 3 0
l1d_u3-12 llc-0b12 1 3 0 3 0
l1d_u3-12 llc-0b13 1 3 0 3 0
l1d_u3-12 llc-0b14 1 3 0 3 0
l1d_u3-12 llc-0b15 1 3 0 3 0
l1d_u3-13 llc-0b0 1 3 0 3 0
l1d_u3-13 llc-0b1 1 3 0 3 0
l1d_u3-13 llc-0b2 1 3 0 3 0
l1d_u3-13 llc-0b3 1 3 0 3 0
l1d_u3-13 llc-0b4 1 3 0 3 0
l1d_u3-13 llc-0b5 1 3 0 3 0
l1d_u3-13 llc-0b6 1 3 0 3 0
l1d_u3-13 llc-0b7 1 3 0 3 0
l1d_u3-13 llc-0b8 1 3 0 3 0
l1d_u3-13 llc-0b9 1 3 0 3 0
l1d_u3-13 llc-0b10 1 3 0 3 0
l1d_u3-13 llc-0b11 1 3 0 3 0
l1d_u3-13 llc-0b12 1 3 0 3 0
l1d_u3-13 llc-0b13 1 3 0 3 0
l1d_u3-13 llc-0b14 1 3 0 3 0
l1d_u3-13 llc-0b15 1 3 0 3 0
l1d_u3-14 llc-0b0 1 3 0 3 0
l1d_u3-14 llc-0b1 1 3 0 3 0
l1d_u3-14 llc-0b2 1 3 0 3 0
l1d_u3-14 llc-0b3 1 3 0 3 0
l1d_u3-14 llc-0b4 1 3 0 3 0
l1d_u3-14 llc-0b5 1 3 0 3 0
l1d_u3-14 llc-0b6 1 3 0 3 0
l1d_u3-14 llc-0b7 1 3 0 3 0
l1d_u3-14 llc-0b8 1 3 0 3 0
l1d_u3-14 llc-0b9 1 3 0 3 0
l1d_u3-14 llc-0b10 1 3 0 3 0
l1d_u3-14 llc-0b11 1 3 0 3 0
l1d_u3-14 llc-0b12 1 3 0 3 0
l1d_u3-14 llc-0b13 1 3 0 3 0
l1d_u3-14 llc-0b14 1 3 0 3 0
l1d_u3-14 llc-0b15 1 3 0 3 0
l1d_u3-15 llc-0b0 1 3 0 3 0
l1d_u3-15 llc-0b1 1 3 0 3 0
l1d_u3-15 llc-0b2 1 3 0 3 0
l1d_u3-15 llc-0b3 1 3 0 3 0
l1d_u3-15 llc-0b4 1 3 0 3 0
l1d_u3-15 llc-0b5 1 3 0 3 0
l1d_u3-15 llc-0b6 1 3 0 3 0
l1d_u3-15 llc-0b7 1 3 0 3 0
l1d_u3-15 llc-0b8 1 3 0 3 0
l1d_u3-15 llc-0b9 1 3 0 3 0
l1d_u3-15 llc-0b10 1 3 0 3 0
l1d_u3-15 llc-0b11 1 3 0 3 0
l1d_u3-15 llc-0b12 1 3 0 3 0
l1d_u3-15 llc-0b13 1 3 0 3 0
l1d_u3-15 llc-0b14 1 3 0 3 0
l1d_u3-15 llc-0b15 1 3 0 3 0
l1i_u4-0 llc-0b0 1 4 0 4 0
l1i_u4-0 llc-0b1 1 4 0 4 0
l1i_u4-0 llc-0b2 1 4 0 4 0
l1i_u4-0 llc-0b3 1 4 0 4 0
l1i_u4-0 llc-0b4 1 4 0 4 0
l1i_u4-0 llc-0b5 1 4 0 4 0
l1i_u4-0 llc-0b6 1 4 0 4 0
l1i_u4-0 llc-0b7 1 4 0 4 0
l1i_u4-0 llc-0b8 1 4 0 4 0
l1i_u4-0 llc-0b9 1 4 0 4 0
l1i_u4-0 llc-0b10 1 4 0 4 0
l1i_u4-0 llc-0b11 1 4 0 4 0
l1i_u4-0 llc-0b12 1 4 0 4 0
l1i_u4-0 llc-0b13 1 4 0 4 0
l1i_u4-0 llc-0b14 1 4 0 4 0
l1i_u4-0 llc-0b15 1 4 0 4 0
l1i_u4-1 llc-0b0 1 4 0 4 0
l1i_u4-1 llc-0b1 1 4 0 4 0
l1i_u4-1 llc-0b2 1 4 0 4 0
l1i_u4-1 llc-0b3 1 4 0 4 0
l1i_u4-1 llc-0b4 1 4 0 4 0
l1i_u4-1 llc-0b5 1 4 0 4 0
l1i_u4-1 llc-0b6 1 4 0 4 0
l1i_u4-1 llc-0b7 1 4 0 4 0
l1i_u4-1 llc-0b8 1 4 0 4 0
l1i_u4-1 llc-0b9 1 4 0 4 0
l1i_u4-1 llc-0b10 1 4 0 4 0
l1i_u4-1 llc-0b11 1 4 0 4 0
l1i_u4-1 llc-0b12 1 4 0 4 0
l1i_u4-1 llc-0b13 1 4 0 4 0
l1i_u4-1 llc-0b14 1 4 0 4 0
l1i_u4-1 llc-0b15 1 4 0 4 0
l1i_u4-2 llc-0b0 1 4 0 4 0
l1i_u4-2 llc-0b1 1 4 0 4 0
l1i_u4-2 llc-0b2 1 4 0 4 0
l1i_u4-2 llc-0b3 1 4 0 4 0
l1i_u4-2 llc-0b4 1 4 0 4 0
l1i_u4-2 llc-0b5 1 4 0 4 0
l1i_u4-2 llc-0b6 1 4 0 4 0
l1i_u4-2 llc-0b7 1 4 0 4 0
l1i_u4-2 llc-0b8 1 4 0 4 0
l1i_u4-2 llc-0b9 1 4 0 4 0
l1i_u4-2 llc-0b10 1 4 0 4 0
l1i_u4-2 llc-0b11 1 4 0 4 0
l1i_u4-2 llc-0b12 1 4 0 4 0
l1i_u4-2 llc-0b13 1 4 0 4 0
l1i_u4-2 llc-0b14 1 4 0 4 0
l1i_u4-2 llc-0b15 1 4 0 4 0
l1i_u4-3 llc-0b0 1 4 0 4 0
l1i_u4-3 llc-0b1 1 4 0 4 0
l1i_u4-3 llc-0b2 1 4 0 4 0
l1i_u4-3 llc-0b3 1 4 0 4 0
l1i_u4-3 llc-0b4 1 4 0 4 0
l1i_u4-3 llc-0b5 1 4 0 4 0
l1i_u4-3 llc-0b6 1 4 0 4 0
l1i_u4-3 llc-0b7 1 4 0 4 0
l1i_u4-3 llc-0b8 1 4 0 4 0
l1i_u4-3 llc-0b9 1 4 0 4 0
l1i_u4-3 llc-0b10 1 4 0 4 0
l1i_u4-3 llc-0b11 1 4 0 4 0
l1i_u4-3 llc-0b12 1 4 0 4 0
l1i_u4-3 llc-0b13 1 4 0 4 0
l1i_u4-3 llc-0b14 1 4 0 4 0
l1i_u4-3 llc-0b15 1 4 0 4 0
l1i_u4-4 llc-0b0 1 4 0 4 0
l1i_u4-4 llc-0b1 1 4 0 4 0
l1i_u4-4 llc-0b2 1 4 0 4 0
l1i_u4-4 llc-0b3 1 4 0 4 0
l1i_u4-4 llc-0b4 1 4 0 4 0
l1i_u4-4 llc-0b5 1 4 0 4 0
l1i_u4-4 llc-0b6 1 4 0 4 0
l1i_u4-4 llc-0b7 1 4 0 4 0
l1i_u4-4 llc-0b8 1 4 0 4 0
l1i_u4-4 llc-0b9 1 4 0 4 0
l1i_u4-4 llc-0b10 1 4 0 4 0
l1i_u4-4 llc-0b11 1 4 0 4 0
l1i_u4-4 llc-0b12 1 4 0 4 0
l1i_u4-4 llc-0b13 1 4 0 4 0
l1i_u4-4 llc-0b14 1 4 0 4 0
l1i_u4-4 llc-0b15 1 4 0 4 0
l1i_u4-5 llc-0b0 1 4 0 4 0
l1i_u4-5 llc-0b1 1 4 0 4 0
l1i_u4-5 llc-0b2 1 4 0 4 0
l1i_u4-5 llc-0b3 1 4 0 4 0
l1i_u4-5 llc-0b4 1 4 0 4 0
l1i_u4-5 llc-0b5 1 4 0 4 0
l1i_u4-5 llc-0b6 1 4 0 4 0
l1i_u4-5 llc-0b7 1 4 0 4 0
l1i_u4-5 llc-0b8 1 4 0 4 0
l1i_u4-5 llc-0b9 1 4 0 4 0
l1i_u4-5 llc-0b10 1 4 0 4 0
l1i_u4-5 llc-0b11 1 4 0 4 0
l1i_u4-5 llc-0b12 1 4 0 4 0
l1i_u4-5 llc-0b13 1 4 0 4 0
l1i_u4-5 llc-0b14 1 4 0 4 0
l1i_u4-5 llc-0b15 1 4 0 4 0
l1i_u4-6 llc-0b0 1 4 0 4 0
l1i_u4-6 llc-0b1 1 4 0 4 0
l1i_u4-6 llc-0b2 1 4 0 4 0
l1i_u4-6 llc-0b3 1 4 0 4 0
l1i_u4-6 llc-0b4 1 4 0 4 0
l1i_u4-6 llc-0b5 1 4 0 4 0
l1i_u4-6 llc-0b6 1 4 0 4 0
l1i_u4-6 llc-0b7 1 4 0 4 0
l1i_u4-6 llc-0b8 1 4 0 4 0
l1i_u4-6 llc-0b9 1 4 0 4 0
l1i_u4-6 llc-0b10 1 4 0 4 0
l1i_u4-6 llc-0b11 1 4 0 4 0
l1i_u4-6 llc-0b12 1 4 0 4 0
l1i_u4-6 llc-0b13 1 4 0 4 0
l1i_u4-6 llc-0b14 1 4 0 4 0
l1i_u4-6 llc-0b15 1 4 0 4 0
l1i_u4-7 llc-0b0 1 4 0 4 0
l1i_u4-7 llc-0b1 1 4 0 4 0
l1i_u4-7 llc-0b2 1 4 0 4 0
l1i_u4-7 llc-0b3 1 4 0 4 0
l1i_u4-7 llc-0b4 1 4 0 4 0
l1i_u4-7 llc-0b5 1 4 0 4 0
l1i_u4-7 llc-0b6 1 4 0 4 0
l1i_u4-7 llc-0b7 1 4 0 4 0
l1i_u4-7 llc-0b8 1 4 0 4 0
l1i_u4-7 llc-0b9 1 4 0 4 0
l1i_u4-7 llc-0b10 1 4 0 4 0
l1i_u4-7 llc-0b11 1 4 0 4 0
l1i_u4-7 llc-0b12 1 4 0 4 0
l1i_u4-7 llc-0b13 1 4 0 4 0
l1i_u4-7 llc-0b14 1 4 0 4 0
l1i_u4-7 llc-0b15 1 4 0 4 0
l1i_u4-8 llc-0b0 1 4 0 4 0
l1i_u4-8 llc-0b1 1 4 0 4 0
l1i_u4-8 llc-0b2 1 4 0 4 0
l1i_u4-8 llc-0b3 1 4 0 4 0
l1i_u4-8 llc-0b4 1 4 0 4 0
l1i_u4-8 llc-0b5 1 4 0 4 0
l1i_u4-8 llc-0b6 1 4 0 4 0
l1i_u4-8 llc-0b7 1 4 0 4 0
l1i_u4-8 llc-0b8 1 4 0 4 0
l1i_u4-8 llc-0b9 1 4 0 4 0
l1i_u4-8 llc-0b10 1 4 0 4 0
l1i_u4-8 llc-0b11 1 4 0 4 0
l1i_u4-8 llc-0b12 1 4 0 4 0
l1i_u4-8 llc-0b13 1 4 0 4 0
l1i_u4-8 llc-0b14 1 4 0 4 0
l1i_u4-8 llc-0b15 1 4 0 4 0
l1i_u4-9 llc-0b0 1 4 0 4 0
l1i_u4-9 llc-0b1 1 4 0 4 0
l1i_u4-9 llc-0b2 1 4 0 4 0
l1i_u4-9 llc-0b3 1 4 0 4 0
l1i_u4-9 llc-0b4 1 4 0 4 0
l1i_u4-9 llc-0b5 1 4 0 4 0
l1i_u4-9 llc-0b6 1 4 0 4 0
l1i_u4-9 llc-0b7 1 4 0 4 0
l1i_u4-9 llc-0b8 1 4 0 4 0
l1i_u4-9 llc-0b9 1 4 0 4 0
l1i_u4-9 llc-0b10 1 4 0 4 0
l1i_u4-9 llc-0b11 1 4 0 4 0
l1i_u4-9 llc-0b12 1 4 0 4 0
l1i_u4-9 llc-0b13 1 4 0 4 0
l1i_u4-9 llc-0b14 1 4 0 4 0
l1i_u4-9 llc-0b15 1 4 0 4 0
l1i_u4-10 llc-0b0 1 4 0 4 0
l1i_u4-10 llc-0b1 1 4 0 4 0
l1i_u4-10 llc-0b2 1 4 0 4 0
l1i_u4-10 llc-0b3 1 4 0 4 0
l1i_u4-10 llc-0b4 1 4 0 4 0
l1i_u4-10 llc-0b5 1 4 0 4 0
l1i_u4-10 llc-0b6 1 4 0 4 0
l1i_u4-10 llc-0b7 1 4 0 4 0
l1i_u4-10 llc-0b8 1 4 0 4 0
l1i_u4-10 llc-0b9 1 4 0 4 0
l1i_u4-10 llc-0b10 1 4 0 4 0
l1i_u4-10 llc-0b11 1 4 0 4 0
l1i_u4-10 llc-0b12 1 4 0 4 0
l1i_u4-10 llc-0b13 1 4 0 4 0
l1i_u4-10 llc-0b14 1 4 0 4 0
l1i_u4-10 llc-0b15 1 4 0 4 0
l1i_u4-11 llc-0b0 1 4 0 4 0
l1i_u4-11 llc-0b1 1 4 0 4 0
l1i_u4-11 llc-0b2 1 4 0 4 0
l1i_u4-11 llc-0b3 1 4 0 4 0
l1i_u4-11 llc-0b4 1 4 0 4 0
l1i_u4-11 llc-0b5 1 4 0 4 0
l1i_u4-11 llc-0b6 1 4 0 4 0
l1i_u4-11 llc-0b7 1 4 0 4 0
l1i_u4-11 llc-0b8 1 4 0 4 0
l1i_u4-11 llc-0b9 1 4 0 4 0
l1i_u4-11 llc-0b10 1 4 0 4 0
l1i_u4-11 llc-0b11 1 4 0 4 0
l1i_u4-11 llc-0b12 1 4 0 4 0
l1i_u4-11 llc-0b13 1 4 0 4 0
l1i_u4-11 llc-0b14 1 4 0 4 0
l1i_u4-11 llc-0b15 1 4 0 4 0
l1i_u4-12 llc-0b0 1 4 0 4 0
l1i_u4-12 llc-0b1 1 4 0 4 0
l1i_u4-12 llc-0b2 1 4 0 4 0
l1i_u4-12 llc-0b3 1 4 0 4 0
l1i_u4-12 llc-0b4 1 4 0 4 0
l1i_u4-12 llc-0b5 1 4 0 4 0
l1i_u4-12 llc-0b6 1 4 0 4 0
l1i_u4-12 llc-0b7 1 4 0 4 0
l1i_u4-12 llc-0b8 1 4 0 4 0
l1i_u4-12 llc-0b9 1 4 0 4 0
l1i_u4-12 llc-0b10 1 4 0 4 0
l1i_u4-12 llc-0b11 1 4 0 4 0
l1i_u4-12 llc-0b12 1 4 0 4 0
l1i_u4-12 llc-0b13 1 4 0 4 0
l1i_u4-12 llc-0b14 1 4 0 4 0
l1i_u4-12 llc-0b15 1 4 0 4 0
l1i_u4-13 llc-0b0 1 4 0 4 0
l1i_u4-13 llc-0b1 1 4 0 4 0
l1i_u4-13 llc-0b2 1 4 0 4 0
l1i_u4-13 llc-0b3 1 4 0 4 0
l1i_u4-13 llc-0b4 1 4 0 4 0
l1i_u4-13 llc-0b5 1 4 0 4 0
l1i_u4-13 llc-0b6 1 4 0 4 0
l1i_u4-13 llc-0b7 1 4 0 4 0
l1i_u4-13 llc-0b8 1 4 0 4 0
l1i_u4-13 llc-0b9 1 4 0 4 0
l1i_u4-13 llc-0b10 1 4 0 4 0
l1i_u4-13 llc-0b11 1 4 0 4 0
l1i_u4-13 llc-0b12 1 4 0 4 0
l1i_u4-13 llc-0b13 1 4 0 4 0
l1i_u4-13 llc-0b14 1 4 0 4 0
l1i_u4-13 llc-0b15 1 4 0 4 0
l1i_u4-14 llc-0b0 1 4 0 4 0
l1i_u4-14 llc-0b1 1 4 0 4 0
l1i_u4-14 llc-0b2 1 4 0 4 0
l1i_u4-14 llc-0b3 1 4 0 4 0
l1i_u4-14 llc-0b4 1 4 0 4 0
l1i_u4-14 llc-0b5 1 4 0 4 0
l1i_u4-14 llc-0b6 1 4 0 4 0
l1i_u4-14 llc-0b7 1 4 0 4 0
l1i_u4-14 llc-0b8 1 4 0 4 0
l1i_u4-14 llc-0b9 1 4 0 4 0
l1i_u4-14 llc-0b10 1 4 0 4 0
l1i_u4-14 llc-0b11 1 4 0 4 0
l1i_u4-14 llc-0b12 1 4 0 4 0
l1i_u4-14 llc-0b13 1 4 0 4 0
l1i_u4-14 llc-0b14 1 4 0 4 0
l1i_u4-14 llc-0b15 1 4 0 4 0
l1i_u4-15 llc-0b0 1 4 0 4 0
l1i_u4-15 llc-0b1 1 4 0 4 0
l1i_u4-15 llc-0b2 1 4 0 4 0
l1i_u4-15 llc-0b3 1 4 0 4 0
l1i_u4-15 llc-0b4 1 4 0 4 0
l1i_u4-15 llc-0b5 1 4 0 4 0
l1i_u4-15 llc-0b6 1 4 0 4 0
l1i_u4-15 llc-0b7 1 4 0 4 0
l1i_u4-15 llc-0b8 1 4 0 4 0
l1i_u4-15 llc-0b9 1 4 0 4 0
l1i_u4-15 llc-0b10 1 4 0 4 0
l1i_u4-15 llc-0b11 1 4 0 4 0
l1i_u4-15 llc-0b12 1 4 0 4 0
l1i_u4-15 llc-0b13 1 4 0 4 0
l1i_u4-15 llc-0b14 1 4 0 4 0
l1i_u4-15 llc-0b15 1 4 0 4 0
l1d_u4-0 llc-0b0 1 4 0 4 0
l1d_u4-0 llc-0b1 1 4 0 4 0
l1d_u4-0 llc-0b2 1 4 0 4 0
l1d_u4-0 llc-0b3 1 4 0 4 0
l1d_u4-0 llc-0b4 1 4 0 4 0
l1d_u4-0 llc-0b5 1 4 0 4 0
l1d_u4-0 llc-0b6 1 4 0 4 0
l1d_u4-0 llc-0b7 1 4 0 4 0
l1d_u4-0 llc-0b8 1 4 0 4 0
l1d_u4-0 llc-0b9 1 4 0 4 0
l1d_u4-0 llc-0b10 1 4 0 4 0
l1d_u4-0 llc-0b11 1 4 0 4 0
l1d_u4-0 llc-0b12 1 4 0 4 0
l1d_u4-0 llc-0b13 1 4 0 4 0
l1d_u4-0 llc-0b14 1 4 0 4 0
l1d_u4-0 llc-0b15 1 4 0 4 0
l1d_u4-1 llc-0b0 1 4 0 4 0
l1d_u4-1 llc-0b1 1 4 0 4 0
l1d_u4-1 llc-0b2 1 4 0 4 0
l1d_u4-1 llc-0b3 1 4 0 4 0
l1d_u4-1 llc-0b4 1 4 0 4 0
l1d_u4-1 llc-0b5 1 4 0 4 0
l1d_u4-1 llc-0b6 1 4 0 4 0
l1d_u4-1 llc-0b7 1 4 0 4 0
l1d_u4-1 llc-0b8 1 4 0 4 0
l1d_u4-1 llc-0b9 1 4 0 4 0
l1d_u4-1 llc-0b10 1 4 0 4 0
l1d_u4-1 llc-0b11 1 4 0 4 0
l1d_u4-1 llc-0b12 1 4 0 4 0
l1d_u4-1 llc-0b13 1 4 0 4 0
l1d_u4-1 llc-0b14 1 4 0 4 0
l1d_u4-1 llc-0b15 1 4 0 4 0
l1d_u4-2 llc-0b0 1 4 0 4 0
l1d_u4-2 llc-0b1 1 4 0 4 0
l1d_u4-2 llc-0b2 1 4 0 4 0
l1d_u4-2 llc-0b3 1 4 0 4 0
l1d_u4-2 llc-0b4 1 4 0 4 0
l1d_u4-2 llc-0b5 1 4 0 4 0
l1d_u4-2 llc-0b6 1 4 0 4 0
l1d_u4-2 llc-0b7 1 4 0 4 0
l1d_u4-2 llc-0b8 1 4 0 4 0
l1d_u4-2 llc-0b9 1 4 0 4 0
l1d_u4-2 llc-0b10 1 4 0 4 0
l1d_u4-2 llc-0b11 1 4 0 4 0
l1d_u4-2 llc-0b12 1 4 0 4 0
l1d_u4-2 llc-0b13 1 4 0 4 0
l1d_u4-2 llc-0b14 1 4 0 4 0
l1d_u4-2 llc-0b15 1 4 0 4 0
l1d_u4-3 llc-0b0 1 4 0 4 0
l1d_u4-3 llc-0b1 1 4 0 4 0
l1d_u4-3 llc-0b2 1 4 0 4 0
l1d_u4-3 llc-0b3 1 4 0 4 0
l1d_u4-3 llc-0b4 1 4 0 4 0
l1d_u4-3 llc-0b5 1 4 0 4 0
l1d_u4-3 llc-0b6 1 4 0 4 0
l1d_u4-3 llc-0b7 1 4 0 4 0
l1d_u4-3 llc-0b8 1 4 0 4 0
l1d_u4-3 llc-0b9 1 4 0 4 0
l1d_u4-3 llc-0b10 1 4 0 4 0
l1d_u4-3 llc-0b11 1 4 0 4 0
l1d_u4-3 llc-0b12 1 4 0 4 0
l1d_u4-3 llc-0b13 1 4 0 4 0
l1d_u4-3 llc-0b14 1 4 0 4 0
l1d_u4-3 llc-0b15 1 4 0 4 0
l1d_u4-4 llc-0b0 1 4 0 4 0
l1d_u4-4 llc-0b1 1 4 0 4 0
l1d_u4-4 llc-0b2 1 4 0 4 0
l1d_u4-4 llc-0b3 1 4 0 4 0
l1d_u4-4 llc-0b4 1 4 0 4 0
l1d_u4-4 llc-0b5 1 4 0 4 0
l1d_u4-4 llc-0b6 1 4 0 4 0
l1d_u4-4 llc-0b7 1 4 0 4 0
l1d_u4-4 llc-0b8 1 4 0 4 0
l1d_u4-4 llc-0b9 1 4 0 4 0
l1d_u4-4 llc-0b10 1 4 0 4 0
l1d_u4-4 llc-0b11 1 4 0 4 0
l1d_u4-4 llc-0b12 1 4 0 4 0
l1d_u4-4 llc-0b13 1 4 0 4 0
l1d_u4-4 llc-0b14 1 4 0 4 0
l1d_u4-4 llc-0b15 1 4 0 4 0
l1d_u4-5 llc-0b0 1 4 0 4 0
l1d_u4-5 llc-0b1 1 4 0 4 0
l1d_u4-5 llc-0b2 1 4 0 4 0
l1d_u4-5 llc-0b3 1 4 0 4 0
l1d_u4-5 llc-0b4 1 4 0 4 0
l1d_u4-5 llc-0b5 1 4 0 4 0
l1d_u4-5 llc-0b6 1 4 0 4 0
l1d_u4-5 llc-0b7 1 4 0 4 0
l1d_u4-5 llc-0b8 1 4 0 4 0
l1d_u4-5 llc-0b9 1 4 0 4 0
l1d_u4-5 llc-0b10 1 4 0 4 0
l1d_u4-5 llc-0b11 1 4 0 4 0
l1d_u4-5 llc-0b12 1 4 0 4 0
l1d_u4-5 llc-0b13 1 4 0 4 0
l1d_u4-5 llc-0b14 1 4 0 4 0
l1d_u4-5 llc-0b15 1 4 0 4 0
l1d_u4-6 llc-0b0 1 4 0 4 0
l1d_u4-6 llc-0b1 1 4 0 4 0
l1d_u4-6 llc-0b2 1 4 0 4 0
l1d_u4-6 llc-0b3 1 4 0 4 0
l1d_u4-6 llc-0b4 1 4 0 4 0
l1d_u4-6 llc-0b5 1 4 0 4 0
l1d_u4-6 llc-0b6 1 4 0 4 0
l1d_u4-6 llc-0b7 1 4 0 4 0
l1d_u4-6 llc-0b8 1 4 0 4 0
l1d_u4-6 llc-0b9 1 4 0 4 0
l1d_u4-6 llc-0b10 1 4 0 4 0
l1d_u4-6 llc-0b11 1 4 0 4 0
l1d_u4-6 llc-0b12 1 4 0 4 0
l1d_u4-6 llc-0b13 1 4 0 4 0
l1d_u4-6 llc-0b14 1 4 0 4 0
l1d_u4-6 llc-0b15 1 4 0 4 0
l1d_u4-7 llc-0b0 1 4 0 4 0
l1d_u4-7 llc-0b1 1 4 0 4 0
l1d_u4-7 llc-0b2 1 4 0 4 0
l1d_u4-7 llc-0b3 1 4 0 4 0
l1d_u4-7 llc-0b4 1 4 0 4 0
l1d_u4-7 llc-0b5 1 4 0 4 0
l1d_u4-7 llc-0b6 1 4 0 4 0
l1d_u4-7 llc-0b7 1 4 0 4 0
l1d_u4-7 llc-0b8 1 4 0 4 0
l1d_u4-7 llc-0b9 1 4 0 4 0
l1d_u4-7 llc-0b10 1 4 0 4 0
l1d_u4-7 llc-0b11 1 4 0 4 0
l1d_u4-7 llc-0b12 1 4 0 4 0
l1d_u4-7 llc-0b13 1 4 0 4 0
l1d_u4-7 llc-0b14 1 4 0 4 0
l1d_u4-7 llc-0b15 1 4 0 4 0
l1d_u4-8 llc-0b0 1 4 0 4 0
l1d_u4-8 llc-0b1 1 4 0 4 0
l1d_u4-8 llc-0b2 1 4 0 4 0
l1d_u4-8 llc-0b3 1 4 0 4 0
l1d_u4-8 llc-0b4 1 4 0 4 0
l1d_u4-8 llc-0b5 1 4 0 4 0
l1d_u4-8 llc-0b6 1 4 0 4 0
l1d_u4-8 llc-0b7 1 4 0 4 0
l1d_u4-8 llc-0b8 1 4 0 4 0
l1d_u4-8 llc-0b9 1 4 0 4 0
l1d_u4-8 llc-0b10 1 4 0 4 0
l1d_u4-8 llc-0b11 1 4 0 4 0
l1d_u4-8 llc-0b12 1 4 0 4 0
l1d_u4-8 llc-0b13 1 4 0 4 0
l1d_u4-8 llc-0b14 1 4 0 4 0
l1d_u4-8 llc-0b15 1 4 0 4 0
l1d_u4-9 llc-0b0 1 4 0 4 0
l1d_u4-9 llc-0b1 1 4 0 4 0
l1d_u4-9 llc-0b2 1 4 0 4 0
l1d_u4-9 llc-0b3 1 4 0 4 0
l1d_u4-9 llc-0b4 1 4 0 4 0
l1d_u4-9 llc-0b5 1 4 0 4 0
l1d_u4-9 llc-0b6 1 4 0 4 0
l1d_u4-9 llc-0b7 1 4 0 4 0
l1d_u4-9 llc-0b8 1 4 0 4 0
l1d_u4-9 llc-0b9 1 4 0 4 0
l1d_u4-9 llc-0b10 1 4 0 4 0
l1d_u4-9 llc-0b11 1 4 0 4 0
l1d_u4-9 llc-0b12 1 4 0 4 0
l1d_u4-9 llc-0b13 1 4 0 4 0
l1d_u4-9 llc-0b14 1 4 0 4 0
l1d_u4-9 llc-0b15 1 4 0 4 0
l1d_u4-10 llc-0b0 1 4 0 4 0
l1d_u4-10 llc-0b1 1 4 0 4 0
l1d_u4-10 llc-0b2 1 4 0 4 0
l1d_u4-10 llc-0b3 1 4 0 4 0
l1d_u4-10 llc-0b4 1 4 0 4 0
l1d_u4-10 llc-0b5 1 4 0 4 0
l1d_u4-10 llc-0b6 1 4 0 4 0
l1d_u4-10 llc-0b7 1 4 0 4 0
l1d_u4-10 llc-0b8 1 4 0 4 0
l1d_u4-10 llc-0b9 1 4 0 4 0
l1d_u4-10 llc-0b10 1 4 0 4 0
l1d_u4-10 llc-0b11 1 4 0 4 0
l1d_u4-10 llc-0b12 1 4 0 4 0
l1d_u4-10 llc-0b13 1 4 0 4 0
l1d_u4-10 llc-0b14 1 4 0 4 0
l1d_u4-10 llc-0b15 1 4 0 4 0
l1d_u4-11 llc-0b0 1 4 0 4 0
l1d_u4-11 llc-0b1 1 4 0 4 0
l1d_u4-11 llc-0b2 1 4 0 4 0
l1d_u4-11 llc-0b3 1 4 0 4 0
l1d_u4-11 llc-0b4 1 4 0 4 0
l1d_u4-11 llc-0b5 1 4 0 4 0
l1d_u4-11 llc-0b6 1 4 0 4 0
l1d_u4-11 llc-0b7 1 4 0 4 0
l1d_u4-11 llc-0b8 1 4 0 4 0
l1d_u4-11 llc-0b9 1 4 0 4 0
l1d_u4-11 llc-0b10 1 4 0 4 0
l1d_u4-11 llc-0b11 1 4 0 4 0
l1d_u4-11 llc-0b12 1 4 0 4 0
l1d_u4-11 llc-0b13 1 4 0 4 0
l1d_u4-11 llc-0b14 1 4 0 4 0
l1d_u4-11 llc-0b15 1 4 0 4 0
l1d_u4-12 llc-0b0 1 4 0 4 0
l1d_u4-12 llc-0b1 1 4 0 4 0
l1d_u4-12 llc-0b2 1 4 0 4 0
l1d_u4-12 llc-0b3 1 4 0 4 0
l1d_u4-12 llc-0b4 1 4 0 4 0
l1d_u4-12 llc-0b5 1 4 0 4 0
l1d_u4-12 llc-0b6 1 4 0 4 0
l1d_u4-12 llc-0b7 1 4 0 4 0
l1d_u4-12 llc-0b8 1 4 0 4 0
l1d_u4-12 llc-0b9 1 4 0 4 0
l1d_u4-12 llc-0b10 1 4 0 4 0
l1d_u4-12 llc-0b11 1 4 0 4 0
l1d_u4-12 llc-0b12 1 4 0 4 0
l1d_u4-12 llc-0b13 1 4 0 4 0
l1d_u4-12 llc-0b14 1 4 0 4 0
l1d_u4-12 llc-0b15 1 4 0 4 0
l1d_u4-13 llc-0b0 1 4 0 4 0
l1d_u4-13 llc-0b1 1 4 0 4 0
l1d_u4-13 llc-0b2 1 4 0 4 0
l1d_u4-13 llc-0b3 1 4 0 4 0
l1d_u4-13 llc-0b4 1 4 0 4 0
l1d_u4-13 llc-0b5 1 4 0 4 0
l1d_u4-13 llc-0b6 1 4 0 4 0
l1d_u4-13 llc-0b7 1 4 0 4 0
l1d_u4-13 llc-0b8 1 4 0 4 0
l1d_u4-13 llc-0b9 1 4 0 4 0
l1d_u4-13 llc-0b10 1 4 0 4 0
l1d_u4-13 llc-0b11 1 4 0 4 0
l1d_u4-13 llc-0b12 1 4 0 4 0
l1d_u4-13 llc-0b13 1 4 0 4 0
l1d_u4-13 llc-0b14 1 4 0 4 0
l1d_u4-13 llc-0b15 1 4 0 4 0
l1d_u4-14 llc-0b0 1 4 0 4 0
l1d_u4-14 llc-0b1 1 4 0 4 0
l1d_u4-14 llc-0b2 1 4 0 4 0
l1d_u4-14 llc-0b3 1 4 0 4 0
l1d_u4-14 llc-0b4 1 4 0 4 0
l1d_u4-14 llc-0b5 1 4 0 4 0
l1d_u4-14 llc-0b6 1 4 0 4 0
l1d_u4-14 llc-0b7 1 4 0 4 0
l1d_u4-14 llc-0b8 1 4 0 4 0
l1d_u4-14 llc-0b9 1 4 0 4 0
l1d_u4-14 llc-0b10 1 4 0 4 0
l1d_u4-14 llc-0b11 1 4 0 4 0
l1d_u4-14 llc-0b12 1 4 0 4 0
l1d_u4-14 llc-0b13 1 4 0 4 0
l1d_u4-14 llc-0b14 1 4 0 4 0
l1d_u4-14 llc-0b15 1 4 0 4 0
l1d_u4-15 llc-0b0 1 4 0 4 0
l1d_u4-15 llc-0b1 1 4 0 4 0
l1d_u4-15 llc-0b2 1 4 0 4 0
l1d_u4-15 llc-0b3 1 4 0 4 0
l1d_u4-15 llc-0b4 1 4 0 4 0
l1d_u4-15 llc-0b5 1 4 0 4 0
l1d_u4-15 llc-0b6 1 4 0 4 0
l1d_u4-15 llc-0b7 1 4 0 4 0
l1d_u4-15 llc-0b8 1 4 0 4 0
l1d_u4-15 llc-0b9 1 4 0 4 0
l1d_u4-15 llc-0b10 1 4 0 4 0
l1d_u4-15 llc-0b11 1 4 0 4 0
l1d_u4-15 llc-0b12 1 4 0 4 0
l1d_u4-15 llc-0b13 1 4 0 4 0
l1d_u4-15 llc-0b14 1 4 0 4 0
l1d_u4-15 llc-0b15 1 4 0 4 0
l1i_u5-0 llc-0b0 1 5 0 5 0
l1i_u5-0 llc-0b1 1 5 0 5 0
l1i_u5-0 llc-0b2 1 5 0 5 0
l1i_u5-0 llc-0b3 1 5 0 5 0
l1i_u5-0 llc-0b4 1 5 0 5 0
l1i_u5-0 llc-0b5 1 5 0 5 0
l1i_u5-0 llc-0b6 1 5 0 5 0
l1i_u5-0 llc-0b7 1 5 0 5 0
l1i_u5-0 llc-0b8 1 5 0 5 0
l1i_u5-0 llc-0b9 1 5 0 5 0
l1i_u5-0 llc-0b10 1 5 0 5 0
l1i_u5-0 llc-0b11 1 5 0 5 0
l1i_u5-0 llc-0b12 1 5 0 5 0
l1i_u5-0 llc-0b13 1 5 0 5 0
l1i_u5-0 llc-0b14 1 5 0 5 0
l1i_u5-0 llc-0b15 1 5 0 5 0
l1i_u5-1 llc-0b0 1 5 0 5 0
l1i_u5-1 llc-0b1 1 5 0 5 0
l1i_u5-1 llc-0b2 1 5 0 5 0
l1i_u5-1 llc-0b3 1 5 0 5 0
l1i_u5-1 llc-0b4 1 5 0 5 0
l1i_u5-1 llc-0b5 1 5 0 5 0
l1i_u5-1 llc-0b6 1 5 0 5 0
l1i_u5-1 llc-0b7 1 5 0 5 0
l1i_u5-1 llc-0b8 1 5 0 5 0
l1i_u5-1 llc-0b9 1 5 0 5 0
l1i_u5-1 llc-0b10 1 5 0 5 0
l1i_u5-1 llc-0b11 1 5 0 5 0
l1i_u5-1 llc-0b12 1 5 0 5 0
l1i_u5-1 llc-0b13 1 5 0 5 0
l1i_u5-1 llc-0b14 1 5 0 5 0
l1i_u5-1 llc-0b15 1 5 0 5 0
l1i_u5-2 llc-0b0 1 5 0 5 0
l1i_u5-2 llc-0b1 1 5 0 5 0
l1i_u5-2 llc-0b2 1 5 0 5 0
l1i_u5-2 llc-0b3 1 5 0 5 0
l1i_u5-2 llc-0b4 1 5 0 5 0
l1i_u5-2 llc-0b5 1 5 0 5 0
l1i_u5-2 llc-0b6 1 5 0 5 0
l1i_u5-2 llc-0b7 1 5 0 5 0
l1i_u5-2 llc-0b8 1 5 0 5 0
l1i_u5-2 llc-0b9 1 5 0 5 0
l1i_u5-2 llc-0b10 1 5 0 5 0
l1i_u5-2 llc-0b11 1 5 0 5 0
l1i_u5-2 llc-0b12 1 5 0 5 0
l1i_u5-2 llc-0b13 1 5 0 5 0
l1i_u5-2 llc-0b14 1 5 0 5 0
l1i_u5-2 llc-0b15 1 5 0 5 0
l1i_u5-3 llc-0b0 1 5 0 5 0
l1i_u5-3 llc-0b1 1 5 0 5 0
l1i_u5-3 llc-0b2 1 5 0 5 0
l1i_u5-3 llc-0b3 1 5 0 5 0
l1i_u5-3 llc-0b4 1 5 0 5 0
l1i_u5-3 llc-0b5 1 5 0 5 0
l1i_u5-3 llc-0b6 1 5 0 5 0
l1i_u5-3 llc-0b7 1 5 0 5 0
l1i_u5-3 llc-0b8 1 5 0 5 0
l1i_u5-3 llc-0b9 1 5 0 5 0
l1i_u5-3 llc-0b10 1 5 0 5 0
l1i_u5-3 llc-0b11 1 5 0 5 0
l1i_u5-3 llc-0b12 1 5 0 5 0
l1i_u5-3 llc-0b13 1 5 0 5 0
l1i_u5-3 llc-0b14 1 5 0 5 0
l1i_u5-3 llc-0b15 1 5 0 5 0
l1i_u5-4 llc-0b0 1 5 0 5 0
l1i_u5-4 llc-0b1 1 5 0 5 0
l1i_u5-4 llc-0b2 1 5 0 5 0
l1i_u5-4 llc-0b3 1 5 0 5 0
l1i_u5-4 llc-0b4 1 5 0 5 0
l1i_u5-4 llc-0b5 1 5 0 5 0
l1i_u5-4 llc-0b6 1 5 0 5 0
l1i_u5-4 llc-0b7 1 5 0 5 0
l1i_u5-4 llc-0b8 1 5 0 5 0
l1i_u5-4 llc-0b9 1 5 0 5 0
l1i_u5-4 llc-0b10 1 5 0 5 0
l1i_u5-4 llc-0b11 1 5 0 5 0
l1i_u5-4 llc-0b12 1 5 0 5 0
l1i_u5-4 llc-0b13 1 5 0 5 0
l1i_u5-4 llc-0b14 1 5 0 5 0
l1i_u5-4 llc-0b15 1 5 0 5 0
l1i_u5-5 llc-0b0 1 5 0 5 0
l1i_u5-5 llc-0b1 1 5 0 5 0
l1i_u5-5 llc-0b2 1 5 0 5 0
l1i_u5-5 llc-0b3 1 5 0 5 0
l1i_u5-5 llc-0b4 1 5 0 5 0
l1i_u5-5 llc-0b5 1 5 0 5 0
l1i_u5-5 llc-0b6 1 5 0 5 0
l1i_u5-5 llc-0b7 1 5 0 5 0
l1i_u5-5 llc-0b8 1 5 0 5 0
l1i_u5-5 llc-0b9 1 5 0 5 0
l1i_u5-5 llc-0b10 1 5 0 5 0
l1i_u5-5 llc-0b11 1 5 0 5 0
l1i_u5-5 llc-0b12 1 5 0 5 0
l1i_u5-5 llc-0b13 1 5 0 5 0
l1i_u5-5 llc-0b14 1 5 0 5 0
l1i_u5-5 llc-0b15 1 5 0 5 0
l1i_u5-6 llc-0b0 1 5 0 5 0
l1i_u5-6 llc-0b1 1 5 0 5 0
l1i_u5-6 llc-0b2 1 5 0 5 0
l1i_u5-6 llc-0b3 1 5 0 5 0
l1i_u5-6 llc-0b4 1 5 0 5 0
l1i_u5-6 llc-0b5 1 5 0 5 0
l1i_u5-6 llc-0b6 1 5 0 5 0
l1i_u5-6 llc-0b7 1 5 0 5 0
l1i_u5-6 llc-0b8 1 5 0 5 0
l1i_u5-6 llc-0b9 1 5 0 5 0
l1i_u5-6 llc-0b10 1 5 0 5 0
l1i_u5-6 llc-0b11 1 5 0 5 0
l1i_u5-6 llc-0b12 1 5 0 5 0
l1i_u5-6 llc-0b13 1 5 0 5 0
l1i_u5-6 llc-0b14 1 5 0 5 0
l1i_u5-6 llc-0b15 1 5 0 5 0
l1i_u5-7 llc-0b0 1 5 0 5 0
l1i_u5-7 llc-0b1 1 5 0 5 0
l1i_u5-7 llc-0b2 1 5 0 5 0
l1i_u5-7 llc-0b3 1 5 0 5 0
l1i_u5-7 llc-0b4 1 5 0 5 0
l1i_u5-7 llc-0b5 1 5 0 5 0
l1i_u5-7 llc-0b6 1 5 0 5 0
l1i_u5-7 llc-0b7 1 5 0 5 0
l1i_u5-7 llc-0b8 1 5 0 5 0
l1i_u5-7 llc-0b9 1 5 0 5 0
l1i_u5-7 llc-0b10 1 5 0 5 0
l1i_u5-7 llc-0b11 1 5 0 5 0
l1i_u5-7 llc-0b12 1 5 0 5 0
l1i_u5-7 llc-0b13 1 5 0 5 0
l1i_u5-7 llc-0b14 1 5 0 5 0
l1i_u5-7 llc-0b15 1 5 0 5 0
l1i_u5-8 llc-0b0 1 5 0 5 0
l1i_u5-8 llc-0b1 1 5 0 5 0
l1i_u5-8 llc-0b2 1 5 0 5 0
l1i_u5-8 llc-0b3 1 5 0 5 0
l1i_u5-8 llc-0b4 1 5 0 5 0
l1i_u5-8 llc-0b5 1 5 0 5 0
l1i_u5-8 llc-0b6 1 5 0 5 0
l1i_u5-8 llc-0b7 1 5 0 5 0
l1i_u5-8 llc-0b8 1 5 0 5 0
l1i_u5-8 llc-0b9 1 5 0 5 0
l1i_u5-8 llc-0b10 1 5 0 5 0
l1i_u5-8 llc-0b11 1 5 0 5 0
l1i_u5-8 llc-0b12 1 5 0 5 0
l1i_u5-8 llc-0b13 1 5 0 5 0
l1i_u5-8 llc-0b14 1 5 0 5 0
l1i_u5-8 llc-0b15 1 5 0 5 0
l1i_u5-9 llc-0b0 1 5 0 5 0
l1i_u5-9 llc-0b1 1 5 0 5 0
l1i_u5-9 llc-0b2 1 5 0 5 0
l1i_u5-9 llc-0b3 1 5 0 5 0
l1i_u5-9 llc-0b4 1 5 0 5 0
l1i_u5-9 llc-0b5 1 5 0 5 0
l1i_u5-9 llc-0b6 1 5 0 5 0
l1i_u5-9 llc-0b7 1 5 0 5 0
l1i_u5-9 llc-0b8 1 5 0 5 0
l1i_u5-9 llc-0b9 1 5 0 5 0
l1i_u5-9 llc-0b10 1 5 0 5 0
l1i_u5-9 llc-0b11 1 5 0 5 0
l1i_u5-9 llc-0b12 1 5 0 5 0
l1i_u5-9 llc-0b13 1 5 0 5 0
l1i_u5-9 llc-0b14 1 5 0 5 0
l1i_u5-9 llc-0b15 1 5 0 5 0
l1i_u5-10 llc-0b0 1 5 0 5 0
l1i_u5-10 llc-0b1 1 5 0 5 0
l1i_u5-10 llc-0b2 1 5 0 5 0
l1i_u5-10 llc-0b3 1 5 0 5 0
l1i_u5-10 llc-0b4 1 5 0 5 0
l1i_u5-10 llc-0b5 1 5 0 5 0
l1i_u5-10 llc-0b6 1 5 0 5 0
l1i_u5-10 llc-0b7 1 5 0 5 0
l1i_u5-10 llc-0b8 1 5 0 5 0
l1i_u5-10 llc-0b9 1 5 0 5 0
l1i_u5-10 llc-0b10 1 5 0 5 0
l1i_u5-10 llc-0b11 1 5 0 5 0
l1i_u5-10 llc-0b12 1 5 0 5 0
l1i_u5-10 llc-0b13 1 5 0 5 0
l1i_u5-10 llc-0b14 1 5 0 5 0
l1i_u5-10 llc-0b15 1 5 0 5 0
l1i_u5-11 llc-0b0 1 5 0 5 0
l1i_u5-11 llc-0b1 1 5 0 5 0
l1i_u5-11 llc-0b2 1 5 0 5 0
l1i_u5-11 llc-0b3 1 5 0 5 0
l1i_u5-11 llc-0b4 1 5 0 5 0
l1i_u5-11 llc-0b5 1 5 0 5 0
l1i_u5-11 llc-0b6 1 5 0 5 0
l1i_u5-11 llc-0b7 1 5 0 5 0
l1i_u5-11 llc-0b8 1 5 0 5 0
l1i_u5-11 llc-0b9 1 5 0 5 0
l1i_u5-11 llc-0b10 1 5 0 5 0
l1i_u5-11 llc-0b11 1 5 0 5 0
l1i_u5-11 llc-0b12 1 5 0 5 0
l1i_u5-11 llc-0b13 1 5 0 5 0
l1i_u5-11 llc-0b14 1 5 0 5 0
l1i_u5-11 llc-0b15 1 5 0 5 0
l1i_u5-12 llc-0b0 1 5 0 5 0
l1i_u5-12 llc-0b1 1 5 0 5 0
l1i_u5-12 llc-0b2 1 5 0 5 0
l1i_u5-12 llc-0b3 1 5 0 5 0
l1i_u5-12 llc-0b4 1 5 0 5 0
l1i_u5-12 llc-0b5 1 5 0 5 0
l1i_u5-12 llc-0b6 1 5 0 5 0
l1i_u5-12 llc-0b7 1 5 0 5 0
l1i_u5-12 llc-0b8 1 5 0 5 0
l1i_u5-12 llc-0b9 1 5 0 5 0
l1i_u5-12 llc-0b10 1 5 0 5 0
l1i_u5-12 llc-0b11 1 5 0 5 0
l1i_u5-12 llc-0b12 1 5 0 5 0
l1i_u5-12 llc-0b13 1 5 0 5 0
l1i_u5-12 llc-0b14 1 5 0 5 0
l1i_u5-12 llc-0b15 1 5 0 5 0
l1i_u5-13 llc-0b0 1 5 0 5 0
l1i_u5-13 llc-0b1 1 5 0 5 0
l1i_u5-13 llc-0b2 1 5 0 5 0
l1i_u5-13 llc-0b3 1 5 0 5 0
l1i_u5-13 llc-0b4 1 5 0 5 0
l1i_u5-13 llc-0b5 1 5 0 5 0
l1i_u5-13 llc-0b6 1 5 0 5 0
l1i_u5-13 llc-0b7 1 5 0 5 0
l1i_u5-13 llc-0b8 1 5 0 5 0
l1i_u5-13 llc-0b9 1 5 0 5 0
l1i_u5-13 llc-0b10 1 5 0 5 0
l1i_u5-13 llc-0b11 1 5 0 5 0
l1i_u5-13 llc-0b12 1 5 0 5 0
l1i_u5-13 llc-0b13 1 5 0 5 0
l1i_u5-13 llc-0b14 1 5 0 5 0
l1i_u5-13 llc-0b15 1 5 0 5 0
l1i_u5-14 llc-0b0 1 5 0 5 0
l1i_u5-14 llc-0b1 1 5 0 5 0
l1i_u5-14 llc-0b2 1 5 0 5 0
l1i_u5-14 llc-0b3 1 5 0 5 0
l1i_u5-14 llc-0b4 1 5 0 5 0
l1i_u5-14 llc-0b5 1 5 0 5 0
l1i_u5-14 llc-0b6 1 5 0 5 0
l1i_u5-14 llc-0b7 1 5 0 5 0
l1i_u5-14 llc-0b8 1 5 0 5 0
l1i_u5-14 llc-0b9 1 5 0 5 0
l1i_u5-14 llc-0b10 1 5 0 5 0
l1i_u5-14 llc-0b11 1 5 0 5 0
l1i_u5-14 llc-0b12 1 5 0 5 0
l1i_u5-14 llc-0b13 1 5 0 5 0
l1i_u5-14 llc-0b14 1 5 0 5 0
l1i_u5-14 llc-0b15 1 5 0 5 0
l1i_u5-15 llc-0b0 1 5 0 5 0
l1i_u5-15 llc-0b1 1 5 0 5 0
l1i_u5-15 llc-0b2 1 5 0 5 0
l1i_u5-15 llc-0b3 1 5 0 5 0
l1i_u5-15 llc-0b4 1 5 0 5 0
l1i_u5-15 llc-0b5 1 5 0 5 0
l1i_u5-15 llc-0b6 1 5 0 5 0
l1i_u5-15 llc-0b7 1 5 0 5 0
l1i_u5-15 llc-0b8 1 5 0 5 0
l1i_u5-15 llc-0b9 1 5 0 5 0
l1i_u5-15 llc-0b10 1 5 0 5 0
l1i_u5-15 llc-0b11 1 5 0 5 0
l1i_u5-15 llc-0b12 1 5 0 5 0
l1i_u5-15 llc-0b13 1 5 0 5 0
l1i_u5-15 llc-0b14 1 5 0 5 0
l1i_u5-15 llc-0b15 1 5 0 5 0
l1d_u5-0 llc-0b0 1 5 0 5 0
l1d_u5-0 llc-0b1 1 5 0 5 0
l1d_u5-0 llc-0b2 1 5 0 5 0
l1d_u5-0 llc-0b3 1 5 0 5 0
l1d_u5-0 llc-0b4 1 5 0 5 0
l1d_u5-0 llc-0b5 1 5 0 5 0
l1d_u5-0 llc-0b6 1 5 0 5 0
l1d_u5-0 llc-0b7 1 5 0 5 0
l1d_u5-0 llc-0b8 1 5 0 5 0
l1d_u5-0 llc-0b9 1 5 0 5 0
l1d_u5-0 llc-0b10 1 5 0 5 0
l1d_u5-0 llc-0b11 1 5 0 5 0
l1d_u5-0 llc-0b12 1 5 0 5 0
l1d_u5-0 llc-0b13 1 5 0 5 0
l1d_u5-0 llc-0b14 1 5 0 5 0
l1d_u5-0 llc-0b15 1 5 0 5 0
l1d_u5-1 llc-0b0 1 5 0 5 0
l1d_u5-1 llc-0b1 1 5 0 5 0
l1d_u5-1 llc-0b2 1 5 0 5 0
l1d_u5-1 llc-0b3 1 5 0 5 0
l1d_u5-1 llc-0b4 1 5 0 5 0
l1d_u5-1 llc-0b5 1 5 0 5 0
l1d_u5-1 llc-0b6 1 5 0 5 0
l1d_u5-1 llc-0b7 1 5 0 5 0
l1d_u5-1 llc-0b8 1 5 0 5 0
l1d_u5-1 llc-0b9 1 5 0 5 0
l1d_u5-1 llc-0b10 1 5 0 5 0
l1d_u5-1 llc-0b11 1 5 0 5 0
l1d_u5-1 llc-0b12 1 5 0 5 0
l1d_u5-1 llc-0b13 1 5 0 5 0
l1d_u5-1 llc-0b14 1 5 0 5 0
l1d_u5-1 llc-0b15 1 5 0 5 0
l1d_u5-2 llc-0b0 1 5 0 5 0
l1d_u5-2 llc-0b1 1 5 0 5 0
l1d_u5-2 llc-0b2 1 5 0 5 0
l1d_u5-2 llc-0b3 1 5 0 5 0
l1d_u5-2 llc-0b4 1 5 0 5 0
l1d_u5-2 llc-0b5 1 5 0 5 0
l1d_u5-2 llc-0b6 1 5 0 5 0
l1d_u5-2 llc-0b7 1 5 0 5 0
l1d_u5-2 llc-0b8 1 5 0 5 0
l1d_u5-2 llc-0b9 1 5 0 5 0
l1d_u5-2 llc-0b10 1 5 0 5 0
l1d_u5-2 llc-0b11 1 5 0 5 0
l1d_u5-2 llc-0b12 1 5 0 5 0
l1d_u5-2 llc-0b13 1 5 0 5 0
l1d_u5-2 llc-0b14 1 5 0 5 0
l1d_u5-2 llc-0b15 1 5 0 5 0
l1d_u5-3 llc-0b0 1 5 0 5 0
l1d_u5-3 llc-0b1 1 5 0 5 0
l1d_u5-3 llc-0b2 1 5 0 5 0
l1d_u5-3 llc-0b3 1 5 0 5 0
l1d_u5-3 llc-0b4 1 5 0 5 0
l1d_u5-3 llc-0b5 1 5 0 5 0
l1d_u5-3 llc-0b6 1 5 0 5 0
l1d_u5-3 llc-0b7 1 5 0 5 0
l1d_u5-3 llc-0b8 1 5 0 5 0
l1d_u5-3 llc-0b9 1 5 0 5 0
l1d_u5-3 llc-0b10 1 5 0 5 0
l1d_u5-3 llc-0b11 1 5 0 5 0
l1d_u5-3 llc-0b12 1 5 0 5 0
l1d_u5-3 llc-0b13 1 5 0 5 0
l1d_u5-3 llc-0b14 1 5 0 5 0
l1d_u5-3 llc-0b15 1 5 0 5 0
l1d_u5-4 llc-0b0 1 5 0 5 0
l1d_u5-4 llc-0b1 1 5 0 5 0
l1d_u5-4 llc-0b2 1 5 0 5 0
l1d_u5-4 llc-0b3 1 5 0 5 0
l1d_u5-4 llc-0b4 1 5 0 5 0
l1d_u5-4 llc-0b5 1 5 0 5 0
l1d_u5-4 llc-0b6 1 5 0 5 0
l1d_u5-4 llc-0b7 1 5 0 5 0
l1d_u5-4 llc-0b8 1 5 0 5 0
l1d_u5-4 llc-0b9 1 5 0 5 0
l1d_u5-4 llc-0b10 1 5 0 5 0
l1d_u5-4 llc-0b11 1 5 0 5 0
l1d_u5-4 llc-0b12 1 5 0 5 0
l1d_u5-4 llc-0b13 1 5 0 5 0
l1d_u5-4 llc-0b14 1 5 0 5 0
l1d_u5-4 llc-0b15 1 5 0 5 0
l1d_u5-5 llc-0b0 1 5 0 5 0
l1d_u5-5 llc-0b1 1 5 0 5 0
l1d_u5-5 llc-0b2 1 5 0 5 0
l1d_u5-5 llc-0b3 1 5 0 5 0
l1d_u5-5 llc-0b4 1 5 0 5 0
l1d_u5-5 llc-0b5 1 5 0 5 0
l1d_u5-5 llc-0b6 1 5 0 5 0
l1d_u5-5 llc-0b7 1 5 0 5 0
l1d_u5-5 llc-0b8 1 5 0 5 0
l1d_u5-5 llc-0b9 1 5 0 5 0
l1d_u5-5 llc-0b10 1 5 0 5 0
l1d_u5-5 llc-0b11 1 5 0 5 0
l1d_u5-5 llc-0b12 1 5 0 5 0
l1d_u5-5 llc-0b13 1 5 0 5 0
l1d_u5-5 llc-0b14 1 5 0 5 0
l1d_u5-5 llc-0b15 1 5 0 5 0
l1d_u5-6 llc-0b0 1 5 0 5 0
l1d_u5-6 llc-0b1 1 5 0 5 0
l1d_u5-6 llc-0b2 1 5 0 5 0
l1d_u5-6 llc-0b3 1 5 0 5 0
l1d_u5-6 llc-0b4 1 5 0 5 0
l1d_u5-6 llc-0b5 1 5 0 5 0
l1d_u5-6 llc-0b6 1 5 0 5 0
l1d_u5-6 llc-0b7 1 5 0 5 0
l1d_u5-6 llc-0b8 1 5 0 5 0
l1d_u5-6 llc-0b9 1 5 0 5 0
l1d_u5-6 llc-0b10 1 5 0 5 0
l1d_u5-6 llc-0b11 1 5 0 5 0
l1d_u5-6 llc-0b12 1 5 0 5 0
l1d_u5-6 llc-0b13 1 5 0 5 0
l1d_u5-6 llc-0b14 1 5 0 5 0
l1d_u5-6 llc-0b15 1 5 0 5 0
l1d_u5-7 llc-0b0 1 5 0 5 0
l1d_u5-7 llc-0b1 1 5 0 5 0
l1d_u5-7 llc-0b2 1 5 0 5 0
l1d_u5-7 llc-0b3 1 5 0 5 0
l1d_u5-7 llc-0b4 1 5 0 5 0
l1d_u5-7 llc-0b5 1 5 0 5 0
l1d_u5-7 llc-0b6 1 5 0 5 0
l1d_u5-7 llc-0b7 1 5 0 5 0
l1d_u5-7 llc-0b8 1 5 0 5 0
l1d_u5-7 llc-0b9 1 5 0 5 0
l1d_u5-7 llc-0b10 1 5 0 5 0
l1d_u5-7 llc-0b11 1 5 0 5 0
l1d_u5-7 llc-0b12 1 5 0 5 0
l1d_u5-7 llc-0b13 1 5 0 5 0
l1d_u5-7 llc-0b14 1 5 0 5 0
l1d_u5-7 llc-0b15 1 5 0 5 0
l1d_u5-8 llc-0b0 1 5 0 5 0
l1d_u5-8 llc-0b1 1 5 0 5 0
l1d_u5-8 llc-0b2 1 5 0 5 0
l1d_u5-8 llc-0b3 1 5 0 5 0
l1d_u5-8 llc-0b4 1 5 0 5 0
l1d_u5-8 llc-0b5 1 5 0 5 0
l1d_u5-8 llc-0b6 1 5 0 5 0
l1d_u5-8 llc-0b7 1 5 0 5 0
l1d_u5-8 llc-0b8 1 5 0 5 0
l1d_u5-8 llc-0b9 1 5 0 5 0
l1d_u5-8 llc-0b10 1 5 0 5 0
l1d_u5-8 llc-0b11 1 5 0 5 0
l1d_u5-8 llc-0b12 1 5 0 5 0
l1d_u5-8 llc-0b13 1 5 0 5 0
l1d_u5-8 llc-0b14 1 5 0 5 0
l1d_u5-8 llc-0b15 1 5 0 5 0
l1d_u5-9 llc-0b0 1 5 0 5 0
l1d_u5-9 llc-0b1 1 5 0 5 0
l1d_u5-9 llc-0b2 1 5 0 5 0
l1d_u5-9 llc-0b3 1 5 0 5 0
l1d_u5-9 llc-0b4 1 5 0 5 0
l1d_u5-9 llc-0b5 1 5 0 5 0
l1d_u5-9 llc-0b6 1 5 0 5 0
l1d_u5-9 llc-0b7 1 5 0 5 0
l1d_u5-9 llc-0b8 1 5 0 5 0
l1d_u5-9 llc-0b9 1 5 0 5 0
l1d_u5-9 llc-0b10 1 5 0 5 0
l1d_u5-9 llc-0b11 1 5 0 5 0
l1d_u5-9 llc-0b12 1 5 0 5 0
l1d_u5-9 llc-0b13 1 5 0 5 0
l1d_u5-9 llc-0b14 1 5 0 5 0
l1d_u5-9 llc-0b15 1 5 0 5 0
l1d_u5-10 llc-0b0 1 5 0 5 0
l1d_u5-10 llc-0b1 1 5 0 5 0
l1d_u5-10 llc-0b2 1 5 0 5 0
l1d_u5-10 llc-0b3 1 5 0 5 0
l1d_u5-10 llc-0b4 1 5 0 5 0
l1d_u5-10 llc-0b5 1 5 0 5 0
l1d_u5-10 llc-0b6 1 5 0 5 0
l1d_u5-10 llc-0b7 1 5 0 5 0
l1d_u5-10 llc-0b8 1 5 0 5 0
l1d_u5-10 llc-0b9 1 5 0 5 0
l1d_u5-10 llc-0b10 1 5 0 5 0
l1d_u5-10 llc-0b11 1 5 0 5 0
l1d_u5-10 llc-0b12 1 5 0 5 0
l1d_u5-10 llc-0b13 1 5 0 5 0
l1d_u5-10 llc-0b14 1 5 0 5 0
l1d_u5-10 llc-0b15 1 5 0 5 0
l1d_u5-11 llc-0b0 1 5 0 5 0
l1d_u5-11 llc-0b1 1 5 0 5 0
l1d_u5-11 llc-0b2 1 5 0 5 0
l1d_u5-11 llc-0b3 1 5 0 5 0
l1d_u5-11 llc-0b4 1 5 0 5 0
l1d_u5-11 llc-0b5 1 5 0 5 0
l1d_u5-11 llc-0b6 1 5 0 5 0
l1d_u5-11 llc-0b7 1 5 0 5 0
l1d_u5-11 llc-0b8 1 5 0 5 0
l1d_u5-11 llc-0b9 1 5 0 5 0
l1d_u5-11 llc-0b10 1 5 0 5 0
l1d_u5-11 llc-0b11 1 5 0 5 0
l1d_u5-11 llc-0b12 1 5 0 5 0
l1d_u5-11 llc-0b13 1 5 0 5 0
l1d_u5-11 llc-0b14 1 5 0 5 0
l1d_u5-11 llc-0b15 1 5 0 5 0
l1d_u5-12 llc-0b0 1 5 0 5 0
l1d_u5-12 llc-0b1 1 5 0 5 0
l1d_u5-12 llc-0b2 1 5 0 5 0
l1d_u5-12 llc-0b3 1 5 0 5 0
l1d_u5-12 llc-0b4 1 5 0 5 0
l1d_u5-12 llc-0b5 1 5 0 5 0
l1d_u5-12 llc-0b6 1 5 0 5 0
l1d_u5-12 llc-0b7 1 5 0 5 0
l1d_u5-12 llc-0b8 1 5 0 5 0
l1d_u5-12 llc-0b9 1 5 0 5 0
l1d_u5-12 llc-0b10 1 5 0 5 0
l1d_u5-12 llc-0b11 1 5 0 5 0
l1d_u5-12 llc-0b12 1 5 0 5 0
l1d_u5-12 llc-0b13 1 5 0 5 0
l1d_u5-12 llc-0b14 1 5 0 5 0
l1d_u5-12 llc-0b15 1 5 0 5 0
l1d_u5-13 llc-0b0 1 5 0 5 0
l1d_u5-13 llc-0b1 1 5 0 5 0
l1d_u5-13 llc-0b2 1 5 0 5 0
l1d_u5-13 llc-0b3 1 5 0 5 0
l1d_u5-13 llc-0b4 1 5 0 5 0
l1d_u5-13 llc-0b5 1 5 0 5 0
l1d_u5-13 llc-0b6 1 5 0 5 0
l1d_u5-13 llc-0b7 1 5 0 5 0
l1d_u5-13 llc-0b8 1 5 0 5 0
l1d_u5-13 llc-0b9 1 5 0 5 0
l1d_u5-13 llc-0b10 1 5 0 5 0
l1d_u5-13 llc-0b11 1 5 0 5 0
l1d_u5-13 llc-0b12 1 5 0 5 0
l1d_u5-13 llc-0b13 1 5 0 5 0
l1d_u5-13 llc-0b14 1 5 0 5 0
l1d_u5-13 llc-0b15 1 5 0 5 0
l1d_u5-14 llc-0b0 1 5 0 5 0
l1d_u5-14 llc-0b1 1 5 0 5 0
l1d_u5-14 llc-0b2 1 5 0 5 0
l1d_u5-14 llc-0b3 1 5 0 5 0
l1d_u5-14 llc-0b4 1 5 0 5 0
l1d_u5-14 llc-0b5 1 5 0 5 0
l1d_u5-14 llc-0b6 1 5 0 5 0
l1d_u5-14 llc-0b7 1 5 0 5 0
l1d_u5-14 llc-0b8 1 5 0 5 0
l1d_u5-14 llc-0b9 1 5 0 5 0
l1d_u5-14 llc-0b10 1 5 0 5 0
l1d_u5-14 llc-0b11 1 5 0 5 0
l1d_u5-14 llc-0b12 1 5 0 5 0
l1d_u5-14 llc-0b13 1 5 0 5 0
l1d_u5-14 llc-0b14 1 5 0 5 0
l1d_u5-14 llc-0b15 1 5 0 5 0
l1d_u5-15 llc-0b0 1 5 0 5 0
l1d_u5-15 llc-0b1 1 5 0 5 0
l1d_u5-15 llc-0b2 1 5 0 5 0
l1d_u5-15 llc-0b3 1 5 0 5 0
l1d_u5-15 llc-0b4 1 5 0 5 0
l1d_u5-15 llc-0b5 1 5 0 5 0
l1d_u5-15 llc-0b6 1 5 0 5 0
l1d_u5-15 llc-0b7 1 5 0 5 0
l1d_u5-15 llc-0b8 1 5 0 5 0
l1d_u5-15 llc-0b9 1 5 0 5 0
l1d_u5-15 llc-0b10 1 5 0 5 0
l1d_u5-15 llc-0b11 1 5 0 5 0
l1d_u5-15 llc-0b12 1 5 0 5 0
l1d_u5-15 llc-0b13 1 5 0 5 0
l1d_u5-15 llc-0b14 1 5 0 5 0
l1d_u5-15 llc-0b15 1 5 0 5 0
l1i_u6-0 llc-0b0 1 6 0 6 0
l1i_u6-0 llc-0b1 1 6 0 6 0
l1i_u6-0 llc-0b2 1 6 0 6 0
l1i_u6-0 llc-0b3 1 6 0 6 0
l1i_u6-0 llc-0b4 1 6 0 6 0
l1i_u6-0 llc-0b5 1 6 0 6 0
l1i_u6-0 llc-0b6 1 6 0 6 0
l1i_u6-0 llc-0b7 1 6 0 6 0
l1i_u6-0 llc-0b8 1 6 0 6 0
l1i_u6-0 llc-0b9 1 6 0 6 0
l1i_u6-0 llc-0b10 1 6 0 6 0
l1i_u6-0 llc-0b11 1 6 0 6 0
l1i_u6-0 llc-0b12 1 6 0 6 0
l1i_u6-0 llc-0b13 1 6 0 6 0
l1i_u6-0 llc-0b14 1 6 0 6 0
l1i_u6-0 llc-0b15 1 6 0 6 0
l1i_u6-1 llc-0b0 1 6 0 6 0
l1i_u6-1 llc-0b1 1 6 0 6 0
l1i_u6-1 llc-0b2 1 6 0 6 0
l1i_u6-1 llc-0b3 1 6 0 6 0
l1i_u6-1 llc-0b4 1 6 0 6 0
l1i_u6-1 llc-0b5 1 6 0 6 0
l1i_u6-1 llc-0b6 1 6 0 6 0
l1i_u6-1 llc-0b7 1 6 0 6 0
l1i_u6-1 llc-0b8 1 6 0 6 0
l1i_u6-1 llc-0b9 1 6 0 6 0
l1i_u6-1 llc-0b10 1 6 0 6 0
l1i_u6-1 llc-0b11 1 6 0 6 0
l1i_u6-1 llc-0b12 1 6 0 6 0
l1i_u6-1 llc-0b13 1 6 0 6 0
l1i_u6-1 llc-0b14 1 6 0 6 0
l1i_u6-1 llc-0b15 1 6 0 6 0
l1i_u6-2 llc-0b0 1 6 0 6 0
l1i_u6-2 llc-0b1 1 6 0 6 0
l1i_u6-2 llc-0b2 1 6 0 6 0
l1i_u6-2 llc-0b3 1 6 0 6 0
l1i_u6-2 llc-0b4 1 6 0 6 0
l1i_u6-2 llc-0b5 1 6 0 6 0
l1i_u6-2 llc-0b6 1 6 0 6 0
l1i_u6-2 llc-0b7 1 6 0 6 0
l1i_u6-2 llc-0b8 1 6 0 6 0
l1i_u6-2 llc-0b9 1 6 0 6 0
l1i_u6-2 llc-0b10 1 6 0 6 0
l1i_u6-2 llc-0b11 1 6 0 6 0
l1i_u6-2 llc-0b12 1 6 0 6 0
l1i_u6-2 llc-0b13 1 6 0 6 0
l1i_u6-2 llc-0b14 1 6 0 6 0
l1i_u6-2 llc-0b15 1 6 0 6 0
l1i_u6-3 llc-0b0 1 6 0 6 0
l1i_u6-3 llc-0b1 1 6 0 6 0
l1i_u6-3 llc-0b2 1 6 0 6 0
l1i_u6-3 llc-0b3 1 6 0 6 0
l1i_u6-3 llc-0b4 1 6 0 6 0
l1i_u6-3 llc-0b5 1 6 0 6 0
l1i_u6-3 llc-0b6 1 6 0 6 0
l1i_u6-3 llc-0b7 1 6 0 6 0
l1i_u6-3 llc-0b8 1 6 0 6 0
l1i_u6-3 llc-0b9 1 6 0 6 0
l1i_u6-3 llc-0b10 1 6 0 6 0
l1i_u6-3 llc-0b11 1 6 0 6 0
l1i_u6-3 llc-0b12 1 6 0 6 0
l1i_u6-3 llc-0b13 1 6 0 6 0
l1i_u6-3 llc-0b14 1 6 0 6 0
l1i_u6-3 llc-0b15 1 6 0 6 0
l1i_u6-4 llc-0b0 1 6 0 6 0
l1i_u6-4 llc-0b1 1 6 0 6 0
l1i_u6-4 llc-0b2 1 6 0 6 0
l1i_u6-4 llc-0b3 1 6 0 6 0
l1i_u6-4 llc-0b4 1 6 0 6 0
l1i_u6-4 llc-0b5 1 6 0 6 0
l1i_u6-4 llc-0b6 1 6 0 6 0
l1i_u6-4 llc-0b7 1 6 0 6 0
l1i_u6-4 llc-0b8 1 6 0 6 0
l1i_u6-4 llc-0b9 1 6 0 6 0
l1i_u6-4 llc-0b10 1 6 0 6 0
l1i_u6-4 llc-0b11 1 6 0 6 0
l1i_u6-4 llc-0b12 1 6 0 6 0
l1i_u6-4 llc-0b13 1 6 0 6 0
l1i_u6-4 llc-0b14 1 6 0 6 0
l1i_u6-4 llc-0b15 1 6 0 6 0
l1i_u6-5 llc-0b0 1 6 0 6 0
l1i_u6-5 llc-0b1 1 6 0 6 0
l1i_u6-5 llc-0b2 1 6 0 6 0
l1i_u6-5 llc-0b3 1 6 0 6 0
l1i_u6-5 llc-0b4 1 6 0 6 0
l1i_u6-5 llc-0b5 1 6 0 6 0
l1i_u6-5 llc-0b6 1 6 0 6 0
l1i_u6-5 llc-0b7 1 6 0 6 0
l1i_u6-5 llc-0b8 1 6 0 6 0
l1i_u6-5 llc-0b9 1 6 0 6 0
l1i_u6-5 llc-0b10 1 6 0 6 0
l1i_u6-5 llc-0b11 1 6 0 6 0
l1i_u6-5 llc-0b12 1 6 0 6 0
l1i_u6-5 llc-0b13 1 6 0 6 0
l1i_u6-5 llc-0b14 1 6 0 6 0
l1i_u6-5 llc-0b15 1 6 0 6 0
l1i_u6-6 llc-0b0 1 6 0 6 0
l1i_u6-6 llc-0b1 1 6 0 6 0
l1i_u6-6 llc-0b2 1 6 0 6 0
l1i_u6-6 llc-0b3 1 6 0 6 0
l1i_u6-6 llc-0b4 1 6 0 6 0
l1i_u6-6 llc-0b5 1 6 0 6 0
l1i_u6-6 llc-0b6 1 6 0 6 0
l1i_u6-6 llc-0b7 1 6 0 6 0
l1i_u6-6 llc-0b8 1 6 0 6 0
l1i_u6-6 llc-0b9 1 6 0 6 0
l1i_u6-6 llc-0b10 1 6 0 6 0
l1i_u6-6 llc-0b11 1 6 0 6 0
l1i_u6-6 llc-0b12 1 6 0 6 0
l1i_u6-6 llc-0b13 1 6 0 6 0
l1i_u6-6 llc-0b14 1 6 0 6 0
l1i_u6-6 llc-0b15 1 6 0 6 0
l1i_u6-7 llc-0b0 1 6 0 6 0
l1i_u6-7 llc-0b1 1 6 0 6 0
l1i_u6-7 llc-0b2 1 6 0 6 0
l1i_u6-7 llc-0b3 1 6 0 6 0
l1i_u6-7 llc-0b4 1 6 0 6 0
l1i_u6-7 llc-0b5 1 6 0 6 0
l1i_u6-7 llc-0b6 1 6 0 6 0
l1i_u6-7 llc-0b7 1 6 0 6 0
l1i_u6-7 llc-0b8 1 6 0 6 0
l1i_u6-7 llc-0b9 1 6 0 6 0
l1i_u6-7 llc-0b10 1 6 0 6 0
l1i_u6-7 llc-0b11 1 6 0 6 0
l1i_u6-7 llc-0b12 1 6 0 6 0
l1i_u6-7 llc-0b13 1 6 0 6 0
l1i_u6-7 llc-0b14 1 6 0 6 0
l1i_u6-7 llc-0b15 1 6 0 6 0
l1i_u6-8 llc-0b0 1 6 0 6 0
l1i_u6-8 llc-0b1 1 6 0 6 0
l1i_u6-8 llc-0b2 1 6 0 6 0
l1i_u6-8 llc-0b3 1 6 0 6 0
l1i_u6-8 llc-0b4 1 6 0 6 0
l1i_u6-8 llc-0b5 1 6 0 6 0
l1i_u6-8 llc-0b6 1 6 0 6 0
l1i_u6-8 llc-0b7 1 6 0 6 0
l1i_u6-8 llc-0b8 1 6 0 6 0
l1i_u6-8 llc-0b9 1 6 0 6 0
l1i_u6-8 llc-0b10 1 6 0 6 0
l1i_u6-8 llc-0b11 1 6 0 6 0
l1i_u6-8 llc-0b12 1 6 0 6 0
l1i_u6-8 llc-0b13 1 6 0 6 0
l1i_u6-8 llc-0b14 1 6 0 6 0
l1i_u6-8 llc-0b15 1 6 0 6 0
l1i_u6-9 llc-0b0 1 6 0 6 0
l1i_u6-9 llc-0b1 1 6 0 6 0
l1i_u6-9 llc-0b2 1 6 0 6 0
l1i_u6-9 llc-0b3 1 6 0 6 0
l1i_u6-9 llc-0b4 1 6 0 6 0
l1i_u6-9 llc-0b5 1 6 0 6 0
l1i_u6-9 llc-0b6 1 6 0 6 0
l1i_u6-9 llc-0b7 1 6 0 6 0
l1i_u6-9 llc-0b8 1 6 0 6 0
l1i_u6-9 llc-0b9 1 6 0 6 0
l1i_u6-9 llc-0b10 1 6 0 6 0
l1i_u6-9 llc-0b11 1 6 0 6 0
l1i_u6-9 llc-0b12 1 6 0 6 0
l1i_u6-9 llc-0b13 1 6 0 6 0
l1i_u6-9 llc-0b14 1 6 0 6 0
l1i_u6-9 llc-0b15 1 6 0 6 0
l1i_u6-10 llc-0b0 1 6 0 6 0
l1i_u6-10 llc-0b1 1 6 0 6 0
l1i_u6-10 llc-0b2 1 6 0 6 0
l1i_u6-10 llc-0b3 1 6 0 6 0
l1i_u6-10 llc-0b4 1 6 0 6 0
l1i_u6-10 llc-0b5 1 6 0 6 0
l1i_u6-10 llc-0b6 1 6 0 6 0
l1i_u6-10 llc-0b7 1 6 0 6 0
l1i_u6-10 llc-0b8 1 6 0 6 0
l1i_u6-10 llc-0b9 1 6 0 6 0
l1i_u6-10 llc-0b10 1 6 0 6 0
l1i_u6-10 llc-0b11 1 6 0 6 0
l1i_u6-10 llc-0b12 1 6 0 6 0
l1i_u6-10 llc-0b13 1 6 0 6 0
l1i_u6-10 llc-0b14 1 6 0 6 0
l1i_u6-10 llc-0b15 1 6 0 6 0
l1i_u6-11 llc-0b0 1 6 0 6 0
l1i_u6-11 llc-0b1 1 6 0 6 0
l1i_u6-11 llc-0b2 1 6 0 6 0
l1i_u6-11 llc-0b3 1 6 0 6 0
l1i_u6-11 llc-0b4 1 6 0 6 0
l1i_u6-11 llc-0b5 1 6 0 6 0
l1i_u6-11 llc-0b6 1 6 0 6 0
l1i_u6-11 llc-0b7 1 6 0 6 0
l1i_u6-11 llc-0b8 1 6 0 6 0
l1i_u6-11 llc-0b9 1 6 0 6 0
l1i_u6-11 llc-0b10 1 6 0 6 0
l1i_u6-11 llc-0b11 1 6 0 6 0
l1i_u6-11 llc-0b12 1 6 0 6 0
l1i_u6-11 llc-0b13 1 6 0 6 0
l1i_u6-11 llc-0b14 1 6 0 6 0
l1i_u6-11 llc-0b15 1 6 0 6 0
l1i_u6-12 llc-0b0 1 6 0 6 0
l1i_u6-12 llc-0b1 1 6 0 6 0
l1i_u6-12 llc-0b2 1 6 0 6 0
l1i_u6-12 llc-0b3 1 6 0 6 0
l1i_u6-12 llc-0b4 1 6 0 6 0
l1i_u6-12 llc-0b5 1 6 0 6 0
l1i_u6-12 llc-0b6 1 6 0 6 0
l1i_u6-12 llc-0b7 1 6 0 6 0
l1i_u6-12 llc-0b8 1 6 0 6 0
l1i_u6-12 llc-0b9 1 6 0 6 0
l1i_u6-12 llc-0b10 1 6 0 6 0
l1i_u6-12 llc-0b11 1 6 0 6 0
l1i_u6-12 llc-0b12 1 6 0 6 0
l1i_u6-12 llc-0b13 1 6 0 6 0
l1i_u6-12 llc-0b14 1 6 0 6 0
l1i_u6-12 llc-0b15 1 6 0 6 0
l1i_u6-13 llc-0b0 1 6 0 6 0
l1i_u6-13 llc-0b1 1 6 0 6 0
l1i_u6-13 llc-0b2 1 6 0 6 0
l1i_u6-13 llc-0b3 1 6 0 6 0
l1i_u6-13 llc-0b4 1 6 0 6 0
l1i_u6-13 llc-0b5 1 6 0 6 0
l1i_u6-13 llc-0b6 1 6 0 6 0
l1i_u6-13 llc-0b7 1 6 0 6 0
l1i_u6-13 llc-0b8 1 6 0 6 0
l1i_u6-13 llc-0b9 1 6 0 6 0
l1i_u6-13 llc-0b10 1 6 0 6 0
l1i_u6-13 llc-0b11 1 6 0 6 0
l1i_u6-13 llc-0b12 1 6 0 6 0
l1i_u6-13 llc-0b13 1 6 0 6 0
l1i_u6-13 llc-0b14 1 6 0 6 0
l1i_u6-13 llc-0b15 1 6 0 6 0
l1i_u6-14 llc-0b0 1 6 0 6 0
l1i_u6-14 llc-0b1 1 6 0 6 0
l1i_u6-14 llc-0b2 1 6 0 6 0
l1i_u6-14 llc-0b3 1 6 0 6 0
l1i_u6-14 llc-0b4 1 6 0 6 0
l1i_u6-14 llc-0b5 1 6 0 6 0
l1i_u6-14 llc-0b6 1 6 0 6 0
l1i_u6-14 llc-0b7 1 6 0 6 0
l1i_u6-14 llc-0b8 1 6 0 6 0
l1i_u6-14 llc-0b9 1 6 0 6 0
l1i_u6-14 llc-0b10 1 6 0 6 0
l1i_u6-14 llc-0b11 1 6 0 6 0
l1i_u6-14 llc-0b12 1 6 0 6 0
l1i_u6-14 llc-0b13 1 6 0 6 0
l1i_u6-14 llc-0b14 1 6 0 6 0
l1i_u6-14 llc-0b15 1 6 0 6 0
l1i_u6-15 llc-0b0 1 6 0 6 0
l1i_u6-15 llc-0b1 1 6 0 6 0
l1i_u6-15 llc-0b2 1 6 0 6 0
l1i_u6-15 llc-0b3 1 6 0 6 0
l1i_u6-15 llc-0b4 1 6 0 6 0
l1i_u6-15 llc-0b5 1 6 0 6 0
l1i_u6-15 llc-0b6 1 6 0 6 0
l1i_u6-15 llc-0b7 1 6 0 6 0
l1i_u6-15 llc-0b8 1 6 0 6 0
l1i_u6-15 llc-0b9 1 6 0 6 0
l1i_u6-15 llc-0b10 1 6 0 6 0
l1i_u6-15 llc-0b11 1 6 0 6 0
l1i_u6-15 llc-0b12 1 6 0 6 0
l1i_u6-15 llc-0b13 1 6 0 6 0
l1i_u6-15 llc-0b14 1 6 0 6 0
l1i_u6-15 llc-0b15 1 6 0 6 0
l1d_u6-0 llc-0b0 1 6 0 6 0
l1d_u6-0 llc-0b1 1 6 0 6 0
l1d_u6-0 llc-0b2 1 6 0 6 0
l1d_u6-0 llc-0b3 1 6 0 6 0
l1d_u6-0 llc-0b4 1 6 0 6 0
l1d_u6-0 llc-0b5 1 6 0 6 0
l1d_u6-0 llc-0b6 1 6 0 6 0
l1d_u6-0 llc-0b7 1 6 0 6 0
l1d_u6-0 llc-0b8 1 6 0 6 0
l1d_u6-0 llc-0b9 1 6 0 6 0
l1d_u6-0 llc-0b10 1 6 0 6 0
l1d_u6-0 llc-0b11 1 6 0 6 0
l1d_u6-0 llc-0b12 1 6 0 6 0
l1d_u6-0 llc-0b13 1 6 0 6 0
l1d_u6-0 llc-0b14 1 6 0 6 0
l1d_u6-0 llc-0b15 1 6 0 6 0
l1d_u6-1 llc-0b0 1 6 0 6 0
l1d_u6-1 llc-0b1 1 6 0 6 0
l1d_u6-1 llc-0b2 1 6 0 6 0
l1d_u6-1 llc-0b3 1 6 0 6 0
l1d_u6-1 llc-0b4 1 6 0 6 0
l1d_u6-1 llc-0b5 1 6 0 6 0
l1d_u6-1 llc-0b6 1 6 0 6 0
l1d_u6-1 llc-0b7 1 6 0 6 0
l1d_u6-1 llc-0b8 1 6 0 6 0
l1d_u6-1 llc-0b9 1 6 0 6 0
l1d_u6-1 llc-0b10 1 6 0 6 0
l1d_u6-1 llc-0b11 1 6 0 6 0
l1d_u6-1 llc-0b12 1 6 0 6 0
l1d_u6-1 llc-0b13 1 6 0 6 0
l1d_u6-1 llc-0b14 1 6 0 6 0
l1d_u6-1 llc-0b15 1 6 0 6 0
l1d_u6-2 llc-0b0 1 6 0 6 0
l1d_u6-2 llc-0b1 1 6 0 6 0
l1d_u6-2 llc-0b2 1 6 0 6 0
l1d_u6-2 llc-0b3 1 6 0 6 0
l1d_u6-2 llc-0b4 1 6 0 6 0
l1d_u6-2 llc-0b5 1 6 0 6 0
l1d_u6-2 llc-0b6 1 6 0 6 0
l1d_u6-2 llc-0b7 1 6 0 6 0
l1d_u6-2 llc-0b8 1 6 0 6 0
l1d_u6-2 llc-0b9 1 6 0 6 0
l1d_u6-2 llc-0b10 1 6 0 6 0
l1d_u6-2 llc-0b11 1 6 0 6 0
l1d_u6-2 llc-0b12 1 6 0 6 0
l1d_u6-2 llc-0b13 1 6 0 6 0
l1d_u6-2 llc-0b14 1 6 0 6 0
l1d_u6-2 llc-0b15 1 6 0 6 0
l1d_u6-3 llc-0b0 1 6 0 6 0
l1d_u6-3 llc-0b1 1 6 0 6 0
l1d_u6-3 llc-0b2 1 6 0 6 0
l1d_u6-3 llc-0b3 1 6 0 6 0
l1d_u6-3 llc-0b4 1 6 0 6 0
l1d_u6-3 llc-0b5 1 6 0 6 0
l1d_u6-3 llc-0b6 1 6 0 6 0
l1d_u6-3 llc-0b7 1 6 0 6 0
l1d_u6-3 llc-0b8 1 6 0 6 0
l1d_u6-3 llc-0b9 1 6 0 6 0
l1d_u6-3 llc-0b10 1 6 0 6 0
l1d_u6-3 llc-0b11 1 6 0 6 0
l1d_u6-3 llc-0b12 1 6 0 6 0
l1d_u6-3 llc-0b13 1 6 0 6 0
l1d_u6-3 llc-0b14 1 6 0 6 0
l1d_u6-3 llc-0b15 1 6 0 6 0
l1d_u6-4 llc-0b0 1 6 0 6 0
l1d_u6-4 llc-0b1 1 6 0 6 0
l1d_u6-4 llc-0b2 1 6 0 6 0
l1d_u6-4 llc-0b3 1 6 0 6 0
l1d_u6-4 llc-0b4 1 6 0 6 0
l1d_u6-4 llc-0b5 1 6 0 6 0
l1d_u6-4 llc-0b6 1 6 0 6 0
l1d_u6-4 llc-0b7 1 6 0 6 0
l1d_u6-4 llc-0b8 1 6 0 6 0
l1d_u6-4 llc-0b9 1 6 0 6 0
l1d_u6-4 llc-0b10 1 6 0 6 0
l1d_u6-4 llc-0b11 1 6 0 6 0
l1d_u6-4 llc-0b12 1 6 0 6 0
l1d_u6-4 llc-0b13 1 6 0 6 0
l1d_u6-4 llc-0b14 1 6 0 6 0
l1d_u6-4 llc-0b15 1 6 0 6 0
l1d_u6-5 llc-0b0 1 6 0 6 0
l1d_u6-5 llc-0b1 1 6 0 6 0
l1d_u6-5 llc-0b2 1 6 0 6 0
l1d_u6-5 llc-0b3 1 6 0 6 0
l1d_u6-5 llc-0b4 1 6 0 6 0
l1d_u6-5 llc-0b5 1 6 0 6 0
l1d_u6-5 llc-0b6 1 6 0 6 0
l1d_u6-5 llc-0b7 1 6 0 6 0
l1d_u6-5 llc-0b8 1 6 0 6 0
l1d_u6-5 llc-0b9 1 6 0 6 0
l1d_u6-5 llc-0b10 1 6 0 6 0
l1d_u6-5 llc-0b11 1 6 0 6 0
l1d_u6-5 llc-0b12 1 6 0 6 0
l1d_u6-5 llc-0b13 1 6 0 6 0
l1d_u6-5 llc-0b14 1 6 0 6 0
l1d_u6-5 llc-0b15 1 6 0 6 0
l1d_u6-6 llc-0b0 1 6 0 6 0
l1d_u6-6 llc-0b1 1 6 0 6 0
l1d_u6-6 llc-0b2 1 6 0 6 0
l1d_u6-6 llc-0b3 1 6 0 6 0
l1d_u6-6 llc-0b4 1 6 0 6 0
l1d_u6-6 llc-0b5 1 6 0 6 0
l1d_u6-6 llc-0b6 1 6 0 6 0
l1d_u6-6 llc-0b7 1 6 0 6 0
l1d_u6-6 llc-0b8 1 6 0 6 0
l1d_u6-6 llc-0b9 1 6 0 6 0
l1d_u6-6 llc-0b10 1 6 0 6 0
l1d_u6-6 llc-0b11 1 6 0 6 0
l1d_u6-6 llc-0b12 1 6 0 6 0
l1d_u6-6 llc-0b13 1 6 0 6 0
l1d_u6-6 llc-0b14 1 6 0 6 0
l1d_u6-6 llc-0b15 1 6 0 6 0
l1d_u6-7 llc-0b0 1 6 0 6 0
l1d_u6-7 llc-0b1 1 6 0 6 0
l1d_u6-7 llc-0b2 1 6 0 6 0
l1d_u6-7 llc-0b3 1 6 0 6 0
l1d_u6-7 llc-0b4 1 6 0 6 0
l1d_u6-7 llc-0b5 1 6 0 6 0
l1d_u6-7 llc-0b6 1 6 0 6 0
l1d_u6-7 llc-0b7 1 6 0 6 0
l1d_u6-7 llc-0b8 1 6 0 6 0
l1d_u6-7 llc-0b9 1 6 0 6 0
l1d_u6-7 llc-0b10 1 6 0 6 0
l1d_u6-7 llc-0b11 1 6 0 6 0
l1d_u6-7 llc-0b12 1 6 0 6 0
l1d_u6-7 llc-0b13 1 6 0 6 0
l1d_u6-7 llc-0b14 1 6 0 6 0
l1d_u6-7 llc-0b15 1 6 0 6 0
l1d_u6-8 llc-0b0 1 6 0 6 0
l1d_u6-8 llc-0b1 1 6 0 6 0
l1d_u6-8 llc-0b2 1 6 0 6 0
l1d_u6-8 llc-0b3 1 6 0 6 0
l1d_u6-8 llc-0b4 1 6 0 6 0
l1d_u6-8 llc-0b5 1 6 0 6 0
l1d_u6-8 llc-0b6 1 6 0 6 0
l1d_u6-8 llc-0b7 1 6 0 6 0
l1d_u6-8 llc-0b8 1 6 0 6 0
l1d_u6-8 llc-0b9 1 6 0 6 0
l1d_u6-8 llc-0b10 1 6 0 6 0
l1d_u6-8 llc-0b11 1 6 0 6 0
l1d_u6-8 llc-0b12 1 6 0 6 0
l1d_u6-8 llc-0b13 1 6 0 6 0
l1d_u6-8 llc-0b14 1 6 0 6 0
l1d_u6-8 llc-0b15 1 6 0 6 0
l1d_u6-9 llc-0b0 1 6 0 6 0
l1d_u6-9 llc-0b1 1 6 0 6 0
l1d_u6-9 llc-0b2 1 6 0 6 0
l1d_u6-9 llc-0b3 1 6 0 6 0
l1d_u6-9 llc-0b4 1 6 0 6 0
l1d_u6-9 llc-0b5 1 6 0 6 0
l1d_u6-9 llc-0b6 1 6 0 6 0
l1d_u6-9 llc-0b7 1 6 0 6 0
l1d_u6-9 llc-0b8 1 6 0 6 0
l1d_u6-9 llc-0b9 1 6 0 6 0
l1d_u6-9 llc-0b10 1 6 0 6 0
l1d_u6-9 llc-0b11 1 6 0 6 0
l1d_u6-9 llc-0b12 1 6 0 6 0
l1d_u6-9 llc-0b13 1 6 0 6 0
l1d_u6-9 llc-0b14 1 6 0 6 0
l1d_u6-9 llc-0b15 1 6 0 6 0
l1d_u6-10 llc-0b0 1 6 0 6 0
l1d_u6-10 llc-0b1 1 6 0 6 0
l1d_u6-10 llc-0b2 1 6 0 6 0
l1d_u6-10 llc-0b3 1 6 0 6 0
l1d_u6-10 llc-0b4 1 6 0 6 0
l1d_u6-10 llc-0b5 1 6 0 6 0
l1d_u6-10 llc-0b6 1 6 0 6 0
l1d_u6-10 llc-0b7 1 6 0 6 0
l1d_u6-10 llc-0b8 1 6 0 6 0
l1d_u6-10 llc-0b9 1 6 0 6 0
l1d_u6-10 llc-0b10 1 6 0 6 0
l1d_u6-10 llc-0b11 1 6 0 6 0
l1d_u6-10 llc-0b12 1 6 0 6 0
l1d_u6-10 llc-0b13 1 6 0 6 0
l1d_u6-10 llc-0b14 1 6 0 6 0
l1d_u6-10 llc-0b15 1 6 0 6 0
l1d_u6-11 llc-0b0 1 6 0 6 0
l1d_u6-11 llc-0b1 1 6 0 6 0
l1d_u6-11 llc-0b2 1 6 0 6 0
l1d_u6-11 llc-0b3 1 6 0 6 0
l1d_u6-11 llc-0b4 1 6 0 6 0
l1d_u6-11 llc-0b5 1 6 0 6 0
l1d_u6-11 llc-0b6 1 6 0 6 0
l1d_u6-11 llc-0b7 1 6 0 6 0
l1d_u6-11 llc-0b8 1 6 0 6 0
l1d_u6-11 llc-0b9 1 6 0 6 0
l1d_u6-11 llc-0b10 1 6 0 6 0
l1d_u6-11 llc-0b11 1 6 0 6 0
l1d_u6-11 llc-0b12 1 6 0 6 0
l1d_u6-11 llc-0b13 1 6 0 6 0
l1d_u6-11 llc-0b14 1 6 0 6 0
l1d_u6-11 llc-0b15 1 6 0 6 0
l1d_u6-12 llc-0b0 1 6 0 6 0
l1d_u6-12 llc-0b1 1 6 0 6 0
l1d_u6-12 llc-0b2 1 6 0 6 0
l1d_u6-12 llc-0b3 1 6 0 6 0
l1d_u6-12 llc-0b4 1 6 0 6 0
l1d_u6-12 llc-0b5 1 6 0 6 0
l1d_u6-12 llc-0b6 1 6 0 6 0
l1d_u6-12 llc-0b7 1 6 0 6 0
l1d_u6-12 llc-0b8 1 6 0 6 0
l1d_u6-12 llc-0b9 1 6 0 6 0
l1d_u6-12 llc-0b10 1 6 0 6 0
l1d_u6-12 llc-0b11 1 6 0 6 0
l1d_u6-12 llc-0b12 1 6 0 6 0
l1d_u6-12 llc-0b13 1 6 0 6 0
l1d_u6-12 llc-0b14 1 6 0 6 0
l1d_u6-12 llc-0b15 1 6 0 6 0
l1d_u6-13 llc-0b0 1 6 0 6 0
l1d_u6-13 llc-0b1 1 6 0 6 0
l1d_u6-13 llc-0b2 1 6 0 6 0
l1d_u6-13 llc-0b3 1 6 0 6 0
l1d_u6-13 llc-0b4 1 6 0 6 0
l1d_u6-13 llc-0b5 1 6 0 6 0
l1d_u6-13 llc-0b6 1 6 0 6 0
l1d_u6-13 llc-0b7 1 6 0 6 0
l1d_u6-13 llc-0b8 1 6 0 6 0
l1d_u6-13 llc-0b9 1 6 0 6 0
l1d_u6-13 llc-0b10 1 6 0 6 0
l1d_u6-13 llc-0b11 1 6 0 6 0
l1d_u6-13 llc-0b12 1 6 0 6 0
l1d_u6-13 llc-0b13 1 6 0 6 0
l1d_u6-13 llc-0b14 1 6 0 6 0
l1d_u6-13 llc-0b15 1 6 0 6 0
l1d_u6-14 llc-0b0 1 6 0 6 0
l1d_u6-14 llc-0b1 1 6 0 6 0
l1d_u6-14 llc-0b2 1 6 0 6 0
l1d_u6-14 llc-0b3 1 6 0 6 0
l1d_u6-14 llc-0b4 1 6 0 6 0
l1d_u6-14 llc-0b5 1 6 0 6 0
l1d_u6-14 llc-0b6 1 6 0 6 0
l1d_u6-14 llc-0b7 1 6 0 6 0
l1d_u6-14 llc-0b8 1 6 0 6 0
l1d_u6-14 llc-0b9 1 6 0 6 0
l1d_u6-14 llc-0b10 1 6 0 6 0
l1d_u6-14 llc-0b11 1 6 0 6 0
l1d_u6-14 llc-0b12 1 6 0 6 0
l1d_u6-14 llc-0b13 1 6 0 6 0
l1d_u6-14 llc-0b14 1 6 0 6 0
l1d_u6-14 llc-0b15 1 6 0 6 0
l1d_u6-15 llc-0b0 1 6 0 6 0
l1d_u6-15 llc-0b1 1 6 0 6 0
l1d_u6-15 llc-0b2 1 6 0 6 0
l1d_u6-15 llc-0b3 1 6 0 6 0
l1d_u6-15 llc-0b4 1 6 0 6 0
l1d_u6-15 llc-0b5 1 6 0 6 0
l1d_u6-15 llc-0b6 1 6 0 6 0
l1d_u6-15 llc-0b7 1 6 0 6 0
l1d_u6-15 llc-0b8 1 6 0 6 0
l1d_u6-15 llc-0b9 1 6 0 6 0
l1d_u6-15 llc-0b10 1 6 0 6 0
l1d_u6-15 llc-0b11 1 6 0 6 0
l1d_u6-15 llc-0b12 1 6 0 6 0
l1d_u6-15 llc-0b13 1 6 0 6 0
l1d_u6-15 llc-0b14 1 6 0 6 0
l1d_u6-15 llc-0b15 1 6 0 6 0
l1i_u7-0 llc-0b0 1 7 0 7 0
l1i_u7-0 llc-0b1 1 7 0 7 0
l1i_u7-0 llc-0b2 1 7 0 7 0
l1i_u7-0 llc-0b3 1 7 0 7 0
l1i_u7-0 llc-0b4 1 7 0 7 0
l1i_u7-0 llc-0b5 1 7 0 7 0
l1i_u7-0 llc-0b6 1 7 0 7 0
l1i_u7-0 llc-0b7 1 7 0 7 0
l1i_u7-0 llc-0b8 1 7 0 7 0
l1i_u7-0 llc-0b9 1 7 0 7 0
l1i_u7-0 llc-0b10 1 7 0 7 0
l1i_u7-0 llc-0b11 1 7 0 7 0
l1i_u7-0 llc-0b12 1 7 0 7 0
l1i_u7-0 llc-0b13 1 7 0 7 0
l1i_u7-0 llc-0b14 1 7 0 7 0
l1i_u7-0 llc-0b15 1 7 0 7 0
l1i_u7-1 llc-0b0 1 7 0 7 0
l1i_u7-1 llc-0b1 1 7 0 7 0
l1i_u7-1 llc-0b2 1 7 0 7 0
l1i_u7-1 llc-0b3 1 7 0 7 0
l1i_u7-1 llc-0b4 1 7 0 7 0
l1i_u7-1 llc-0b5 1 7 0 7 0
l1i_u7-1 llc-0b6 1 7 0 7 0
l1i_u7-1 llc-0b7 1 7 0 7 0
l1i_u7-1 llc-0b8 1 7 0 7 0
l1i_u7-1 llc-0b9 1 7 0 7 0
l1i_u7-1 llc-0b10 1 7 0 7 0
l1i_u7-1 llc-0b11 1 7 0 7 0
l1i_u7-1 llc-0b12 1 7 0 7 0
l1i_u7-1 llc-0b13 1 7 0 7 0
l1i_u7-1 llc-0b14 1 7 0 7 0
l1i_u7-1 llc-0b15 1 7 0 7 0
l1i_u7-2 llc-0b0 1 7 0 7 0
l1i_u7-2 llc-0b1 1 7 0 7 0
l1i_u7-2 llc-0b2 1 7 0 7 0
l1i_u7-2 llc-0b3 1 7 0 7 0
l1i_u7-2 llc-0b4 1 7 0 7 0
l1i_u7-2 llc-0b5 1 7 0 7 0
l1i_u7-2 llc-0b6 1 7 0 7 0
l1i_u7-2 llc-0b7 1 7 0 7 0
l1i_u7-2 llc-0b8 1 7 0 7 0
l1i_u7-2 llc-0b9 1 7 0 7 0
l1i_u7-2 llc-0b10 1 7 0 7 0
l1i_u7-2 llc-0b11 1 7 0 7 0
l1i_u7-2 llc-0b12 1 7 0 7 0
l1i_u7-2 llc-0b13 1 7 0 7 0
l1i_u7-2 llc-0b14 1 7 0 7 0
l1i_u7-2 llc-0b15 1 7 0 7 0
l1i_u7-3 llc-0b0 1 7 0 7 0
l1i_u7-3 llc-0b1 1 7 0 7 0
l1i_u7-3 llc-0b2 1 7 0 7 0
l1i_u7-3 llc-0b3 1 7 0 7 0
l1i_u7-3 llc-0b4 1 7 0 7 0
l1i_u7-3 llc-0b5 1 7 0 7 0
l1i_u7-3 llc-0b6 1 7 0 7 0
l1i_u7-3 llc-0b7 1 7 0 7 0
l1i_u7-3 llc-0b8 1 7 0 7 0
l1i_u7-3 llc-0b9 1 7 0 7 0
l1i_u7-3 llc-0b10 1 7 0 7 0
l1i_u7-3 llc-0b11 1 7 0 7 0
l1i_u7-3 llc-0b12 1 7 0 7 0
l1i_u7-3 llc-0b13 1 7 0 7 0
l1i_u7-3 llc-0b14 1 7 0 7 0
l1i_u7-3 llc-0b15 1 7 0 7 0
l1i_u7-4 llc-0b0 1 7 0 7 0
l1i_u7-4 llc-0b1 1 7 0 7 0
l1i_u7-4 llc-0b2 1 7 0 7 0
l1i_u7-4 llc-0b3 1 7 0 7 0
l1i_u7-4 llc-0b4 1 7 0 7 0
l1i_u7-4 llc-0b5 1 7 0 7 0
l1i_u7-4 llc-0b6 1 7 0 7 0
l1i_u7-4 llc-0b7 1 7 0 7 0
l1i_u7-4 llc-0b8 1 7 0 7 0
l1i_u7-4 llc-0b9 1 7 0 7 0
l1i_u7-4 llc-0b10 1 7 0 7 0
l1i_u7-4 llc-0b11 1 7 0 7 0
l1i_u7-4 llc-0b12 1 7 0 7 0
l1i_u7-4 llc-0b13 1 7 0 7 0
l1i_u7-4 llc-0b14 1 7 0 7 0
l1i_u7-4 llc-0b15 1 7 0 7 0
l1i_u7-5 llc-0b0 1 7 0 7 0
l1i_u7-5 llc-0b1 1 7 0 7 0
l1i_u7-5 llc-0b2 1 7 0 7 0
l1i_u7-5 llc-0b3 1 7 0 7 0
l1i_u7-5 llc-0b4 1 7 0 7 0
l1i_u7-5 llc-0b5 1 7 0 7 0
l1i_u7-5 llc-0b6 1 7 0 7 0
l1i_u7-5 llc-0b7 1 7 0 7 0
l1i_u7-5 llc-0b8 1 7 0 7 0
l1i_u7-5 llc-0b9 1 7 0 7 0
l1i_u7-5 llc-0b10 1 7 0 7 0
l1i_u7-5 llc-0b11 1 7 0 7 0
l1i_u7-5 llc-0b12 1 7 0 7 0
l1i_u7-5 llc-0b13 1 7 0 7 0
l1i_u7-5 llc-0b14 1 7 0 7 0
l1i_u7-5 llc-0b15 1 7 0 7 0
l1i_u7-6 llc-0b0 1 7 0 7 0
l1i_u7-6 llc-0b1 1 7 0 7 0
l1i_u7-6 llc-0b2 1 7 0 7 0
l1i_u7-6 llc-0b3 1 7 0 7 0
l1i_u7-6 llc-0b4 1 7 0 7 0
l1i_u7-6 llc-0b5 1 7 0 7 0
l1i_u7-6 llc-0b6 1 7 0 7 0
l1i_u7-6 llc-0b7 1 7 0 7 0
l1i_u7-6 llc-0b8 1 7 0 7 0
l1i_u7-6 llc-0b9 1 7 0 7 0
l1i_u7-6 llc-0b10 1 7 0 7 0
l1i_u7-6 llc-0b11 1 7 0 7 0
l1i_u7-6 llc-0b12 1 7 0 7 0
l1i_u7-6 llc-0b13 1 7 0 7 0
l1i_u7-6 llc-0b14 1 7 0 7 0
l1i_u7-6 llc-0b15 1 7 0 7 0
l1i_u7-7 llc-0b0 1 7 0 7 0
l1i_u7-7 llc-0b1 1 7 0 7 0
l1i_u7-7 llc-0b2 1 7 0 7 0
l1i_u7-7 llc-0b3 1 7 0 7 0
l1i_u7-7 llc-0b4 1 7 0 7 0
l1i_u7-7 llc-0b5 1 7 0 7 0
l1i_u7-7 llc-0b6 1 7 0 7 0
l1i_u7-7 llc-0b7 1 7 0 7 0
l1i_u7-7 llc-0b8 1 7 0 7 0
l1i_u7-7 llc-0b9 1 7 0 7 0
l1i_u7-7 llc-0b10 1 7 0 7 0
l1i_u7-7 llc-0b11 1 7 0 7 0
l1i_u7-7 llc-0b12 1 7 0 7 0
l1i_u7-7 llc-0b13 1 7 0 7 0
l1i_u7-7 llc-0b14 1 7 0 7 0
l1i_u7-7 llc-0b15 1 7 0 7 0
l1i_u7-8 llc-0b0 1 7 0 7 0
l1i_u7-8 llc-0b1 1 7 0 7 0
l1i_u7-8 llc-0b2 1 7 0 7 0
l1i_u7-8 llc-0b3 1 7 0 7 0
l1i_u7-8 llc-0b4 1 7 0 7 0
l1i_u7-8 llc-0b5 1 7 0 7 0
l1i_u7-8 llc-0b6 1 7 0 7 0
l1i_u7-8 llc-0b7 1 7 0 7 0
l1i_u7-8 llc-0b8 1 7 0 7 0
l1i_u7-8 llc-0b9 1 7 0 7 0
l1i_u7-8 llc-0b10 1 7 0 7 0
l1i_u7-8 llc-0b11 1 7 0 7 0
l1i_u7-8 llc-0b12 1 7 0 7 0
l1i_u7-8 llc-0b13 1 7 0 7 0
l1i_u7-8 llc-0b14 1 7 0 7 0
l1i_u7-8 llc-0b15 1 7 0 7 0
l1i_u7-9 llc-0b0 1 7 0 7 0
l1i_u7-9 llc-0b1 1 7 0 7 0
l1i_u7-9 llc-0b2 1 7 0 7 0
l1i_u7-9 llc-0b3 1 7 0 7 0
l1i_u7-9 llc-0b4 1 7 0 7 0
l1i_u7-9 llc-0b5 1 7 0 7 0
l1i_u7-9 llc-0b6 1 7 0 7 0
l1i_u7-9 llc-0b7 1 7 0 7 0
l1i_u7-9 llc-0b8 1 7 0 7 0
l1i_u7-9 llc-0b9 1 7 0 7 0
l1i_u7-9 llc-0b10 1 7 0 7 0
l1i_u7-9 llc-0b11 1 7 0 7 0
l1i_u7-9 llc-0b12 1 7 0 7 0
l1i_u7-9 llc-0b13 1 7 0 7 0
l1i_u7-9 llc-0b14 1 7 0 7 0
l1i_u7-9 llc-0b15 1 7 0 7 0
l1i_u7-10 llc-0b0 1 7 0 7 0
l1i_u7-10 llc-0b1 1 7 0 7 0
l1i_u7-10 llc-0b2 1 7 0 7 0
l1i_u7-10 llc-0b3 1 7 0 7 0
l1i_u7-10 llc-0b4 1 7 0 7 0
l1i_u7-10 llc-0b5 1 7 0 7 0
l1i_u7-10 llc-0b6 1 7 0 7 0
l1i_u7-10 llc-0b7 1 7 0 7 0
l1i_u7-10 llc-0b8 1 7 0 7 0
l1i_u7-10 llc-0b9 1 7 0 7 0
l1i_u7-10 llc-0b10 1 7 0 7 0
l1i_u7-10 llc-0b11 1 7 0 7 0
l1i_u7-10 llc-0b12 1 7 0 7 0
l1i_u7-10 llc-0b13 1 7 0 7 0
l1i_u7-10 llc-0b14 1 7 0 7 0
l1i_u7-10 llc-0b15 1 7 0 7 0
l1i_u7-11 llc-0b0 1 7 0 7 0
l1i_u7-11 llc-0b1 1 7 0 7 0
l1i_u7-11 llc-0b2 1 7 0 7 0
l1i_u7-11 llc-0b3 1 7 0 7 0
l1i_u7-11 llc-0b4 1 7 0 7 0
l1i_u7-11 llc-0b5 1 7 0 7 0
l1i_u7-11 llc-0b6 1 7 0 7 0
l1i_u7-11 llc-0b7 1 7 0 7 0
l1i_u7-11 llc-0b8 1 7 0 7 0
l1i_u7-11 llc-0b9 1 7 0 7 0
l1i_u7-11 llc-0b10 1 7 0 7 0
l1i_u7-11 llc-0b11 1 7 0 7 0
l1i_u7-11 llc-0b12 1 7 0 7 0
l1i_u7-11 llc-0b13 1 7 0 7 0
l1i_u7-11 llc-0b14 1 7 0 7 0
l1i_u7-11 llc-0b15 1 7 0 7 0
l1i_u7-12 llc-0b0 1 7 0 7 0
l1i_u7-12 llc-0b1 1 7 0 7 0
l1i_u7-12 llc-0b2 1 7 0 7 0
l1i_u7-12 llc-0b3 1 7 0 7 0
l1i_u7-12 llc-0b4 1 7 0 7 0
l1i_u7-12 llc-0b5 1 7 0 7 0
l1i_u7-12 llc-0b6 1 7 0 7 0
l1i_u7-12 llc-0b7 1 7 0 7 0
l1i_u7-12 llc-0b8 1 7 0 7 0
l1i_u7-12 llc-0b9 1 7 0 7 0
l1i_u7-12 llc-0b10 1 7 0 7 0
l1i_u7-12 llc-0b11 1 7 0 7 0
l1i_u7-12 llc-0b12 1 7 0 7 0
l1i_u7-12 llc-0b13 1 7 0 7 0
l1i_u7-12 llc-0b14 1 7 0 7 0
l1i_u7-12 llc-0b15 1 7 0 7 0
l1i_u7-13 llc-0b0 1 7 0 7 0
l1i_u7-13 llc-0b1 1 7 0 7 0
l1i_u7-13 llc-0b2 1 7 0 7 0
l1i_u7-13 llc-0b3 1 7 0 7 0
l1i_u7-13 llc-0b4 1 7 0 7 0
l1i_u7-13 llc-0b5 1 7 0 7 0
l1i_u7-13 llc-0b6 1 7 0 7 0
l1i_u7-13 llc-0b7 1 7 0 7 0
l1i_u7-13 llc-0b8 1 7 0 7 0
l1i_u7-13 llc-0b9 1 7 0 7 0
l1i_u7-13 llc-0b10 1 7 0 7 0
l1i_u7-13 llc-0b11 1 7 0 7 0
l1i_u7-13 llc-0b12 1 7 0 7 0
l1i_u7-13 llc-0b13 1 7 0 7 0
l1i_u7-13 llc-0b14 1 7 0 7 0
l1i_u7-13 llc-0b15 1 7 0 7 0
l1i_u7-14 llc-0b0 1 7 0 7 0
l1i_u7-14 llc-0b1 1 7 0 7 0
l1i_u7-14 llc-0b2 1 7 0 7 0
l1i_u7-14 llc-0b3 1 7 0 7 0
l1i_u7-14 llc-0b4 1 7 0 7 0
l1i_u7-14 llc-0b5 1 7 0 7 0
l1i_u7-14 llc-0b6 1 7 0 7 0
l1i_u7-14 llc-0b7 1 7 0 7 0
l1i_u7-14 llc-0b8 1 7 0 7 0
l1i_u7-14 llc-0b9 1 7 0 7 0
l1i_u7-14 llc-0b10 1 7 0 7 0
l1i_u7-14 llc-0b11 1 7 0 7 0
l1i_u7-14 llc-0b12 1 7 0 7 0
l1i_u7-14 llc-0b13 1 7 0 7 0
l1i_u7-14 llc-0b14 1 7 0 7 0
l1i_u7-14 llc-0b15 1 7 0 7 0
l1i_u7-15 llc-0b0 1 7 0 7 0
l1i_u7-15 llc-0b1 1 7 0 7 0
l1i_u7-15 llc-0b2 1 7 0 7 0
l1i_u7-15 llc-0b3 1 7 0 7 0
l1i_u7-15 llc-0b4 1 7 0 7 0
l1i_u7-15 llc-0b5 1 7 0 7 0
l1i_u7-15 llc-0b6 1 7 0 7 0
l1i_u7-15 llc-0b7 1 7 0 7 0
l1i_u7-15 llc-0b8 1 7 0 7 0
l1i_u7-15 llc-0b9 1 7 0 7 0
l1i_u7-15 llc-0b10 1 7 0 7 0
l1i_u7-15 llc-0b11 1 7 0 7 0
l1i_u7-15 llc-0b12 1 7 0 7 0
l1i_u7-15 llc-0b13 1 7 0 7 0
l1i_u7-15 llc-0b14 1 7 0 7 0
l1i_u7-15 llc-0b15 1 7 0 7 0
l1d_u7-0 llc-0b0 1 7 0 7 0
l1d_u7-0 llc-0b1 1 7 0 7 0
l1d_u7-0 llc-0b2 1 7 0 7 0
l1d_u7-0 llc-0b3 1 7 0 7 0
l1d_u7-0 llc-0b4 1 7 0 7 0
l1d_u7-0 llc-0b5 1 7 0 7 0
l1d_u7-0 llc-0b6 1 7 0 7 0
l1d_u7-0 llc-0b7 1 7 0 7 0
l1d_u7-0 llc-0b8 1 7 0 7 0
l1d_u7-0 llc-0b9 1 7 0 7 0
l1d_u7-0 llc-0b10 1 7 0 7 0
l1d_u7-0 llc-0b11 1 7 0 7 0
l1d_u7-0 llc-0b12 1 7 0 7 0
l1d_u7-0 llc-0b13 1 7 0 7 0
l1d_u7-0 llc-0b14 1 7 0 7 0
l1d_u7-0 llc-0b15 1 7 0 7 0
l1d_u7-1 llc-0b0 1 7 0 7 0
l1d_u7-1 llc-0b1 1 7 0 7 0
l1d_u7-1 llc-0b2 1 7 0 7 0
l1d_u7-1 llc-0b3 1 7 0 7 0
l1d_u7-1 llc-0b4 1 7 0 7 0
l1d_u7-1 llc-0b5 1 7 0 7 0
l1d_u7-1 llc-0b6 1 7 0 7 0
l1d_u7-1 llc-0b7 1 7 0 7 0
l1d_u7-1 llc-0b8 1 7 0 7 0
l1d_u7-1 llc-0b9 1 7 0 7 0
l1d_u7-1 llc-0b10 1 7 0 7 0
l1d_u7-1 llc-0b11 1 7 0 7 0
l1d_u7-1 llc-0b12 1 7 0 7 0
l1d_u7-1 llc-0b13 1 7 0 7 0
l1d_u7-1 llc-0b14 1 7 0 7 0
l1d_u7-1 llc-0b15 1 7 0 7 0
l1d_u7-2 llc-0b0 1 7 0 7 0
l1d_u7-2 llc-0b1 1 7 0 7 0
l1d_u7-2 llc-0b2 1 7 0 7 0
l1d_u7-2 llc-0b3 1 7 0 7 0
l1d_u7-2 llc-0b4 1 7 0 7 0
l1d_u7-2 llc-0b5 1 7 0 7 0
l1d_u7-2 llc-0b6 1 7 0 7 0
l1d_u7-2 llc-0b7 1 7 0 7 0
l1d_u7-2 llc-0b8 1 7 0 7 0
l1d_u7-2 llc-0b9 1 7 0 7 0
l1d_u7-2 llc-0b10 1 7 0 7 0
l1d_u7-2 llc-0b11 1 7 0 7 0
l1d_u7-2 llc-0b12 1 7 0 7 0
l1d_u7-2 llc-0b13 1 7 0 7 0
l1d_u7-2 llc-0b14 1 7 0 7 0
l1d_u7-2 llc-0b15 1 7 0 7 0
l1d_u7-3 llc-0b0 1 7 0 7 0
l1d_u7-3 llc-0b1 1 7 0 7 0
l1d_u7-3 llc-0b2 1 7 0 7 0
l1d_u7-3 llc-0b3 1 7 0 7 0
l1d_u7-3 llc-0b4 1 7 0 7 0
l1d_u7-3 llc-0b5 1 7 0 7 0
l1d_u7-3 llc-0b6 1 7 0 7 0
l1d_u7-3 llc-0b7 1 7 0 7 0
l1d_u7-3 llc-0b8 1 7 0 7 0
l1d_u7-3 llc-0b9 1 7 0 7 0
l1d_u7-3 llc-0b10 1 7 0 7 0
l1d_u7-3 llc-0b11 1 7 0 7 0
l1d_u7-3 llc-0b12 1 7 0 7 0
l1d_u7-3 llc-0b13 1 7 0 7 0
l1d_u7-3 llc-0b14 1 7 0 7 0
l1d_u7-3 llc-0b15 1 7 0 7 0
l1d_u7-4 llc-0b0 1 7 0 7 0
l1d_u7-4 llc-0b1 1 7 0 7 0
l1d_u7-4 llc-0b2 1 7 0 7 0
l1d_u7-4 llc-0b3 1 7 0 7 0
l1d_u7-4 llc-0b4 1 7 0 7 0
l1d_u7-4 llc-0b5 1 7 0 7 0
l1d_u7-4 llc-0b6 1 7 0 7 0
l1d_u7-4 llc-0b7 1 7 0 7 0
l1d_u7-4 llc-0b8 1 7 0 7 0
l1d_u7-4 llc-0b9 1 7 0 7 0
l1d_u7-4 llc-0b10 1 7 0 7 0
l1d_u7-4 llc-0b11 1 7 0 7 0
l1d_u7-4 llc-0b12 1 7 0 7 0
l1d_u7-4 llc-0b13 1 7 0 7 0
l1d_u7-4 llc-0b14 1 7 0 7 0
l1d_u7-4 llc-0b15 1 7 0 7 0
l1d_u7-5 llc-0b0 1 7 0 7 0
l1d_u7-5 llc-0b1 1 7 0 7 0
l1d_u7-5 llc-0b2 1 7 0 7 0
l1d_u7-5 llc-0b3 1 7 0 7 0
l1d_u7-5 llc-0b4 1 7 0 7 0
l1d_u7-5 llc-0b5 1 7 0 7 0
l1d_u7-5 llc-0b6 1 7 0 7 0
l1d_u7-5 llc-0b7 1 7 0 7 0
l1d_u7-5 llc-0b8 1 7 0 7 0
l1d_u7-5 llc-0b9 1 7 0 7 0
l1d_u7-5 llc-0b10 1 7 0 7 0
l1d_u7-5 llc-0b11 1 7 0 7 0
l1d_u7-5 llc-0b12 1 7 0 7 0
l1d_u7-5 llc-0b13 1 7 0 7 0
l1d_u7-5 llc-0b14 1 7 0 7 0
l1d_u7-5 llc-0b15 1 7 0 7 0
l1d_u7-6 llc-0b0 1 7 0 7 0
l1d_u7-6 llc-0b1 1 7 0 7 0
l1d_u7-6 llc-0b2 1 7 0 7 0
l1d_u7-6 llc-0b3 1 7 0 7 0
l1d_u7-6 llc-0b4 1 7 0 7 0
l1d_u7-6 llc-0b5 1 7 0 7 0
l1d_u7-6 llc-0b6 1 7 0 7 0
l1d_u7-6 llc-0b7 1 7 0 7 0
l1d_u7-6 llc-0b8 1 7 0 7 0
l1d_u7-6 llc-0b9 1 7 0 7 0
l1d_u7-6 llc-0b10 1 7 0 7 0
l1d_u7-6 llc-0b11 1 7 0 7 0
l1d_u7-6 llc-0b12 1 7 0 7 0
l1d_u7-6 llc-0b13 1 7 0 7 0
l1d_u7-6 llc-0b14 1 7 0 7 0
l1d_u7-6 llc-0b15 1 7 0 7 0
l1d_u7-7 llc-0b0 1 7 0 7 0
l1d_u7-7 llc-0b1 1 7 0 7 0
l1d_u7-7 llc-0b2 1 7 0 7 0
l1d_u7-7 llc-0b3 1 7 0 7 0
l1d_u7-7 llc-0b4 1 7 0 7 0
l1d_u7-7 llc-0b5 1 7 0 7 0
l1d_u7-7 llc-0b6 1 7 0 7 0
l1d_u7-7 llc-0b7 1 7 0 7 0
l1d_u7-7 llc-0b8 1 7 0 7 0
l1d_u7-7 llc-0b9 1 7 0 7 0
l1d_u7-7 llc-0b10 1 7 0 7 0
l1d_u7-7 llc-0b11 1 7 0 7 0
l1d_u7-7 llc-0b12 1 7 0 7 0
l1d_u7-7 llc-0b13 1 7 0 7 0
l1d_u7-7 llc-0b14 1 7 0 7 0
l1d_u7-7 llc-0b15 1 7 0 7 0
l1d_u7-8 llc-0b0 1 7 0 7 0
l1d_u7-8 llc-0b1 1 7 0 7 0
l1d_u7-8 llc-0b2 1 7 0 7 0
l1d_u7-8 llc-0b3 1 7 0 7 0
l1d_u7-8 llc-0b4 1 7 0 7 0
l1d_u7-8 llc-0b5 1 7 0 7 0
l1d_u7-8 llc-0b6 1 7 0 7 0
l1d_u7-8 llc-0b7 1 7 0 7 0
l1d_u7-8 llc-0b8 1 7 0 7 0
l1d_u7-8 llc-0b9 1 7 0 7 0
l1d_u7-8 llc-0b10 1 7 0 7 0
l1d_u7-8 llc-0b11 1 7 0 7 0
l1d_u7-8 llc-0b12 1 7 0 7 0
l1d_u7-8 llc-0b13 1 7 0 7 0
l1d_u7-8 llc-0b14 1 7 0 7 0
l1d_u7-8 llc-0b15 1 7 0 7 0
l1d_u7-9 llc-0b0 1 7 0 7 0
l1d_u7-9 llc-0b1 1 7 0 7 0
l1d_u7-9 llc-0b2 1 7 0 7 0
l1d_u7-9 llc-0b3 1 7 0 7 0
l1d_u7-9 llc-0b4 1 7 0 7 0
l1d_u7-9 llc-0b5 1 7 0 7 0
l1d_u7-9 llc-0b6 1 7 0 7 0
l1d_u7-9 llc-0b7 1 7 0 7 0
l1d_u7-9 llc-0b8 1 7 0 7 0
l1d_u7-9 llc-0b9 1 7 0 7 0
l1d_u7-9 llc-0b10 1 7 0 7 0
l1d_u7-9 llc-0b11 1 7 0 7 0
l1d_u7-9 llc-0b12 1 7 0 7 0
l1d_u7-9 llc-0b13 1 7 0 7 0
l1d_u7-9 llc-0b14 1 7 0 7 0
l1d_u7-9 llc-0b15 1 7 0 7 0
l1d_u7-10 llc-0b0 1 7 0 7 0
l1d_u7-10 llc-0b1 1 7 0 7 0
l1d_u7-10 llc-0b2 1 7 0 7 0
l1d_u7-10 llc-0b3 1 7 0 7 0
l1d_u7-10 llc-0b4 1 7 0 7 0
l1d_u7-10 llc-0b5 1 7 0 7 0
l1d_u7-10 llc-0b6 1 7 0 7 0
l1d_u7-10 llc-0b7 1 7 0 7 0
l1d_u7-10 llc-0b8 1 7 0 7 0
l1d_u7-10 llc-0b9 1 7 0 7 0
l1d_u7-10 llc-0b10 1 7 0 7 0
l1d_u7-10 llc-0b11 1 7 0 7 0
l1d_u7-10 llc-0b12 1 7 0 7 0
l1d_u7-10 llc-0b13 1 7 0 7 0
l1d_u7-10 llc-0b14 1 7 0 7 0
l1d_u7-10 llc-0b15 1 7 0 7 0
l1d_u7-11 llc-0b0 1 7 0 7 0
l1d_u7-11 llc-0b1 1 7 0 7 0
l1d_u7-11 llc-0b2 1 7 0 7 0
l1d_u7-11 llc-0b3 1 7 0 7 0
l1d_u7-11 llc-0b4 1 7 0 7 0
l1d_u7-11 llc-0b5 1 7 0 7 0
l1d_u7-11 llc-0b6 1 7 0 7 0
l1d_u7-11 llc-0b7 1 7 0 7 0
l1d_u7-11 llc-0b8 1 7 0 7 0
l1d_u7-11 llc-0b9 1 7 0 7 0
l1d_u7-11 llc-0b10 1 7 0 7 0
l1d_u7-11 llc-0b11 1 7 0 7 0
l1d_u7-11 llc-0b12 1 7 0 7 0
l1d_u7-11 llc-0b13 1 7 0 7 0
l1d_u7-11 llc-0b14 1 7 0 7 0
l1d_u7-11 llc-0b15 1 7 0 7 0
l1d_u7-12 llc-0b0 1 7 0 7 0
l1d_u7-12 llc-0b1 1 7 0 7 0
l1d_u7-12 llc-0b2 1 7 0 7 0
l1d_u7-12 llc-0b3 1 7 0 7 0
l1d_u7-12 llc-0b4 1 7 0 7 0
l1d_u7-12 llc-0b5 1 7 0 7 0
l1d_u7-12 llc-0b6 1 7 0 7 0
l1d_u7-12 llc-0b7 1 7 0 7 0
l1d_u7-12 llc-0b8 1 7 0 7 0
l1d_u7-12 llc-0b9 1 7 0 7 0
l1d_u7-12 llc-0b10 1 7 0 7 0
l1d_u7-12 llc-0b11 1 7 0 7 0
l1d_u7-12 llc-0b12 1 7 0 7 0
l1d_u7-12 llc-0b13 1 7 0 7 0
l1d_u7-12 llc-0b14 1 7 0 7 0
l1d_u7-12 llc-0b15 1 7 0 7 0
l1d_u7-13 llc-0b0 1 7 0 7 0
l1d_u7-13 llc-0b1 1 7 0 7 0
l1d_u7-13 llc-0b2 1 7 0 7 0
l1d_u7-13 llc-0b3 1 7 0 7 0
l1d_u7-13 llc-0b4 1 7 0 7 0
l1d_u7-13 llc-0b5 1 7 0 7 0
l1d_u7-13 llc-0b6 1 7 0 7 0
l1d_u7-13 llc-0b7 1 7 0 7 0
l1d_u7-13 llc-0b8 1 7 0 7 0
l1d_u7-13 llc-0b9 1 7 0 7 0
l1d_u7-13 llc-0b10 1 7 0 7 0
l1d_u7-13 llc-0b11 1 7 0 7 0
l1d_u7-13 llc-0b12 1 7 0 7 0
l1d_u7-13 llc-0b13 1 7 0 7 0
l1d_u7-13 llc-0b14 1 7 0 7 0
l1d_u7-13 llc-0b15 1 7 0 7 0
l1d_u7-14 llc-0b0 1 7 0 7 0
l1d_u7-14 llc-0b1 1 7 0 7 0
l1d_u7-14 llc-0b2 1 7 0 7 0
l1d_u7-14 llc-0b3 1 7 0 7 0
l1d_u7-14 llc-0b4 1 7 0 7 0
l1d_u7-14 llc-0b5 1 7 0 7 0
l1d_u7-14 llc-0b6 1 7 0 7 0
l1d_u7-14 llc-0b7 1 7 0 7 0
l1d_u7-14 llc-0b8 1 7 0 7 0
l1d_u7-14 llc-0b9 1 7 0 7 0
l1d_u7-14 llc-0b10 1 7 0 7 0
l1d_u7-14 llc-0b11 1 7 0 7 0
l1d_u7-14 llc-0b12 1 7 0 7 0
l1d_u7-14 llc-0b13 1 7 0 7 0
l1d_u7-14 llc-0b14 1 7 0 7 0
l1d_u7-14 llc-0b15 1 7 0 7 0
l1d_u7-15 llc-0b0 1 7 0 7 0
l1d_u7-15 llc-0b1 1 7 0 7 0
l1d_u7-15 llc-0b2 1 7 0 7 0
l1d_u7-15 llc-0b3 1 7 0 7 0
l1d_u7-15 llc-0b4 1 7 0 7 0
l1d_u7-15 llc-0b5 1 7 0 7 0
l1d_u7-15 llc-0b6 1 7 0 7 0
l1d_u7-15 llc-0b7 1 7 0 7 0
l1d_u7-15 llc-0b8 1 7 0 7 0
l1d_u7-15 llc-0b9 1 7 0 7 0
l1d_u7-15 llc-0b10 1 7 0 7 0
l1d_u7-15 llc-0b11 1 7 0 7 0
l1d_u7-15 llc-0b12 1 7 0 7 0
l1d_u7-15 llc-0b13 1 7 0 7 0
l1d_u7-15 llc-0b14 1 7 0 7 0
l1d_u7-15 llc-0b15 1 7 0 7 0
l1i_u8-0 llc-0b0 1 8 0 8 0
l1i_u8-0 llc-0b1 1 8 0 8 0
l1i_u8-0 llc-0b2 1 8 0 8 0
l1i_u8-0 llc-0b3 1 8 0 8 0
l1i_u8-0 llc-0b4 1 8 0 8 0
l1i_u8-0 llc-0b5 1 8 0 8 0
l1i_u8-0 llc-0b6 1 8 0 8 0
l1i_u8-0 llc-0b7 1 8 0 8 0
l1i_u8-0 llc-0b8 1 8 0 8 0
l1i_u8-0 llc-0b9 1 8 0 8 0
l1i_u8-0 llc-0b10 1 8 0 8 0
l1i_u8-0 llc-0b11 1 8 0 8 0
l1i_u8-0 llc-0b12 1 8 0 8 0
l1i_u8-0 llc-0b13 1 8 0 8 0
l1i_u8-0 llc-0b14 1 8 0 8 0
l1i_u8-0 llc-0b15 1 8 0 8 0
l1i_u8-1 llc-0b0 1 8 0 8 0
l1i_u8-1 llc-0b1 1 8 0 8 0
l1i_u8-1 llc-0b2 1 8 0 8 0
l1i_u8-1 llc-0b3 1 8 0 8 0
l1i_u8-1 llc-0b4 1 8 0 8 0
l1i_u8-1 llc-0b5 1 8 0 8 0
l1i_u8-1 llc-0b6 1 8 0 8 0
l1i_u8-1 llc-0b7 1 8 0 8 0
l1i_u8-1 llc-0b8 1 8 0 8 0
l1i_u8-1 llc-0b9 1 8 0 8 0
l1i_u8-1 llc-0b10 1 8 0 8 0
l1i_u8-1 llc-0b11 1 8 0 8 0
l1i_u8-1 llc-0b12 1 8 0 8 0
l1i_u8-1 llc-0b13 1 8 0 8 0
l1i_u8-1 llc-0b14 1 8 0 8 0
l1i_u8-1 llc-0b15 1 8 0 8 0
l1i_u8-2 llc-0b0 1 8 0 8 0
l1i_u8-2 llc-0b1 1 8 0 8 0
l1i_u8-2 llc-0b2 1 8 0 8 0
l1i_u8-2 llc-0b3 1 8 0 8 0
l1i_u8-2 llc-0b4 1 8 0 8 0
l1i_u8-2 llc-0b5 1 8 0 8 0
l1i_u8-2 llc-0b6 1 8 0 8 0
l1i_u8-2 llc-0b7 1 8 0 8 0
l1i_u8-2 llc-0b8 1 8 0 8 0
l1i_u8-2 llc-0b9 1 8 0 8 0
l1i_u8-2 llc-0b10 1 8 0 8 0
l1i_u8-2 llc-0b11 1 8 0 8 0
l1i_u8-2 llc-0b12 1 8 0 8 0
l1i_u8-2 llc-0b13 1 8 0 8 0
l1i_u8-2 llc-0b14 1 8 0 8 0
l1i_u8-2 llc-0b15 1 8 0 8 0
l1i_u8-3 llc-0b0 1 8 0 8 0
l1i_u8-3 llc-0b1 1 8 0 8 0
l1i_u8-3 llc-0b2 1 8 0 8 0
l1i_u8-3 llc-0b3 1 8 0 8 0
l1i_u8-3 llc-0b4 1 8 0 8 0
l1i_u8-3 llc-0b5 1 8 0 8 0
l1i_u8-3 llc-0b6 1 8 0 8 0
l1i_u8-3 llc-0b7 1 8 0 8 0
l1i_u8-3 llc-0b8 1 8 0 8 0
l1i_u8-3 llc-0b9 1 8 0 8 0
l1i_u8-3 llc-0b10 1 8 0 8 0
l1i_u8-3 llc-0b11 1 8 0 8 0
l1i_u8-3 llc-0b12 1 8 0 8 0
l1i_u8-3 llc-0b13 1 8 0 8 0
l1i_u8-3 llc-0b14 1 8 0 8 0
l1i_u8-3 llc-0b15 1 8 0 8 0
l1i_u8-4 llc-0b0 1 8 0 8 0
l1i_u8-4 llc-0b1 1 8 0 8 0
l1i_u8-4 llc-0b2 1 8 0 8 0
l1i_u8-4 llc-0b3 1 8 0 8 0
l1i_u8-4 llc-0b4 1 8 0 8 0
l1i_u8-4 llc-0b5 1 8 0 8 0
l1i_u8-4 llc-0b6 1 8 0 8 0
l1i_u8-4 llc-0b7 1 8 0 8 0
l1i_u8-4 llc-0b8 1 8 0 8 0
l1i_u8-4 llc-0b9 1 8 0 8 0
l1i_u8-4 llc-0b10 1 8 0 8 0
l1i_u8-4 llc-0b11 1 8 0 8 0
l1i_u8-4 llc-0b12 1 8 0 8 0
l1i_u8-4 llc-0b13 1 8 0 8 0
l1i_u8-4 llc-0b14 1 8 0 8 0
l1i_u8-4 llc-0b15 1 8 0 8 0
l1i_u8-5 llc-0b0 1 8 0 8 0
l1i_u8-5 llc-0b1 1 8 0 8 0
l1i_u8-5 llc-0b2 1 8 0 8 0
l1i_u8-5 llc-0b3 1 8 0 8 0
l1i_u8-5 llc-0b4 1 8 0 8 0
l1i_u8-5 llc-0b5 1 8 0 8 0
l1i_u8-5 llc-0b6 1 8 0 8 0
l1i_u8-5 llc-0b7 1 8 0 8 0
l1i_u8-5 llc-0b8 1 8 0 8 0
l1i_u8-5 llc-0b9 1 8 0 8 0
l1i_u8-5 llc-0b10 1 8 0 8 0
l1i_u8-5 llc-0b11 1 8 0 8 0
l1i_u8-5 llc-0b12 1 8 0 8 0
l1i_u8-5 llc-0b13 1 8 0 8 0
l1i_u8-5 llc-0b14 1 8 0 8 0
l1i_u8-5 llc-0b15 1 8 0 8 0
l1i_u8-6 llc-0b0 1 8 0 8 0
l1i_u8-6 llc-0b1 1 8 0 8 0
l1i_u8-6 llc-0b2 1 8 0 8 0
l1i_u8-6 llc-0b3 1 8 0 8 0
l1i_u8-6 llc-0b4 1 8 0 8 0
l1i_u8-6 llc-0b5 1 8 0 8 0
l1i_u8-6 llc-0b6 1 8 0 8 0
l1i_u8-6 llc-0b7 1 8 0 8 0
l1i_u8-6 llc-0b8 1 8 0 8 0
l1i_u8-6 llc-0b9 1 8 0 8 0
l1i_u8-6 llc-0b10 1 8 0 8 0
l1i_u8-6 llc-0b11 1 8 0 8 0
l1i_u8-6 llc-0b12 1 8 0 8 0
l1i_u8-6 llc-0b13 1 8 0 8 0
l1i_u8-6 llc-0b14 1 8 0 8 0
l1i_u8-6 llc-0b15 1 8 0 8 0
l1i_u8-7 llc-0b0 1 8 0 8 0
l1i_u8-7 llc-0b1 1 8 0 8 0
l1i_u8-7 llc-0b2 1 8 0 8 0
l1i_u8-7 llc-0b3 1 8 0 8 0
l1i_u8-7 llc-0b4 1 8 0 8 0
l1i_u8-7 llc-0b5 1 8 0 8 0
l1i_u8-7 llc-0b6 1 8 0 8 0
l1i_u8-7 llc-0b7 1 8 0 8 0
l1i_u8-7 llc-0b8 1 8 0 8 0
l1i_u8-7 llc-0b9 1 8 0 8 0
l1i_u8-7 llc-0b10 1 8 0 8 0
l1i_u8-7 llc-0b11 1 8 0 8 0
l1i_u8-7 llc-0b12 1 8 0 8 0
l1i_u8-7 llc-0b13 1 8 0 8 0
l1i_u8-7 llc-0b14 1 8 0 8 0
l1i_u8-7 llc-0b15 1 8 0 8 0
l1i_u8-8 llc-0b0 1 8 0 8 0
l1i_u8-8 llc-0b1 1 8 0 8 0
l1i_u8-8 llc-0b2 1 8 0 8 0
l1i_u8-8 llc-0b3 1 8 0 8 0
l1i_u8-8 llc-0b4 1 8 0 8 0
l1i_u8-8 llc-0b5 1 8 0 8 0
l1i_u8-8 llc-0b6 1 8 0 8 0
l1i_u8-8 llc-0b7 1 8 0 8 0
l1i_u8-8 llc-0b8 1 8 0 8 0
l1i_u8-8 llc-0b9 1 8 0 8 0
l1i_u8-8 llc-0b10 1 8 0 8 0
l1i_u8-8 llc-0b11 1 8 0 8 0
l1i_u8-8 llc-0b12 1 8 0 8 0
l1i_u8-8 llc-0b13 1 8 0 8 0
l1i_u8-8 llc-0b14 1 8 0 8 0
l1i_u8-8 llc-0b15 1 8 0 8 0
l1i_u8-9 llc-0b0 1 8 0 8 0
l1i_u8-9 llc-0b1 1 8 0 8 0
l1i_u8-9 llc-0b2 1 8 0 8 0
l1i_u8-9 llc-0b3 1 8 0 8 0
l1i_u8-9 llc-0b4 1 8 0 8 0
l1i_u8-9 llc-0b5 1 8 0 8 0
l1i_u8-9 llc-0b6 1 8 0 8 0
l1i_u8-9 llc-0b7 1 8 0 8 0
l1i_u8-9 llc-0b8 1 8 0 8 0
l1i_u8-9 llc-0b9 1 8 0 8 0
l1i_u8-9 llc-0b10 1 8 0 8 0
l1i_u8-9 llc-0b11 1 8 0 8 0
l1i_u8-9 llc-0b12 1 8 0 8 0
l1i_u8-9 llc-0b13 1 8 0 8 0
l1i_u8-9 llc-0b14 1 8 0 8 0
l1i_u8-9 llc-0b15 1 8 0 8 0
l1i_u8-10 llc-0b0 1 8 0 8 0
l1i_u8-10 llc-0b1 1 8 0 8 0
l1i_u8-10 llc-0b2 1 8 0 8 0
l1i_u8-10 llc-0b3 1 8 0 8 0
l1i_u8-10 llc-0b4 1 8 0 8 0
l1i_u8-10 llc-0b5 1 8 0 8 0
l1i_u8-10 llc-0b6 1 8 0 8 0
l1i_u8-10 llc-0b7 1 8 0 8 0
l1i_u8-10 llc-0b8 1 8 0 8 0
l1i_u8-10 llc-0b9 1 8 0 8 0
l1i_u8-10 llc-0b10 1 8 0 8 0
l1i_u8-10 llc-0b11 1 8 0 8 0
l1i_u8-10 llc-0b12 1 8 0 8 0
l1i_u8-10 llc-0b13 1 8 0 8 0
l1i_u8-10 llc-0b14 1 8 0 8 0
l1i_u8-10 llc-0b15 1 8 0 8 0
l1i_u8-11 llc-0b0 1 8 0 8 0
l1i_u8-11 llc-0b1 1 8 0 8 0
l1i_u8-11 llc-0b2 1 8 0 8 0
l1i_u8-11 llc-0b3 1 8 0 8 0
l1i_u8-11 llc-0b4 1 8 0 8 0
l1i_u8-11 llc-0b5 1 8 0 8 0
l1i_u8-11 llc-0b6 1 8 0 8 0
l1i_u8-11 llc-0b7 1 8 0 8 0
l1i_u8-11 llc-0b8 1 8 0 8 0
l1i_u8-11 llc-0b9 1 8 0 8 0
l1i_u8-11 llc-0b10 1 8 0 8 0
l1i_u8-11 llc-0b11 1 8 0 8 0
l1i_u8-11 llc-0b12 1 8 0 8 0
l1i_u8-11 llc-0b13 1 8 0 8 0
l1i_u8-11 llc-0b14 1 8 0 8 0
l1i_u8-11 llc-0b15 1 8 0 8 0
l1i_u8-12 llc-0b0 1 8 0 8 0
l1i_u8-12 llc-0b1 1 8 0 8 0
l1i_u8-12 llc-0b2 1 8 0 8 0
l1i_u8-12 llc-0b3 1 8 0 8 0
l1i_u8-12 llc-0b4 1 8 0 8 0
l1i_u8-12 llc-0b5 1 8 0 8 0
l1i_u8-12 llc-0b6 1 8 0 8 0
l1i_u8-12 llc-0b7 1 8 0 8 0
l1i_u8-12 llc-0b8 1 8 0 8 0
l1i_u8-12 llc-0b9 1 8 0 8 0
l1i_u8-12 llc-0b10 1 8 0 8 0
l1i_u8-12 llc-0b11 1 8 0 8 0
l1i_u8-12 llc-0b12 1 8 0 8 0
l1i_u8-12 llc-0b13 1 8 0 8 0
l1i_u8-12 llc-0b14 1 8 0 8 0
l1i_u8-12 llc-0b15 1 8 0 8 0
l1i_u8-13 llc-0b0 1 8 0 8 0
l1i_u8-13 llc-0b1 1 8 0 8 0
l1i_u8-13 llc-0b2 1 8 0 8 0
l1i_u8-13 llc-0b3 1 8 0 8 0
l1i_u8-13 llc-0b4 1 8 0 8 0
l1i_u8-13 llc-0b5 1 8 0 8 0
l1i_u8-13 llc-0b6 1 8 0 8 0
l1i_u8-13 llc-0b7 1 8 0 8 0
l1i_u8-13 llc-0b8 1 8 0 8 0
l1i_u8-13 llc-0b9 1 8 0 8 0
l1i_u8-13 llc-0b10 1 8 0 8 0
l1i_u8-13 llc-0b11 1 8 0 8 0
l1i_u8-13 llc-0b12 1 8 0 8 0
l1i_u8-13 llc-0b13 1 8 0 8 0
l1i_u8-13 llc-0b14 1 8 0 8 0
l1i_u8-13 llc-0b15 1 8 0 8 0
l1i_u8-14 llc-0b0 1 8 0 8 0
l1i_u8-14 llc-0b1 1 8 0 8 0
l1i_u8-14 llc-0b2 1 8 0 8 0
l1i_u8-14 llc-0b3 1 8 0 8 0
l1i_u8-14 llc-0b4 1 8 0 8 0
l1i_u8-14 llc-0b5 1 8 0 8 0
l1i_u8-14 llc-0b6 1 8 0 8 0
l1i_u8-14 llc-0b7 1 8 0 8 0
l1i_u8-14 llc-0b8 1 8 0 8 0
l1i_u8-14 llc-0b9 1 8 0 8 0
l1i_u8-14 llc-0b10 1 8 0 8 0
l1i_u8-14 llc-0b11 1 8 0 8 0
l1i_u8-14 llc-0b12 1 8 0 8 0
l1i_u8-14 llc-0b13 1 8 0 8 0
l1i_u8-14 llc-0b14 1 8 0 8 0
l1i_u8-14 llc-0b15 1 8 0 8 0
l1i_u8-15 llc-0b0 1 8 0 8 0
l1i_u8-15 llc-0b1 1 8 0 8 0
l1i_u8-15 llc-0b2 1 8 0 8 0
l1i_u8-15 llc-0b3 1 8 0 8 0
l1i_u8-15 llc-0b4 1 8 0 8 0
l1i_u8-15 llc-0b5 1 8 0 8 0
l1i_u8-15 llc-0b6 1 8 0 8 0
l1i_u8-15 llc-0b7 1 8 0 8 0
l1i_u8-15 llc-0b8 1 8 0 8 0
l1i_u8-15 llc-0b9 1 8 0 8 0
l1i_u8-15 llc-0b10 1 8 0 8 0
l1i_u8-15 llc-0b11 1 8 0 8 0
l1i_u8-15 llc-0b12 1 8 0 8 0
l1i_u8-15 llc-0b13 1 8 0 8 0
l1i_u8-15 llc-0b14 1 8 0 8 0
l1i_u8-15 llc-0b15 1 8 0 8 0
l1d_u8-0 llc-0b0 1 8 0 8 0
l1d_u8-0 llc-0b1 1 8 0 8 0
l1d_u8-0 llc-0b2 1 8 0 8 0
l1d_u8-0 llc-0b3 1 8 0 8 0
l1d_u8-0 llc-0b4 1 8 0 8 0
l1d_u8-0 llc-0b5 1 8 0 8 0
l1d_u8-0 llc-0b6 1 8 0 8 0
l1d_u8-0 llc-0b7 1 8 0 8 0
l1d_u8-0 llc-0b8 1 8 0 8 0
l1d_u8-0 llc-0b9 1 8 0 8 0
l1d_u8-0 llc-0b10 1 8 0 8 0
l1d_u8-0 llc-0b11 1 8 0 8 0
l1d_u8-0 llc-0b12 1 8 0 8 0
l1d_u8-0 llc-0b13 1 8 0 8 0
l1d_u8-0 llc-0b14 1 8 0 8 0
l1d_u8-0 llc-0b15 1 8 0 8 0
l1d_u8-1 llc-0b0 1 8 0 8 0
l1d_u8-1 llc-0b1 1 8 0 8 0
l1d_u8-1 llc-0b2 1 8 0 8 0
l1d_u8-1 llc-0b3 1 8 0 8 0
l1d_u8-1 llc-0b4 1 8 0 8 0
l1d_u8-1 llc-0b5 1 8 0 8 0
l1d_u8-1 llc-0b6 1 8 0 8 0
l1d_u8-1 llc-0b7 1 8 0 8 0
l1d_u8-1 llc-0b8 1 8 0 8 0
l1d_u8-1 llc-0b9 1 8 0 8 0
l1d_u8-1 llc-0b10 1 8 0 8 0
l1d_u8-1 llc-0b11 1 8 0 8 0
l1d_u8-1 llc-0b12 1 8 0 8 0
l1d_u8-1 llc-0b13 1 8 0 8 0
l1d_u8-1 llc-0b14 1 8 0 8 0
l1d_u8-1 llc-0b15 1 8 0 8 0
l1d_u8-2 llc-0b0 1 8 0 8 0
l1d_u8-2 llc-0b1 1 8 0 8 0
l1d_u8-2 llc-0b2 1 8 0 8 0
l1d_u8-2 llc-0b3 1 8 0 8 0
l1d_u8-2 llc-0b4 1 8 0 8 0
l1d_u8-2 llc-0b5 1 8 0 8 0
l1d_u8-2 llc-0b6 1 8 0 8 0
l1d_u8-2 llc-0b7 1 8 0 8 0
l1d_u8-2 llc-0b8 1 8 0 8 0
l1d_u8-2 llc-0b9 1 8 0 8 0
l1d_u8-2 llc-0b10 1 8 0 8 0
l1d_u8-2 llc-0b11 1 8 0 8 0
l1d_u8-2 llc-0b12 1 8 0 8 0
l1d_u8-2 llc-0b13 1 8 0 8 0
l1d_u8-2 llc-0b14 1 8 0 8 0
l1d_u8-2 llc-0b15 1 8 0 8 0
l1d_u8-3 llc-0b0 1 8 0 8 0
l1d_u8-3 llc-0b1 1 8 0 8 0
l1d_u8-3 llc-0b2 1 8 0 8 0
l1d_u8-3 llc-0b3 1 8 0 8 0
l1d_u8-3 llc-0b4 1 8 0 8 0
l1d_u8-3 llc-0b5 1 8 0 8 0
l1d_u8-3 llc-0b6 1 8 0 8 0
l1d_u8-3 llc-0b7 1 8 0 8 0
l1d_u8-3 llc-0b8 1 8 0 8 0
l1d_u8-3 llc-0b9 1 8 0 8 0
l1d_u8-3 llc-0b10 1 8 0 8 0
l1d_u8-3 llc-0b11 1 8 0 8 0
l1d_u8-3 llc-0b12 1 8 0 8 0
l1d_u8-3 llc-0b13 1 8 0 8 0
l1d_u8-3 llc-0b14 1 8 0 8 0
l1d_u8-3 llc-0b15 1 8 0 8 0
l1d_u8-4 llc-0b0 1 8 0 8 0
l1d_u8-4 llc-0b1 1 8 0 8 0
l1d_u8-4 llc-0b2 1 8 0 8 0
l1d_u8-4 llc-0b3 1 8 0 8 0
l1d_u8-4 llc-0b4 1 8 0 8 0
l1d_u8-4 llc-0b5 1 8 0 8 0
l1d_u8-4 llc-0b6 1 8 0 8 0
l1d_u8-4 llc-0b7 1 8 0 8 0
l1d_u8-4 llc-0b8 1 8 0 8 0
l1d_u8-4 llc-0b9 1 8 0 8 0
l1d_u8-4 llc-0b10 1 8 0 8 0
l1d_u8-4 llc-0b11 1 8 0 8 0
l1d_u8-4 llc-0b12 1 8 0 8 0
l1d_u8-4 llc-0b13 1 8 0 8 0
l1d_u8-4 llc-0b14 1 8 0 8 0
l1d_u8-4 llc-0b15 1 8 0 8 0
l1d_u8-5 llc-0b0 1 8 0 8 0
l1d_u8-5 llc-0b1 1 8 0 8 0
l1d_u8-5 llc-0b2 1 8 0 8 0
l1d_u8-5 llc-0b3 1 8 0 8 0
l1d_u8-5 llc-0b4 1 8 0 8 0
l1d_u8-5 llc-0b5 1 8 0 8 0
l1d_u8-5 llc-0b6 1 8 0 8 0
l1d_u8-5 llc-0b7 1 8 0 8 0
l1d_u8-5 llc-0b8 1 8 0 8 0
l1d_u8-5 llc-0b9 1 8 0 8 0
l1d_u8-5 llc-0b10 1 8 0 8 0
l1d_u8-5 llc-0b11 1 8 0 8 0
l1d_u8-5 llc-0b12 1 8 0 8 0
l1d_u8-5 llc-0b13 1 8 0 8 0
l1d_u8-5 llc-0b14 1 8 0 8 0
l1d_u8-5 llc-0b15 1 8 0 8 0
l1d_u8-6 llc-0b0 1 8 0 8 0
l1d_u8-6 llc-0b1 1 8 0 8 0
l1d_u8-6 llc-0b2 1 8 0 8 0
l1d_u8-6 llc-0b3 1 8 0 8 0
l1d_u8-6 llc-0b4 1 8 0 8 0
l1d_u8-6 llc-0b5 1 8 0 8 0
l1d_u8-6 llc-0b6 1 8 0 8 0
l1d_u8-6 llc-0b7 1 8 0 8 0
l1d_u8-6 llc-0b8 1 8 0 8 0
l1d_u8-6 llc-0b9 1 8 0 8 0
l1d_u8-6 llc-0b10 1 8 0 8 0
l1d_u8-6 llc-0b11 1 8 0 8 0
l1d_u8-6 llc-0b12 1 8 0 8 0
l1d_u8-6 llc-0b13 1 8 0 8 0
l1d_u8-6 llc-0b14 1 8 0 8 0
l1d_u8-6 llc-0b15 1 8 0 8 0
l1d_u8-7 llc-0b0 1 8 0 8 0
l1d_u8-7 llc-0b1 1 8 0 8 0
l1d_u8-7 llc-0b2 1 8 0 8 0
l1d_u8-7 llc-0b3 1 8 0 8 0
l1d_u8-7 llc-0b4 1 8 0 8 0
l1d_u8-7 llc-0b5 1 8 0 8 0
l1d_u8-7 llc-0b6 1 8 0 8 0
l1d_u8-7 llc-0b7 1 8 0 8 0
l1d_u8-7 llc-0b8 1 8 0 8 0
l1d_u8-7 llc-0b9 1 8 0 8 0
l1d_u8-7 llc-0b10 1 8 0 8 0
l1d_u8-7 llc-0b11 1 8 0 8 0
l1d_u8-7 llc-0b12 1 8 0 8 0
l1d_u8-7 llc-0b13 1 8 0 8 0
l1d_u8-7 llc-0b14 1 8 0 8 0
l1d_u8-7 llc-0b15 1 8 0 8 0
l1d_u8-8 llc-0b0 1 8 0 8 0
l1d_u8-8 llc-0b1 1 8 0 8 0
l1d_u8-8 llc-0b2 1 8 0 8 0
l1d_u8-8 llc-0b3 1 8 0 8 0
l1d_u8-8 llc-0b4 1 8 0 8 0
l1d_u8-8 llc-0b5 1 8 0 8 0
l1d_u8-8 llc-0b6 1 8 0 8 0
l1d_u8-8 llc-0b7 1 8 0 8 0
l1d_u8-8 llc-0b8 1 8 0 8 0
l1d_u8-8 llc-0b9 1 8 0 8 0
l1d_u8-8 llc-0b10 1 8 0 8 0
l1d_u8-8 llc-0b11 1 8 0 8 0
l1d_u8-8 llc-0b12 1 8 0 8 0
l1d_u8-8 llc-0b13 1 8 0 8 0
l1d_u8-8 llc-0b14 1 8 0 8 0
l1d_u8-8 llc-0b15 1 8 0 8 0
l1d_u8-9 llc-0b0 1 8 0 8 0
l1d_u8-9 llc-0b1 1 8 0 8 0
l1d_u8-9 llc-0b2 1 8 0 8 0
l1d_u8-9 llc-0b3 1 8 0 8 0
l1d_u8-9 llc-0b4 1 8 0 8 0
l1d_u8-9 llc-0b5 1 8 0 8 0
l1d_u8-9 llc-0b6 1 8 0 8 0
l1d_u8-9 llc-0b7 1 8 0 8 0
l1d_u8-9 llc-0b8 1 8 0 8 0
l1d_u8-9 llc-0b9 1 8 0 8 0
l1d_u8-9 llc-0b10 1 8 0 8 0
l1d_u8-9 llc-0b11 1 8 0 8 0
l1d_u8-9 llc-0b12 1 8 0 8 0
l1d_u8-9 llc-0b13 1 8 0 8 0
l1d_u8-9 llc-0b14 1 8 0 8 0
l1d_u8-9 llc-0b15 1 8 0 8 0
l1d_u8-10 llc-0b0 1 8 0 8 0
l1d_u8-10 llc-0b1 1 8 0 8 0
l1d_u8-10 llc-0b2 1 8 0 8 0
l1d_u8-10 llc-0b3 1 8 0 8 0
l1d_u8-10 llc-0b4 1 8 0 8 0
l1d_u8-10 llc-0b5 1 8 0 8 0
l1d_u8-10 llc-0b6 1 8 0 8 0
l1d_u8-10 llc-0b7 1 8 0 8 0
l1d_u8-10 llc-0b8 1 8 0 8 0
l1d_u8-10 llc-0b9 1 8 0 8 0
l1d_u8-10 llc-0b10 1 8 0 8 0
l1d_u8-10 llc-0b11 1 8 0 8 0
l1d_u8-10 llc-0b12 1 8 0 8 0
l1d_u8-10 llc-0b13 1 8 0 8 0
l1d_u8-10 llc-0b14 1 8 0 8 0
l1d_u8-10 llc-0b15 1 8 0 8 0
l1d_u8-11 llc-0b0 1 8 0 8 0
l1d_u8-11 llc-0b1 1 8 0 8 0
l1d_u8-11 llc-0b2 1 8 0 8 0
l1d_u8-11 llc-0b3 1 8 0 8 0
l1d_u8-11 llc-0b4 1 8 0 8 0
l1d_u8-11 llc-0b5 1 8 0 8 0
l1d_u8-11 llc-0b6 1 8 0 8 0
l1d_u8-11 llc-0b7 1 8 0 8 0
l1d_u8-11 llc-0b8 1 8 0 8 0
l1d_u8-11 llc-0b9 1 8 0 8 0
l1d_u8-11 llc-0b10 1 8 0 8 0
l1d_u8-11 llc-0b11 1 8 0 8 0
l1d_u8-11 llc-0b12 1 8 0 8 0
l1d_u8-11 llc-0b13 1 8 0 8 0
l1d_u8-11 llc-0b14 1 8 0 8 0
l1d_u8-11 llc-0b15 1 8 0 8 0
l1d_u8-12 llc-0b0 1 8 0 8 0
l1d_u8-12 llc-0b1 1 8 0 8 0
l1d_u8-12 llc-0b2 1 8 0 8 0
l1d_u8-12 llc-0b3 1 8 0 8 0
l1d_u8-12 llc-0b4 1 8 0 8 0
l1d_u8-12 llc-0b5 1 8 0 8 0
l1d_u8-12 llc-0b6 1 8 0 8 0
l1d_u8-12 llc-0b7 1 8 0 8 0
l1d_u8-12 llc-0b8 1 8 0 8 0
l1d_u8-12 llc-0b9 1 8 0 8 0
l1d_u8-12 llc-0b10 1 8 0 8 0
l1d_u8-12 llc-0b11 1 8 0 8 0
l1d_u8-12 llc-0b12 1 8 0 8 0
l1d_u8-12 llc-0b13 1 8 0 8 0
l1d_u8-12 llc-0b14 1 8 0 8 0
l1d_u8-12 llc-0b15 1 8 0 8 0
l1d_u8-13 llc-0b0 1 8 0 8 0
l1d_u8-13 llc-0b1 1 8 0 8 0
l1d_u8-13 llc-0b2 1 8 0 8 0
l1d_u8-13 llc-0b3 1 8 0 8 0
l1d_u8-13 llc-0b4 1 8 0 8 0
l1d_u8-13 llc-0b5 1 8 0 8 0
l1d_u8-13 llc-0b6 1 8 0 8 0
l1d_u8-13 llc-0b7 1 8 0 8 0
l1d_u8-13 llc-0b8 1 8 0 8 0
l1d_u8-13 llc-0b9 1 8 0 8 0
l1d_u8-13 llc-0b10 1 8 0 8 0
l1d_u8-13 llc-0b11 1 8 0 8 0
l1d_u8-13 llc-0b12 1 8 0 8 0
l1d_u8-13 llc-0b13 1 8 0 8 0
l1d_u8-13 llc-0b14 1 8 0 8 0
l1d_u8-13 llc-0b15 1 8 0 8 0
l1d_u8-14 llc-0b0 1 8 0 8 0
l1d_u8-14 llc-0b1 1 8 0 8 0
l1d_u8-14 llc-0b2 1 8 0 8 0
l1d_u8-14 llc-0b3 1 8 0 8 0
l1d_u8-14 llc-0b4 1 8 0 8 0
l1d_u8-14 llc-0b5 1 8 0 8 0
l1d_u8-14 llc-0b6 1 8 0 8 0
l1d_u8-14 llc-0b7 1 8 0 8 0
l1d_u8-14 llc-0b8 1 8 0 8 0
l1d_u8-14 llc-0b9 1 8 0 8 0
l1d_u8-14 llc-0b10 1 8 0 8 0
l1d_u8-14 llc-0b11 1 8 0 8 0
l1d_u8-14 llc-0b12 1 8 0 8 0
l1d_u8-14 llc-0b13 1 8 0 8 0
l1d_u8-14 llc-0b14 1 8 0 8 0
l1d_u8-14 llc-0b15 1 8 0 8 0
l1d_u8-15 llc-0b0 1 8 0 8 0
l1d_u8-15 llc-0b1 1 8 0 8 0
l1d_u8-15 llc-0b2 1 8 0 8 0
l1d_u8-15 llc-0b3 1 8 0 8 0
l1d_u8-15 llc-0b4 1 8 0 8 0
l1d_u8-15 llc-0b5 1 8 0 8 0
l1d_u8-15 llc-0b6 1 8 0 8 0
l1d_u8-15 llc-0b7 1 8 0 8 0
l1d_u8-15 llc-0b8 1 8 0 8 0
l1d_u8-15 llc-0b9 1 8 0 8 0
l1d_u8-15 llc-0b10 1 8 0 8 0
l1d_u8-15 llc-0b11 1 8 0 8 0
l1d_u8-15 llc-0b12 1 8 0 8 0
l1d_u8-15 llc-0b13 1 8 0 8 0
l1d_u8-15 llc-0b14 1 8 0 8 0
l1d_u8-15 llc-0b15 1 8 0 8 0
l1i_u9-0 llc-0b0 1 9 0 9 0
l1i_u9-0 llc-0b1 1 9 0 9 0
l1i_u9-0 llc-0b2 1 9 0 9 0
l1i_u9-0 llc-0b3 1 9 0 9 0
l1i_u9-0 llc-0b4 1 9 0 9 0
l1i_u9-0 llc-0b5 1 9 0 9 0
l1i_u9-0 llc-0b6 1 9 0 9 0
l1i_u9-0 llc-0b7 1 9 0 9 0
l1i_u9-0 llc-0b8 1 9 0 9 0
l1i_u9-0 llc-0b9 1 9 0 9 0
l1i_u9-0 llc-0b10 1 9 0 9 0
l1i_u9-0 llc-0b11 1 9 0 9 0
l1i_u9-0 llc-0b12 1 9 0 9 0
l1i_u9-0 llc-0b13 1 9 0 9 0
l1i_u9-0 llc-0b14 1 9 0 9 0
l1i_u9-0 llc-0b15 1 9 0 9 0
l1i_u9-1 llc-0b0 1 9 0 9 0
l1i_u9-1 llc-0b1 1 9 0 9 0
l1i_u9-1 llc-0b2 1 9 0 9 0
l1i_u9-1 llc-0b3 1 9 0 9 0
l1i_u9-1 llc-0b4 1 9 0 9 0
l1i_u9-1 llc-0b5 1 9 0 9 0
l1i_u9-1 llc-0b6 1 9 0 9 0
l1i_u9-1 llc-0b7 1 9 0 9 0
l1i_u9-1 llc-0b8 1 9 0 9 0
l1i_u9-1 llc-0b9 1 9 0 9 0
l1i_u9-1 llc-0b10 1 9 0 9 0
l1i_u9-1 llc-0b11 1 9 0 9 0
l1i_u9-1 llc-0b12 1 9 0 9 0
l1i_u9-1 llc-0b13 1 9 0 9 0
l1i_u9-1 llc-0b14 1 9 0 9 0
l1i_u9-1 llc-0b15 1 9 0 9 0
l1i_u9-2 llc-0b0 1 9 0 9 0
l1i_u9-2 llc-0b1 1 9 0 9 0
l1i_u9-2 llc-0b2 1 9 0 9 0
l1i_u9-2 llc-0b3 1 9 0 9 0
l1i_u9-2 llc-0b4 1 9 0 9 0
l1i_u9-2 llc-0b5 1 9 0 9 0
l1i_u9-2 llc-0b6 1 9 0 9 0
l1i_u9-2 llc-0b7 1 9 0 9 0
l1i_u9-2 llc-0b8 1 9 0 9 0
l1i_u9-2 llc-0b9 1 9 0 9 0
l1i_u9-2 llc-0b10 1 9 0 9 0
l1i_u9-2 llc-0b11 1 9 0 9 0
l1i_u9-2 llc-0b12 1 9 0 9 0
l1i_u9-2 llc-0b13 1 9 0 9 0
l1i_u9-2 llc-0b14 1 9 0 9 0
l1i_u9-2 llc-0b15 1 9 0 9 0
l1i_u9-3 llc-0b0 1 9 0 9 0
l1i_u9-3 llc-0b1 1 9 0 9 0
l1i_u9-3 llc-0b2 1 9 0 9 0
l1i_u9-3 llc-0b3 1 9 0 9 0
l1i_u9-3 llc-0b4 1 9 0 9 0
l1i_u9-3 llc-0b5 1 9 0 9 0
l1i_u9-3 llc-0b6 1 9 0 9 0
l1i_u9-3 llc-0b7 1 9 0 9 0
l1i_u9-3 llc-0b8 1 9 0 9 0
l1i_u9-3 llc-0b9 1 9 0 9 0
l1i_u9-3 llc-0b10 1 9 0 9 0
l1i_u9-3 llc-0b11 1 9 0 9 0
l1i_u9-3 llc-0b12 1 9 0 9 0
l1i_u9-3 llc-0b13 1 9 0 9 0
l1i_u9-3 llc-0b14 1 9 0 9 0
l1i_u9-3 llc-0b15 1 9 0 9 0
l1i_u9-4 llc-0b0 1 9 0 9 0
l1i_u9-4 llc-0b1 1 9 0 9 0
l1i_u9-4 llc-0b2 1 9 0 9 0
l1i_u9-4 llc-0b3 1 9 0 9 0
l1i_u9-4 llc-0b4 1 9 0 9 0
l1i_u9-4 llc-0b5 1 9 0 9 0
l1i_u9-4 llc-0b6 1 9 0 9 0
l1i_u9-4 llc-0b7 1 9 0 9 0
l1i_u9-4 llc-0b8 1 9 0 9 0
l1i_u9-4 llc-0b9 1 9 0 9 0
l1i_u9-4 llc-0b10 1 9 0 9 0
l1i_u9-4 llc-0b11 1 9 0 9 0
l1i_u9-4 llc-0b12 1 9 0 9 0
l1i_u9-4 llc-0b13 1 9 0 9 0
l1i_u9-4 llc-0b14 1 9 0 9 0
l1i_u9-4 llc-0b15 1 9 0 9 0
l1i_u9-5 llc-0b0 1 9 0 9 0
l1i_u9-5 llc-0b1 1 9 0 9 0
l1i_u9-5 llc-0b2 1 9 0 9 0
l1i_u9-5 llc-0b3 1 9 0 9 0
l1i_u9-5 llc-0b4 1 9 0 9 0
l1i_u9-5 llc-0b5 1 9 0 9 0
l1i_u9-5 llc-0b6 1 9 0 9 0
l1i_u9-5 llc-0b7 1 9 0 9 0
l1i_u9-5 llc-0b8 1 9 0 9 0
l1i_u9-5 llc-0b9 1 9 0 9 0
l1i_u9-5 llc-0b10 1 9 0 9 0
l1i_u9-5 llc-0b11 1 9 0 9 0
l1i_u9-5 llc-0b12 1 9 0 9 0
l1i_u9-5 llc-0b13 1 9 0 9 0
l1i_u9-5 llc-0b14 1 9 0 9 0
l1i_u9-5 llc-0b15 1 9 0 9 0
l1i_u9-6 llc-0b0 1 9 0 9 0
l1i_u9-6 llc-0b1 1 9 0 9 0
l1i_u9-6 llc-0b2 1 9 0 9 0
l1i_u9-6 llc-0b3 1 9 0 9 0
l1i_u9-6 llc-0b4 1 9 0 9 0
l1i_u9-6 llc-0b5 1 9 0 9 0
l1i_u9-6 llc-0b6 1 9 0 9 0
l1i_u9-6 llc-0b7 1 9 0 9 0
l1i_u9-6 llc-0b8 1 9 0 9 0
l1i_u9-6 llc-0b9 1 9 0 9 0
l1i_u9-6 llc-0b10 1 9 0 9 0
l1i_u9-6 llc-0b11 1 9 0 9 0
l1i_u9-6 llc-0b12 1 9 0 9 0
l1i_u9-6 llc-0b13 1 9 0 9 0
l1i_u9-6 llc-0b14 1 9 0 9 0
l1i_u9-6 llc-0b15 1 9 0 9 0
l1i_u9-7 llc-0b0 1 9 0 9 0
l1i_u9-7 llc-0b1 1 9 0 9 0
l1i_u9-7 llc-0b2 1 9 0 9 0
l1i_u9-7 llc-0b3 1 9 0 9 0
l1i_u9-7 llc-0b4 1 9 0 9 0
l1i_u9-7 llc-0b5 1 9 0 9 0
l1i_u9-7 llc-0b6 1 9 0 9 0
l1i_u9-7 llc-0b7 1 9 0 9 0
l1i_u9-7 llc-0b8 1 9 0 9 0
l1i_u9-7 llc-0b9 1 9 0 9 0
l1i_u9-7 llc-0b10 1 9 0 9 0
l1i_u9-7 llc-0b11 1 9 0 9 0
l1i_u9-7 llc-0b12 1 9 0 9 0
l1i_u9-7 llc-0b13 1 9 0 9 0
l1i_u9-7 llc-0b14 1 9 0 9 0
l1i_u9-7 llc-0b15 1 9 0 9 0
l1i_u9-8 llc-0b0 1 9 0 9 0
l1i_u9-8 llc-0b1 1 9 0 9 0
l1i_u9-8 llc-0b2 1 9 0 9 0
l1i_u9-8 llc-0b3 1 9 0 9 0
l1i_u9-8 llc-0b4 1 9 0 9 0
l1i_u9-8 llc-0b5 1 9 0 9 0
l1i_u9-8 llc-0b6 1 9 0 9 0
l1i_u9-8 llc-0b7 1 9 0 9 0
l1i_u9-8 llc-0b8 1 9 0 9 0
l1i_u9-8 llc-0b9 1 9 0 9 0
l1i_u9-8 llc-0b10 1 9 0 9 0
l1i_u9-8 llc-0b11 1 9 0 9 0
l1i_u9-8 llc-0b12 1 9 0 9 0
l1i_u9-8 llc-0b13 1 9 0 9 0
l1i_u9-8 llc-0b14 1 9 0 9 0
l1i_u9-8 llc-0b15 1 9 0 9 0
l1i_u9-9 llc-0b0 1 9 0 9 0
l1i_u9-9 llc-0b1 1 9 0 9 0
l1i_u9-9 llc-0b2 1 9 0 9 0
l1i_u9-9 llc-0b3 1 9 0 9 0
l1i_u9-9 llc-0b4 1 9 0 9 0
l1i_u9-9 llc-0b5 1 9 0 9 0
l1i_u9-9 llc-0b6 1 9 0 9 0
l1i_u9-9 llc-0b7 1 9 0 9 0
l1i_u9-9 llc-0b8 1 9 0 9 0
l1i_u9-9 llc-0b9 1 9 0 9 0
l1i_u9-9 llc-0b10 1 9 0 9 0
l1i_u9-9 llc-0b11 1 9 0 9 0
l1i_u9-9 llc-0b12 1 9 0 9 0
l1i_u9-9 llc-0b13 1 9 0 9 0
l1i_u9-9 llc-0b14 1 9 0 9 0
l1i_u9-9 llc-0b15 1 9 0 9 0
l1i_u9-10 llc-0b0 1 9 0 9 0
l1i_u9-10 llc-0b1 1 9 0 9 0
l1i_u9-10 llc-0b2 1 9 0 9 0
l1i_u9-10 llc-0b3 1 9 0 9 0
l1i_u9-10 llc-0b4 1 9 0 9 0
l1i_u9-10 llc-0b5 1 9 0 9 0
l1i_u9-10 llc-0b6 1 9 0 9 0
l1i_u9-10 llc-0b7 1 9 0 9 0
l1i_u9-10 llc-0b8 1 9 0 9 0
l1i_u9-10 llc-0b9 1 9 0 9 0
l1i_u9-10 llc-0b10 1 9 0 9 0
l1i_u9-10 llc-0b11 1 9 0 9 0
l1i_u9-10 llc-0b12 1 9 0 9 0
l1i_u9-10 llc-0b13 1 9 0 9 0
l1i_u9-10 llc-0b14 1 9 0 9 0
l1i_u9-10 llc-0b15 1 9 0 9 0
l1i_u9-11 llc-0b0 1 9 0 9 0
l1i_u9-11 llc-0b1 1 9 0 9 0
l1i_u9-11 llc-0b2 1 9 0 9 0
l1i_u9-11 llc-0b3 1 9 0 9 0
l1i_u9-11 llc-0b4 1 9 0 9 0
l1i_u9-11 llc-0b5 1 9 0 9 0
l1i_u9-11 llc-0b6 1 9 0 9 0
l1i_u9-11 llc-0b7 1 9 0 9 0
l1i_u9-11 llc-0b8 1 9 0 9 0
l1i_u9-11 llc-0b9 1 9 0 9 0
l1i_u9-11 llc-0b10 1 9 0 9 0
l1i_u9-11 llc-0b11 1 9 0 9 0
l1i_u9-11 llc-0b12 1 9 0 9 0
l1i_u9-11 llc-0b13 1 9 0 9 0
l1i_u9-11 llc-0b14 1 9 0 9 0
l1i_u9-11 llc-0b15 1 9 0 9 0
l1i_u9-12 llc-0b0 1 9 0 9 0
l1i_u9-12 llc-0b1 1 9 0 9 0
l1i_u9-12 llc-0b2 1 9 0 9 0
l1i_u9-12 llc-0b3 1 9 0 9 0
l1i_u9-12 llc-0b4 1 9 0 9 0
l1i_u9-12 llc-0b5 1 9 0 9 0
l1i_u9-12 llc-0b6 1 9 0 9 0
l1i_u9-12 llc-0b7 1 9 0 9 0
l1i_u9-12 llc-0b8 1 9 0 9 0
l1i_u9-12 llc-0b9 1 9 0 9 0
l1i_u9-12 llc-0b10 1 9 0 9 0
l1i_u9-12 llc-0b11 1 9 0 9 0
l1i_u9-12 llc-0b12 1 9 0 9 0
l1i_u9-12 llc-0b13 1 9 0 9 0
l1i_u9-12 llc-0b14 1 9 0 9 0
l1i_u9-12 llc-0b15 1 9 0 9 0
l1i_u9-13 llc-0b0 1 9 0 9 0
l1i_u9-13 llc-0b1 1 9 0 9 0
l1i_u9-13 llc-0b2 1 9 0 9 0
l1i_u9-13 llc-0b3 1 9 0 9 0
l1i_u9-13 llc-0b4 1 9 0 9 0
l1i_u9-13 llc-0b5 1 9 0 9 0
l1i_u9-13 llc-0b6 1 9 0 9 0
l1i_u9-13 llc-0b7 1 9 0 9 0
l1i_u9-13 llc-0b8 1 9 0 9 0
l1i_u9-13 llc-0b9 1 9 0 9 0
l1i_u9-13 llc-0b10 1 9 0 9 0
l1i_u9-13 llc-0b11 1 9 0 9 0
l1i_u9-13 llc-0b12 1 9 0 9 0
l1i_u9-13 llc-0b13 1 9 0 9 0
l1i_u9-13 llc-0b14 1 9 0 9 0
l1i_u9-13 llc-0b15 1 9 0 9 0
l1i_u9-14 llc-0b0 1 9 0 9 0
l1i_u9-14 llc-0b1 1 9 0 9 0
l1i_u9-14 llc-0b2 1 9 0 9 0
l1i_u9-14 llc-0b3 1 9 0 9 0
l1i_u9-14 llc-0b4 1 9 0 9 0
l1i_u9-14 llc-0b5 1 9 0 9 0
l1i_u9-14 llc-0b6 1 9 0 9 0
l1i_u9-14 llc-0b7 1 9 0 9 0
l1i_u9-14 llc-0b8 1 9 0 9 0
l1i_u9-14 llc-0b9 1 9 0 9 0
l1i_u9-14 llc-0b10 1 9 0 9 0
l1i_u9-14 llc-0b11 1 9 0 9 0
l1i_u9-14 llc-0b12 1 9 0 9 0
l1i_u9-14 llc-0b13 1 9 0 9 0
l1i_u9-14 llc-0b14 1 9 0 9 0
l1i_u9-14 llc-0b15 1 9 0 9 0
l1i_u9-15 llc-0b0 1 9 0 9 0
l1i_u9-15 llc-0b1 1 9 0 9 0
l1i_u9-15 llc-0b2 1 9 0 9 0
l1i_u9-15 llc-0b3 1 9 0 9 0
l1i_u9-15 llc-0b4 1 9 0 9 0
l1i_u9-15 llc-0b5 1 9 0 9 0
l1i_u9-15 llc-0b6 1 9 0 9 0
l1i_u9-15 llc-0b7 1 9 0 9 0
l1i_u9-15 llc-0b8 1 9 0 9 0
l1i_u9-15 llc-0b9 1 9 0 9 0
l1i_u9-15 llc-0b10 1 9 0 9 0
l1i_u9-15 llc-0b11 1 9 0 9 0
l1i_u9-15 llc-0b12 1 9 0 9 0
l1i_u9-15 llc-0b13 1 9 0 9 0
l1i_u9-15 llc-0b14 1 9 0 9 0
l1i_u9-15 llc-0b15 1 9 0 9 0
l1d_u9-0 llc-0b0 1 9 0 9 0
l1d_u9-0 llc-0b1 1 9 0 9 0
l1d_u9-0 llc-0b2 1 9 0 9 0
l1d_u9-0 llc-0b3 1 9 0 9 0
l1d_u9-0 llc-0b4 1 9 0 9 0
l1d_u9-0 llc-0b5 1 9 0 9 0
l1d_u9-0 llc-0b6 1 9 0 9 0
l1d_u9-0 llc-0b7 1 9 0 9 0
l1d_u9-0 llc-0b8 1 9 0 9 0
l1d_u9-0 llc-0b9 1 9 0 9 0
l1d_u9-0 llc-0b10 1 9 0 9 0
l1d_u9-0 llc-0b11 1 9 0 9 0
l1d_u9-0 llc-0b12 1 9 0 9 0
l1d_u9-0 llc-0b13 1 9 0 9 0
l1d_u9-0 llc-0b14 1 9 0 9 0
l1d_u9-0 llc-0b15 1 9 0 9 0
l1d_u9-1 llc-0b0 1 9 0 9 0
l1d_u9-1 llc-0b1 1 9 0 9 0
l1d_u9-1 llc-0b2 1 9 0 9 0
l1d_u9-1 llc-0b3 1 9 0 9 0
l1d_u9-1 llc-0b4 1 9 0 9 0
l1d_u9-1 llc-0b5 1 9 0 9 0
l1d_u9-1 llc-0b6 1 9 0 9 0
l1d_u9-1 llc-0b7 1 9 0 9 0
l1d_u9-1 llc-0b8 1 9 0 9 0
l1d_u9-1 llc-0b9 1 9 0 9 0
l1d_u9-1 llc-0b10 1 9 0 9 0
l1d_u9-1 llc-0b11 1 9 0 9 0
l1d_u9-1 llc-0b12 1 9 0 9 0
l1d_u9-1 llc-0b13 1 9 0 9 0
l1d_u9-1 llc-0b14 1 9 0 9 0
l1d_u9-1 llc-0b15 1 9 0 9 0
l1d_u9-2 llc-0b0 1 9 0 9 0
l1d_u9-2 llc-0b1 1 9 0 9 0
l1d_u9-2 llc-0b2 1 9 0 9 0
l1d_u9-2 llc-0b3 1 9 0 9 0
l1d_u9-2 llc-0b4 1 9 0 9 0
l1d_u9-2 llc-0b5 1 9 0 9 0
l1d_u9-2 llc-0b6 1 9 0 9 0
l1d_u9-2 llc-0b7 1 9 0 9 0
l1d_u9-2 llc-0b8 1 9 0 9 0
l1d_u9-2 llc-0b9 1 9 0 9 0
l1d_u9-2 llc-0b10 1 9 0 9 0
l1d_u9-2 llc-0b11 1 9 0 9 0
l1d_u9-2 llc-0b12 1 9 0 9 0
l1d_u9-2 llc-0b13 1 9 0 9 0
l1d_u9-2 llc-0b14 1 9 0 9 0
l1d_u9-2 llc-0b15 1 9 0 9 0
l1d_u9-3 llc-0b0 1 9 0 9 0
l1d_u9-3 llc-0b1 1 9 0 9 0
l1d_u9-3 llc-0b2 1 9 0 9 0
l1d_u9-3 llc-0b3 1 9 0 9 0
l1d_u9-3 llc-0b4 1 9 0 9 0
l1d_u9-3 llc-0b5 1 9 0 9 0
l1d_u9-3 llc-0b6 1 9 0 9 0
l1d_u9-3 llc-0b7 1 9 0 9 0
l1d_u9-3 llc-0b8 1 9 0 9 0
l1d_u9-3 llc-0b9 1 9 0 9 0
l1d_u9-3 llc-0b10 1 9 0 9 0
l1d_u9-3 llc-0b11 1 9 0 9 0
l1d_u9-3 llc-0b12 1 9 0 9 0
l1d_u9-3 llc-0b13 1 9 0 9 0
l1d_u9-3 llc-0b14 1 9 0 9 0
l1d_u9-3 llc-0b15 1 9 0 9 0
l1d_u9-4 llc-0b0 1 9 0 9 0
l1d_u9-4 llc-0b1 1 9 0 9 0
l1d_u9-4 llc-0b2 1 9 0 9 0
l1d_u9-4 llc-0b3 1 9 0 9 0
l1d_u9-4 llc-0b4 1 9 0 9 0
l1d_u9-4 llc-0b5 1 9 0 9 0
l1d_u9-4 llc-0b6 1 9 0 9 0
l1d_u9-4 llc-0b7 1 9 0 9 0
l1d_u9-4 llc-0b8 1 9 0 9 0
l1d_u9-4 llc-0b9 1 9 0 9 0
l1d_u9-4 llc-0b10 1 9 0 9 0
l1d_u9-4 llc-0b11 1 9 0 9 0
l1d_u9-4 llc-0b12 1 9 0 9 0
l1d_u9-4 llc-0b13 1 9 0 9 0
l1d_u9-4 llc-0b14 1 9 0 9 0
l1d_u9-4 llc-0b15 1 9 0 9 0
l1d_u9-5 llc-0b0 1 9 0 9 0
l1d_u9-5 llc-0b1 1 9 0 9 0
l1d_u9-5 llc-0b2 1 9 0 9 0
l1d_u9-5 llc-0b3 1 9 0 9 0
l1d_u9-5 llc-0b4 1 9 0 9 0
l1d_u9-5 llc-0b5 1 9 0 9 0
l1d_u9-5 llc-0b6 1 9 0 9 0
l1d_u9-5 llc-0b7 1 9 0 9 0
l1d_u9-5 llc-0b8 1 9 0 9 0
l1d_u9-5 llc-0b9 1 9 0 9 0
l1d_u9-5 llc-0b10 1 9 0 9 0
l1d_u9-5 llc-0b11 1 9 0 9 0
l1d_u9-5 llc-0b12 1 9 0 9 0
l1d_u9-5 llc-0b13 1 9 0 9 0
l1d_u9-5 llc-0b14 1 9 0 9 0
l1d_u9-5 llc-0b15 1 9 0 9 0
l1d_u9-6 llc-0b0 1 9 0 9 0
l1d_u9-6 llc-0b1 1 9 0 9 0
l1d_u9-6 llc-0b2 1 9 0 9 0
l1d_u9-6 llc-0b3 1 9 0 9 0
l1d_u9-6 llc-0b4 1 9 0 9 0
l1d_u9-6 llc-0b5 1 9 0 9 0
l1d_u9-6 llc-0b6 1 9 0 9 0
l1d_u9-6 llc-0b7 1 9 0 9 0
l1d_u9-6 llc-0b8 1 9 0 9 0
l1d_u9-6 llc-0b9 1 9 0 9 0
l1d_u9-6 llc-0b10 1 9 0 9 0
l1d_u9-6 llc-0b11 1 9 0 9 0
l1d_u9-6 llc-0b12 1 9 0 9 0
l1d_u9-6 llc-0b13 1 9 0 9 0
l1d_u9-6 llc-0b14 1 9 0 9 0
l1d_u9-6 llc-0b15 1 9 0 9 0
l1d_u9-7 llc-0b0 1 9 0 9 0
l1d_u9-7 llc-0b1 1 9 0 9 0
l1d_u9-7 llc-0b2 1 9 0 9 0
l1d_u9-7 llc-0b3 1 9 0 9 0
l1d_u9-7 llc-0b4 1 9 0 9 0
l1d_u9-7 llc-0b5 1 9 0 9 0
l1d_u9-7 llc-0b6 1 9 0 9 0
l1d_u9-7 llc-0b7 1 9 0 9 0
l1d_u9-7 llc-0b8 1 9 0 9 0
l1d_u9-7 llc-0b9 1 9 0 9 0
l1d_u9-7 llc-0b10 1 9 0 9 0
l1d_u9-7 llc-0b11 1 9 0 9 0
l1d_u9-7 llc-0b12 1 9 0 9 0
l1d_u9-7 llc-0b13 1 9 0 9 0
l1d_u9-7 llc-0b14 1 9 0 9 0
l1d_u9-7 llc-0b15 1 9 0 9 0
l1d_u9-8 llc-0b0 1 9 0 9 0
l1d_u9-8 llc-0b1 1 9 0 9 0
l1d_u9-8 llc-0b2 1 9 0 9 0
l1d_u9-8 llc-0b3 1 9 0 9 0
l1d_u9-8 llc-0b4 1 9 0 9 0
l1d_u9-8 llc-0b5 1 9 0 9 0
l1d_u9-8 llc-0b6 1 9 0 9 0
l1d_u9-8 llc-0b7 1 9 0 9 0
l1d_u9-8 llc-0b8 1 9 0 9 0
l1d_u9-8 llc-0b9 1 9 0 9 0
l1d_u9-8 llc-0b10 1 9 0 9 0
l1d_u9-8 llc-0b11 1 9 0 9 0
l1d_u9-8 llc-0b12 1 9 0 9 0
l1d_u9-8 llc-0b13 1 9 0 9 0
l1d_u9-8 llc-0b14 1 9 0 9 0
l1d_u9-8 llc-0b15 1 9 0 9 0
l1d_u9-9 llc-0b0 1 9 0 9 0
l1d_u9-9 llc-0b1 1 9 0 9 0
l1d_u9-9 llc-0b2 1 9 0 9 0
l1d_u9-9 llc-0b3 1 9 0 9 0
l1d_u9-9 llc-0b4 1 9 0 9 0
l1d_u9-9 llc-0b5 1 9 0 9 0
l1d_u9-9 llc-0b6 1 9 0 9 0
l1d_u9-9 llc-0b7 1 9 0 9 0
l1d_u9-9 llc-0b8 1 9 0 9 0
l1d_u9-9 llc-0b9 1 9 0 9 0
l1d_u9-9 llc-0b10 1 9 0 9 0
l1d_u9-9 llc-0b11 1 9 0 9 0
l1d_u9-9 llc-0b12 1 9 0 9 0
l1d_u9-9 llc-0b13 1 9 0 9 0
l1d_u9-9 llc-0b14 1 9 0 9 0
l1d_u9-9 llc-0b15 1 9 0 9 0
l1d_u9-10 llc-0b0 1 9 0 9 0
l1d_u9-10 llc-0b1 1 9 0 9 0
l1d_u9-10 llc-0b2 1 9 0 9 0
l1d_u9-10 llc-0b3 1 9 0 9 0
l1d_u9-10 llc-0b4 1 9 0 9 0
l1d_u9-10 llc-0b5 1 9 0 9 0
l1d_u9-10 llc-0b6 1 9 0 9 0
l1d_u9-10 llc-0b7 1 9 0 9 0
l1d_u9-10 llc-0b8 1 9 0 9 0
l1d_u9-10 llc-0b9 1 9 0 9 0
l1d_u9-10 llc-0b10 1 9 0 9 0
l1d_u9-10 llc-0b11 1 9 0 9 0
l1d_u9-10 llc-0b12 1 9 0 9 0
l1d_u9-10 llc-0b13 1 9 0 9 0
l1d_u9-10 llc-0b14 1 9 0 9 0
l1d_u9-10 llc-0b15 1 9 0 9 0
l1d_u9-11 llc-0b0 1 9 0 9 0
l1d_u9-11 llc-0b1 1 9 0 9 0
l1d_u9-11 llc-0b2 1 9 0 9 0
l1d_u9-11 llc-0b3 1 9 0 9 0
l1d_u9-11 llc-0b4 1 9 0 9 0
l1d_u9-11 llc-0b5 1 9 0 9 0
l1d_u9-11 llc-0b6 1 9 0 9 0
l1d_u9-11 llc-0b7 1 9 0 9 0
l1d_u9-11 llc-0b8 1 9 0 9 0
l1d_u9-11 llc-0b9 1 9 0 9 0
l1d_u9-11 llc-0b10 1 9 0 9 0
l1d_u9-11 llc-0b11 1 9 0 9 0
l1d_u9-11 llc-0b12 1 9 0 9 0
l1d_u9-11 llc-0b13 1 9 0 9 0
l1d_u9-11 llc-0b14 1 9 0 9 0
l1d_u9-11 llc-0b15 1 9 0 9 0
l1d_u9-12 llc-0b0 1 9 0 9 0
l1d_u9-12 llc-0b1 1 9 0 9 0
l1d_u9-12 llc-0b2 1 9 0 9 0
l1d_u9-12 llc-0b3 1 9 0 9 0
l1d_u9-12 llc-0b4 1 9 0 9 0
l1d_u9-12 llc-0b5 1 9 0 9 0
l1d_u9-12 llc-0b6 1 9 0 9 0
l1d_u9-12 llc-0b7 1 9 0 9 0
l1d_u9-12 llc-0b8 1 9 0 9 0
l1d_u9-12 llc-0b9 1 9 0 9 0
l1d_u9-12 llc-0b10 1 9 0 9 0
l1d_u9-12 llc-0b11 1 9 0 9 0
l1d_u9-12 llc-0b12 1 9 0 9 0
l1d_u9-12 llc-0b13 1 9 0 9 0
l1d_u9-12 llc-0b14 1 9 0 9 0
l1d_u9-12 llc-0b15 1 9 0 9 0
l1d_u9-13 llc-0b0 1 9 0 9 0
l1d_u9-13 llc-0b1 1 9 0 9 0
l1d_u9-13 llc-0b2 1 9 0 9 0
l1d_u9-13 llc-0b3 1 9 0 9 0
l1d_u9-13 llc-0b4 1 9 0 9 0
l1d_u9-13 llc-0b5 1 9 0 9 0
l1d_u9-13 llc-0b6 1 9 0 9 0
l1d_u9-13 llc-0b7 1 9 0 9 0
l1d_u9-13 llc-0b8 1 9 0 9 0
l1d_u9-13 llc-0b9 1 9 0 9 0
l1d_u9-13 llc-0b10 1 9 0 9 0
l1d_u9-13 llc-0b11 1 9 0 9 0
l1d_u9-13 llc-0b12 1 9 0 9 0
l1d_u9-13 llc-0b13 1 9 0 9 0
l1d_u9-13 llc-0b14 1 9 0 9 0
l1d_u9-13 llc-0b15 1 9 0 9 0
l1d_u9-14 llc-0b0 1 9 0 9 0
l1d_u9-14 llc-0b1 1 9 0 9 0
l1d_u9-14 llc-0b2 1 9 0 9 0
l1d_u9-14 llc-0b3 1 9 0 9 0
l1d_u9-14 llc-0b4 1 9 0 9 0
l1d_u9-14 llc-0b5 1 9 0 9 0
l1d_u9-14 llc-0b6 1 9 0 9 0
l1d_u9-14 llc-0b7 1 9 0 9 0
l1d_u9-14 llc-0b8 1 9 0 9 0
l1d_u9-14 llc-0b9 1 9 0 9 0
l1d_u9-14 llc-0b10 1 9 0 9 0
l1d_u9-14 llc-0b11 1 9 0 9 0
l1d_u9-14 llc-0b12 1 9 0 9 0
l1d_u9-14 llc-0b13 1 9 0 9 0
l1d_u9-14 llc-0b14 1 9 0 9 0
l1d_u9-14 llc-0b15 1 9 0 9 0
l1d_u9-15 llc-0b0 1 9 0 9 0
l1d_u9-15 llc-0b1 1 9 0 9 0
l1d_u9-15 llc-0b2 1 9 0 9 0
l1d_u9-15 llc-0b3 1 9 0 9 0
l1d_u9-15 llc-0b4 1 9 0 9 0
l1d_u9-15 llc-0b5 1 9 0 9 0
l1d_u9-15 llc-0b6 1 9 0 9 0
l1d_u9-15 llc-0b7 1 9 0 9 0
l1d_u9-15 llc-0b8 1 9 0 9 0
l1d_u9-15 llc-0b9 1 9 0 9 0
l1d_u9-15 llc-0b10 1 9 0 9 0
l1d_u9-15 llc-0b11 1 9 0 9 0
l1d_u9-15 llc-0b12 1 9 0 9 0
l1d_u9-15 llc-0b13 1 9 0 9 0
l1d_u9-15 llc-0b14 1 9 0 9 0
l1d_u9-15 llc-0b15 1 9 0 9 0
l1i_u10-0 llc-0b0 1 10 0 10 0
l1i_u10-0 llc-0b1 1 10 0 10 0
l1i_u10-0 llc-0b2 1 10 0 10 0
l1i_u10-0 llc-0b3 1 10 0 10 0
l1i_u10-0 llc-0b4 1 10 0 10 0
l1i_u10-0 llc-0b5 1 10 0 10 0
l1i_u10-0 llc-0b6 1 10 0 10 0
l1i_u10-0 llc-0b7 1 10 0 10 0
l1i_u10-0 llc-0b8 1 10 0 10 0
l1i_u10-0 llc-0b9 1 10 0 10 0
l1i_u10-0 llc-0b10 1 10 0 10 0
l1i_u10-0 llc-0b11 1 10 0 10 0
l1i_u10-0 llc-0b12 1 10 0 10 0
l1i_u10-0 llc-0b13 1 10 0 10 0
l1i_u10-0 llc-0b14 1 10 0 10 0
l1i_u10-0 llc-0b15 1 10 0 10 0
l1i_u10-1 llc-0b0 1 10 0 10 0
l1i_u10-1 llc-0b1 1 10 0 10 0
l1i_u10-1 llc-0b2 1 10 0 10 0
l1i_u10-1 llc-0b3 1 10 0 10 0
l1i_u10-1 llc-0b4 1 10 0 10 0
l1i_u10-1 llc-0b5 1 10 0 10 0
l1i_u10-1 llc-0b6 1 10 0 10 0
l1i_u10-1 llc-0b7 1 10 0 10 0
l1i_u10-1 llc-0b8 1 10 0 10 0
l1i_u10-1 llc-0b9 1 10 0 10 0
l1i_u10-1 llc-0b10 1 10 0 10 0
l1i_u10-1 llc-0b11 1 10 0 10 0
l1i_u10-1 llc-0b12 1 10 0 10 0
l1i_u10-1 llc-0b13 1 10 0 10 0
l1i_u10-1 llc-0b14 1 10 0 10 0
l1i_u10-1 llc-0b15 1 10 0 10 0
l1i_u10-2 llc-0b0 1 10 0 10 0
l1i_u10-2 llc-0b1 1 10 0 10 0
l1i_u10-2 llc-0b2 1 10 0 10 0
l1i_u10-2 llc-0b3 1 10 0 10 0
l1i_u10-2 llc-0b4 1 10 0 10 0
l1i_u10-2 llc-0b5 1 10 0 10 0
l1i_u10-2 llc-0b6 1 10 0 10 0
l1i_u10-2 llc-0b7 1 10 0 10 0
l1i_u10-2 llc-0b8 1 10 0 10 0
l1i_u10-2 llc-0b9 1 10 0 10 0
l1i_u10-2 llc-0b10 1 10 0 10 0
l1i_u10-2 llc-0b11 1 10 0 10 0
l1i_u10-2 llc-0b12 1 10 0 10 0
l1i_u10-2 llc-0b13 1 10 0 10 0
l1i_u10-2 llc-0b14 1 10 0 10 0
l1i_u10-2 llc-0b15 1 10 0 10 0
l1i_u10-3 llc-0b0 1 10 0 10 0
l1i_u10-3 llc-0b1 1 10 0 10 0
l1i_u10-3 llc-0b2 1 10 0 10 0
l1i_u10-3 llc-0b3 1 10 0 10 0
l1i_u10-3 llc-0b4 1 10 0 10 0
l1i_u10-3 llc-0b5 1 10 0 10 0
l1i_u10-3 llc-0b6 1 10 0 10 0
l1i_u10-3 llc-0b7 1 10 0 10 0
l1i_u10-3 llc-0b8 1 10 0 10 0
l1i_u10-3 llc-0b9 1 10 0 10 0
l1i_u10-3 llc-0b10 1 10 0 10 0
l1i_u10-3 llc-0b11 1 10 0 10 0
l1i_u10-3 llc-0b12 1 10 0 10 0
l1i_u10-3 llc-0b13 1 10 0 10 0
l1i_u10-3 llc-0b14 1 10 0 10 0
l1i_u10-3 llc-0b15 1 10 0 10 0
l1i_u10-4 llc-0b0 1 10 0 10 0
l1i_u10-4 llc-0b1 1 10 0 10 0
l1i_u10-4 llc-0b2 1 10 0 10 0
l1i_u10-4 llc-0b3 1 10 0 10 0
l1i_u10-4 llc-0b4 1 10 0 10 0
l1i_u10-4 llc-0b5 1 10 0 10 0
l1i_u10-4 llc-0b6 1 10 0 10 0
l1i_u10-4 llc-0b7 1 10 0 10 0
l1i_u10-4 llc-0b8 1 10 0 10 0
l1i_u10-4 llc-0b9 1 10 0 10 0
l1i_u10-4 llc-0b10 1 10 0 10 0
l1i_u10-4 llc-0b11 1 10 0 10 0
l1i_u10-4 llc-0b12 1 10 0 10 0
l1i_u10-4 llc-0b13 1 10 0 10 0
l1i_u10-4 llc-0b14 1 10 0 10 0
l1i_u10-4 llc-0b15 1 10 0 10 0
l1i_u10-5 llc-0b0 1 10 0 10 0
l1i_u10-5 llc-0b1 1 10 0 10 0
l1i_u10-5 llc-0b2 1 10 0 10 0
l1i_u10-5 llc-0b3 1 10 0 10 0
l1i_u10-5 llc-0b4 1 10 0 10 0
l1i_u10-5 llc-0b5 1 10 0 10 0
l1i_u10-5 llc-0b6 1 10 0 10 0
l1i_u10-5 llc-0b7 1 10 0 10 0
l1i_u10-5 llc-0b8 1 10 0 10 0
l1i_u10-5 llc-0b9 1 10 0 10 0
l1i_u10-5 llc-0b10 1 10 0 10 0
l1i_u10-5 llc-0b11 1 10 0 10 0
l1i_u10-5 llc-0b12 1 10 0 10 0
l1i_u10-5 llc-0b13 1 10 0 10 0
l1i_u10-5 llc-0b14 1 10 0 10 0
l1i_u10-5 llc-0b15 1 10 0 10 0
l1i_u10-6 llc-0b0 1 10 0 10 0
l1i_u10-6 llc-0b1 1 10 0 10 0
l1i_u10-6 llc-0b2 1 10 0 10 0
l1i_u10-6 llc-0b3 1 10 0 10 0
l1i_u10-6 llc-0b4 1 10 0 10 0
l1i_u10-6 llc-0b5 1 10 0 10 0
l1i_u10-6 llc-0b6 1 10 0 10 0
l1i_u10-6 llc-0b7 1 10 0 10 0
l1i_u10-6 llc-0b8 1 10 0 10 0
l1i_u10-6 llc-0b9 1 10 0 10 0
l1i_u10-6 llc-0b10 1 10 0 10 0
l1i_u10-6 llc-0b11 1 10 0 10 0
l1i_u10-6 llc-0b12 1 10 0 10 0
l1i_u10-6 llc-0b13 1 10 0 10 0
l1i_u10-6 llc-0b14 1 10 0 10 0
l1i_u10-6 llc-0b15 1 10 0 10 0
l1i_u10-7 llc-0b0 1 10 0 10 0
l1i_u10-7 llc-0b1 1 10 0 10 0
l1i_u10-7 llc-0b2 1 10 0 10 0
l1i_u10-7 llc-0b3 1 10 0 10 0
l1i_u10-7 llc-0b4 1 10 0 10 0
l1i_u10-7 llc-0b5 1 10 0 10 0
l1i_u10-7 llc-0b6 1 10 0 10 0
l1i_u10-7 llc-0b7 1 10 0 10 0
l1i_u10-7 llc-0b8 1 10 0 10 0
l1i_u10-7 llc-0b9 1 10 0 10 0
l1i_u10-7 llc-0b10 1 10 0 10 0
l1i_u10-7 llc-0b11 1 10 0 10 0
l1i_u10-7 llc-0b12 1 10 0 10 0
l1i_u10-7 llc-0b13 1 10 0 10 0
l1i_u10-7 llc-0b14 1 10 0 10 0
l1i_u10-7 llc-0b15 1 10 0 10 0
l1i_u10-8 llc-0b0 1 10 0 10 0
l1i_u10-8 llc-0b1 1 10 0 10 0
l1i_u10-8 llc-0b2 1 10 0 10 0
l1i_u10-8 llc-0b3 1 10 0 10 0
l1i_u10-8 llc-0b4 1 10 0 10 0
l1i_u10-8 llc-0b5 1 10 0 10 0
l1i_u10-8 llc-0b6 1 10 0 10 0
l1i_u10-8 llc-0b7 1 10 0 10 0
l1i_u10-8 llc-0b8 1 10 0 10 0
l1i_u10-8 llc-0b9 1 10 0 10 0
l1i_u10-8 llc-0b10 1 10 0 10 0
l1i_u10-8 llc-0b11 1 10 0 10 0
l1i_u10-8 llc-0b12 1 10 0 10 0
l1i_u10-8 llc-0b13 1 10 0 10 0
l1i_u10-8 llc-0b14 1 10 0 10 0
l1i_u10-8 llc-0b15 1 10 0 10 0
l1i_u10-9 llc-0b0 1 10 0 10 0
l1i_u10-9 llc-0b1 1 10 0 10 0
l1i_u10-9 llc-0b2 1 10 0 10 0
l1i_u10-9 llc-0b3 1 10 0 10 0
l1i_u10-9 llc-0b4 1 10 0 10 0
l1i_u10-9 llc-0b5 1 10 0 10 0
l1i_u10-9 llc-0b6 1 10 0 10 0
l1i_u10-9 llc-0b7 1 10 0 10 0
l1i_u10-9 llc-0b8 1 10 0 10 0
l1i_u10-9 llc-0b9 1 10 0 10 0
l1i_u10-9 llc-0b10 1 10 0 10 0
l1i_u10-9 llc-0b11 1 10 0 10 0
l1i_u10-9 llc-0b12 1 10 0 10 0
l1i_u10-9 llc-0b13 1 10 0 10 0
l1i_u10-9 llc-0b14 1 10 0 10 0
l1i_u10-9 llc-0b15 1 10 0 10 0
l1i_u10-10 llc-0b0 1 10 0 10 0
l1i_u10-10 llc-0b1 1 10 0 10 0
l1i_u10-10 llc-0b2 1 10 0 10 0
l1i_u10-10 llc-0b3 1 10 0 10 0
l1i_u10-10 llc-0b4 1 10 0 10 0
l1i_u10-10 llc-0b5 1 10 0 10 0
l1i_u10-10 llc-0b6 1 10 0 10 0
l1i_u10-10 llc-0b7 1 10 0 10 0
l1i_u10-10 llc-0b8 1 10 0 10 0
l1i_u10-10 llc-0b9 1 10 0 10 0
l1i_u10-10 llc-0b10 1 10 0 10 0
l1i_u10-10 llc-0b11 1 10 0 10 0
l1i_u10-10 llc-0b12 1 10 0 10 0
l1i_u10-10 llc-0b13 1 10 0 10 0
l1i_u10-10 llc-0b14 1 10 0 10 0
l1i_u10-10 llc-0b15 1 10 0 10 0
l1i_u10-11 llc-0b0 1 10 0 10 0
l1i_u10-11 llc-0b1 1 10 0 10 0
l1i_u10-11 llc-0b2 1 10 0 10 0
l1i_u10-11 llc-0b3 1 10 0 10 0
l1i_u10-11 llc-0b4 1 10 0 10 0
l1i_u10-11 llc-0b5 1 10 0 10 0
l1i_u10-11 llc-0b6 1 10 0 10 0
l1i_u10-11 llc-0b7 1 10 0 10 0
l1i_u10-11 llc-0b8 1 10 0 10 0
l1i_u10-11 llc-0b9 1 10 0 10 0
l1i_u10-11 llc-0b10 1 10 0 10 0
l1i_u10-11 llc-0b11 1 10 0 10 0
l1i_u10-11 llc-0b12 1 10 0 10 0
l1i_u10-11 llc-0b13 1 10 0 10 0
l1i_u10-11 llc-0b14 1 10 0 10 0
l1i_u10-11 llc-0b15 1 10 0 10 0
l1i_u10-12 llc-0b0 1 10 0 10 0
l1i_u10-12 llc-0b1 1 10 0 10 0
l1i_u10-12 llc-0b2 1 10 0 10 0
l1i_u10-12 llc-0b3 1 10 0 10 0
l1i_u10-12 llc-0b4 1 10 0 10 0
l1i_u10-12 llc-0b5 1 10 0 10 0
l1i_u10-12 llc-0b6 1 10 0 10 0
l1i_u10-12 llc-0b7 1 10 0 10 0
l1i_u10-12 llc-0b8 1 10 0 10 0
l1i_u10-12 llc-0b9 1 10 0 10 0
l1i_u10-12 llc-0b10 1 10 0 10 0
l1i_u10-12 llc-0b11 1 10 0 10 0
l1i_u10-12 llc-0b12 1 10 0 10 0
l1i_u10-12 llc-0b13 1 10 0 10 0
l1i_u10-12 llc-0b14 1 10 0 10 0
l1i_u10-12 llc-0b15 1 10 0 10 0
l1i_u10-13 llc-0b0 1 10 0 10 0
l1i_u10-13 llc-0b1 1 10 0 10 0
l1i_u10-13 llc-0b2 1 10 0 10 0
l1i_u10-13 llc-0b3 1 10 0 10 0
l1i_u10-13 llc-0b4 1 10 0 10 0
l1i_u10-13 llc-0b5 1 10 0 10 0
l1i_u10-13 llc-0b6 1 10 0 10 0
l1i_u10-13 llc-0b7 1 10 0 10 0
l1i_u10-13 llc-0b8 1 10 0 10 0
l1i_u10-13 llc-0b9 1 10 0 10 0
l1i_u10-13 llc-0b10 1 10 0 10 0
l1i_u10-13 llc-0b11 1 10 0 10 0
l1i_u10-13 llc-0b12 1 10 0 10 0
l1i_u10-13 llc-0b13 1 10 0 10 0
l1i_u10-13 llc-0b14 1 10 0 10 0
l1i_u10-13 llc-0b15 1 10 0 10 0
l1i_u10-14 llc-0b0 1 10 0 10 0
l1i_u10-14 llc-0b1 1 10 0 10 0
l1i_u10-14 llc-0b2 1 10 0 10 0
l1i_u10-14 llc-0b3 1 10 0 10 0
l1i_u10-14 llc-0b4 1 10 0 10 0
l1i_u10-14 llc-0b5 1 10 0 10 0
l1i_u10-14 llc-0b6 1 10 0 10 0
l1i_u10-14 llc-0b7 1 10 0 10 0
l1i_u10-14 llc-0b8 1 10 0 10 0
l1i_u10-14 llc-0b9 1 10 0 10 0
l1i_u10-14 llc-0b10 1 10 0 10 0
l1i_u10-14 llc-0b11 1 10 0 10 0
l1i_u10-14 llc-0b12 1 10 0 10 0
l1i_u10-14 llc-0b13 1 10 0 10 0
l1i_u10-14 llc-0b14 1 10 0 10 0
l1i_u10-14 llc-0b15 1 10 0 10 0
l1i_u10-15 llc-0b0 1 10 0 10 0
l1i_u10-15 llc-0b1 1 10 0 10 0
l1i_u10-15 llc-0b2 1 10 0 10 0
l1i_u10-15 llc-0b3 1 10 0 10 0
l1i_u10-15 llc-0b4 1 10 0 10 0
l1i_u10-15 llc-0b5 1 10 0 10 0
l1i_u10-15 llc-0b6 1 10 0 10 0
l1i_u10-15 llc-0b7 1 10 0 10 0
l1i_u10-15 llc-0b8 1 10 0 10 0
l1i_u10-15 llc-0b9 1 10 0 10 0
l1i_u10-15 llc-0b10 1 10 0 10 0
l1i_u10-15 llc-0b11 1 10 0 10 0
l1i_u10-15 llc-0b12 1 10 0 10 0
l1i_u10-15 llc-0b13 1 10 0 10 0
l1i_u10-15 llc-0b14 1 10 0 10 0
l1i_u10-15 llc-0b15 1 10 0 10 0
l1d_u10-0 llc-0b0 1 10 0 10 0
l1d_u10-0 llc-0b1 1 10 0 10 0
l1d_u10-0 llc-0b2 1 10 0 10 0
l1d_u10-0 llc-0b3 1 10 0 10 0
l1d_u10-0 llc-0b4 1 10 0 10 0
l1d_u10-0 llc-0b5 1 10 0 10 0
l1d_u10-0 llc-0b6 1 10 0 10 0
l1d_u10-0 llc-0b7 1 10 0 10 0
l1d_u10-0 llc-0b8 1 10 0 10 0
l1d_u10-0 llc-0b9 1 10 0 10 0
l1d_u10-0 llc-0b10 1 10 0 10 0
l1d_u10-0 llc-0b11 1 10 0 10 0
l1d_u10-0 llc-0b12 1 10 0 10 0
l1d_u10-0 llc-0b13 1 10 0 10 0
l1d_u10-0 llc-0b14 1 10 0 10 0
l1d_u10-0 llc-0b15 1 10 0 10 0
l1d_u10-1 llc-0b0 1 10 0 10 0
l1d_u10-1 llc-0b1 1 10 0 10 0
l1d_u10-1 llc-0b2 1 10 0 10 0
l1d_u10-1 llc-0b3 1 10 0 10 0
l1d_u10-1 llc-0b4 1 10 0 10 0
l1d_u10-1 llc-0b5 1 10 0 10 0
l1d_u10-1 llc-0b6 1 10 0 10 0
l1d_u10-1 llc-0b7 1 10 0 10 0
l1d_u10-1 llc-0b8 1 10 0 10 0
l1d_u10-1 llc-0b9 1 10 0 10 0
l1d_u10-1 llc-0b10 1 10 0 10 0
l1d_u10-1 llc-0b11 1 10 0 10 0
l1d_u10-1 llc-0b12 1 10 0 10 0
l1d_u10-1 llc-0b13 1 10 0 10 0
l1d_u10-1 llc-0b14 1 10 0 10 0
l1d_u10-1 llc-0b15 1 10 0 10 0
l1d_u10-2 llc-0b0 1 10 0 10 0
l1d_u10-2 llc-0b1 1 10 0 10 0
l1d_u10-2 llc-0b2 1 10 0 10 0
l1d_u10-2 llc-0b3 1 10 0 10 0
l1d_u10-2 llc-0b4 1 10 0 10 0
l1d_u10-2 llc-0b5 1 10 0 10 0
l1d_u10-2 llc-0b6 1 10 0 10 0
l1d_u10-2 llc-0b7 1 10 0 10 0
l1d_u10-2 llc-0b8 1 10 0 10 0
l1d_u10-2 llc-0b9 1 10 0 10 0
l1d_u10-2 llc-0b10 1 10 0 10 0
l1d_u10-2 llc-0b11 1 10 0 10 0
l1d_u10-2 llc-0b12 1 10 0 10 0
l1d_u10-2 llc-0b13 1 10 0 10 0
l1d_u10-2 llc-0b14 1 10 0 10 0
l1d_u10-2 llc-0b15 1 10 0 10 0
l1d_u10-3 llc-0b0 1 10 0 10 0
l1d_u10-3 llc-0b1 1 10 0 10 0
l1d_u10-3 llc-0b2 1 10 0 10 0
l1d_u10-3 llc-0b3 1 10 0 10 0
l1d_u10-3 llc-0b4 1 10 0 10 0
l1d_u10-3 llc-0b5 1 10 0 10 0
l1d_u10-3 llc-0b6 1 10 0 10 0
l1d_u10-3 llc-0b7 1 10 0 10 0
l1d_u10-3 llc-0b8 1 10 0 10 0
l1d_u10-3 llc-0b9 1 10 0 10 0
l1d_u10-3 llc-0b10 1 10 0 10 0
l1d_u10-3 llc-0b11 1 10 0 10 0
l1d_u10-3 llc-0b12 1 10 0 10 0
l1d_u10-3 llc-0b13 1 10 0 10 0
l1d_u10-3 llc-0b14 1 10 0 10 0
l1d_u10-3 llc-0b15 1 10 0 10 0
l1d_u10-4 llc-0b0 1 10 0 10 0
l1d_u10-4 llc-0b1 1 10 0 10 0
l1d_u10-4 llc-0b2 1 10 0 10 0
l1d_u10-4 llc-0b3 1 10 0 10 0
l1d_u10-4 llc-0b4 1 10 0 10 0
l1d_u10-4 llc-0b5 1 10 0 10 0
l1d_u10-4 llc-0b6 1 10 0 10 0
l1d_u10-4 llc-0b7 1 10 0 10 0
l1d_u10-4 llc-0b8 1 10 0 10 0
l1d_u10-4 llc-0b9 1 10 0 10 0
l1d_u10-4 llc-0b10 1 10 0 10 0
l1d_u10-4 llc-0b11 1 10 0 10 0
l1d_u10-4 llc-0b12 1 10 0 10 0
l1d_u10-4 llc-0b13 1 10 0 10 0
l1d_u10-4 llc-0b14 1 10 0 10 0
l1d_u10-4 llc-0b15 1 10 0 10 0
l1d_u10-5 llc-0b0 1 10 0 10 0
l1d_u10-5 llc-0b1 1 10 0 10 0
l1d_u10-5 llc-0b2 1 10 0 10 0
l1d_u10-5 llc-0b3 1 10 0 10 0
l1d_u10-5 llc-0b4 1 10 0 10 0
l1d_u10-5 llc-0b5 1 10 0 10 0
l1d_u10-5 llc-0b6 1 10 0 10 0
l1d_u10-5 llc-0b7 1 10 0 10 0
l1d_u10-5 llc-0b8 1 10 0 10 0
l1d_u10-5 llc-0b9 1 10 0 10 0
l1d_u10-5 llc-0b10 1 10 0 10 0
l1d_u10-5 llc-0b11 1 10 0 10 0
l1d_u10-5 llc-0b12 1 10 0 10 0
l1d_u10-5 llc-0b13 1 10 0 10 0
l1d_u10-5 llc-0b14 1 10 0 10 0
l1d_u10-5 llc-0b15 1 10 0 10 0
l1d_u10-6 llc-0b0 1 10 0 10 0
l1d_u10-6 llc-0b1 1 10 0 10 0
l1d_u10-6 llc-0b2 1 10 0 10 0
l1d_u10-6 llc-0b3 1 10 0 10 0
l1d_u10-6 llc-0b4 1 10 0 10 0
l1d_u10-6 llc-0b5 1 10 0 10 0
l1d_u10-6 llc-0b6 1 10 0 10 0
l1d_u10-6 llc-0b7 1 10 0 10 0
l1d_u10-6 llc-0b8 1 10 0 10 0
l1d_u10-6 llc-0b9 1 10 0 10 0
l1d_u10-6 llc-0b10 1 10 0 10 0
l1d_u10-6 llc-0b11 1 10 0 10 0
l1d_u10-6 llc-0b12 1 10 0 10 0
l1d_u10-6 llc-0b13 1 10 0 10 0
l1d_u10-6 llc-0b14 1 10 0 10 0
l1d_u10-6 llc-0b15 1 10 0 10 0
l1d_u10-7 llc-0b0 1 10 0 10 0
l1d_u10-7 llc-0b1 1 10 0 10 0
l1d_u10-7 llc-0b2 1 10 0 10 0
l1d_u10-7 llc-0b3 1 10 0 10 0
l1d_u10-7 llc-0b4 1 10 0 10 0
l1d_u10-7 llc-0b5 1 10 0 10 0
l1d_u10-7 llc-0b6 1 10 0 10 0
l1d_u10-7 llc-0b7 1 10 0 10 0
l1d_u10-7 llc-0b8 1 10 0 10 0
l1d_u10-7 llc-0b9 1 10 0 10 0
l1d_u10-7 llc-0b10 1 10 0 10 0
l1d_u10-7 llc-0b11 1 10 0 10 0
l1d_u10-7 llc-0b12 1 10 0 10 0
l1d_u10-7 llc-0b13 1 10 0 10 0
l1d_u10-7 llc-0b14 1 10 0 10 0
l1d_u10-7 llc-0b15 1 10 0 10 0
l1d_u10-8 llc-0b0 1 10 0 10 0
l1d_u10-8 llc-0b1 1 10 0 10 0
l1d_u10-8 llc-0b2 1 10 0 10 0
l1d_u10-8 llc-0b3 1 10 0 10 0
l1d_u10-8 llc-0b4 1 10 0 10 0
l1d_u10-8 llc-0b5 1 10 0 10 0
l1d_u10-8 llc-0b6 1 10 0 10 0
l1d_u10-8 llc-0b7 1 10 0 10 0
l1d_u10-8 llc-0b8 1 10 0 10 0
l1d_u10-8 llc-0b9 1 10 0 10 0
l1d_u10-8 llc-0b10 1 10 0 10 0
l1d_u10-8 llc-0b11 1 10 0 10 0
l1d_u10-8 llc-0b12 1 10 0 10 0
l1d_u10-8 llc-0b13 1 10 0 10 0
l1d_u10-8 llc-0b14 1 10 0 10 0
l1d_u10-8 llc-0b15 1 10 0 10 0
l1d_u10-9 llc-0b0 1 10 0 10 0
l1d_u10-9 llc-0b1 1 10 0 10 0
l1d_u10-9 llc-0b2 1 10 0 10 0
l1d_u10-9 llc-0b3 1 10 0 10 0
l1d_u10-9 llc-0b4 1 10 0 10 0
l1d_u10-9 llc-0b5 1 10 0 10 0
l1d_u10-9 llc-0b6 1 10 0 10 0
l1d_u10-9 llc-0b7 1 10 0 10 0
l1d_u10-9 llc-0b8 1 10 0 10 0
l1d_u10-9 llc-0b9 1 10 0 10 0
l1d_u10-9 llc-0b10 1 10 0 10 0
l1d_u10-9 llc-0b11 1 10 0 10 0
l1d_u10-9 llc-0b12 1 10 0 10 0
l1d_u10-9 llc-0b13 1 10 0 10 0
l1d_u10-9 llc-0b14 1 10 0 10 0
l1d_u10-9 llc-0b15 1 10 0 10 0
l1d_u10-10 llc-0b0 1 10 0 10 0
l1d_u10-10 llc-0b1 1 10 0 10 0
l1d_u10-10 llc-0b2 1 10 0 10 0
l1d_u10-10 llc-0b3 1 10 0 10 0
l1d_u10-10 llc-0b4 1 10 0 10 0
l1d_u10-10 llc-0b5 1 10 0 10 0
l1d_u10-10 llc-0b6 1 10 0 10 0
l1d_u10-10 llc-0b7 1 10 0 10 0
l1d_u10-10 llc-0b8 1 10 0 10 0
l1d_u10-10 llc-0b9 1 10 0 10 0
l1d_u10-10 llc-0b10 1 10 0 10 0
l1d_u10-10 llc-0b11 1 10 0 10 0
l1d_u10-10 llc-0b12 1 10 0 10 0
l1d_u10-10 llc-0b13 1 10 0 10 0
l1d_u10-10 llc-0b14 1 10 0 10 0
l1d_u10-10 llc-0b15 1 10 0 10 0
l1d_u10-11 llc-0b0 1 10 0 10 0
l1d_u10-11 llc-0b1 1 10 0 10 0
l1d_u10-11 llc-0b2 1 10 0 10 0
l1d_u10-11 llc-0b3 1 10 0 10 0
l1d_u10-11 llc-0b4 1 10 0 10 0
l1d_u10-11 llc-0b5 1 10 0 10 0
l1d_u10-11 llc-0b6 1 10 0 10 0
l1d_u10-11 llc-0b7 1 10 0 10 0
l1d_u10-11 llc-0b8 1 10 0 10 0
l1d_u10-11 llc-0b9 1 10 0 10 0
l1d_u10-11 llc-0b10 1 10 0 10 0
l1d_u10-11 llc-0b11 1 10 0 10 0
l1d_u10-11 llc-0b12 1 10 0 10 0
l1d_u10-11 llc-0b13 1 10 0 10 0
l1d_u10-11 llc-0b14 1 10 0 10 0
l1d_u10-11 llc-0b15 1 10 0 10 0
l1d_u10-12 llc-0b0 1 10 0 10 0
l1d_u10-12 llc-0b1 1 10 0 10 0
l1d_u10-12 llc-0b2 1 10 0 10 0
l1d_u10-12 llc-0b3 1 10 0 10 0
l1d_u10-12 llc-0b4 1 10 0 10 0
l1d_u10-12 llc-0b5 1 10 0 10 0
l1d_u10-12 llc-0b6 1 10 0 10 0
l1d_u10-12 llc-0b7 1 10 0 10 0
l1d_u10-12 llc-0b8 1 10 0 10 0
l1d_u10-12 llc-0b9 1 10 0 10 0
l1d_u10-12 llc-0b10 1 10 0 10 0
l1d_u10-12 llc-0b11 1 10 0 10 0
l1d_u10-12 llc-0b12 1 10 0 10 0
l1d_u10-12 llc-0b13 1 10 0 10 0
l1d_u10-12 llc-0b14 1 10 0 10 0
l1d_u10-12 llc-0b15 1 10 0 10 0
l1d_u10-13 llc-0b0 1 10 0 10 0
l1d_u10-13 llc-0b1 1 10 0 10 0
l1d_u10-13 llc-0b2 1 10 0 10 0
l1d_u10-13 llc-0b3 1 10 0 10 0
l1d_u10-13 llc-0b4 1 10 0 10 0
l1d_u10-13 llc-0b5 1 10 0 10 0
l1d_u10-13 llc-0b6 1 10 0 10 0
l1d_u10-13 llc-0b7 1 10 0 10 0
l1d_u10-13 llc-0b8 1 10 0 10 0
l1d_u10-13 llc-0b9 1 10 0 10 0
l1d_u10-13 llc-0b10 1 10 0 10 0
l1d_u10-13 llc-0b11 1 10 0 10 0
l1d_u10-13 llc-0b12 1 10 0 10 0
l1d_u10-13 llc-0b13 1 10 0 10 0
l1d_u10-13 llc-0b14 1 10 0 10 0
l1d_u10-13 llc-0b15 1 10 0 10 0
l1d_u10-14 llc-0b0 1 10 0 10 0
l1d_u10-14 llc-0b1 1 10 0 10 0
l1d_u10-14 llc-0b2 1 10 0 10 0
l1d_u10-14 llc-0b3 1 10 0 10 0
l1d_u10-14 llc-0b4 1 10 0 10 0
l1d_u10-14 llc-0b5 1 10 0 10 0
l1d_u10-14 llc-0b6 1 10 0 10 0
l1d_u10-14 llc-0b7 1 10 0 10 0
l1d_u10-14 llc-0b8 1 10 0 10 0
l1d_u10-14 llc-0b9 1 10 0 10 0
l1d_u10-14 llc-0b10 1 10 0 10 0
l1d_u10-14 llc-0b11 1 10 0 10 0
l1d_u10-14 llc-0b12 1 10 0 10 0
l1d_u10-14 llc-0b13 1 10 0 10 0
l1d_u10-14 llc-0b14 1 10 0 10 0
l1d_u10-14 llc-0b15 1 10 0 10 0
l1d_u10-15 llc-0b0 1 10 0 10 0
l1d_u10-15 llc-0b1 1 10 0 10 0
l1d_u10-15 llc-0b2 1 10 0 10 0
l1d_u10-15 llc-0b3 1 10 0 10 0
l1d_u10-15 llc-0b4 1 10 0 10 0
l1d_u10-15 llc-0b5 1 10 0 10 0
l1d_u10-15 llc-0b6 1 10 0 10 0
l1d_u10-15 llc-0b7 1 10 0 10 0
l1d_u10-15 llc-0b8 1 10 0 10 0
l1d_u10-15 llc-0b9 1 10 0 10 0
l1d_u10-15 llc-0b10 1 10 0 10 0
l1d_u10-15 llc-0b11 1 10 0 10 0
l1d_u10-15 llc-0b12 1 10 0 10 0
l1d_u10-15 llc-0b13 1 10 0 10 0
l1d_u10-15 llc-0b14 1 10 0 10 0
l1d_u10-15 llc-0b15 1 10 0 10 0
l1i_u11-0 llc-0b0 1 11 0 11 0
l1i_u11-0 llc-0b1 1 11 0 11 0
l1i_u11-0 llc-0b2 1 11 0 11 0
l1i_u11-0 llc-0b3 1 11 0 11 0
l1i_u11-0 llc-0b4 1 11 0 11 0
l1i_u11-0 llc-0b5 1 11 0 11 0
l1i_u11-0 llc-0b6 1 11 0 11 0
l1i_u11-0 llc-0b7 1 11 0 11 0
l1i_u11-0 llc-0b8 1 11 0 11 0
l1i_u11-0 llc-0b9 1 11 0 11 0
l1i_u11-0 llc-0b10 1 11 0 11 0
l1i_u11-0 llc-0b11 1 11 0 11 0
l1i_u11-0 llc-0b12 1 11 0 11 0
l1i_u11-0 llc-0b13 1 11 0 11 0
l1i_u11-0 llc-0b14 1 11 0 11 0
l1i_u11-0 llc-0b15 1 11 0 11 0
l1i_u11-1 llc-0b0 1 11 0 11 0
l1i_u11-1 llc-0b1 1 11 0 11 0
l1i_u11-1 llc-0b2 1 11 0 11 0
l1i_u11-1 llc-0b3 1 11 0 11 0
l1i_u11-1 llc-0b4 1 11 0 11 0
l1i_u11-1 llc-0b5 1 11 0 11 0
l1i_u11-1 llc-0b6 1 11 0 11 0
l1i_u11-1 llc-0b7 1 11 0 11 0
l1i_u11-1 llc-0b8 1 11 0 11 0
l1i_u11-1 llc-0b9 1 11 0 11 0
l1i_u11-1 llc-0b10 1 11 0 11 0
l1i_u11-1 llc-0b11 1 11 0 11 0
l1i_u11-1 llc-0b12 1 11 0 11 0
l1i_u11-1 llc-0b13 1 11 0 11 0
l1i_u11-1 llc-0b14 1 11 0 11 0
l1i_u11-1 llc-0b15 1 11 0 11 0
l1i_u11-2 llc-0b0 1 11 0 11 0
l1i_u11-2 llc-0b1 1 11 0 11 0
l1i_u11-2 llc-0b2 1 11 0 11 0
l1i_u11-2 llc-0b3 1 11 0 11 0
l1i_u11-2 llc-0b4 1 11 0 11 0
l1i_u11-2 llc-0b5 1 11 0 11 0
l1i_u11-2 llc-0b6 1 11 0 11 0
l1i_u11-2 llc-0b7 1 11 0 11 0
l1i_u11-2 llc-0b8 1 11 0 11 0
l1i_u11-2 llc-0b9 1 11 0 11 0
l1i_u11-2 llc-0b10 1 11 0 11 0
l1i_u11-2 llc-0b11 1 11 0 11 0
l1i_u11-2 llc-0b12 1 11 0 11 0
l1i_u11-2 llc-0b13 1 11 0 11 0
l1i_u11-2 llc-0b14 1 11 0 11 0
l1i_u11-2 llc-0b15 1 11 0 11 0
l1i_u11-3 llc-0b0 1 11 0 11 0
l1i_u11-3 llc-0b1 1 11 0 11 0
l1i_u11-3 llc-0b2 1 11 0 11 0
l1i_u11-3 llc-0b3 1 11 0 11 0
l1i_u11-3 llc-0b4 1 11 0 11 0
l1i_u11-3 llc-0b5 1 11 0 11 0
l1i_u11-3 llc-0b6 1 11 0 11 0
l1i_u11-3 llc-0b7 1 11 0 11 0
l1i_u11-3 llc-0b8 1 11 0 11 0
l1i_u11-3 llc-0b9 1 11 0 11 0
l1i_u11-3 llc-0b10 1 11 0 11 0
l1i_u11-3 llc-0b11 1 11 0 11 0
l1i_u11-3 llc-0b12 1 11 0 11 0
l1i_u11-3 llc-0b13 1 11 0 11 0
l1i_u11-3 llc-0b14 1 11 0 11 0
l1i_u11-3 llc-0b15 1 11 0 11 0
l1i_u11-4 llc-0b0 1 11 0 11 0
l1i_u11-4 llc-0b1 1 11 0 11 0
l1i_u11-4 llc-0b2 1 11 0 11 0
l1i_u11-4 llc-0b3 1 11 0 11 0
l1i_u11-4 llc-0b4 1 11 0 11 0
l1i_u11-4 llc-0b5 1 11 0 11 0
l1i_u11-4 llc-0b6 1 11 0 11 0
l1i_u11-4 llc-0b7 1 11 0 11 0
l1i_u11-4 llc-0b8 1 11 0 11 0
l1i_u11-4 llc-0b9 1 11 0 11 0
l1i_u11-4 llc-0b10 1 11 0 11 0
l1i_u11-4 llc-0b11 1 11 0 11 0
l1i_u11-4 llc-0b12 1 11 0 11 0
l1i_u11-4 llc-0b13 1 11 0 11 0
l1i_u11-4 llc-0b14 1 11 0 11 0
l1i_u11-4 llc-0b15 1 11 0 11 0
l1i_u11-5 llc-0b0 1 11 0 11 0
l1i_u11-5 llc-0b1 1 11 0 11 0
l1i_u11-5 llc-0b2 1 11 0 11 0
l1i_u11-5 llc-0b3 1 11 0 11 0
l1i_u11-5 llc-0b4 1 11 0 11 0
l1i_u11-5 llc-0b5 1 11 0 11 0
l1i_u11-5 llc-0b6 1 11 0 11 0
l1i_u11-5 llc-0b7 1 11 0 11 0
l1i_u11-5 llc-0b8 1 11 0 11 0
l1i_u11-5 llc-0b9 1 11 0 11 0
l1i_u11-5 llc-0b10 1 11 0 11 0
l1i_u11-5 llc-0b11 1 11 0 11 0
l1i_u11-5 llc-0b12 1 11 0 11 0
l1i_u11-5 llc-0b13 1 11 0 11 0
l1i_u11-5 llc-0b14 1 11 0 11 0
l1i_u11-5 llc-0b15 1 11 0 11 0
l1i_u11-6 llc-0b0 1 11 0 11 0
l1i_u11-6 llc-0b1 1 11 0 11 0
l1i_u11-6 llc-0b2 1 11 0 11 0
l1i_u11-6 llc-0b3 1 11 0 11 0
l1i_u11-6 llc-0b4 1 11 0 11 0
l1i_u11-6 llc-0b5 1 11 0 11 0
l1i_u11-6 llc-0b6 1 11 0 11 0
l1i_u11-6 llc-0b7 1 11 0 11 0
l1i_u11-6 llc-0b8 1 11 0 11 0
l1i_u11-6 llc-0b9 1 11 0 11 0
l1i_u11-6 llc-0b10 1 11 0 11 0
l1i_u11-6 llc-0b11 1 11 0 11 0
l1i_u11-6 llc-0b12 1 11 0 11 0
l1i_u11-6 llc-0b13 1 11 0 11 0
l1i_u11-6 llc-0b14 1 11 0 11 0
l1i_u11-6 llc-0b15 1 11 0 11 0
l1i_u11-7 llc-0b0 1 11 0 11 0
l1i_u11-7 llc-0b1 1 11 0 11 0
l1i_u11-7 llc-0b2 1 11 0 11 0
l1i_u11-7 llc-0b3 1 11 0 11 0
l1i_u11-7 llc-0b4 1 11 0 11 0
l1i_u11-7 llc-0b5 1 11 0 11 0
l1i_u11-7 llc-0b6 1 11 0 11 0
l1i_u11-7 llc-0b7 1 11 0 11 0
l1i_u11-7 llc-0b8 1 11 0 11 0
l1i_u11-7 llc-0b9 1 11 0 11 0
l1i_u11-7 llc-0b10 1 11 0 11 0
l1i_u11-7 llc-0b11 1 11 0 11 0
l1i_u11-7 llc-0b12 1 11 0 11 0
l1i_u11-7 llc-0b13 1 11 0 11 0
l1i_u11-7 llc-0b14 1 11 0 11 0
l1i_u11-7 llc-0b15 1 11 0 11 0
l1i_u11-8 llc-0b0 1 11 0 11 0
l1i_u11-8 llc-0b1 1 11 0 11 0
l1i_u11-8 llc-0b2 1 11 0 11 0
l1i_u11-8 llc-0b3 1 11 0 11 0
l1i_u11-8 llc-0b4 1 11 0 11 0
l1i_u11-8 llc-0b5 1 11 0 11 0
l1i_u11-8 llc-0b6 1 11 0 11 0
l1i_u11-8 llc-0b7 1 11 0 11 0
l1i_u11-8 llc-0b8 1 11 0 11 0
l1i_u11-8 llc-0b9 1 11 0 11 0
l1i_u11-8 llc-0b10 1 11 0 11 0
l1i_u11-8 llc-0b11 1 11 0 11 0
l1i_u11-8 llc-0b12 1 11 0 11 0
l1i_u11-8 llc-0b13 1 11 0 11 0
l1i_u11-8 llc-0b14 1 11 0 11 0
l1i_u11-8 llc-0b15 1 11 0 11 0
l1i_u11-9 llc-0b0 1 11 0 11 0
l1i_u11-9 llc-0b1 1 11 0 11 0
l1i_u11-9 llc-0b2 1 11 0 11 0
l1i_u11-9 llc-0b3 1 11 0 11 0
l1i_u11-9 llc-0b4 1 11 0 11 0
l1i_u11-9 llc-0b5 1 11 0 11 0
l1i_u11-9 llc-0b6 1 11 0 11 0
l1i_u11-9 llc-0b7 1 11 0 11 0
l1i_u11-9 llc-0b8 1 11 0 11 0
l1i_u11-9 llc-0b9 1 11 0 11 0
l1i_u11-9 llc-0b10 1 11 0 11 0
l1i_u11-9 llc-0b11 1 11 0 11 0
l1i_u11-9 llc-0b12 1 11 0 11 0
l1i_u11-9 llc-0b13 1 11 0 11 0
l1i_u11-9 llc-0b14 1 11 0 11 0
l1i_u11-9 llc-0b15 1 11 0 11 0
l1i_u11-10 llc-0b0 1 11 0 11 0
l1i_u11-10 llc-0b1 1 11 0 11 0
l1i_u11-10 llc-0b2 1 11 0 11 0
l1i_u11-10 llc-0b3 1 11 0 11 0
l1i_u11-10 llc-0b4 1 11 0 11 0
l1i_u11-10 llc-0b5 1 11 0 11 0
l1i_u11-10 llc-0b6 1 11 0 11 0
l1i_u11-10 llc-0b7 1 11 0 11 0
l1i_u11-10 llc-0b8 1 11 0 11 0
l1i_u11-10 llc-0b9 1 11 0 11 0
l1i_u11-10 llc-0b10 1 11 0 11 0
l1i_u11-10 llc-0b11 1 11 0 11 0
l1i_u11-10 llc-0b12 1 11 0 11 0
l1i_u11-10 llc-0b13 1 11 0 11 0
l1i_u11-10 llc-0b14 1 11 0 11 0
l1i_u11-10 llc-0b15 1 11 0 11 0
l1i_u11-11 llc-0b0 1 11 0 11 0
l1i_u11-11 llc-0b1 1 11 0 11 0
l1i_u11-11 llc-0b2 1 11 0 11 0
l1i_u11-11 llc-0b3 1 11 0 11 0
l1i_u11-11 llc-0b4 1 11 0 11 0
l1i_u11-11 llc-0b5 1 11 0 11 0
l1i_u11-11 llc-0b6 1 11 0 11 0
l1i_u11-11 llc-0b7 1 11 0 11 0
l1i_u11-11 llc-0b8 1 11 0 11 0
l1i_u11-11 llc-0b9 1 11 0 11 0
l1i_u11-11 llc-0b10 1 11 0 11 0
l1i_u11-11 llc-0b11 1 11 0 11 0
l1i_u11-11 llc-0b12 1 11 0 11 0
l1i_u11-11 llc-0b13 1 11 0 11 0
l1i_u11-11 llc-0b14 1 11 0 11 0
l1i_u11-11 llc-0b15 1 11 0 11 0
l1i_u11-12 llc-0b0 1 11 0 11 0
l1i_u11-12 llc-0b1 1 11 0 11 0
l1i_u11-12 llc-0b2 1 11 0 11 0
l1i_u11-12 llc-0b3 1 11 0 11 0
l1i_u11-12 llc-0b4 1 11 0 11 0
l1i_u11-12 llc-0b5 1 11 0 11 0
l1i_u11-12 llc-0b6 1 11 0 11 0
l1i_u11-12 llc-0b7 1 11 0 11 0
l1i_u11-12 llc-0b8 1 11 0 11 0
l1i_u11-12 llc-0b9 1 11 0 11 0
l1i_u11-12 llc-0b10 1 11 0 11 0
l1i_u11-12 llc-0b11 1 11 0 11 0
l1i_u11-12 llc-0b12 1 11 0 11 0
l1i_u11-12 llc-0b13 1 11 0 11 0
l1i_u11-12 llc-0b14 1 11 0 11 0
l1i_u11-12 llc-0b15 1 11 0 11 0
l1i_u11-13 llc-0b0 1 11 0 11 0
l1i_u11-13 llc-0b1 1 11 0 11 0
l1i_u11-13 llc-0b2 1 11 0 11 0
l1i_u11-13 llc-0b3 1 11 0 11 0
l1i_u11-13 llc-0b4 1 11 0 11 0
l1i_u11-13 llc-0b5 1 11 0 11 0
l1i_u11-13 llc-0b6 1 11 0 11 0
l1i_u11-13 llc-0b7 1 11 0 11 0
l1i_u11-13 llc-0b8 1 11 0 11 0
l1i_u11-13 llc-0b9 1 11 0 11 0
l1i_u11-13 llc-0b10 1 11 0 11 0
l1i_u11-13 llc-0b11 1 11 0 11 0
l1i_u11-13 llc-0b12 1 11 0 11 0
l1i_u11-13 llc-0b13 1 11 0 11 0
l1i_u11-13 llc-0b14 1 11 0 11 0
l1i_u11-13 llc-0b15 1 11 0 11 0
l1i_u11-14 llc-0b0 1 11 0 11 0
l1i_u11-14 llc-0b1 1 11 0 11 0
l1i_u11-14 llc-0b2 1 11 0 11 0
l1i_u11-14 llc-0b3 1 11 0 11 0
l1i_u11-14 llc-0b4 1 11 0 11 0
l1i_u11-14 llc-0b5 1 11 0 11 0
l1i_u11-14 llc-0b6 1 11 0 11 0
l1i_u11-14 llc-0b7 1 11 0 11 0
l1i_u11-14 llc-0b8 1 11 0 11 0
l1i_u11-14 llc-0b9 1 11 0 11 0
l1i_u11-14 llc-0b10 1 11 0 11 0
l1i_u11-14 llc-0b11 1 11 0 11 0
l1i_u11-14 llc-0b12 1 11 0 11 0
l1i_u11-14 llc-0b13 1 11 0 11 0
l1i_u11-14 llc-0b14 1 11 0 11 0
l1i_u11-14 llc-0b15 1 11 0 11 0
l1i_u11-15 llc-0b0 1 11 0 11 0
l1i_u11-15 llc-0b1 1 11 0 11 0
l1i_u11-15 llc-0b2 1 11 0 11 0
l1i_u11-15 llc-0b3 1 11 0 11 0
l1i_u11-15 llc-0b4 1 11 0 11 0
l1i_u11-15 llc-0b5 1 11 0 11 0
l1i_u11-15 llc-0b6 1 11 0 11 0
l1i_u11-15 llc-0b7 1 11 0 11 0
l1i_u11-15 llc-0b8 1 11 0 11 0
l1i_u11-15 llc-0b9 1 11 0 11 0
l1i_u11-15 llc-0b10 1 11 0 11 0
l1i_u11-15 llc-0b11 1 11 0 11 0
l1i_u11-15 llc-0b12 1 11 0 11 0
l1i_u11-15 llc-0b13 1 11 0 11 0
l1i_u11-15 llc-0b14 1 11 0 11 0
l1i_u11-15 llc-0b15 1 11 0 11 0
l1d_u11-0 llc-0b0 1 11 0 11 0
l1d_u11-0 llc-0b1 1 11 0 11 0
l1d_u11-0 llc-0b2 1 11 0 11 0
l1d_u11-0 llc-0b3 1 11 0 11 0
l1d_u11-0 llc-0b4 1 11 0 11 0
l1d_u11-0 llc-0b5 1 11 0 11 0
l1d_u11-0 llc-0b6 1 11 0 11 0
l1d_u11-0 llc-0b7 1 11 0 11 0
l1d_u11-0 llc-0b8 1 11 0 11 0
l1d_u11-0 llc-0b9 1 11 0 11 0
l1d_u11-0 llc-0b10 1 11 0 11 0
l1d_u11-0 llc-0b11 1 11 0 11 0
l1d_u11-0 llc-0b12 1 11 0 11 0
l1d_u11-0 llc-0b13 1 11 0 11 0
l1d_u11-0 llc-0b14 1 11 0 11 0
l1d_u11-0 llc-0b15 1 11 0 11 0
l1d_u11-1 llc-0b0 1 11 0 11 0
l1d_u11-1 llc-0b1 1 11 0 11 0
l1d_u11-1 llc-0b2 1 11 0 11 0
l1d_u11-1 llc-0b3 1 11 0 11 0
l1d_u11-1 llc-0b4 1 11 0 11 0
l1d_u11-1 llc-0b5 1 11 0 11 0
l1d_u11-1 llc-0b6 1 11 0 11 0
l1d_u11-1 llc-0b7 1 11 0 11 0
l1d_u11-1 llc-0b8 1 11 0 11 0
l1d_u11-1 llc-0b9 1 11 0 11 0
l1d_u11-1 llc-0b10 1 11 0 11 0
l1d_u11-1 llc-0b11 1 11 0 11 0
l1d_u11-1 llc-0b12 1 11 0 11 0
l1d_u11-1 llc-0b13 1 11 0 11 0
l1d_u11-1 llc-0b14 1 11 0 11 0
l1d_u11-1 llc-0b15 1 11 0 11 0
l1d_u11-2 llc-0b0 1 11 0 11 0
l1d_u11-2 llc-0b1 1 11 0 11 0
l1d_u11-2 llc-0b2 1 11 0 11 0
l1d_u11-2 llc-0b3 1 11 0 11 0
l1d_u11-2 llc-0b4 1 11 0 11 0
l1d_u11-2 llc-0b5 1 11 0 11 0
l1d_u11-2 llc-0b6 1 11 0 11 0
l1d_u11-2 llc-0b7 1 11 0 11 0
l1d_u11-2 llc-0b8 1 11 0 11 0
l1d_u11-2 llc-0b9 1 11 0 11 0
l1d_u11-2 llc-0b10 1 11 0 11 0
l1d_u11-2 llc-0b11 1 11 0 11 0
l1d_u11-2 llc-0b12 1 11 0 11 0
l1d_u11-2 llc-0b13 1 11 0 11 0
l1d_u11-2 llc-0b14 1 11 0 11 0
l1d_u11-2 llc-0b15 1 11 0 11 0
l1d_u11-3 llc-0b0 1 11 0 11 0
l1d_u11-3 llc-0b1 1 11 0 11 0
l1d_u11-3 llc-0b2 1 11 0 11 0
l1d_u11-3 llc-0b3 1 11 0 11 0
l1d_u11-3 llc-0b4 1 11 0 11 0
l1d_u11-3 llc-0b5 1 11 0 11 0
l1d_u11-3 llc-0b6 1 11 0 11 0
l1d_u11-3 llc-0b7 1 11 0 11 0
l1d_u11-3 llc-0b8 1 11 0 11 0
l1d_u11-3 llc-0b9 1 11 0 11 0
l1d_u11-3 llc-0b10 1 11 0 11 0
l1d_u11-3 llc-0b11 1 11 0 11 0
l1d_u11-3 llc-0b12 1 11 0 11 0
l1d_u11-3 llc-0b13 1 11 0 11 0
l1d_u11-3 llc-0b14 1 11 0 11 0
l1d_u11-3 llc-0b15 1 11 0 11 0
l1d_u11-4 llc-0b0 1 11 0 11 0
l1d_u11-4 llc-0b1 1 11 0 11 0
l1d_u11-4 llc-0b2 1 11 0 11 0
l1d_u11-4 llc-0b3 1 11 0 11 0
l1d_u11-4 llc-0b4 1 11 0 11 0
l1d_u11-4 llc-0b5 1 11 0 11 0
l1d_u11-4 llc-0b6 1 11 0 11 0
l1d_u11-4 llc-0b7 1 11 0 11 0
l1d_u11-4 llc-0b8 1 11 0 11 0
l1d_u11-4 llc-0b9 1 11 0 11 0
l1d_u11-4 llc-0b10 1 11 0 11 0
l1d_u11-4 llc-0b11 1 11 0 11 0
l1d_u11-4 llc-0b12 1 11 0 11 0
l1d_u11-4 llc-0b13 1 11 0 11 0
l1d_u11-4 llc-0b14 1 11 0 11 0
l1d_u11-4 llc-0b15 1 11 0 11 0
l1d_u11-5 llc-0b0 1 11 0 11 0
l1d_u11-5 llc-0b1 1 11 0 11 0
l1d_u11-5 llc-0b2 1 11 0 11 0
l1d_u11-5 llc-0b3 1 11 0 11 0
l1d_u11-5 llc-0b4 1 11 0 11 0
l1d_u11-5 llc-0b5 1 11 0 11 0
l1d_u11-5 llc-0b6 1 11 0 11 0
l1d_u11-5 llc-0b7 1 11 0 11 0
l1d_u11-5 llc-0b8 1 11 0 11 0
l1d_u11-5 llc-0b9 1 11 0 11 0
l1d_u11-5 llc-0b10 1 11 0 11 0
l1d_u11-5 llc-0b11 1 11 0 11 0
l1d_u11-5 llc-0b12 1 11 0 11 0
l1d_u11-5 llc-0b13 1 11 0 11 0
l1d_u11-5 llc-0b14 1 11 0 11 0
l1d_u11-5 llc-0b15 1 11 0 11 0
l1d_u11-6 llc-0b0 1 11 0 11 0
l1d_u11-6 llc-0b1 1 11 0 11 0
l1d_u11-6 llc-0b2 1 11 0 11 0
l1d_u11-6 llc-0b3 1 11 0 11 0
l1d_u11-6 llc-0b4 1 11 0 11 0
l1d_u11-6 llc-0b5 1 11 0 11 0
l1d_u11-6 llc-0b6 1 11 0 11 0
l1d_u11-6 llc-0b7 1 11 0 11 0
l1d_u11-6 llc-0b8 1 11 0 11 0
l1d_u11-6 llc-0b9 1 11 0 11 0
l1d_u11-6 llc-0b10 1 11 0 11 0
l1d_u11-6 llc-0b11 1 11 0 11 0
l1d_u11-6 llc-0b12 1 11 0 11 0
l1d_u11-6 llc-0b13 1 11 0 11 0
l1d_u11-6 llc-0b14 1 11 0 11 0
l1d_u11-6 llc-0b15 1 11 0 11 0
l1d_u11-7 llc-0b0 1 11 0 11 0
l1d_u11-7 llc-0b1 1 11 0 11 0
l1d_u11-7 llc-0b2 1 11 0 11 0
l1d_u11-7 llc-0b3 1 11 0 11 0
l1d_u11-7 llc-0b4 1 11 0 11 0
l1d_u11-7 llc-0b5 1 11 0 11 0
l1d_u11-7 llc-0b6 1 11 0 11 0
l1d_u11-7 llc-0b7 1 11 0 11 0
l1d_u11-7 llc-0b8 1 11 0 11 0
l1d_u11-7 llc-0b9 1 11 0 11 0
l1d_u11-7 llc-0b10 1 11 0 11 0
l1d_u11-7 llc-0b11 1 11 0 11 0
l1d_u11-7 llc-0b12 1 11 0 11 0
l1d_u11-7 llc-0b13 1 11 0 11 0
l1d_u11-7 llc-0b14 1 11 0 11 0
l1d_u11-7 llc-0b15 1 11 0 11 0
l1d_u11-8 llc-0b0 1 11 0 11 0
l1d_u11-8 llc-0b1 1 11 0 11 0
l1d_u11-8 llc-0b2 1 11 0 11 0
l1d_u11-8 llc-0b3 1 11 0 11 0
l1d_u11-8 llc-0b4 1 11 0 11 0
l1d_u11-8 llc-0b5 1 11 0 11 0
l1d_u11-8 llc-0b6 1 11 0 11 0
l1d_u11-8 llc-0b7 1 11 0 11 0
l1d_u11-8 llc-0b8 1 11 0 11 0
l1d_u11-8 llc-0b9 1 11 0 11 0
l1d_u11-8 llc-0b10 1 11 0 11 0
l1d_u11-8 llc-0b11 1 11 0 11 0
l1d_u11-8 llc-0b12 1 11 0 11 0
l1d_u11-8 llc-0b13 1 11 0 11 0
l1d_u11-8 llc-0b14 1 11 0 11 0
l1d_u11-8 llc-0b15 1 11 0 11 0
l1d_u11-9 llc-0b0 1 11 0 11 0
l1d_u11-9 llc-0b1 1 11 0 11 0
l1d_u11-9 llc-0b2 1 11 0 11 0
l1d_u11-9 llc-0b3 1 11 0 11 0
l1d_u11-9 llc-0b4 1 11 0 11 0
l1d_u11-9 llc-0b5 1 11 0 11 0
l1d_u11-9 llc-0b6 1 11 0 11 0
l1d_u11-9 llc-0b7 1 11 0 11 0
l1d_u11-9 llc-0b8 1 11 0 11 0
l1d_u11-9 llc-0b9 1 11 0 11 0
l1d_u11-9 llc-0b10 1 11 0 11 0
l1d_u11-9 llc-0b11 1 11 0 11 0
l1d_u11-9 llc-0b12 1 11 0 11 0
l1d_u11-9 llc-0b13 1 11 0 11 0
l1d_u11-9 llc-0b14 1 11 0 11 0
l1d_u11-9 llc-0b15 1 11 0 11 0
l1d_u11-10 llc-0b0 1 11 0 11 0
l1d_u11-10 llc-0b1 1 11 0 11 0
l1d_u11-10 llc-0b2 1 11 0 11 0
l1d_u11-10 llc-0b3 1 11 0 11 0
l1d_u11-10 llc-0b4 1 11 0 11 0
l1d_u11-10 llc-0b5 1 11 0 11 0
l1d_u11-10 llc-0b6 1 11 0 11 0
l1d_u11-10 llc-0b7 1 11 0 11 0
l1d_u11-10 llc-0b8 1 11 0 11 0
l1d_u11-10 llc-0b9 1 11 0 11 0
l1d_u11-10 llc-0b10 1 11 0 11 0
l1d_u11-10 llc-0b11 1 11 0 11 0
l1d_u11-10 llc-0b12 1 11 0 11 0
l1d_u11-10 llc-0b13 1 11 0 11 0
l1d_u11-10 llc-0b14 1 11 0 11 0
l1d_u11-10 llc-0b15 1 11 0 11 0
l1d_u11-11 llc-0b0 1 11 0 11 0
l1d_u11-11 llc-0b1 1 11 0 11 0
l1d_u11-11 llc-0b2 1 11 0 11 0
l1d_u11-11 llc-0b3 1 11 0 11 0
l1d_u11-11 llc-0b4 1 11 0 11 0
l1d_u11-11 llc-0b5 1 11 0 11 0
l1d_u11-11 llc-0b6 1 11 0 11 0
l1d_u11-11 llc-0b7 1 11 0 11 0
l1d_u11-11 llc-0b8 1 11 0 11 0
l1d_u11-11 llc-0b9 1 11 0 11 0
l1d_u11-11 llc-0b10 1 11 0 11 0
l1d_u11-11 llc-0b11 1 11 0 11 0
l1d_u11-11 llc-0b12 1 11 0 11 0
l1d_u11-11 llc-0b13 1 11 0 11 0
l1d_u11-11 llc-0b14 1 11 0 11 0
l1d_u11-11 llc-0b15 1 11 0 11 0
l1d_u11-12 llc-0b0 1 11 0 11 0
l1d_u11-12 llc-0b1 1 11 0 11 0
l1d_u11-12 llc-0b2 1 11 0 11 0
l1d_u11-12 llc-0b3 1 11 0 11 0
l1d_u11-12 llc-0b4 1 11 0 11 0
l1d_u11-12 llc-0b5 1 11 0 11 0
l1d_u11-12 llc-0b6 1 11 0 11 0
l1d_u11-12 llc-0b7 1 11 0 11 0
l1d_u11-12 llc-0b8 1 11 0 11 0
l1d_u11-12 llc-0b9 1 11 0 11 0
l1d_u11-12 llc-0b10 1 11 0 11 0
l1d_u11-12 llc-0b11 1 11 0 11 0
l1d_u11-12 llc-0b12 1 11 0 11 0
l1d_u11-12 llc-0b13 1 11 0 11 0
l1d_u11-12 llc-0b14 1 11 0 11 0
l1d_u11-12 llc-0b15 1 11 0 11 0
l1d_u11-13 llc-0b0 1 11 0 11 0
l1d_u11-13 llc-0b1 1 11 0 11 0
l1d_u11-13 llc-0b2 1 11 0 11 0
l1d_u11-13 llc-0b3 1 11 0 11 0
l1d_u11-13 llc-0b4 1 11 0 11 0
l1d_u11-13 llc-0b5 1 11 0 11 0
l1d_u11-13 llc-0b6 1 11 0 11 0
l1d_u11-13 llc-0b7 1 11 0 11 0
l1d_u11-13 llc-0b8 1 11 0 11 0
l1d_u11-13 llc-0b9 1 11 0 11 0
l1d_u11-13 llc-0b10 1 11 0 11 0
l1d_u11-13 llc-0b11 1 11 0 11 0
l1d_u11-13 llc-0b12 1 11 0 11 0
l1d_u11-13 llc-0b13 1 11 0 11 0
l1d_u11-13 llc-0b14 1 11 0 11 0
l1d_u11-13 llc-0b15 1 11 0 11 0
l1d_u11-14 llc-0b0 1 11 0 11 0
l1d_u11-14 llc-0b1 1 11 0 11 0
l1d_u11-14 llc-0b2 1 11 0 11 0
l1d_u11-14 llc-0b3 1 11 0 11 0
l1d_u11-14 llc-0b4 1 11 0 11 0
l1d_u11-14 llc-0b5 1 11 0 11 0
l1d_u11-14 llc-0b6 1 11 0 11 0
l1d_u11-14 llc-0b7 1 11 0 11 0
l1d_u11-14 llc-0b8 1 11 0 11 0
l1d_u11-14 llc-0b9 1 11 0 11 0
l1d_u11-14 llc-0b10 1 11 0 11 0
l1d_u11-14 llc-0b11 1 11 0 11 0
l1d_u11-14 llc-0b12 1 11 0 11 0
l1d_u11-14 llc-0b13 1 11 0 11 0
l1d_u11-14 llc-0b14 1 11 0 11 0
l1d_u11-14 llc-0b15 1 11 0 11 0
l1d_u11-15 llc-0b0 1 11 0 11 0
l1d_u11-15 llc-0b1 1 11 0 11 0
l1d_u11-15 llc-0b2 1 11 0 11 0
l1d_u11-15 llc-0b3 1 11 0 11 0
l1d_u11-15 llc-0b4 1 11 0 11 0
l1d_u11-15 llc-0b5 1 11 0 11 0
l1d_u11-15 llc-0b6 1 11 0 11 0
l1d_u11-15 llc-0b7 1 11 0 11 0
l1d_u11-15 llc-0b8 1 11 0 11 0
l1d_u11-15 llc-0b9 1 11 0 11 0
l1d_u11-15 llc-0b10 1 11 0 11 0
l1d_u11-15 llc-0b11 1 11 0 11 0
l1d_u11-15 llc-0b12 1 11 0 11 0
l1d_u11-15 llc-0b13 1 11 0 11 0
l1d_u11-15 llc-0b14 1 11 0 11 0
l1d_u11-15 llc-0b15 1 11 0 11 0
l1i_u12-0 llc-0b0 1 12 0 12 0
l1i_u12-0 llc-0b1 1 12 0 12 0
l1i_u12-0 llc-0b2 1 12 0 12 0
l1i_u12-0 llc-0b3 1 12 0 12 0
l1i_u12-0 llc-0b4 1 12 0 12 0
l1i_u12-0 llc-0b5 1 12 0 12 0
l1i_u12-0 llc-0b6 1 12 0 12 0
l1i_u12-0 llc-0b7 1 12 0 12 0
l1i_u12-0 llc-0b8 1 12 0 12 0
l1i_u12-0 llc-0b9 1 12 0 12 0
l1i_u12-0 llc-0b10 1 12 0 12 0
l1i_u12-0 llc-0b11 1 12 0 12 0
l1i_u12-0 llc-0b12 1 12 0 12 0
l1i_u12-0 llc-0b13 1 12 0 12 0
l1i_u12-0 llc-0b14 1 12 0 12 0
l1i_u12-0 llc-0b15 1 12 0 12 0
l1i_u12-1 llc-0b0 1 12 0 12 0
l1i_u12-1 llc-0b1 1 12 0 12 0
l1i_u12-1 llc-0b2 1 12 0 12 0
l1i_u12-1 llc-0b3 1 12 0 12 0
l1i_u12-1 llc-0b4 1 12 0 12 0
l1i_u12-1 llc-0b5 1 12 0 12 0
l1i_u12-1 llc-0b6 1 12 0 12 0
l1i_u12-1 llc-0b7 1 12 0 12 0
l1i_u12-1 llc-0b8 1 12 0 12 0
l1i_u12-1 llc-0b9 1 12 0 12 0
l1i_u12-1 llc-0b10 1 12 0 12 0
l1i_u12-1 llc-0b11 1 12 0 12 0
l1i_u12-1 llc-0b12 1 12 0 12 0
l1i_u12-1 llc-0b13 1 12 0 12 0
l1i_u12-1 llc-0b14 1 12 0 12 0
l1i_u12-1 llc-0b15 1 12 0 12 0
l1i_u12-2 llc-0b0 1 12 0 12 0
l1i_u12-2 llc-0b1 1 12 0 12 0
l1i_u12-2 llc-0b2 1 12 0 12 0
l1i_u12-2 llc-0b3 1 12 0 12 0
l1i_u12-2 llc-0b4 1 12 0 12 0
l1i_u12-2 llc-0b5 1 12 0 12 0
l1i_u12-2 llc-0b6 1 12 0 12 0
l1i_u12-2 llc-0b7 1 12 0 12 0
l1i_u12-2 llc-0b8 1 12 0 12 0
l1i_u12-2 llc-0b9 1 12 0 12 0
l1i_u12-2 llc-0b10 1 12 0 12 0
l1i_u12-2 llc-0b11 1 12 0 12 0
l1i_u12-2 llc-0b12 1 12 0 12 0
l1i_u12-2 llc-0b13 1 12 0 12 0
l1i_u12-2 llc-0b14 1 12 0 12 0
l1i_u12-2 llc-0b15 1 12 0 12 0
l1i_u12-3 llc-0b0 1 12 0 12 0
l1i_u12-3 llc-0b1 1 12 0 12 0
l1i_u12-3 llc-0b2 1 12 0 12 0
l1i_u12-3 llc-0b3 1 12 0 12 0
l1i_u12-3 llc-0b4 1 12 0 12 0
l1i_u12-3 llc-0b5 1 12 0 12 0
l1i_u12-3 llc-0b6 1 12 0 12 0
l1i_u12-3 llc-0b7 1 12 0 12 0
l1i_u12-3 llc-0b8 1 12 0 12 0
l1i_u12-3 llc-0b9 1 12 0 12 0
l1i_u12-3 llc-0b10 1 12 0 12 0
l1i_u12-3 llc-0b11 1 12 0 12 0
l1i_u12-3 llc-0b12 1 12 0 12 0
l1i_u12-3 llc-0b13 1 12 0 12 0
l1i_u12-3 llc-0b14 1 12 0 12 0
l1i_u12-3 llc-0b15 1 12 0 12 0
l1i_u12-4 llc-0b0 1 12 0 12 0
l1i_u12-4 llc-0b1 1 12 0 12 0
l1i_u12-4 llc-0b2 1 12 0 12 0
l1i_u12-4 llc-0b3 1 12 0 12 0
l1i_u12-4 llc-0b4 1 12 0 12 0
l1i_u12-4 llc-0b5 1 12 0 12 0
l1i_u12-4 llc-0b6 1 12 0 12 0
l1i_u12-4 llc-0b7 1 12 0 12 0
l1i_u12-4 llc-0b8 1 12 0 12 0
l1i_u12-4 llc-0b9 1 12 0 12 0
l1i_u12-4 llc-0b10 1 12 0 12 0
l1i_u12-4 llc-0b11 1 12 0 12 0
l1i_u12-4 llc-0b12 1 12 0 12 0
l1i_u12-4 llc-0b13 1 12 0 12 0
l1i_u12-4 llc-0b14 1 12 0 12 0
l1i_u12-4 llc-0b15 1 12 0 12 0
l1i_u12-5 llc-0b0 1 12 0 12 0
l1i_u12-5 llc-0b1 1 12 0 12 0
l1i_u12-5 llc-0b2 1 12 0 12 0
l1i_u12-5 llc-0b3 1 12 0 12 0
l1i_u12-5 llc-0b4 1 12 0 12 0
l1i_u12-5 llc-0b5 1 12 0 12 0
l1i_u12-5 llc-0b6 1 12 0 12 0
l1i_u12-5 llc-0b7 1 12 0 12 0
l1i_u12-5 llc-0b8 1 12 0 12 0
l1i_u12-5 llc-0b9 1 12 0 12 0
l1i_u12-5 llc-0b10 1 12 0 12 0
l1i_u12-5 llc-0b11 1 12 0 12 0
l1i_u12-5 llc-0b12 1 12 0 12 0
l1i_u12-5 llc-0b13 1 12 0 12 0
l1i_u12-5 llc-0b14 1 12 0 12 0
l1i_u12-5 llc-0b15 1 12 0 12 0
l1i_u12-6 llc-0b0 1 12 0 12 0
l1i_u12-6 llc-0b1 1 12 0 12 0
l1i_u12-6 llc-0b2 1 12 0 12 0
l1i_u12-6 llc-0b3 1 12 0 12 0
l1i_u12-6 llc-0b4 1 12 0 12 0
l1i_u12-6 llc-0b5 1 12 0 12 0
l1i_u12-6 llc-0b6 1 12 0 12 0
l1i_u12-6 llc-0b7 1 12 0 12 0
l1i_u12-6 llc-0b8 1 12 0 12 0
l1i_u12-6 llc-0b9 1 12 0 12 0
l1i_u12-6 llc-0b10 1 12 0 12 0
l1i_u12-6 llc-0b11 1 12 0 12 0
l1i_u12-6 llc-0b12 1 12 0 12 0
l1i_u12-6 llc-0b13 1 12 0 12 0
l1i_u12-6 llc-0b14 1 12 0 12 0
l1i_u12-6 llc-0b15 1 12 0 12 0
l1i_u12-7 llc-0b0 1 12 0 12 0
l1i_u12-7 llc-0b1 1 12 0 12 0
l1i_u12-7 llc-0b2 1 12 0 12 0
l1i_u12-7 llc-0b3 1 12 0 12 0
l1i_u12-7 llc-0b4 1 12 0 12 0
l1i_u12-7 llc-0b5 1 12 0 12 0
l1i_u12-7 llc-0b6 1 12 0 12 0
l1i_u12-7 llc-0b7 1 12 0 12 0
l1i_u12-7 llc-0b8 1 12 0 12 0
l1i_u12-7 llc-0b9 1 12 0 12 0
l1i_u12-7 llc-0b10 1 12 0 12 0
l1i_u12-7 llc-0b11 1 12 0 12 0
l1i_u12-7 llc-0b12 1 12 0 12 0
l1i_u12-7 llc-0b13 1 12 0 12 0
l1i_u12-7 llc-0b14 1 12 0 12 0
l1i_u12-7 llc-0b15 1 12 0 12 0
l1i_u12-8 llc-0b0 1 12 0 12 0
l1i_u12-8 llc-0b1 1 12 0 12 0
l1i_u12-8 llc-0b2 1 12 0 12 0
l1i_u12-8 llc-0b3 1 12 0 12 0
l1i_u12-8 llc-0b4 1 12 0 12 0
l1i_u12-8 llc-0b5 1 12 0 12 0
l1i_u12-8 llc-0b6 1 12 0 12 0
l1i_u12-8 llc-0b7 1 12 0 12 0
l1i_u12-8 llc-0b8 1 12 0 12 0
l1i_u12-8 llc-0b9 1 12 0 12 0
l1i_u12-8 llc-0b10 1 12 0 12 0
l1i_u12-8 llc-0b11 1 12 0 12 0
l1i_u12-8 llc-0b12 1 12 0 12 0
l1i_u12-8 llc-0b13 1 12 0 12 0
l1i_u12-8 llc-0b14 1 12 0 12 0
l1i_u12-8 llc-0b15 1 12 0 12 0
l1i_u12-9 llc-0b0 1 12 0 12 0
l1i_u12-9 llc-0b1 1 12 0 12 0
l1i_u12-9 llc-0b2 1 12 0 12 0
l1i_u12-9 llc-0b3 1 12 0 12 0
l1i_u12-9 llc-0b4 1 12 0 12 0
l1i_u12-9 llc-0b5 1 12 0 12 0
l1i_u12-9 llc-0b6 1 12 0 12 0
l1i_u12-9 llc-0b7 1 12 0 12 0
l1i_u12-9 llc-0b8 1 12 0 12 0
l1i_u12-9 llc-0b9 1 12 0 12 0
l1i_u12-9 llc-0b10 1 12 0 12 0
l1i_u12-9 llc-0b11 1 12 0 12 0
l1i_u12-9 llc-0b12 1 12 0 12 0
l1i_u12-9 llc-0b13 1 12 0 12 0
l1i_u12-9 llc-0b14 1 12 0 12 0
l1i_u12-9 llc-0b15 1 12 0 12 0
l1i_u12-10 llc-0b0 1 12 0 12 0
l1i_u12-10 llc-0b1 1 12 0 12 0
l1i_u12-10 llc-0b2 1 12 0 12 0
l1i_u12-10 llc-0b3 1 12 0 12 0
l1i_u12-10 llc-0b4 1 12 0 12 0
l1i_u12-10 llc-0b5 1 12 0 12 0
l1i_u12-10 llc-0b6 1 12 0 12 0
l1i_u12-10 llc-0b7 1 12 0 12 0
l1i_u12-10 llc-0b8 1 12 0 12 0
l1i_u12-10 llc-0b9 1 12 0 12 0
l1i_u12-10 llc-0b10 1 12 0 12 0
l1i_u12-10 llc-0b11 1 12 0 12 0
l1i_u12-10 llc-0b12 1 12 0 12 0
l1i_u12-10 llc-0b13 1 12 0 12 0
l1i_u12-10 llc-0b14 1 12 0 12 0
l1i_u12-10 llc-0b15 1 12 0 12 0
l1i_u12-11 llc-0b0 1 12 0 12 0
l1i_u12-11 llc-0b1 1 12 0 12 0
l1i_u12-11 llc-0b2 1 12 0 12 0
l1i_u12-11 llc-0b3 1 12 0 12 0
l1i_u12-11 llc-0b4 1 12 0 12 0
l1i_u12-11 llc-0b5 1 12 0 12 0
l1i_u12-11 llc-0b6 1 12 0 12 0
l1i_u12-11 llc-0b7 1 12 0 12 0
l1i_u12-11 llc-0b8 1 12 0 12 0
l1i_u12-11 llc-0b9 1 12 0 12 0
l1i_u12-11 llc-0b10 1 12 0 12 0
l1i_u12-11 llc-0b11 1 12 0 12 0
l1i_u12-11 llc-0b12 1 12 0 12 0
l1i_u12-11 llc-0b13 1 12 0 12 0
l1i_u12-11 llc-0b14 1 12 0 12 0
l1i_u12-11 llc-0b15 1 12 0 12 0
l1i_u12-12 llc-0b0 1 12 0 12 0
l1i_u12-12 llc-0b1 1 12 0 12 0
l1i_u12-12 llc-0b2 1 12 0 12 0
l1i_u12-12 llc-0b3 1 12 0 12 0
l1i_u12-12 llc-0b4 1 12 0 12 0
l1i_u12-12 llc-0b5 1 12 0 12 0
l1i_u12-12 llc-0b6 1 12 0 12 0
l1i_u12-12 llc-0b7 1 12 0 12 0
l1i_u12-12 llc-0b8 1 12 0 12 0
l1i_u12-12 llc-0b9 1 12 0 12 0
l1i_u12-12 llc-0b10 1 12 0 12 0
l1i_u12-12 llc-0b11 1 12 0 12 0
l1i_u12-12 llc-0b12 1 12 0 12 0
l1i_u12-12 llc-0b13 1 12 0 12 0
l1i_u12-12 llc-0b14 1 12 0 12 0
l1i_u12-12 llc-0b15 1 12 0 12 0
l1i_u12-13 llc-0b0 1 12 0 12 0
l1i_u12-13 llc-0b1 1 12 0 12 0
l1i_u12-13 llc-0b2 1 12 0 12 0
l1i_u12-13 llc-0b3 1 12 0 12 0
l1i_u12-13 llc-0b4 1 12 0 12 0
l1i_u12-13 llc-0b5 1 12 0 12 0
l1i_u12-13 llc-0b6 1 12 0 12 0
l1i_u12-13 llc-0b7 1 12 0 12 0
l1i_u12-13 llc-0b8 1 12 0 12 0
l1i_u12-13 llc-0b9 1 12 0 12 0
l1i_u12-13 llc-0b10 1 12 0 12 0
l1i_u12-13 llc-0b11 1 12 0 12 0
l1i_u12-13 llc-0b12 1 12 0 12 0
l1i_u12-13 llc-0b13 1 12 0 12 0
l1i_u12-13 llc-0b14 1 12 0 12 0
l1i_u12-13 llc-0b15 1 12 0 12 0
l1i_u12-14 llc-0b0 1 12 0 12 0
l1i_u12-14 llc-0b1 1 12 0 12 0
l1i_u12-14 llc-0b2 1 12 0 12 0
l1i_u12-14 llc-0b3 1 12 0 12 0
l1i_u12-14 llc-0b4 1 12 0 12 0
l1i_u12-14 llc-0b5 1 12 0 12 0
l1i_u12-14 llc-0b6 1 12 0 12 0
l1i_u12-14 llc-0b7 1 12 0 12 0
l1i_u12-14 llc-0b8 1 12 0 12 0
l1i_u12-14 llc-0b9 1 12 0 12 0
l1i_u12-14 llc-0b10 1 12 0 12 0
l1i_u12-14 llc-0b11 1 12 0 12 0
l1i_u12-14 llc-0b12 1 12 0 12 0
l1i_u12-14 llc-0b13 1 12 0 12 0
l1i_u12-14 llc-0b14 1 12 0 12 0
l1i_u12-14 llc-0b15 1 12 0 12 0
l1i_u12-15 llc-0b0 1 12 0 12 0
l1i_u12-15 llc-0b1 1 12 0 12 0
l1i_u12-15 llc-0b2 1 12 0 12 0
l1i_u12-15 llc-0b3 1 12 0 12 0
l1i_u12-15 llc-0b4 1 12 0 12 0
l1i_u12-15 llc-0b5 1 12 0 12 0
l1i_u12-15 llc-0b6 1 12 0 12 0
l1i_u12-15 llc-0b7 1 12 0 12 0
l1i_u12-15 llc-0b8 1 12 0 12 0
l1i_u12-15 llc-0b9 1 12 0 12 0
l1i_u12-15 llc-0b10 1 12 0 12 0
l1i_u12-15 llc-0b11 1 12 0 12 0
l1i_u12-15 llc-0b12 1 12 0 12 0
l1i_u12-15 llc-0b13 1 12 0 12 0
l1i_u12-15 llc-0b14 1 12 0 12 0
l1i_u12-15 llc-0b15 1 12 0 12 0
l1d_u12-0 llc-0b0 1 12 0 12 0
l1d_u12-0 llc-0b1 1 12 0 12 0
l1d_u12-0 llc-0b2 1 12 0 12 0
l1d_u12-0 llc-0b3 1 12 0 12 0
l1d_u12-0 llc-0b4 1 12 0 12 0
l1d_u12-0 llc-0b5 1 12 0 12 0
l1d_u12-0 llc-0b6 1 12 0 12 0
l1d_u12-0 llc-0b7 1 12 0 12 0
l1d_u12-0 llc-0b8 1 12 0 12 0
l1d_u12-0 llc-0b9 1 12 0 12 0
l1d_u12-0 llc-0b10 1 12 0 12 0
l1d_u12-0 llc-0b11 1 12 0 12 0
l1d_u12-0 llc-0b12 1 12 0 12 0
l1d_u12-0 llc-0b13 1 12 0 12 0
l1d_u12-0 llc-0b14 1 12 0 12 0
l1d_u12-0 llc-0b15 1 12 0 12 0
l1d_u12-1 llc-0b0 1 12 0 12 0
l1d_u12-1 llc-0b1 1 12 0 12 0
l1d_u12-1 llc-0b2 1 12 0 12 0
l1d_u12-1 llc-0b3 1 12 0 12 0
l1d_u12-1 llc-0b4 1 12 0 12 0
l1d_u12-1 llc-0b5 1 12 0 12 0
l1d_u12-1 llc-0b6 1 12 0 12 0
l1d_u12-1 llc-0b7 1 12 0 12 0
l1d_u12-1 llc-0b8 1 12 0 12 0
l1d_u12-1 llc-0b9 1 12 0 12 0
l1d_u12-1 llc-0b10 1 12 0 12 0
l1d_u12-1 llc-0b11 1 12 0 12 0
l1d_u12-1 llc-0b12 1 12 0 12 0
l1d_u12-1 llc-0b13 1 12 0 12 0
l1d_u12-1 llc-0b14 1 12 0 12 0
l1d_u12-1 llc-0b15 1 12 0 12 0
l1d_u12-2 llc-0b0 1 12 0 12 0
l1d_u12-2 llc-0b1 1 12 0 12 0
l1d_u12-2 llc-0b2 1 12 0 12 0
l1d_u12-2 llc-0b3 1 12 0 12 0
l1d_u12-2 llc-0b4 1 12 0 12 0
l1d_u12-2 llc-0b5 1 12 0 12 0
l1d_u12-2 llc-0b6 1 12 0 12 0
l1d_u12-2 llc-0b7 1 12 0 12 0
l1d_u12-2 llc-0b8 1 12 0 12 0
l1d_u12-2 llc-0b9 1 12 0 12 0
l1d_u12-2 llc-0b10 1 12 0 12 0
l1d_u12-2 llc-0b11 1 12 0 12 0
l1d_u12-2 llc-0b12 1 12 0 12 0
l1d_u12-2 llc-0b13 1 12 0 12 0
l1d_u12-2 llc-0b14 1 12 0 12 0
l1d_u12-2 llc-0b15 1 12 0 12 0
l1d_u12-3 llc-0b0 1 12 0 12 0
l1d_u12-3 llc-0b1 1 12 0 12 0
l1d_u12-3 llc-0b2 1 12 0 12 0
l1d_u12-3 llc-0b3 1 12 0 12 0
l1d_u12-3 llc-0b4 1 12 0 12 0
l1d_u12-3 llc-0b5 1 12 0 12 0
l1d_u12-3 llc-0b6 1 12 0 12 0
l1d_u12-3 llc-0b7 1 12 0 12 0
l1d_u12-3 llc-0b8 1 12 0 12 0
l1d_u12-3 llc-0b9 1 12 0 12 0
l1d_u12-3 llc-0b10 1 12 0 12 0
l1d_u12-3 llc-0b11 1 12 0 12 0
l1d_u12-3 llc-0b12 1 12 0 12 0
l1d_u12-3 llc-0b13 1 12 0 12 0
l1d_u12-3 llc-0b14 1 12 0 12 0
l1d_u12-3 llc-0b15 1 12 0 12 0
l1d_u12-4 llc-0b0 1 12 0 12 0
l1d_u12-4 llc-0b1 1 12 0 12 0
l1d_u12-4 llc-0b2 1 12 0 12 0
l1d_u12-4 llc-0b3 1 12 0 12 0
l1d_u12-4 llc-0b4 1 12 0 12 0
l1d_u12-4 llc-0b5 1 12 0 12 0
l1d_u12-4 llc-0b6 1 12 0 12 0
l1d_u12-4 llc-0b7 1 12 0 12 0
l1d_u12-4 llc-0b8 1 12 0 12 0
l1d_u12-4 llc-0b9 1 12 0 12 0
l1d_u12-4 llc-0b10 1 12 0 12 0
l1d_u12-4 llc-0b11 1 12 0 12 0
l1d_u12-4 llc-0b12 1 12 0 12 0
l1d_u12-4 llc-0b13 1 12 0 12 0
l1d_u12-4 llc-0b14 1 12 0 12 0
l1d_u12-4 llc-0b15 1 12 0 12 0
l1d_u12-5 llc-0b0 1 12 0 12 0
l1d_u12-5 llc-0b1 1 12 0 12 0
l1d_u12-5 llc-0b2 1 12 0 12 0
l1d_u12-5 llc-0b3 1 12 0 12 0
l1d_u12-5 llc-0b4 1 12 0 12 0
l1d_u12-5 llc-0b5 1 12 0 12 0
l1d_u12-5 llc-0b6 1 12 0 12 0
l1d_u12-5 llc-0b7 1 12 0 12 0
l1d_u12-5 llc-0b8 1 12 0 12 0
l1d_u12-5 llc-0b9 1 12 0 12 0
l1d_u12-5 llc-0b10 1 12 0 12 0
l1d_u12-5 llc-0b11 1 12 0 12 0
l1d_u12-5 llc-0b12 1 12 0 12 0
l1d_u12-5 llc-0b13 1 12 0 12 0
l1d_u12-5 llc-0b14 1 12 0 12 0
l1d_u12-5 llc-0b15 1 12 0 12 0
l1d_u12-6 llc-0b0 1 12 0 12 0
l1d_u12-6 llc-0b1 1 12 0 12 0
l1d_u12-6 llc-0b2 1 12 0 12 0
l1d_u12-6 llc-0b3 1 12 0 12 0
l1d_u12-6 llc-0b4 1 12 0 12 0
l1d_u12-6 llc-0b5 1 12 0 12 0
l1d_u12-6 llc-0b6 1 12 0 12 0
l1d_u12-6 llc-0b7 1 12 0 12 0
l1d_u12-6 llc-0b8 1 12 0 12 0
l1d_u12-6 llc-0b9 1 12 0 12 0
l1d_u12-6 llc-0b10 1 12 0 12 0
l1d_u12-6 llc-0b11 1 12 0 12 0
l1d_u12-6 llc-0b12 1 12 0 12 0
l1d_u12-6 llc-0b13 1 12 0 12 0
l1d_u12-6 llc-0b14 1 12 0 12 0
l1d_u12-6 llc-0b15 1 12 0 12 0
l1d_u12-7 llc-0b0 1 12 0 12 0
l1d_u12-7 llc-0b1 1 12 0 12 0
l1d_u12-7 llc-0b2 1 12 0 12 0
l1d_u12-7 llc-0b3 1 12 0 12 0
l1d_u12-7 llc-0b4 1 12 0 12 0
l1d_u12-7 llc-0b5 1 12 0 12 0
l1d_u12-7 llc-0b6 1 12 0 12 0
l1d_u12-7 llc-0b7 1 12 0 12 0
l1d_u12-7 llc-0b8 1 12 0 12 0
l1d_u12-7 llc-0b9 1 12 0 12 0
l1d_u12-7 llc-0b10 1 12 0 12 0
l1d_u12-7 llc-0b11 1 12 0 12 0
l1d_u12-7 llc-0b12 1 12 0 12 0
l1d_u12-7 llc-0b13 1 12 0 12 0
l1d_u12-7 llc-0b14 1 12 0 12 0
l1d_u12-7 llc-0b15 1 12 0 12 0
l1d_u12-8 llc-0b0 1 12 0 12 0
l1d_u12-8 llc-0b1 1 12 0 12 0
l1d_u12-8 llc-0b2 1 12 0 12 0
l1d_u12-8 llc-0b3 1 12 0 12 0
l1d_u12-8 llc-0b4 1 12 0 12 0
l1d_u12-8 llc-0b5 1 12 0 12 0
l1d_u12-8 llc-0b6 1 12 0 12 0
l1d_u12-8 llc-0b7 1 12 0 12 0
l1d_u12-8 llc-0b8 1 12 0 12 0
l1d_u12-8 llc-0b9 1 12 0 12 0
l1d_u12-8 llc-0b10 1 12 0 12 0
l1d_u12-8 llc-0b11 1 12 0 12 0
l1d_u12-8 llc-0b12 1 12 0 12 0
l1d_u12-8 llc-0b13 1 12 0 12 0
l1d_u12-8 llc-0b14 1 12 0 12 0
l1d_u12-8 llc-0b15 1 12 0 12 0
l1d_u12-9 llc-0b0 1 12 0 12 0
l1d_u12-9 llc-0b1 1 12 0 12 0
l1d_u12-9 llc-0b2 1 12 0 12 0
l1d_u12-9 llc-0b3 1 12 0 12 0
l1d_u12-9 llc-0b4 1 12 0 12 0
l1d_u12-9 llc-0b5 1 12 0 12 0
l1d_u12-9 llc-0b6 1 12 0 12 0
l1d_u12-9 llc-0b7 1 12 0 12 0
l1d_u12-9 llc-0b8 1 12 0 12 0
l1d_u12-9 llc-0b9 1 12 0 12 0
l1d_u12-9 llc-0b10 1 12 0 12 0
l1d_u12-9 llc-0b11 1 12 0 12 0
l1d_u12-9 llc-0b12 1 12 0 12 0
l1d_u12-9 llc-0b13 1 12 0 12 0
l1d_u12-9 llc-0b14 1 12 0 12 0
l1d_u12-9 llc-0b15 1 12 0 12 0
l1d_u12-10 llc-0b0 1 12 0 12 0
l1d_u12-10 llc-0b1 1 12 0 12 0
l1d_u12-10 llc-0b2 1 12 0 12 0
l1d_u12-10 llc-0b3 1 12 0 12 0
l1d_u12-10 llc-0b4 1 12 0 12 0
l1d_u12-10 llc-0b5 1 12 0 12 0
l1d_u12-10 llc-0b6 1 12 0 12 0
l1d_u12-10 llc-0b7 1 12 0 12 0
l1d_u12-10 llc-0b8 1 12 0 12 0
l1d_u12-10 llc-0b9 1 12 0 12 0
l1d_u12-10 llc-0b10 1 12 0 12 0
l1d_u12-10 llc-0b11 1 12 0 12 0
l1d_u12-10 llc-0b12 1 12 0 12 0
l1d_u12-10 llc-0b13 1 12 0 12 0
l1d_u12-10 llc-0b14 1 12 0 12 0
l1d_u12-10 llc-0b15 1 12 0 12 0
l1d_u12-11 llc-0b0 1 12 0 12 0
l1d_u12-11 llc-0b1 1 12 0 12 0
l1d_u12-11 llc-0b2 1 12 0 12 0
l1d_u12-11 llc-0b3 1 12 0 12 0
l1d_u12-11 llc-0b4 1 12 0 12 0
l1d_u12-11 llc-0b5 1 12 0 12 0
l1d_u12-11 llc-0b6 1 12 0 12 0
l1d_u12-11 llc-0b7 1 12 0 12 0
l1d_u12-11 llc-0b8 1 12 0 12 0
l1d_u12-11 llc-0b9 1 12 0 12 0
l1d_u12-11 llc-0b10 1 12 0 12 0
l1d_u12-11 llc-0b11 1 12 0 12 0
l1d_u12-11 llc-0b12 1 12 0 12 0
l1d_u12-11 llc-0b13 1 12 0 12 0
l1d_u12-11 llc-0b14 1 12 0 12 0
l1d_u12-11 llc-0b15 1 12 0 12 0
l1d_u12-12 llc-0b0 1 12 0 12 0
l1d_u12-12 llc-0b1 1 12 0 12 0
l1d_u12-12 llc-0b2 1 12 0 12 0
l1d_u12-12 llc-0b3 1 12 0 12 0
l1d_u12-12 llc-0b4 1 12 0 12 0
l1d_u12-12 llc-0b5 1 12 0 12 0
l1d_u12-12 llc-0b6 1 12 0 12 0
l1d_u12-12 llc-0b7 1 12 0 12 0
l1d_u12-12 llc-0b8 1 12 0 12 0
l1d_u12-12 llc-0b9 1 12 0 12 0
l1d_u12-12 llc-0b10 1 12 0 12 0
l1d_u12-12 llc-0b11 1 12 0 12 0
l1d_u12-12 llc-0b12 1 12 0 12 0
l1d_u12-12 llc-0b13 1 12 0 12 0
l1d_u12-12 llc-0b14 1 12 0 12 0
l1d_u12-12 llc-0b15 1 12 0 12 0
l1d_u12-13 llc-0b0 1 12 0 12 0
l1d_u12-13 llc-0b1 1 12 0 12 0
l1d_u12-13 llc-0b2 1 12 0 12 0
l1d_u12-13 llc-0b3 1 12 0 12 0
l1d_u12-13 llc-0b4 1 12 0 12 0
l1d_u12-13 llc-0b5 1 12 0 12 0
l1d_u12-13 llc-0b6 1 12 0 12 0
l1d_u12-13 llc-0b7 1 12 0 12 0
l1d_u12-13 llc-0b8 1 12 0 12 0
l1d_u12-13 llc-0b9 1 12 0 12 0
l1d_u12-13 llc-0b10 1 12 0 12 0
l1d_u12-13 llc-0b11 1 12 0 12 0
l1d_u12-13 llc-0b12 1 12 0 12 0
l1d_u12-13 llc-0b13 1 12 0 12 0
l1d_u12-13 llc-0b14 1 12 0 12 0
l1d_u12-13 llc-0b15 1 12 0 12 0
l1d_u12-14 llc-0b0 1 12 0 12 0
l1d_u12-14 llc-0b1 1 12 0 12 0
l1d_u12-14 llc-0b2 1 12 0 12 0
l1d_u12-14 llc-0b3 1 12 0 12 0
l1d_u12-14 llc-0b4 1 12 0 12 0
l1d_u12-14 llc-0b5 1 12 0 12 0
l1d_u12-14 llc-0b6 1 12 0 12 0
l1d_u12-14 llc-0b7 1 12 0 12 0
l1d_u12-14 llc-0b8 1 12 0 12 0
l1d_u12-14 llc-0b9 1 12 0 12 0
l1d_u12-14 llc-0b10 1 12 0 12 0
l1d_u12-14 llc-0b11 1 12 0 12 0
l1d_u12-14 llc-0b12 1 12 0 12 0
l1d_u12-14 llc-0b13 1 12 0 12 0
l1d_u12-14 llc-0b14 1 12 0 12 0
l1d_u12-14 llc-0b15 1 12 0 12 0
l1d_u12-15 llc-0b0 1 12 0 12 0
l1d_u12-15 llc-0b1 1 12 0 12 0
l1d_u12-15 llc-0b2 1 12 0 12 0
l1d_u12-15 llc-0b3 1 12 0 12 0
l1d_u12-15 llc-0b4 1 12 0 12 0
l1d_u12-15 llc-0b5 1 12 0 12 0
l1d_u12-15 llc-0b6 1 12 0 12 0
l1d_u12-15 llc-0b7 1 12 0 12 0
l1d_u12-15 llc-0b8 1 12 0 12 0
l1d_u12-15 llc-0b9 1 12 0 12 0
l1d_u12-15 llc-0b10 1 12 0 12 0
l1d_u12-15 llc-0b11 1 12 0 12 0
l1d_u12-15 llc-0b12 1 12 0 12 0
l1d_u12-15 llc-0b13 1 12 0 12 0
l1d_u12-15 llc-0b14 1 12 0 12 0
l1d_u12-15 llc-0b15 1 12 0 12 0
l1i_u13-0 llc-0b0 1 13 0 13 0
l1i_u13-0 llc-0b1 1 13 0 13 0
l1i_u13-0 llc-0b2 1 13 0 13 0
l1i_u13-0 llc-0b3 1 13 0 13 0
l1i_u13-0 llc-0b4 1 13 0 13 0
l1i_u13-0 llc-0b5 1 13 0 13 0
l1i_u13-0 llc-0b6 1 13 0 13 0
l1i_u13-0 llc-0b7 1 13 0 13 0
l1i_u13-0 llc-0b8 1 13 0 13 0
l1i_u13-0 llc-0b9 1 13 0 13 0
l1i_u13-0 llc-0b10 1 13 0 13 0
l1i_u13-0 llc-0b11 1 13 0 13 0
l1i_u13-0 llc-0b12 1 13 0 13 0
l1i_u13-0 llc-0b13 1 13 0 13 0
l1i_u13-0 llc-0b14 1 13 0 13 0
l1i_u13-0 llc-0b15 1 13 0 13 0
l1i_u13-1 llc-0b0 1 13 0 13 0
l1i_u13-1 llc-0b1 1 13 0 13 0
l1i_u13-1 llc-0b2 1 13 0 13 0
l1i_u13-1 llc-0b3 1 13 0 13 0
l1i_u13-1 llc-0b4 1 13 0 13 0
l1i_u13-1 llc-0b5 1 13 0 13 0
l1i_u13-1 llc-0b6 1 13 0 13 0
l1i_u13-1 llc-0b7 1 13 0 13 0
l1i_u13-1 llc-0b8 1 13 0 13 0
l1i_u13-1 llc-0b9 1 13 0 13 0
l1i_u13-1 llc-0b10 1 13 0 13 0
l1i_u13-1 llc-0b11 1 13 0 13 0
l1i_u13-1 llc-0b12 1 13 0 13 0
l1i_u13-1 llc-0b13 1 13 0 13 0
l1i_u13-1 llc-0b14 1 13 0 13 0
l1i_u13-1 llc-0b15 1 13 0 13 0
l1i_u13-2 llc-0b0 1 13 0 13 0
l1i_u13-2 llc-0b1 1 13 0 13 0
l1i_u13-2 llc-0b2 1 13 0 13 0
l1i_u13-2 llc-0b3 1 13 0 13 0
l1i_u13-2 llc-0b4 1 13 0 13 0
l1i_u13-2 llc-0b5 1 13 0 13 0
l1i_u13-2 llc-0b6 1 13 0 13 0
l1i_u13-2 llc-0b7 1 13 0 13 0
l1i_u13-2 llc-0b8 1 13 0 13 0
l1i_u13-2 llc-0b9 1 13 0 13 0
l1i_u13-2 llc-0b10 1 13 0 13 0
l1i_u13-2 llc-0b11 1 13 0 13 0
l1i_u13-2 llc-0b12 1 13 0 13 0
l1i_u13-2 llc-0b13 1 13 0 13 0
l1i_u13-2 llc-0b14 1 13 0 13 0
l1i_u13-2 llc-0b15 1 13 0 13 0
l1i_u13-3 llc-0b0 1 13 0 13 0
l1i_u13-3 llc-0b1 1 13 0 13 0
l1i_u13-3 llc-0b2 1 13 0 13 0
l1i_u13-3 llc-0b3 1 13 0 13 0
l1i_u13-3 llc-0b4 1 13 0 13 0
l1i_u13-3 llc-0b5 1 13 0 13 0
l1i_u13-3 llc-0b6 1 13 0 13 0
l1i_u13-3 llc-0b7 1 13 0 13 0
l1i_u13-3 llc-0b8 1 13 0 13 0
l1i_u13-3 llc-0b9 1 13 0 13 0
l1i_u13-3 llc-0b10 1 13 0 13 0
l1i_u13-3 llc-0b11 1 13 0 13 0
l1i_u13-3 llc-0b12 1 13 0 13 0
l1i_u13-3 llc-0b13 1 13 0 13 0
l1i_u13-3 llc-0b14 1 13 0 13 0
l1i_u13-3 llc-0b15 1 13 0 13 0
l1i_u13-4 llc-0b0 1 13 0 13 0
l1i_u13-4 llc-0b1 1 13 0 13 0
l1i_u13-4 llc-0b2 1 13 0 13 0
l1i_u13-4 llc-0b3 1 13 0 13 0
l1i_u13-4 llc-0b4 1 13 0 13 0
l1i_u13-4 llc-0b5 1 13 0 13 0
l1i_u13-4 llc-0b6 1 13 0 13 0
l1i_u13-4 llc-0b7 1 13 0 13 0
l1i_u13-4 llc-0b8 1 13 0 13 0
l1i_u13-4 llc-0b9 1 13 0 13 0
l1i_u13-4 llc-0b10 1 13 0 13 0
l1i_u13-4 llc-0b11 1 13 0 13 0
l1i_u13-4 llc-0b12 1 13 0 13 0
l1i_u13-4 llc-0b13 1 13 0 13 0
l1i_u13-4 llc-0b14 1 13 0 13 0
l1i_u13-4 llc-0b15 1 13 0 13 0
l1i_u13-5 llc-0b0 1 13 0 13 0
l1i_u13-5 llc-0b1 1 13 0 13 0
l1i_u13-5 llc-0b2 1 13 0 13 0
l1i_u13-5 llc-0b3 1 13 0 13 0
l1i_u13-5 llc-0b4 1 13 0 13 0
l1i_u13-5 llc-0b5 1 13 0 13 0
l1i_u13-5 llc-0b6 1 13 0 13 0
l1i_u13-5 llc-0b7 1 13 0 13 0
l1i_u13-5 llc-0b8 1 13 0 13 0
l1i_u13-5 llc-0b9 1 13 0 13 0
l1i_u13-5 llc-0b10 1 13 0 13 0
l1i_u13-5 llc-0b11 1 13 0 13 0
l1i_u13-5 llc-0b12 1 13 0 13 0
l1i_u13-5 llc-0b13 1 13 0 13 0
l1i_u13-5 llc-0b14 1 13 0 13 0
l1i_u13-5 llc-0b15 1 13 0 13 0
l1i_u13-6 llc-0b0 1 13 0 13 0
l1i_u13-6 llc-0b1 1 13 0 13 0
l1i_u13-6 llc-0b2 1 13 0 13 0
l1i_u13-6 llc-0b3 1 13 0 13 0
l1i_u13-6 llc-0b4 1 13 0 13 0
l1i_u13-6 llc-0b5 1 13 0 13 0
l1i_u13-6 llc-0b6 1 13 0 13 0
l1i_u13-6 llc-0b7 1 13 0 13 0
l1i_u13-6 llc-0b8 1 13 0 13 0
l1i_u13-6 llc-0b9 1 13 0 13 0
l1i_u13-6 llc-0b10 1 13 0 13 0
l1i_u13-6 llc-0b11 1 13 0 13 0
l1i_u13-6 llc-0b12 1 13 0 13 0
l1i_u13-6 llc-0b13 1 13 0 13 0
l1i_u13-6 llc-0b14 1 13 0 13 0
l1i_u13-6 llc-0b15 1 13 0 13 0
l1i_u13-7 llc-0b0 1 13 0 13 0
l1i_u13-7 llc-0b1 1 13 0 13 0
l1i_u13-7 llc-0b2 1 13 0 13 0
l1i_u13-7 llc-0b3 1 13 0 13 0
l1i_u13-7 llc-0b4 1 13 0 13 0
l1i_u13-7 llc-0b5 1 13 0 13 0
l1i_u13-7 llc-0b6 1 13 0 13 0
l1i_u13-7 llc-0b7 1 13 0 13 0
l1i_u13-7 llc-0b8 1 13 0 13 0
l1i_u13-7 llc-0b9 1 13 0 13 0
l1i_u13-7 llc-0b10 1 13 0 13 0
l1i_u13-7 llc-0b11 1 13 0 13 0
l1i_u13-7 llc-0b12 1 13 0 13 0
l1i_u13-7 llc-0b13 1 13 0 13 0
l1i_u13-7 llc-0b14 1 13 0 13 0
l1i_u13-7 llc-0b15 1 13 0 13 0
l1i_u13-8 llc-0b0 1 13 0 13 0
l1i_u13-8 llc-0b1 1 13 0 13 0
l1i_u13-8 llc-0b2 1 13 0 13 0
l1i_u13-8 llc-0b3 1 13 0 13 0
l1i_u13-8 llc-0b4 1 13 0 13 0
l1i_u13-8 llc-0b5 1 13 0 13 0
l1i_u13-8 llc-0b6 1 13 0 13 0
l1i_u13-8 llc-0b7 1 13 0 13 0
l1i_u13-8 llc-0b8 1 13 0 13 0
l1i_u13-8 llc-0b9 1 13 0 13 0
l1i_u13-8 llc-0b10 1 13 0 13 0
l1i_u13-8 llc-0b11 1 13 0 13 0
l1i_u13-8 llc-0b12 1 13 0 13 0
l1i_u13-8 llc-0b13 1 13 0 13 0
l1i_u13-8 llc-0b14 1 13 0 13 0
l1i_u13-8 llc-0b15 1 13 0 13 0
l1i_u13-9 llc-0b0 1 13 0 13 0
l1i_u13-9 llc-0b1 1 13 0 13 0
l1i_u13-9 llc-0b2 1 13 0 13 0
l1i_u13-9 llc-0b3 1 13 0 13 0
l1i_u13-9 llc-0b4 1 13 0 13 0
l1i_u13-9 llc-0b5 1 13 0 13 0
l1i_u13-9 llc-0b6 1 13 0 13 0
l1i_u13-9 llc-0b7 1 13 0 13 0
l1i_u13-9 llc-0b8 1 13 0 13 0
l1i_u13-9 llc-0b9 1 13 0 13 0
l1i_u13-9 llc-0b10 1 13 0 13 0
l1i_u13-9 llc-0b11 1 13 0 13 0
l1i_u13-9 llc-0b12 1 13 0 13 0
l1i_u13-9 llc-0b13 1 13 0 13 0
l1i_u13-9 llc-0b14 1 13 0 13 0
l1i_u13-9 llc-0b15 1 13 0 13 0
l1i_u13-10 llc-0b0 1 13 0 13 0
l1i_u13-10 llc-0b1 1 13 0 13 0
l1i_u13-10 llc-0b2 1 13 0 13 0
l1i_u13-10 llc-0b3 1 13 0 13 0
l1i_u13-10 llc-0b4 1 13 0 13 0
l1i_u13-10 llc-0b5 1 13 0 13 0
l1i_u13-10 llc-0b6 1 13 0 13 0
l1i_u13-10 llc-0b7 1 13 0 13 0
l1i_u13-10 llc-0b8 1 13 0 13 0
l1i_u13-10 llc-0b9 1 13 0 13 0
l1i_u13-10 llc-0b10 1 13 0 13 0
l1i_u13-10 llc-0b11 1 13 0 13 0
l1i_u13-10 llc-0b12 1 13 0 13 0
l1i_u13-10 llc-0b13 1 13 0 13 0
l1i_u13-10 llc-0b14 1 13 0 13 0
l1i_u13-10 llc-0b15 1 13 0 13 0
l1i_u13-11 llc-0b0 1 13 0 13 0
l1i_u13-11 llc-0b1 1 13 0 13 0
l1i_u13-11 llc-0b2 1 13 0 13 0
l1i_u13-11 llc-0b3 1 13 0 13 0
l1i_u13-11 llc-0b4 1 13 0 13 0
l1i_u13-11 llc-0b5 1 13 0 13 0
l1i_u13-11 llc-0b6 1 13 0 13 0
l1i_u13-11 llc-0b7 1 13 0 13 0
l1i_u13-11 llc-0b8 1 13 0 13 0
l1i_u13-11 llc-0b9 1 13 0 13 0
l1i_u13-11 llc-0b10 1 13 0 13 0
l1i_u13-11 llc-0b11 1 13 0 13 0
l1i_u13-11 llc-0b12 1 13 0 13 0
l1i_u13-11 llc-0b13 1 13 0 13 0
l1i_u13-11 llc-0b14 1 13 0 13 0
l1i_u13-11 llc-0b15 1 13 0 13 0
l1i_u13-12 llc-0b0 1 13 0 13 0
l1i_u13-12 llc-0b1 1 13 0 13 0
l1i_u13-12 llc-0b2 1 13 0 13 0
l1i_u13-12 llc-0b3 1 13 0 13 0
l1i_u13-12 llc-0b4 1 13 0 13 0
l1i_u13-12 llc-0b5 1 13 0 13 0
l1i_u13-12 llc-0b6 1 13 0 13 0
l1i_u13-12 llc-0b7 1 13 0 13 0
l1i_u13-12 llc-0b8 1 13 0 13 0
l1i_u13-12 llc-0b9 1 13 0 13 0
l1i_u13-12 llc-0b10 1 13 0 13 0
l1i_u13-12 llc-0b11 1 13 0 13 0
l1i_u13-12 llc-0b12 1 13 0 13 0
l1i_u13-12 llc-0b13 1 13 0 13 0
l1i_u13-12 llc-0b14 1 13 0 13 0
l1i_u13-12 llc-0b15 1 13 0 13 0
l1i_u13-13 llc-0b0 1 13 0 13 0
l1i_u13-13 llc-0b1 1 13 0 13 0
l1i_u13-13 llc-0b2 1 13 0 13 0
l1i_u13-13 llc-0b3 1 13 0 13 0
l1i_u13-13 llc-0b4 1 13 0 13 0
l1i_u13-13 llc-0b5 1 13 0 13 0
l1i_u13-13 llc-0b6 1 13 0 13 0
l1i_u13-13 llc-0b7 1 13 0 13 0
l1i_u13-13 llc-0b8 1 13 0 13 0
l1i_u13-13 llc-0b9 1 13 0 13 0
l1i_u13-13 llc-0b10 1 13 0 13 0
l1i_u13-13 llc-0b11 1 13 0 13 0
l1i_u13-13 llc-0b12 1 13 0 13 0
l1i_u13-13 llc-0b13 1 13 0 13 0
l1i_u13-13 llc-0b14 1 13 0 13 0
l1i_u13-13 llc-0b15 1 13 0 13 0
l1i_u13-14 llc-0b0 1 13 0 13 0
l1i_u13-14 llc-0b1 1 13 0 13 0
l1i_u13-14 llc-0b2 1 13 0 13 0
l1i_u13-14 llc-0b3 1 13 0 13 0
l1i_u13-14 llc-0b4 1 13 0 13 0
l1i_u13-14 llc-0b5 1 13 0 13 0
l1i_u13-14 llc-0b6 1 13 0 13 0
l1i_u13-14 llc-0b7 1 13 0 13 0
l1i_u13-14 llc-0b8 1 13 0 13 0
l1i_u13-14 llc-0b9 1 13 0 13 0
l1i_u13-14 llc-0b10 1 13 0 13 0
l1i_u13-14 llc-0b11 1 13 0 13 0
l1i_u13-14 llc-0b12 1 13 0 13 0
l1i_u13-14 llc-0b13 1 13 0 13 0
l1i_u13-14 llc-0b14 1 13 0 13 0
l1i_u13-14 llc-0b15 1 13 0 13 0
l1i_u13-15 llc-0b0 1 13 0 13 0
l1i_u13-15 llc-0b1 1 13 0 13 0
l1i_u13-15 llc-0b2 1 13 0 13 0
l1i_u13-15 llc-0b3 1 13 0 13 0
l1i_u13-15 llc-0b4 1 13 0 13 0
l1i_u13-15 llc-0b5 1 13 0 13 0
l1i_u13-15 llc-0b6 1 13 0 13 0
l1i_u13-15 llc-0b7 1 13 0 13 0
l1i_u13-15 llc-0b8 1 13 0 13 0
l1i_u13-15 llc-0b9 1 13 0 13 0
l1i_u13-15 llc-0b10 1 13 0 13 0
l1i_u13-15 llc-0b11 1 13 0 13 0
l1i_u13-15 llc-0b12 1 13 0 13 0
l1i_u13-15 llc-0b13 1 13 0 13 0
l1i_u13-15 llc-0b14 1 13 0 13 0
l1i_u13-15 llc-0b15 1 13 0 13 0
l1d_u13-0 llc-0b0 1 13 0 13 0
l1d_u13-0 llc-0b1 1 13 0 13 0
l1d_u13-0 llc-0b2 1 13 0 13 0
l1d_u13-0 llc-0b3 1 13 0 13 0
l1d_u13-0 llc-0b4 1 13 0 13 0
l1d_u13-0 llc-0b5 1 13 0 13 0
l1d_u13-0 llc-0b6 1 13 0 13 0
l1d_u13-0 llc-0b7 1 13 0 13 0
l1d_u13-0 llc-0b8 1 13 0 13 0
l1d_u13-0 llc-0b9 1 13 0 13 0
l1d_u13-0 llc-0b10 1 13 0 13 0
l1d_u13-0 llc-0b11 1 13 0 13 0
l1d_u13-0 llc-0b12 1 13 0 13 0
l1d_u13-0 llc-0b13 1 13 0 13 0
l1d_u13-0 llc-0b14 1 13 0 13 0
l1d_u13-0 llc-0b15 1 13 0 13 0
l1d_u13-1 llc-0b0 1 13 0 13 0
l1d_u13-1 llc-0b1 1 13 0 13 0
l1d_u13-1 llc-0b2 1 13 0 13 0
l1d_u13-1 llc-0b3 1 13 0 13 0
l1d_u13-1 llc-0b4 1 13 0 13 0
l1d_u13-1 llc-0b5 1 13 0 13 0
l1d_u13-1 llc-0b6 1 13 0 13 0
l1d_u13-1 llc-0b7 1 13 0 13 0
l1d_u13-1 llc-0b8 1 13 0 13 0
l1d_u13-1 llc-0b9 1 13 0 13 0
l1d_u13-1 llc-0b10 1 13 0 13 0
l1d_u13-1 llc-0b11 1 13 0 13 0
l1d_u13-1 llc-0b12 1 13 0 13 0
l1d_u13-1 llc-0b13 1 13 0 13 0
l1d_u13-1 llc-0b14 1 13 0 13 0
l1d_u13-1 llc-0b15 1 13 0 13 0
l1d_u13-2 llc-0b0 1 13 0 13 0
l1d_u13-2 llc-0b1 1 13 0 13 0
l1d_u13-2 llc-0b2 1 13 0 13 0
l1d_u13-2 llc-0b3 1 13 0 13 0
l1d_u13-2 llc-0b4 1 13 0 13 0
l1d_u13-2 llc-0b5 1 13 0 13 0
l1d_u13-2 llc-0b6 1 13 0 13 0
l1d_u13-2 llc-0b7 1 13 0 13 0
l1d_u13-2 llc-0b8 1 13 0 13 0
l1d_u13-2 llc-0b9 1 13 0 13 0
l1d_u13-2 llc-0b10 1 13 0 13 0
l1d_u13-2 llc-0b11 1 13 0 13 0
l1d_u13-2 llc-0b12 1 13 0 13 0
l1d_u13-2 llc-0b13 1 13 0 13 0
l1d_u13-2 llc-0b14 1 13 0 13 0
l1d_u13-2 llc-0b15 1 13 0 13 0
l1d_u13-3 llc-0b0 1 13 0 13 0
l1d_u13-3 llc-0b1 1 13 0 13 0
l1d_u13-3 llc-0b2 1 13 0 13 0
l1d_u13-3 llc-0b3 1 13 0 13 0
l1d_u13-3 llc-0b4 1 13 0 13 0
l1d_u13-3 llc-0b5 1 13 0 13 0
l1d_u13-3 llc-0b6 1 13 0 13 0
l1d_u13-3 llc-0b7 1 13 0 13 0
l1d_u13-3 llc-0b8 1 13 0 13 0
l1d_u13-3 llc-0b9 1 13 0 13 0
l1d_u13-3 llc-0b10 1 13 0 13 0
l1d_u13-3 llc-0b11 1 13 0 13 0
l1d_u13-3 llc-0b12 1 13 0 13 0
l1d_u13-3 llc-0b13 1 13 0 13 0
l1d_u13-3 llc-0b14 1 13 0 13 0
l1d_u13-3 llc-0b15 1 13 0 13 0
l1d_u13-4 llc-0b0 1 13 0 13 0
l1d_u13-4 llc-0b1 1 13 0 13 0
l1d_u13-4 llc-0b2 1 13 0 13 0
l1d_u13-4 llc-0b3 1 13 0 13 0
l1d_u13-4 llc-0b4 1 13 0 13 0
l1d_u13-4 llc-0b5 1 13 0 13 0
l1d_u13-4 llc-0b6 1 13 0 13 0
l1d_u13-4 llc-0b7 1 13 0 13 0
l1d_u13-4 llc-0b8 1 13 0 13 0
l1d_u13-4 llc-0b9 1 13 0 13 0
l1d_u13-4 llc-0b10 1 13 0 13 0
l1d_u13-4 llc-0b11 1 13 0 13 0
l1d_u13-4 llc-0b12 1 13 0 13 0
l1d_u13-4 llc-0b13 1 13 0 13 0
l1d_u13-4 llc-0b14 1 13 0 13 0
l1d_u13-4 llc-0b15 1 13 0 13 0
l1d_u13-5 llc-0b0 1 13 0 13 0
l1d_u13-5 llc-0b1 1 13 0 13 0
l1d_u13-5 llc-0b2 1 13 0 13 0
l1d_u13-5 llc-0b3 1 13 0 13 0
l1d_u13-5 llc-0b4 1 13 0 13 0
l1d_u13-5 llc-0b5 1 13 0 13 0
l1d_u13-5 llc-0b6 1 13 0 13 0
l1d_u13-5 llc-0b7 1 13 0 13 0
l1d_u13-5 llc-0b8 1 13 0 13 0
l1d_u13-5 llc-0b9 1 13 0 13 0
l1d_u13-5 llc-0b10 1 13 0 13 0
l1d_u13-5 llc-0b11 1 13 0 13 0
l1d_u13-5 llc-0b12 1 13 0 13 0
l1d_u13-5 llc-0b13 1 13 0 13 0
l1d_u13-5 llc-0b14 1 13 0 13 0
l1d_u13-5 llc-0b15 1 13 0 13 0
l1d_u13-6 llc-0b0 1 13 0 13 0
l1d_u13-6 llc-0b1 1 13 0 13 0
l1d_u13-6 llc-0b2 1 13 0 13 0
l1d_u13-6 llc-0b3 1 13 0 13 0
l1d_u13-6 llc-0b4 1 13 0 13 0
l1d_u13-6 llc-0b5 1 13 0 13 0
l1d_u13-6 llc-0b6 1 13 0 13 0
l1d_u13-6 llc-0b7 1 13 0 13 0
l1d_u13-6 llc-0b8 1 13 0 13 0
l1d_u13-6 llc-0b9 1 13 0 13 0
l1d_u13-6 llc-0b10 1 13 0 13 0
l1d_u13-6 llc-0b11 1 13 0 13 0
l1d_u13-6 llc-0b12 1 13 0 13 0
l1d_u13-6 llc-0b13 1 13 0 13 0
l1d_u13-6 llc-0b14 1 13 0 13 0
l1d_u13-6 llc-0b15 1 13 0 13 0
l1d_u13-7 llc-0b0 1 13 0 13 0
l1d_u13-7 llc-0b1 1 13 0 13 0
l1d_u13-7 llc-0b2 1 13 0 13 0
l1d_u13-7 llc-0b3 1 13 0 13 0
l1d_u13-7 llc-0b4 1 13 0 13 0
l1d_u13-7 llc-0b5 1 13 0 13 0
l1d_u13-7 llc-0b6 1 13 0 13 0
l1d_u13-7 llc-0b7 1 13 0 13 0
l1d_u13-7 llc-0b8 1 13 0 13 0
l1d_u13-7 llc-0b9 1 13 0 13 0
l1d_u13-7 llc-0b10 1 13 0 13 0
l1d_u13-7 llc-0b11 1 13 0 13 0
l1d_u13-7 llc-0b12 1 13 0 13 0
l1d_u13-7 llc-0b13 1 13 0 13 0
l1d_u13-7 llc-0b14 1 13 0 13 0
l1d_u13-7 llc-0b15 1 13 0 13 0
l1d_u13-8 llc-0b0 1 13 0 13 0
l1d_u13-8 llc-0b1 1 13 0 13 0
l1d_u13-8 llc-0b2 1 13 0 13 0
l1d_u13-8 llc-0b3 1 13 0 13 0
l1d_u13-8 llc-0b4 1 13 0 13 0
l1d_u13-8 llc-0b5 1 13 0 13 0
l1d_u13-8 llc-0b6 1 13 0 13 0
l1d_u13-8 llc-0b7 1 13 0 13 0
l1d_u13-8 llc-0b8 1 13 0 13 0
l1d_u13-8 llc-0b9 1 13 0 13 0
l1d_u13-8 llc-0b10 1 13 0 13 0
l1d_u13-8 llc-0b11 1 13 0 13 0
l1d_u13-8 llc-0b12 1 13 0 13 0
l1d_u13-8 llc-0b13 1 13 0 13 0
l1d_u13-8 llc-0b14 1 13 0 13 0
l1d_u13-8 llc-0b15 1 13 0 13 0
l1d_u13-9 llc-0b0 1 13 0 13 0
l1d_u13-9 llc-0b1 1 13 0 13 0
l1d_u13-9 llc-0b2 1 13 0 13 0
l1d_u13-9 llc-0b3 1 13 0 13 0
l1d_u13-9 llc-0b4 1 13 0 13 0
l1d_u13-9 llc-0b5 1 13 0 13 0
l1d_u13-9 llc-0b6 1 13 0 13 0
l1d_u13-9 llc-0b7 1 13 0 13 0
l1d_u13-9 llc-0b8 1 13 0 13 0
l1d_u13-9 llc-0b9 1 13 0 13 0
l1d_u13-9 llc-0b10 1 13 0 13 0
l1d_u13-9 llc-0b11 1 13 0 13 0
l1d_u13-9 llc-0b12 1 13 0 13 0
l1d_u13-9 llc-0b13 1 13 0 13 0
l1d_u13-9 llc-0b14 1 13 0 13 0
l1d_u13-9 llc-0b15 1 13 0 13 0
l1d_u13-10 llc-0b0 1 13 0 13 0
l1d_u13-10 llc-0b1 1 13 0 13 0
l1d_u13-10 llc-0b2 1 13 0 13 0
l1d_u13-10 llc-0b3 1 13 0 13 0
l1d_u13-10 llc-0b4 1 13 0 13 0
l1d_u13-10 llc-0b5 1 13 0 13 0
l1d_u13-10 llc-0b6 1 13 0 13 0
l1d_u13-10 llc-0b7 1 13 0 13 0
l1d_u13-10 llc-0b8 1 13 0 13 0
l1d_u13-10 llc-0b9 1 13 0 13 0
l1d_u13-10 llc-0b10 1 13 0 13 0
l1d_u13-10 llc-0b11 1 13 0 13 0
l1d_u13-10 llc-0b12 1 13 0 13 0
l1d_u13-10 llc-0b13 1 13 0 13 0
l1d_u13-10 llc-0b14 1 13 0 13 0
l1d_u13-10 llc-0b15 1 13 0 13 0
l1d_u13-11 llc-0b0 1 13 0 13 0
l1d_u13-11 llc-0b1 1 13 0 13 0
l1d_u13-11 llc-0b2 1 13 0 13 0
l1d_u13-11 llc-0b3 1 13 0 13 0
l1d_u13-11 llc-0b4 1 13 0 13 0
l1d_u13-11 llc-0b5 1 13 0 13 0
l1d_u13-11 llc-0b6 1 13 0 13 0
l1d_u13-11 llc-0b7 1 13 0 13 0
l1d_u13-11 llc-0b8 1 13 0 13 0
l1d_u13-11 llc-0b9 1 13 0 13 0
l1d_u13-11 llc-0b10 1 13 0 13 0
l1d_u13-11 llc-0b11 1 13 0 13 0
l1d_u13-11 llc-0b12 1 13 0 13 0
l1d_u13-11 llc-0b13 1 13 0 13 0
l1d_u13-11 llc-0b14 1 13 0 13 0
l1d_u13-11 llc-0b15 1 13 0 13 0
l1d_u13-12 llc-0b0 1 13 0 13 0
l1d_u13-12 llc-0b1 1 13 0 13 0
l1d_u13-12 llc-0b2 1 13 0 13 0
l1d_u13-12 llc-0b3 1 13 0 13 0
l1d_u13-12 llc-0b4 1 13 0 13 0
l1d_u13-12 llc-0b5 1 13 0 13 0
l1d_u13-12 llc-0b6 1 13 0 13 0
l1d_u13-12 llc-0b7 1 13 0 13 0
l1d_u13-12 llc-0b8 1 13 0 13 0
l1d_u13-12 llc-0b9 1 13 0 13 0
l1d_u13-12 llc-0b10 1 13 0 13 0
l1d_u13-12 llc-0b11 1 13 0 13 0
l1d_u13-12 llc-0b12 1 13 0 13 0
l1d_u13-12 llc-0b13 1 13 0 13 0
l1d_u13-12 llc-0b14 1 13 0 13 0
l1d_u13-12 llc-0b15 1 13 0 13 0
l1d_u13-13 llc-0b0 1 13 0 13 0
l1d_u13-13 llc-0b1 1 13 0 13 0
l1d_u13-13 llc-0b2 1 13 0 13 0
l1d_u13-13 llc-0b3 1 13 0 13 0
l1d_u13-13 llc-0b4 1 13 0 13 0
l1d_u13-13 llc-0b5 1 13 0 13 0
l1d_u13-13 llc-0b6 1 13 0 13 0
l1d_u13-13 llc-0b7 1 13 0 13 0
l1d_u13-13 llc-0b8 1 13 0 13 0
l1d_u13-13 llc-0b9 1 13 0 13 0
l1d_u13-13 llc-0b10 1 13 0 13 0
l1d_u13-13 llc-0b11 1 13 0 13 0
l1d_u13-13 llc-0b12 1 13 0 13 0
l1d_u13-13 llc-0b13 1 13 0 13 0
l1d_u13-13 llc-0b14 1 13 0 13 0
l1d_u13-13 llc-0b15 1 13 0 13 0
l1d_u13-14 llc-0b0 1 13 0 13 0
l1d_u13-14 llc-0b1 1 13 0 13 0
l1d_u13-14 llc-0b2 1 13 0 13 0
l1d_u13-14 llc-0b3 1 13 0 13 0
l1d_u13-14 llc-0b4 1 13 0 13 0
l1d_u13-14 llc-0b5 1 13 0 13 0
l1d_u13-14 llc-0b6 1 13 0 13 0
l1d_u13-14 llc-0b7 1 13 0 13 0
l1d_u13-14 llc-0b8 1 13 0 13 0
l1d_u13-14 llc-0b9 1 13 0 13 0
l1d_u13-14 llc-0b10 1 13 0 13 0
l1d_u13-14 llc-0b11 1 13 0 13 0
l1d_u13-14 llc-0b12 1 13 0 13 0
l1d_u13-14 llc-0b13 1 13 0 13 0
l1d_u13-14 llc-0b14 1 13 0 13 0
l1d_u13-14 llc-0b15 1 13 0 13 0
l1d_u13-15 llc-0b0 1 13 0 13 0
l1d_u13-15 llc-0b1 1 13 0 13 0
l1d_u13-15 llc-0b2 1 13 0 13 0
l1d_u13-15 llc-0b3 1 13 0 13 0
l1d_u13-15 llc-0b4 1 13 0 13 0
l1d_u13-15 llc-0b5 1 13 0 13 0
l1d_u13-15 llc-0b6 1 13 0 13 0
l1d_u13-15 llc-0b7 1 13 0 13 0
l1d_u13-15 llc-0b8 1 13 0 13 0
l1d_u13-15 llc-0b9 1 13 0 13 0
l1d_u13-15 llc-0b10 1 13 0 13 0
l1d_u13-15 llc-0b11 1 13 0 13 0
l1d_u13-15 llc-0b12 1 13 0 13 0
l1d_u13-15 llc-0b13 1 13 0 13 0
l1d_u13-15 llc-0b14 1 13 0 13 0
l1d_u13-15 llc-0b15 1 13 0 13 0
l1i_u14-0 llc-0b0 1 14 0 14 0
l1i_u14-0 llc-0b1 1 14 0 14 0
l1i_u14-0 llc-0b2 1 14 0 14 0
l1i_u14-0 llc-0b3 1 14 0 14 0
l1i_u14-0 llc-0b4 1 14 0 14 0
l1i_u14-0 llc-0b5 1 14 0 14 0
l1i_u14-0 llc-0b6 1 14 0 14 0
l1i_u14-0 llc-0b7 1 14 0 14 0
l1i_u14-0 llc-0b8 1 14 0 14 0
l1i_u14-0 llc-0b9 1 14 0 14 0
l1i_u14-0 llc-0b10 1 14 0 14 0
l1i_u14-0 llc-0b11 1 14 0 14 0
l1i_u14-0 llc-0b12 1 14 0 14 0
l1i_u14-0 llc-0b13 1 14 0 14 0
l1i_u14-0 llc-0b14 1 14 0 14 0
l1i_u14-0 llc-0b15 1 14 0 14 0
l1i_u14-1 llc-0b0 1 14 0 14 0
l1i_u14-1 llc-0b1 1 14 0 14 0
l1i_u14-1 llc-0b2 1 14 0 14 0
l1i_u14-1 llc-0b3 1 14 0 14 0
l1i_u14-1 llc-0b4 1 14 0 14 0
l1i_u14-1 llc-0b5 1 14 0 14 0
l1i_u14-1 llc-0b6 1 14 0 14 0
l1i_u14-1 llc-0b7 1 14 0 14 0
l1i_u14-1 llc-0b8 1 14 0 14 0
l1i_u14-1 llc-0b9 1 14 0 14 0
l1i_u14-1 llc-0b10 1 14 0 14 0
l1i_u14-1 llc-0b11 1 14 0 14 0
l1i_u14-1 llc-0b12 1 14 0 14 0
l1i_u14-1 llc-0b13 1 14 0 14 0
l1i_u14-1 llc-0b14 1 14 0 14 0
l1i_u14-1 llc-0b15 1 14 0 14 0
l1i_u14-2 llc-0b0 1 14 0 14 0
l1i_u14-2 llc-0b1 1 14 0 14 0
l1i_u14-2 llc-0b2 1 14 0 14 0
l1i_u14-2 llc-0b3 1 14 0 14 0
l1i_u14-2 llc-0b4 1 14 0 14 0
l1i_u14-2 llc-0b5 1 14 0 14 0
l1i_u14-2 llc-0b6 1 14 0 14 0
l1i_u14-2 llc-0b7 1 14 0 14 0
l1i_u14-2 llc-0b8 1 14 0 14 0
l1i_u14-2 llc-0b9 1 14 0 14 0
l1i_u14-2 llc-0b10 1 14 0 14 0
l1i_u14-2 llc-0b11 1 14 0 14 0
l1i_u14-2 llc-0b12 1 14 0 14 0
l1i_u14-2 llc-0b13 1 14 0 14 0
l1i_u14-2 llc-0b14 1 14 0 14 0
l1i_u14-2 llc-0b15 1 14 0 14 0
l1i_u14-3 llc-0b0 1 14 0 14 0
l1i_u14-3 llc-0b1 1 14 0 14 0
l1i_u14-3 llc-0b2 1 14 0 14 0
l1i_u14-3 llc-0b3 1 14 0 14 0
l1i_u14-3 llc-0b4 1 14 0 14 0
l1i_u14-3 llc-0b5 1 14 0 14 0
l1i_u14-3 llc-0b6 1 14 0 14 0
l1i_u14-3 llc-0b7 1 14 0 14 0
l1i_u14-3 llc-0b8 1 14 0 14 0
l1i_u14-3 llc-0b9 1 14 0 14 0
l1i_u14-3 llc-0b10 1 14 0 14 0
l1i_u14-3 llc-0b11 1 14 0 14 0
l1i_u14-3 llc-0b12 1 14 0 14 0
l1i_u14-3 llc-0b13 1 14 0 14 0
l1i_u14-3 llc-0b14 1 14 0 14 0
l1i_u14-3 llc-0b15 1 14 0 14 0
l1i_u14-4 llc-0b0 1 14 0 14 0
l1i_u14-4 llc-0b1 1 14 0 14 0
l1i_u14-4 llc-0b2 1 14 0 14 0
l1i_u14-4 llc-0b3 1 14 0 14 0
l1i_u14-4 llc-0b4 1 14 0 14 0
l1i_u14-4 llc-0b5 1 14 0 14 0
l1i_u14-4 llc-0b6 1 14 0 14 0
l1i_u14-4 llc-0b7 1 14 0 14 0
l1i_u14-4 llc-0b8 1 14 0 14 0
l1i_u14-4 llc-0b9 1 14 0 14 0
l1i_u14-4 llc-0b10 1 14 0 14 0
l1i_u14-4 llc-0b11 1 14 0 14 0
l1i_u14-4 llc-0b12 1 14 0 14 0
l1i_u14-4 llc-0b13 1 14 0 14 0
l1i_u14-4 llc-0b14 1 14 0 14 0
l1i_u14-4 llc-0b15 1 14 0 14 0
l1i_u14-5 llc-0b0 1 14 0 14 0
l1i_u14-5 llc-0b1 1 14 0 14 0
l1i_u14-5 llc-0b2 1 14 0 14 0
l1i_u14-5 llc-0b3 1 14 0 14 0
l1i_u14-5 llc-0b4 1 14 0 14 0
l1i_u14-5 llc-0b5 1 14 0 14 0
l1i_u14-5 llc-0b6 1 14 0 14 0
l1i_u14-5 llc-0b7 1 14 0 14 0
l1i_u14-5 llc-0b8 1 14 0 14 0
l1i_u14-5 llc-0b9 1 14 0 14 0
l1i_u14-5 llc-0b10 1 14 0 14 0
l1i_u14-5 llc-0b11 1 14 0 14 0
l1i_u14-5 llc-0b12 1 14 0 14 0
l1i_u14-5 llc-0b13 1 14 0 14 0
l1i_u14-5 llc-0b14 1 14 0 14 0
l1i_u14-5 llc-0b15 1 14 0 14 0
l1i_u14-6 llc-0b0 1 14 0 14 0
l1i_u14-6 llc-0b1 1 14 0 14 0
l1i_u14-6 llc-0b2 1 14 0 14 0
l1i_u14-6 llc-0b3 1 14 0 14 0
l1i_u14-6 llc-0b4 1 14 0 14 0
l1i_u14-6 llc-0b5 1 14 0 14 0
l1i_u14-6 llc-0b6 1 14 0 14 0
l1i_u14-6 llc-0b7 1 14 0 14 0
l1i_u14-6 llc-0b8 1 14 0 14 0
l1i_u14-6 llc-0b9 1 14 0 14 0
l1i_u14-6 llc-0b10 1 14 0 14 0
l1i_u14-6 llc-0b11 1 14 0 14 0
l1i_u14-6 llc-0b12 1 14 0 14 0
l1i_u14-6 llc-0b13 1 14 0 14 0
l1i_u14-6 llc-0b14 1 14 0 14 0
l1i_u14-6 llc-0b15 1 14 0 14 0
l1i_u14-7 llc-0b0 1 14 0 14 0
l1i_u14-7 llc-0b1 1 14 0 14 0
l1i_u14-7 llc-0b2 1 14 0 14 0
l1i_u14-7 llc-0b3 1 14 0 14 0
l1i_u14-7 llc-0b4 1 14 0 14 0
l1i_u14-7 llc-0b5 1 14 0 14 0
l1i_u14-7 llc-0b6 1 14 0 14 0
l1i_u14-7 llc-0b7 1 14 0 14 0
l1i_u14-7 llc-0b8 1 14 0 14 0
l1i_u14-7 llc-0b9 1 14 0 14 0
l1i_u14-7 llc-0b10 1 14 0 14 0
l1i_u14-7 llc-0b11 1 14 0 14 0
l1i_u14-7 llc-0b12 1 14 0 14 0
l1i_u14-7 llc-0b13 1 14 0 14 0
l1i_u14-7 llc-0b14 1 14 0 14 0
l1i_u14-7 llc-0b15 1 14 0 14 0
l1i_u14-8 llc-0b0 1 14 0 14 0
l1i_u14-8 llc-0b1 1 14 0 14 0
l1i_u14-8 llc-0b2 1 14 0 14 0
l1i_u14-8 llc-0b3 1 14 0 14 0
l1i_u14-8 llc-0b4 1 14 0 14 0
l1i_u14-8 llc-0b5 1 14 0 14 0
l1i_u14-8 llc-0b6 1 14 0 14 0
l1i_u14-8 llc-0b7 1 14 0 14 0
l1i_u14-8 llc-0b8 1 14 0 14 0
l1i_u14-8 llc-0b9 1 14 0 14 0
l1i_u14-8 llc-0b10 1 14 0 14 0
l1i_u14-8 llc-0b11 1 14 0 14 0
l1i_u14-8 llc-0b12 1 14 0 14 0
l1i_u14-8 llc-0b13 1 14 0 14 0
l1i_u14-8 llc-0b14 1 14 0 14 0
l1i_u14-8 llc-0b15 1 14 0 14 0
l1i_u14-9 llc-0b0 1 14 0 14 0
l1i_u14-9 llc-0b1 1 14 0 14 0
l1i_u14-9 llc-0b2 1 14 0 14 0
l1i_u14-9 llc-0b3 1 14 0 14 0
l1i_u14-9 llc-0b4 1 14 0 14 0
l1i_u14-9 llc-0b5 1 14 0 14 0
l1i_u14-9 llc-0b6 1 14 0 14 0
l1i_u14-9 llc-0b7 1 14 0 14 0
l1i_u14-9 llc-0b8 1 14 0 14 0
l1i_u14-9 llc-0b9 1 14 0 14 0
l1i_u14-9 llc-0b10 1 14 0 14 0
l1i_u14-9 llc-0b11 1 14 0 14 0
l1i_u14-9 llc-0b12 1 14 0 14 0
l1i_u14-9 llc-0b13 1 14 0 14 0
l1i_u14-9 llc-0b14 1 14 0 14 0
l1i_u14-9 llc-0b15 1 14 0 14 0
l1i_u14-10 llc-0b0 1 14 0 14 0
l1i_u14-10 llc-0b1 1 14 0 14 0
l1i_u14-10 llc-0b2 1 14 0 14 0
l1i_u14-10 llc-0b3 1 14 0 14 0
l1i_u14-10 llc-0b4 1 14 0 14 0
l1i_u14-10 llc-0b5 1 14 0 14 0
l1i_u14-10 llc-0b6 1 14 0 14 0
l1i_u14-10 llc-0b7 1 14 0 14 0
l1i_u14-10 llc-0b8 1 14 0 14 0
l1i_u14-10 llc-0b9 1 14 0 14 0
l1i_u14-10 llc-0b10 1 14 0 14 0
l1i_u14-10 llc-0b11 1 14 0 14 0
l1i_u14-10 llc-0b12 1 14 0 14 0
l1i_u14-10 llc-0b13 1 14 0 14 0
l1i_u14-10 llc-0b14 1 14 0 14 0
l1i_u14-10 llc-0b15 1 14 0 14 0
l1i_u14-11 llc-0b0 1 14 0 14 0
l1i_u14-11 llc-0b1 1 14 0 14 0
l1i_u14-11 llc-0b2 1 14 0 14 0
l1i_u14-11 llc-0b3 1 14 0 14 0
l1i_u14-11 llc-0b4 1 14 0 14 0
l1i_u14-11 llc-0b5 1 14 0 14 0
l1i_u14-11 llc-0b6 1 14 0 14 0
l1i_u14-11 llc-0b7 1 14 0 14 0
l1i_u14-11 llc-0b8 1 14 0 14 0
l1i_u14-11 llc-0b9 1 14 0 14 0
l1i_u14-11 llc-0b10 1 14 0 14 0
l1i_u14-11 llc-0b11 1 14 0 14 0
l1i_u14-11 llc-0b12 1 14 0 14 0
l1i_u14-11 llc-0b13 1 14 0 14 0
l1i_u14-11 llc-0b14 1 14 0 14 0
l1i_u14-11 llc-0b15 1 14 0 14 0
l1i_u14-12 llc-0b0 1 14 0 14 0
l1i_u14-12 llc-0b1 1 14 0 14 0
l1i_u14-12 llc-0b2 1 14 0 14 0
l1i_u14-12 llc-0b3 1 14 0 14 0
l1i_u14-12 llc-0b4 1 14 0 14 0
l1i_u14-12 llc-0b5 1 14 0 14 0
l1i_u14-12 llc-0b6 1 14 0 14 0
l1i_u14-12 llc-0b7 1 14 0 14 0
l1i_u14-12 llc-0b8 1 14 0 14 0
l1i_u14-12 llc-0b9 1 14 0 14 0
l1i_u14-12 llc-0b10 1 14 0 14 0
l1i_u14-12 llc-0b11 1 14 0 14 0
l1i_u14-12 llc-0b12 1 14 0 14 0
l1i_u14-12 llc-0b13 1 14 0 14 0
l1i_u14-12 llc-0b14 1 14 0 14 0
l1i_u14-12 llc-0b15 1 14 0 14 0
l1i_u14-13 llc-0b0 1 14 0 14 0
l1i_u14-13 llc-0b1 1 14 0 14 0
l1i_u14-13 llc-0b2 1 14 0 14 0
l1i_u14-13 llc-0b3 1 14 0 14 0
l1i_u14-13 llc-0b4 1 14 0 14 0
l1i_u14-13 llc-0b5 1 14 0 14 0
l1i_u14-13 llc-0b6 1 14 0 14 0
l1i_u14-13 llc-0b7 1 14 0 14 0
l1i_u14-13 llc-0b8 1 14 0 14 0
l1i_u14-13 llc-0b9 1 14 0 14 0
l1i_u14-13 llc-0b10 1 14 0 14 0
l1i_u14-13 llc-0b11 1 14 0 14 0
l1i_u14-13 llc-0b12 1 14 0 14 0
l1i_u14-13 llc-0b13 1 14 0 14 0
l1i_u14-13 llc-0b14 1 14 0 14 0
l1i_u14-13 llc-0b15 1 14 0 14 0
l1i_u14-14 llc-0b0 1 14 0 14 0
l1i_u14-14 llc-0b1 1 14 0 14 0
l1i_u14-14 llc-0b2 1 14 0 14 0
l1i_u14-14 llc-0b3 1 14 0 14 0
l1i_u14-14 llc-0b4 1 14 0 14 0
l1i_u14-14 llc-0b5 1 14 0 14 0
l1i_u14-14 llc-0b6 1 14 0 14 0
l1i_u14-14 llc-0b7 1 14 0 14 0
l1i_u14-14 llc-0b8 1 14 0 14 0
l1i_u14-14 llc-0b9 1 14 0 14 0
l1i_u14-14 llc-0b10 1 14 0 14 0
l1i_u14-14 llc-0b11 1 14 0 14 0
l1i_u14-14 llc-0b12 1 14 0 14 0
l1i_u14-14 llc-0b13 1 14 0 14 0
l1i_u14-14 llc-0b14 1 14 0 14 0
l1i_u14-14 llc-0b15 1 14 0 14 0
l1i_u14-15 llc-0b0 1 14 0 14 0
l1i_u14-15 llc-0b1 1 14 0 14 0
l1i_u14-15 llc-0b2 1 14 0 14 0
l1i_u14-15 llc-0b3 1 14 0 14 0
l1i_u14-15 llc-0b4 1 14 0 14 0
l1i_u14-15 llc-0b5 1 14 0 14 0
l1i_u14-15 llc-0b6 1 14 0 14 0
l1i_u14-15 llc-0b7 1 14 0 14 0
l1i_u14-15 llc-0b8 1 14 0 14 0
l1i_u14-15 llc-0b9 1 14 0 14 0
l1i_u14-15 llc-0b10 1 14 0 14 0
l1i_u14-15 llc-0b11 1 14 0 14 0
l1i_u14-15 llc-0b12 1 14 0 14 0
l1i_u14-15 llc-0b13 1 14 0 14 0
l1i_u14-15 llc-0b14 1 14 0 14 0
l1i_u14-15 llc-0b15 1 14 0 14 0
l1d_u14-0 llc-0b0 1 14 0 14 0
l1d_u14-0 llc-0b1 1 14 0 14 0
l1d_u14-0 llc-0b2 1 14 0 14 0
l1d_u14-0 llc-0b3 1 14 0 14 0
l1d_u14-0 llc-0b4 1 14 0 14 0
l1d_u14-0 llc-0b5 1 14 0 14 0
l1d_u14-0 llc-0b6 1 14 0 14 0
l1d_u14-0 llc-0b7 1 14 0 14 0
l1d_u14-0 llc-0b8 1 14 0 14 0
l1d_u14-0 llc-0b9 1 14 0 14 0
l1d_u14-0 llc-0b10 1 14 0 14 0
l1d_u14-0 llc-0b11 1 14 0 14 0
l1d_u14-0 llc-0b12 1 14 0 14 0
l1d_u14-0 llc-0b13 1 14 0 14 0
l1d_u14-0 llc-0b14 1 14 0 14 0
l1d_u14-0 llc-0b15 1 14 0 14 0
l1d_u14-1 llc-0b0 1 14 0 14 0
l1d_u14-1 llc-0b1 1 14 0 14 0
l1d_u14-1 llc-0b2 1 14 0 14 0
l1d_u14-1 llc-0b3 1 14 0 14 0
l1d_u14-1 llc-0b4 1 14 0 14 0
l1d_u14-1 llc-0b5 1 14 0 14 0
l1d_u14-1 llc-0b6 1 14 0 14 0
l1d_u14-1 llc-0b7 1 14 0 14 0
l1d_u14-1 llc-0b8 1 14 0 14 0
l1d_u14-1 llc-0b9 1 14 0 14 0
l1d_u14-1 llc-0b10 1 14 0 14 0
l1d_u14-1 llc-0b11 1 14 0 14 0
l1d_u14-1 llc-0b12 1 14 0 14 0
l1d_u14-1 llc-0b13 1 14 0 14 0
l1d_u14-1 llc-0b14 1 14 0 14 0
l1d_u14-1 llc-0b15 1 14 0 14 0
l1d_u14-2 llc-0b0 1 14 0 14 0
l1d_u14-2 llc-0b1 1 14 0 14 0
l1d_u14-2 llc-0b2 1 14 0 14 0
l1d_u14-2 llc-0b3 1 14 0 14 0
l1d_u14-2 llc-0b4 1 14 0 14 0
l1d_u14-2 llc-0b5 1 14 0 14 0
l1d_u14-2 llc-0b6 1 14 0 14 0
l1d_u14-2 llc-0b7 1 14 0 14 0
l1d_u14-2 llc-0b8 1 14 0 14 0
l1d_u14-2 llc-0b9 1 14 0 14 0
l1d_u14-2 llc-0b10 1 14 0 14 0
l1d_u14-2 llc-0b11 1 14 0 14 0
l1d_u14-2 llc-0b12 1 14 0 14 0
l1d_u14-2 llc-0b13 1 14 0 14 0
l1d_u14-2 llc-0b14 1 14 0 14 0
l1d_u14-2 llc-0b15 1 14 0 14 0
l1d_u14-3 llc-0b0 1 14 0 14 0
l1d_u14-3 llc-0b1 1 14 0 14 0
l1d_u14-3 llc-0b2 1 14 0 14 0
l1d_u14-3 llc-0b3 1 14 0 14 0
l1d_u14-3 llc-0b4 1 14 0 14 0
l1d_u14-3 llc-0b5 1 14 0 14 0
l1d_u14-3 llc-0b6 1 14 0 14 0
l1d_u14-3 llc-0b7 1 14 0 14 0
l1d_u14-3 llc-0b8 1 14 0 14 0
l1d_u14-3 llc-0b9 1 14 0 14 0
l1d_u14-3 llc-0b10 1 14 0 14 0
l1d_u14-3 llc-0b11 1 14 0 14 0
l1d_u14-3 llc-0b12 1 14 0 14 0
l1d_u14-3 llc-0b13 1 14 0 14 0
l1d_u14-3 llc-0b14 1 14 0 14 0
l1d_u14-3 llc-0b15 1 14 0 14 0
l1d_u14-4 llc-0b0 1 14 0 14 0
l1d_u14-4 llc-0b1 1 14 0 14 0
l1d_u14-4 llc-0b2 1 14 0 14 0
l1d_u14-4 llc-0b3 1 14 0 14 0
l1d_u14-4 llc-0b4 1 14 0 14 0
l1d_u14-4 llc-0b5 1 14 0 14 0
l1d_u14-4 llc-0b6 1 14 0 14 0
l1d_u14-4 llc-0b7 1 14 0 14 0
l1d_u14-4 llc-0b8 1 14 0 14 0
l1d_u14-4 llc-0b9 1 14 0 14 0
l1d_u14-4 llc-0b10 1 14 0 14 0
l1d_u14-4 llc-0b11 1 14 0 14 0
l1d_u14-4 llc-0b12 1 14 0 14 0
l1d_u14-4 llc-0b13 1 14 0 14 0
l1d_u14-4 llc-0b14 1 14 0 14 0
l1d_u14-4 llc-0b15 1 14 0 14 0
l1d_u14-5 llc-0b0 1 14 0 14 0
l1d_u14-5 llc-0b1 1 14 0 14 0
l1d_u14-5 llc-0b2 1 14 0 14 0
l1d_u14-5 llc-0b3 1 14 0 14 0
l1d_u14-5 llc-0b4 1 14 0 14 0
l1d_u14-5 llc-0b5 1 14 0 14 0
l1d_u14-5 llc-0b6 1 14 0 14 0
l1d_u14-5 llc-0b7 1 14 0 14 0
l1d_u14-5 llc-0b8 1 14 0 14 0
l1d_u14-5 llc-0b9 1 14 0 14 0
l1d_u14-5 llc-0b10 1 14 0 14 0
l1d_u14-5 llc-0b11 1 14 0 14 0
l1d_u14-5 llc-0b12 1 14 0 14 0
l1d_u14-5 llc-0b13 1 14 0 14 0
l1d_u14-5 llc-0b14 1 14 0 14 0
l1d_u14-5 llc-0b15 1 14 0 14 0
l1d_u14-6 llc-0b0 1 14 0 14 0
l1d_u14-6 llc-0b1 1 14 0 14 0
l1d_u14-6 llc-0b2 1 14 0 14 0
l1d_u14-6 llc-0b3 1 14 0 14 0
l1d_u14-6 llc-0b4 1 14 0 14 0
l1d_u14-6 llc-0b5 1 14 0 14 0
l1d_u14-6 llc-0b6 1 14 0 14 0
l1d_u14-6 llc-0b7 1 14 0 14 0
l1d_u14-6 llc-0b8 1 14 0 14 0
l1d_u14-6 llc-0b9 1 14 0 14 0
l1d_u14-6 llc-0b10 1 14 0 14 0
l1d_u14-6 llc-0b11 1 14 0 14 0
l1d_u14-6 llc-0b12 1 14 0 14 0
l1d_u14-6 llc-0b13 1 14 0 14 0
l1d_u14-6 llc-0b14 1 14 0 14 0
l1d_u14-6 llc-0b15 1 14 0 14 0
l1d_u14-7 llc-0b0 1 14 0 14 0
l1d_u14-7 llc-0b1 1 14 0 14 0
l1d_u14-7 llc-0b2 1 14 0 14 0
l1d_u14-7 llc-0b3 1 14 0 14 0
l1d_u14-7 llc-0b4 1 14 0 14 0
l1d_u14-7 llc-0b5 1 14 0 14 0
l1d_u14-7 llc-0b6 1 14 0 14 0
l1d_u14-7 llc-0b7 1 14 0 14 0
l1d_u14-7 llc-0b8 1 14 0 14 0
l1d_u14-7 llc-0b9 1 14 0 14 0
l1d_u14-7 llc-0b10 1 14 0 14 0
l1d_u14-7 llc-0b11 1 14 0 14 0
l1d_u14-7 llc-0b12 1 14 0 14 0
l1d_u14-7 llc-0b13 1 14 0 14 0
l1d_u14-7 llc-0b14 1 14 0 14 0
l1d_u14-7 llc-0b15 1 14 0 14 0
l1d_u14-8 llc-0b0 1 14 0 14 0
l1d_u14-8 llc-0b1 1 14 0 14 0
l1d_u14-8 llc-0b2 1 14 0 14 0
l1d_u14-8 llc-0b3 1 14 0 14 0
l1d_u14-8 llc-0b4 1 14 0 14 0
l1d_u14-8 llc-0b5 1 14 0 14 0
l1d_u14-8 llc-0b6 1 14 0 14 0
l1d_u14-8 llc-0b7 1 14 0 14 0
l1d_u14-8 llc-0b8 1 14 0 14 0
l1d_u14-8 llc-0b9 1 14 0 14 0
l1d_u14-8 llc-0b10 1 14 0 14 0
l1d_u14-8 llc-0b11 1 14 0 14 0
l1d_u14-8 llc-0b12 1 14 0 14 0
l1d_u14-8 llc-0b13 1 14 0 14 0
l1d_u14-8 llc-0b14 1 14 0 14 0
l1d_u14-8 llc-0b15 1 14 0 14 0
l1d_u14-9 llc-0b0 1 14 0 14 0
l1d_u14-9 llc-0b1 1 14 0 14 0
l1d_u14-9 llc-0b2 1 14 0 14 0
l1d_u14-9 llc-0b3 1 14 0 14 0
l1d_u14-9 llc-0b4 1 14 0 14 0
l1d_u14-9 llc-0b5 1 14 0 14 0
l1d_u14-9 llc-0b6 1 14 0 14 0
l1d_u14-9 llc-0b7 1 14 0 14 0
l1d_u14-9 llc-0b8 1 14 0 14 0
l1d_u14-9 llc-0b9 1 14 0 14 0
l1d_u14-9 llc-0b10 1 14 0 14 0
l1d_u14-9 llc-0b11 1 14 0 14 0
l1d_u14-9 llc-0b12 1 14 0 14 0
l1d_u14-9 llc-0b13 1 14 0 14 0
l1d_u14-9 llc-0b14 1 14 0 14 0
l1d_u14-9 llc-0b15 1 14 0 14 0
l1d_u14-10 llc-0b0 1 14 0 14 0
l1d_u14-10 llc-0b1 1 14 0 14 0
l1d_u14-10 llc-0b2 1 14 0 14 0
l1d_u14-10 llc-0b3 1 14 0 14 0
l1d_u14-10 llc-0b4 1 14 0 14 0
l1d_u14-10 llc-0b5 1 14 0 14 0
l1d_u14-10 llc-0b6 1 14 0 14 0
l1d_u14-10 llc-0b7 1 14 0 14 0
l1d_u14-10 llc-0b8 1 14 0 14 0
l1d_u14-10 llc-0b9 1 14 0 14 0
l1d_u14-10 llc-0b10 1 14 0 14 0
l1d_u14-10 llc-0b11 1 14 0 14 0
l1d_u14-10 llc-0b12 1 14 0 14 0
l1d_u14-10 llc-0b13 1 14 0 14 0
l1d_u14-10 llc-0b14 1 14 0 14 0
l1d_u14-10 llc-0b15 1 14 0 14 0
l1d_u14-11 llc-0b0 1 14 0 14 0
l1d_u14-11 llc-0b1 1 14 0 14 0
l1d_u14-11 llc-0b2 1 14 0 14 0
l1d_u14-11 llc-0b3 1 14 0 14 0
l1d_u14-11 llc-0b4 1 14 0 14 0
l1d_u14-11 llc-0b5 1 14 0 14 0
l1d_u14-11 llc-0b6 1 14 0 14 0
l1d_u14-11 llc-0b7 1 14 0 14 0
l1d_u14-11 llc-0b8 1 14 0 14 0
l1d_u14-11 llc-0b9 1 14 0 14 0
l1d_u14-11 llc-0b10 1 14 0 14 0
l1d_u14-11 llc-0b11 1 14 0 14 0
l1d_u14-11 llc-0b12 1 14 0 14 0
l1d_u14-11 llc-0b13 1 14 0 14 0
l1d_u14-11 llc-0b14 1 14 0 14 0
l1d_u14-11 llc-0b15 1 14 0 14 0
l1d_u14-12 llc-0b0 1 14 0 14 0
l1d_u14-12 llc-0b1 1 14 0 14 0
l1d_u14-12 llc-0b2 1 14 0 14 0
l1d_u14-12 llc-0b3 1 14 0 14 0
l1d_u14-12 llc-0b4 1 14 0 14 0
l1d_u14-12 llc-0b5 1 14 0 14 0
l1d_u14-12 llc-0b6 1 14 0 14 0
l1d_u14-12 llc-0b7 1 14 0 14 0
l1d_u14-12 llc-0b8 1 14 0 14 0
l1d_u14-12 llc-0b9 1 14 0 14 0
l1d_u14-12 llc-0b10 1 14 0 14 0
l1d_u14-12 llc-0b11 1 14 0 14 0
l1d_u14-12 llc-0b12 1 14 0 14 0
l1d_u14-12 llc-0b13 1 14 0 14 0
l1d_u14-12 llc-0b14 1 14 0 14 0
l1d_u14-12 llc-0b15 1 14 0 14 0
l1d_u14-13 llc-0b0 1 14 0 14 0
l1d_u14-13 llc-0b1 1 14 0 14 0
l1d_u14-13 llc-0b2 1 14 0 14 0
l1d_u14-13 llc-0b3 1 14 0 14 0
l1d_u14-13 llc-0b4 1 14 0 14 0
l1d_u14-13 llc-0b5 1 14 0 14 0
l1d_u14-13 llc-0b6 1 14 0 14 0
l1d_u14-13 llc-0b7 1 14 0 14 0
l1d_u14-13 llc-0b8 1 14 0 14 0
l1d_u14-13 llc-0b9 1 14 0 14 0
l1d_u14-13 llc-0b10 1 14 0 14 0
l1d_u14-13 llc-0b11 1 14 0 14 0
l1d_u14-13 llc-0b12 1 14 0 14 0
l1d_u14-13 llc-0b13 1 14 0 14 0
l1d_u14-13 llc-0b14 1 14 0 14 0
l1d_u14-13 llc-0b15 1 14 0 14 0
l1d_u14-14 llc-0b0 1 14 0 14 0
l1d_u14-14 llc-0b1 1 14 0 14 0
l1d_u14-14 llc-0b2 1 14 0 14 0
l1d_u14-14 llc-0b3 1 14 0 14 0
l1d_u14-14 llc-0b4 1 14 0 14 0
l1d_u14-14 llc-0b5 1 14 0 14 0
l1d_u14-14 llc-0b6 1 14 0 14 0
l1d_u14-14 llc-0b7 1 14 0 14 0
l1d_u14-14 llc-0b8 1 14 0 14 0
l1d_u14-14 llc-0b9 1 14 0 14 0
l1d_u14-14 llc-0b10 1 14 0 14 0
l1d_u14-14 llc-0b11 1 14 0 14 0
l1d_u14-14 llc-0b12 1 14 0 14 0
l1d_u14-14 llc-0b13 1 14 0 14 0
l1d_u14-14 llc-0b14 1 14 0 14 0
l1d_u14-14 llc-0b15 1 14 0 14 0
l1d_u14-15 llc-0b0 1 14 0 14 0
l1d_u14-15 llc-0b1 1 14 0 14 0
l1d_u14-15 llc-0b2 1 14 0 14 0
l1d_u14-15 llc-0b3 1 14 0 14 0
l1d_u14-15 llc-0b4 1 14 0 14 0
l1d_u14-15 llc-0b5 1 14 0 14 0
l1d_u14-15 llc-0b6 1 14 0 14 0
l1d_u14-15 llc-0b7 1 14 0 14 0
l1d_u14-15 llc-0b8 1 14 0 14 0
l1d_u14-15 llc-0b9 1 14 0 14 0
l1d_u14-15 llc-0b10 1 14 0 14 0
l1d_u14-15 llc-0b11 1 14 0 14 0
l1d_u14-15 llc-0b12 1 14 0 14 0
l1d_u14-15 llc-0b13 1 14 0 14 0
l1d_u14-15 llc-0b14 1 14 0 14 0
l1d_u14-15 llc-0b15 1 14 0 14 0
l1i_u15-0 llc-0b0 1 15 0 15 0
l1i_u15-0 llc-0b1 1 15 0 15 0
l1i_u15-0 llc-0b2 1 15 0 15 0
l1i_u15-0 llc-0b3 1 15 0 15 0
l1i_u15-0 llc-0b4 1 15 0 15 0
l1i_u15-0 llc-0b5 1 15 0 15 0
l1i_u15-0 llc-0b6 1 15 0 15 0
l1i_u15-0 llc-0b7 1 15 0 15 0
l1i_u15-0 llc-0b8 1 15 0 15 0
l1i_u15-0 llc-0b9 1 15 0 15 0
l1i_u15-0 llc-0b10 1 15 0 15 0
l1i_u15-0 llc-0b11 1 15 0 15 0
l1i_u15-0 llc-0b12 1 15 0 15 0
l1i_u15-0 llc-0b13 1 15 0 15 0
l1i_u15-0 llc-0b14 1 15 0 15 0
l1i_u15-0 llc-0b15 1 15 0 15 0
l1i_u15-1 llc-0b0 1 15 0 15 0
l1i_u15-1 llc-0b1 1 15 0 15 0
l1i_u15-1 llc-0b2 1 15 0 15 0
l1i_u15-1 llc-0b3 1 15 0 15 0
l1i_u15-1 llc-0b4 1 15 0 15 0
l1i_u15-1 llc-0b5 1 15 0 15 0
l1i_u15-1 llc-0b6 1 15 0 15 0
l1i_u15-1 llc-0b7 1 15 0 15 0
l1i_u15-1 llc-0b8 1 15 0 15 0
l1i_u15-1 llc-0b9 1 15 0 15 0
l1i_u15-1 llc-0b10 1 15 0 15 0
l1i_u15-1 llc-0b11 1 15 0 15 0
l1i_u15-1 llc-0b12 1 15 0 15 0
l1i_u15-1 llc-0b13 1 15 0 15 0
l1i_u15-1 llc-0b14 1 15 0 15 0
l1i_u15-1 llc-0b15 1 15 0 15 0
l1i_u15-2 llc-0b0 1 15 0 15 0
l1i_u15-2 llc-0b1 1 15 0 15 0
l1i_u15-2 llc-0b2 1 15 0 15 0
l1i_u15-2 llc-0b3 1 15 0 15 0
l1i_u15-2 llc-0b4 1 15 0 15 0
l1i_u15-2 llc-0b5 1 15 0 15 0
l1i_u15-2 llc-0b6 1 15 0 15 0
l1i_u15-2 llc-0b7 1 15 0 15 0
l1i_u15-2 llc-0b8 1 15 0 15 0
l1i_u15-2 llc-0b9 1 15 0 15 0
l1i_u15-2 llc-0b10 1 15 0 15 0
l1i_u15-2 llc-0b11 1 15 0 15 0
l1i_u15-2 llc-0b12 1 15 0 15 0
l1i_u15-2 llc-0b13 1 15 0 15 0
l1i_u15-2 llc-0b14 1 15 0 15 0
l1i_u15-2 llc-0b15 1 15 0 15 0
l1i_u15-3 llc-0b0 1 15 0 15 0
l1i_u15-3 llc-0b1 1 15 0 15 0
l1i_u15-3 llc-0b2 1 15 0 15 0
l1i_u15-3 llc-0b3 1 15 0 15 0
l1i_u15-3 llc-0b4 1 15 0 15 0
l1i_u15-3 llc-0b5 1 15 0 15 0
l1i_u15-3 llc-0b6 1 15 0 15 0
l1i_u15-3 llc-0b7 1 15 0 15 0
l1i_u15-3 llc-0b8 1 15 0 15 0
l1i_u15-3 llc-0b9 1 15 0 15 0
l1i_u15-3 llc-0b10 1 15 0 15 0
l1i_u15-3 llc-0b11 1 15 0 15 0
l1i_u15-3 llc-0b12 1 15 0 15 0
l1i_u15-3 llc-0b13 1 15 0 15 0
l1i_u15-3 llc-0b14 1 15 0 15 0
l1i_u15-3 llc-0b15 1 15 0 15 0
l1i_u15-4 llc-0b0 1 15 0 15 0
l1i_u15-4 llc-0b1 1 15 0 15 0
l1i_u15-4 llc-0b2 1 15 0 15 0
l1i_u15-4 llc-0b3 1 15 0 15 0
l1i_u15-4 llc-0b4 1 15 0 15 0
l1i_u15-4 llc-0b5 1 15 0 15 0
l1i_u15-4 llc-0b6 1 15 0 15 0
l1i_u15-4 llc-0b7 1 15 0 15 0
l1i_u15-4 llc-0b8 1 15 0 15 0
l1i_u15-4 llc-0b9 1 15 0 15 0
l1i_u15-4 llc-0b10 1 15 0 15 0
l1i_u15-4 llc-0b11 1 15 0 15 0
l1i_u15-4 llc-0b12 1 15 0 15 0
l1i_u15-4 llc-0b13 1 15 0 15 0
l1i_u15-4 llc-0b14 1 15 0 15 0
l1i_u15-4 llc-0b15 1 15 0 15 0
l1i_u15-5 llc-0b0 1 15 0 15 0
l1i_u15-5 llc-0b1 1 15 0 15 0
l1i_u15-5 llc-0b2 1 15 0 15 0
l1i_u15-5 llc-0b3 1 15 0 15 0
l1i_u15-5 llc-0b4 1 15 0 15 0
l1i_u15-5 llc-0b5 1 15 0 15 0
l1i_u15-5 llc-0b6 1 15 0 15 0
l1i_u15-5 llc-0b7 1 15 0 15 0
l1i_u15-5 llc-0b8 1 15 0 15 0
l1i_u15-5 llc-0b9 1 15 0 15 0
l1i_u15-5 llc-0b10 1 15 0 15 0
l1i_u15-5 llc-0b11 1 15 0 15 0
l1i_u15-5 llc-0b12 1 15 0 15 0
l1i_u15-5 llc-0b13 1 15 0 15 0
l1i_u15-5 llc-0b14 1 15 0 15 0
l1i_u15-5 llc-0b15 1 15 0 15 0
l1i_u15-6 llc-0b0 1 15 0 15 0
l1i_u15-6 llc-0b1 1 15 0 15 0
l1i_u15-6 llc-0b2 1 15 0 15 0
l1i_u15-6 llc-0b3 1 15 0 15 0
l1i_u15-6 llc-0b4 1 15 0 15 0
l1i_u15-6 llc-0b5 1 15 0 15 0
l1i_u15-6 llc-0b6 1 15 0 15 0
l1i_u15-6 llc-0b7 1 15 0 15 0
l1i_u15-6 llc-0b8 1 15 0 15 0
l1i_u15-6 llc-0b9 1 15 0 15 0
l1i_u15-6 llc-0b10 1 15 0 15 0
l1i_u15-6 llc-0b11 1 15 0 15 0
l1i_u15-6 llc-0b12 1 15 0 15 0
l1i_u15-6 llc-0b13 1 15 0 15 0
l1i_u15-6 llc-0b14 1 15 0 15 0
l1i_u15-6 llc-0b15 1 15 0 15 0
l1i_u15-7 llc-0b0 1 15 0 15 0
l1i_u15-7 llc-0b1 1 15 0 15 0
l1i_u15-7 llc-0b2 1 15 0 15 0
l1i_u15-7 llc-0b3 1 15 0 15 0
l1i_u15-7 llc-0b4 1 15 0 15 0
l1i_u15-7 llc-0b5 1 15 0 15 0
l1i_u15-7 llc-0b6 1 15 0 15 0
l1i_u15-7 llc-0b7 1 15 0 15 0
l1i_u15-7 llc-0b8 1 15 0 15 0
l1i_u15-7 llc-0b9 1 15 0 15 0
l1i_u15-7 llc-0b10 1 15 0 15 0
l1i_u15-7 llc-0b11 1 15 0 15 0
l1i_u15-7 llc-0b12 1 15 0 15 0
l1i_u15-7 llc-0b13 1 15 0 15 0
l1i_u15-7 llc-0b14 1 15 0 15 0
l1i_u15-7 llc-0b15 1 15 0 15 0
l1i_u15-8 llc-0b0 1 15 0 15 0
l1i_u15-8 llc-0b1 1 15 0 15 0
l1i_u15-8 llc-0b2 1 15 0 15 0
l1i_u15-8 llc-0b3 1 15 0 15 0
l1i_u15-8 llc-0b4 1 15 0 15 0
l1i_u15-8 llc-0b5 1 15 0 15 0
l1i_u15-8 llc-0b6 1 15 0 15 0
l1i_u15-8 llc-0b7 1 15 0 15 0
l1i_u15-8 llc-0b8 1 15 0 15 0
l1i_u15-8 llc-0b9 1 15 0 15 0
l1i_u15-8 llc-0b10 1 15 0 15 0
l1i_u15-8 llc-0b11 1 15 0 15 0
l1i_u15-8 llc-0b12 1 15 0 15 0
l1i_u15-8 llc-0b13 1 15 0 15 0
l1i_u15-8 llc-0b14 1 15 0 15 0
l1i_u15-8 llc-0b15 1 15 0 15 0
l1i_u15-9 llc-0b0 1 15 0 15 0
l1i_u15-9 llc-0b1 1 15 0 15 0
l1i_u15-9 llc-0b2 1 15 0 15 0
l1i_u15-9 llc-0b3 1 15 0 15 0
l1i_u15-9 llc-0b4 1 15 0 15 0
l1i_u15-9 llc-0b5 1 15 0 15 0
l1i_u15-9 llc-0b6 1 15 0 15 0
l1i_u15-9 llc-0b7 1 15 0 15 0
l1i_u15-9 llc-0b8 1 15 0 15 0
l1i_u15-9 llc-0b9 1 15 0 15 0
l1i_u15-9 llc-0b10 1 15 0 15 0
l1i_u15-9 llc-0b11 1 15 0 15 0
l1i_u15-9 llc-0b12 1 15 0 15 0
l1i_u15-9 llc-0b13 1 15 0 15 0
l1i_u15-9 llc-0b14 1 15 0 15 0
l1i_u15-9 llc-0b15 1 15 0 15 0
l1i_u15-10 llc-0b0 1 15 0 15 0
l1i_u15-10 llc-0b1 1 15 0 15 0
l1i_u15-10 llc-0b2 1 15 0 15 0
l1i_u15-10 llc-0b3 1 15 0 15 0
l1i_u15-10 llc-0b4 1 15 0 15 0
l1i_u15-10 llc-0b5 1 15 0 15 0
l1i_u15-10 llc-0b6 1 15 0 15 0
l1i_u15-10 llc-0b7 1 15 0 15 0
l1i_u15-10 llc-0b8 1 15 0 15 0
l1i_u15-10 llc-0b9 1 15 0 15 0
l1i_u15-10 llc-0b10 1 15 0 15 0
l1i_u15-10 llc-0b11 1 15 0 15 0
l1i_u15-10 llc-0b12 1 15 0 15 0
l1i_u15-10 llc-0b13 1 15 0 15 0
l1i_u15-10 llc-0b14 1 15 0 15 0
l1i_u15-10 llc-0b15 1 15 0 15 0
l1i_u15-11 llc-0b0 1 15 0 15 0
l1i_u15-11 llc-0b1 1 15 0 15 0
l1i_u15-11 llc-0b2 1 15 0 15 0
l1i_u15-11 llc-0b3 1 15 0 15 0
l1i_u15-11 llc-0b4 1 15 0 15 0
l1i_u15-11 llc-0b5 1 15 0 15 0
l1i_u15-11 llc-0b6 1 15 0 15 0
l1i_u15-11 llc-0b7 1 15 0 15 0
l1i_u15-11 llc-0b8 1 15 0 15 0
l1i_u15-11 llc-0b9 1 15 0 15 0
l1i_u15-11 llc-0b10 1 15 0 15 0
l1i_u15-11 llc-0b11 1 15 0 15 0
l1i_u15-11 llc-0b12 1 15 0 15 0
l1i_u15-11 llc-0b13 1 15 0 15 0
l1i_u15-11 llc-0b14 1 15 0 15 0
l1i_u15-11 llc-0b15 1 15 0 15 0
l1i_u15-12 llc-0b0 1 15 0 15 0
l1i_u15-12 llc-0b1 1 15 0 15 0
l1i_u15-12 llc-0b2 1 15 0 15 0
l1i_u15-12 llc-0b3 1 15 0 15 0
l1i_u15-12 llc-0b4 1 15 0 15 0
l1i_u15-12 llc-0b5 1 15 0 15 0
l1i_u15-12 llc-0b6 1 15 0 15 0
l1i_u15-12 llc-0b7 1 15 0 15 0
l1i_u15-12 llc-0b8 1 15 0 15 0
l1i_u15-12 llc-0b9 1 15 0 15 0
l1i_u15-12 llc-0b10 1 15 0 15 0
l1i_u15-12 llc-0b11 1 15 0 15 0
l1i_u15-12 llc-0b12 1 15 0 15 0
l1i_u15-12 llc-0b13 1 15 0 15 0
l1i_u15-12 llc-0b14 1 15 0 15 0
l1i_u15-12 llc-0b15 1 15 0 15 0
l1i_u15-13 llc-0b0 1 15 0 15 0
l1i_u15-13 llc-0b1 1 15 0 15 0
l1i_u15-13 llc-0b2 1 15 0 15 0
l1i_u15-13 llc-0b3 1 15 0 15 0
l1i_u15-13 llc-0b4 1 15 0 15 0
l1i_u15-13 llc-0b5 1 15 0 15 0
l1i_u15-13 llc-0b6 1 15 0 15 0
l1i_u15-13 llc-0b7 1 15 0 15 0
l1i_u15-13 llc-0b8 1 15 0 15 0
l1i_u15-13 llc-0b9 1 15 0 15 0
l1i_u15-13 llc-0b10 1 15 0 15 0
l1i_u15-13 llc-0b11 1 15 0 15 0
l1i_u15-13 llc-0b12 1 15 0 15 0
l1i_u15-13 llc-0b13 1 15 0 15 0
l1i_u15-13 llc-0b14 1 15 0 15 0
l1i_u15-13 llc-0b15 1 15 0 15 0
l1i_u15-14 llc-0b0 1 15 0 15 0
l1i_u15-14 llc-0b1 1 15 0 15 0
l1i_u15-14 llc-0b2 1 15 0 15 0
l1i_u15-14 llc-0b3 1 15 0 15 0
l1i_u15-14 llc-0b4 1 15 0 15 0
l1i_u15-14 llc-0b5 1 15 0 15 0
l1i_u15-14 llc-0b6 1 15 0 15 0
l1i_u15-14 llc-0b7 1 15 0 15 0
l1i_u15-14 llc-0b8 1 15 0 15 0
l1i_u15-14 llc-0b9 1 15 0 15 0
l1i_u15-14 llc-0b10 1 15 0 15 0
l1i_u15-14 llc-0b11 1 15 0 15 0
l1i_u15-14 llc-0b12 1 15 0 15 0
l1i_u15-14 llc-0b13 1 15 0 15 0
l1i_u15-14 llc-0b14 1 15 0 15 0
l1i_u15-14 llc-0b15 1 15 0 15 0
l1i_u15-15 llc-0b0 1 15 0 15 0
l1i_u15-15 llc-0b1 1 15 0 15 0
l1i_u15-15 llc-0b2 1 15 0 15 0
l1i_u15-15 llc-0b3 1 15 0 15 0
l1i_u15-15 llc-0b4 1 15 0 15 0
l1i_u15-15 llc-0b5 1 15 0 15 0
l1i_u15-15 llc-0b6 1 15 0 15 0
l1i_u15-15 llc-0b7 1 15 0 15 0
l1i_u15-15 llc-0b8 1 15 0 15 0
l1i_u15-15 llc-0b9 1 15 0 15 0
l1i_u15-15 llc-0b10 1 15 0 15 0
l1i_u15-15 llc-0b11 1 15 0 15 0
l1i_u15-15 llc-0b12 1 15 0 15 0
l1i_u15-15 llc-0b13 1 15 0 15 0
l1i_u15-15 llc-0b14 1 15 0 15 0
l1i_u15-15 llc-0b15 1 15 0 15 0
l1d_u15-0 llc-0b0 1 15 0 15 0
l1d_u15-0 llc-0b1 1 15 0 15 0
l1d_u15-0 llc-0b2 1 15 0 15 0
l1d_u15-0 llc-0b3 1 15 0 15 0
l1d_u15-0 llc-0b4 1 15 0 15 0
l1d_u15-0 llc-0b5 1 15 0 15 0
l1d_u15-0 llc-0b6 1 15 0 15 0
l1d_u15-0 llc-0b7 1 15 0 15 0
l1d_u15-0 llc-0b8 1 15 0 15 0
l1d_u15-0 llc-0b9 1 15 0 15 0
l1d_u15-0 llc-0b10 1 15 0 15 0
l1d_u15-0 llc-0b11 1 15 0 15 0
l1d_u15-0 llc-0b12 1 15 0 15 0
l1d_u15-0 llc-0b13 1 15 0 15 0
l1d_u15-0 llc-0b14 1 15 0 15 0
l1d_u15-0 llc-0b15 1 15 0 15 0
l1d_u15-1 llc-0b0 1 15 0 15 0
l1d_u15-1 llc-0b1 1 15 0 15 0
l1d_u15-1 llc-0b2 1 15 0 15 0
l1d_u15-1 llc-0b3 1 15 0 15 0
l1d_u15-1 llc-0b4 1 15 0 15 0
l1d_u15-1 llc-0b5 1 15 0 15 0
l1d_u15-1 llc-0b6 1 15 0 15 0
l1d_u15-1 llc-0b7 1 15 0 15 0
l1d_u15-1 llc-0b8 1 15 0 15 0
l1d_u15-1 llc-0b9 1 15 0 15 0
l1d_u15-1 llc-0b10 1 15 0 15 0
l1d_u15-1 llc-0b11 1 15 0 15 0
l1d_u15-1 llc-0b12 1 15 0 15 0
l1d_u15-1 llc-0b13 1 15 0 15 0
l1d_u15-1 llc-0b14 1 15 0 15 0
l1d_u15-1 llc-0b15 1 15 0 15 0
l1d_u15-2 llc-0b0 1 15 0 15 0
l1d_u15-2 llc-0b1 1 15 0 15 0
l1d_u15-2 llc-0b2 1 15 0 15 0
l1d_u15-2 llc-0b3 1 15 0 15 0
l1d_u15-2 llc-0b4 1 15 0 15 0
l1d_u15-2 llc-0b5 1 15 0 15 0
l1d_u15-2 llc-0b6 1 15 0 15 0
l1d_u15-2 llc-0b7 1 15 0 15 0
l1d_u15-2 llc-0b8 1 15 0 15 0
l1d_u15-2 llc-0b9 1 15 0 15 0
l1d_u15-2 llc-0b10 1 15 0 15 0
l1d_u15-2 llc-0b11 1 15 0 15 0
l1d_u15-2 llc-0b12 1 15 0 15 0
l1d_u15-2 llc-0b13 1 15 0 15 0
l1d_u15-2 llc-0b14 1 15 0 15 0
l1d_u15-2 llc-0b15 1 15 0 15 0
l1d_u15-3 llc-0b0 1 15 0 15 0
l1d_u15-3 llc-0b1 1 15 0 15 0
l1d_u15-3 llc-0b2 1 15 0 15 0
l1d_u15-3 llc-0b3 1 15 0 15 0
l1d_u15-3 llc-0b4 1 15 0 15 0
l1d_u15-3 llc-0b5 1 15 0 15 0
l1d_u15-3 llc-0b6 1 15 0 15 0
l1d_u15-3 llc-0b7 1 15 0 15 0
l1d_u15-3 llc-0b8 1 15 0 15 0
l1d_u15-3 llc-0b9 1 15 0 15 0
l1d_u15-3 llc-0b10 1 15 0 15 0
l1d_u15-3 llc-0b11 1 15 0 15 0
l1d_u15-3 llc-0b12 1 15 0 15 0
l1d_u15-3 llc-0b13 1 15 0 15 0
l1d_u15-3 llc-0b14 1 15 0 15 0
l1d_u15-3 llc-0b15 1 15 0 15 0
l1d_u15-4 llc-0b0 1 15 0 15 0
l1d_u15-4 llc-0b1 1 15 0 15 0
l1d_u15-4 llc-0b2 1 15 0 15 0
l1d_u15-4 llc-0b3 1 15 0 15 0
l1d_u15-4 llc-0b4 1 15 0 15 0
l1d_u15-4 llc-0b5 1 15 0 15 0
l1d_u15-4 llc-0b6 1 15 0 15 0
l1d_u15-4 llc-0b7 1 15 0 15 0
l1d_u15-4 llc-0b8 1 15 0 15 0
l1d_u15-4 llc-0b9 1 15 0 15 0
l1d_u15-4 llc-0b10 1 15 0 15 0
l1d_u15-4 llc-0b11 1 15 0 15 0
l1d_u15-4 llc-0b12 1 15 0 15 0
l1d_u15-4 llc-0b13 1 15 0 15 0
l1d_u15-4 llc-0b14 1 15 0 15 0
l1d_u15-4 llc-0b15 1 15 0 15 0
l1d_u15-5 llc-0b0 1 15 0 15 0
l1d_u15-5 llc-0b1 1 15 0 15 0
l1d_u15-5 llc-0b2 1 15 0 15 0
l1d_u15-5 llc-0b3 1 15 0 15 0
l1d_u15-5 llc-0b4 1 15 0 15 0
l1d_u15-5 llc-0b5 1 15 0 15 0
l1d_u15-5 llc-0b6 1 15 0 15 0
l1d_u15-5 llc-0b7 1 15 0 15 0
l1d_u15-5 llc-0b8 1 15 0 15 0
l1d_u15-5 llc-0b9 1 15 0 15 0
l1d_u15-5 llc-0b10 1 15 0 15 0
l1d_u15-5 llc-0b11 1 15 0 15 0
l1d_u15-5 llc-0b12 1 15 0 15 0
l1d_u15-5 llc-0b13 1 15 0 15 0
l1d_u15-5 llc-0b14 1 15 0 15 0
l1d_u15-5 llc-0b15 1 15 0 15 0
l1d_u15-6 llc-0b0 1 15 0 15 0
l1d_u15-6 llc-0b1 1 15 0 15 0
l1d_u15-6 llc-0b2 1 15 0 15 0
l1d_u15-6 llc-0b3 1 15 0 15 0
l1d_u15-6 llc-0b4 1 15 0 15 0
l1d_u15-6 llc-0b5 1 15 0 15 0
l1d_u15-6 llc-0b6 1 15 0 15 0
l1d_u15-6 llc-0b7 1 15 0 15 0
l1d_u15-6 llc-0b8 1 15 0 15 0
l1d_u15-6 llc-0b9 1 15 0 15 0
l1d_u15-6 llc-0b10 1 15 0 15 0
l1d_u15-6 llc-0b11 1 15 0 15 0
l1d_u15-6 llc-0b12 1 15 0 15 0
l1d_u15-6 llc-0b13 1 15 0 15 0
l1d_u15-6 llc-0b14 1 15 0 15 0
l1d_u15-6 llc-0b15 1 15 0 15 0
l1d_u15-7 llc-0b0 1 15 0 15 0
l1d_u15-7 llc-0b1 1 15 0 15 0
l1d_u15-7 llc-0b2 1 15 0 15 0
l1d_u15-7 llc-0b3 1 15 0 15 0
l1d_u15-7 llc-0b4 1 15 0 15 0
l1d_u15-7 llc-0b5 1 15 0 15 0
l1d_u15-7 llc-0b6 1 15 0 15 0
l1d_u15-7 llc-0b7 1 15 0 15 0
l1d_u15-7 llc-0b8 1 15 0 15 0
l1d_u15-7 llc-0b9 1 15 0 15 0
l1d_u15-7 llc-0b10 1 15 0 15 0
l1d_u15-7 llc-0b11 1 15 0 15 0
l1d_u15-7 llc-0b12 1 15 0 15 0
l1d_u15-7 llc-0b13 1 15 0 15 0
l1d_u15-7 llc-0b14 1 15 0 15 0
l1d_u15-7 llc-0b15 1 15 0 15 0
l1d_u15-8 llc-0b0 1 15 0 15 0
l1d_u15-8 llc-0b1 1 15 0 15 0
l1d_u15-8 llc-0b2 1 15 0 15 0
l1d_u15-8 llc-0b3 1 15 0 15 0
l1d_u15-8 llc-0b4 1 15 0 15 0
l1d_u15-8 llc-0b5 1 15 0 15 0
l1d_u15-8 llc-0b6 1 15 0 15 0
l1d_u15-8 llc-0b7 1 15 0 15 0
l1d_u15-8 llc-0b8 1 15 0 15 0
l1d_u15-8 llc-0b9 1 15 0 15 0
l1d_u15-8 llc-0b10 1 15 0 15 0
l1d_u15-8 llc-0b11 1 15 0 15 0
l1d_u15-8 llc-0b12 1 15 0 15 0
l1d_u15-8 llc-0b13 1 15 0 15 0
l1d_u15-8 llc-0b14 1 15 0 15 0
l1d_u15-8 llc-0b15 1 15 0 15 0
l1d_u15-9 llc-0b0 1 15 0 15 0
l1d_u15-9 llc-0b1 1 15 0 15 0
l1d_u15-9 llc-0b2 1 15 0 15 0
l1d_u15-9 llc-0b3 1 15 0 15 0
l1d_u15-9 llc-0b4 1 15 0 15 0
l1d_u15-9 llc-0b5 1 15 0 15 0
l1d_u15-9 llc-0b6 1 15 0 15 0
l1d_u15-9 llc-0b7 1 15 0 15 0
l1d_u15-9 llc-0b8 1 15 0 15 0
l1d_u15-9 llc-0b9 1 15 0 15 0
l1d_u15-9 llc-0b10 1 15 0 15 0
l1d_u15-9 llc-0b11 1 15 0 15 0
l1d_u15-9 llc-0b12 1 15 0 15 0
l1d_u15-9 llc-0b13 1 15 0 15 0
l1d_u15-9 llc-0b14 1 15 0 15 0
l1d_u15-9 llc-0b15 1 15 0 15 0
l1d_u15-10 llc-0b0 1 15 0 15 0
l1d_u15-10 llc-0b1 1 15 0 15 0
l1d_u15-10 llc-0b2 1 15 0 15 0
l1d_u15-10 llc-0b3 1 15 0 15 0
l1d_u15-10 llc-0b4 1 15 0 15 0
l1d_u15-10 llc-0b5 1 15 0 15 0
l1d_u15-10 llc-0b6 1 15 0 15 0
l1d_u15-10 llc-0b7 1 15 0 15 0
l1d_u15-10 llc-0b8 1 15 0 15 0
l1d_u15-10 llc-0b9 1 15 0 15 0
l1d_u15-10 llc-0b10 1 15 0 15 0
l1d_u15-10 llc-0b11 1 15 0 15 0
l1d_u15-10 llc-0b12 1 15 0 15 0
l1d_u15-10 llc-0b13 1 15 0 15 0
l1d_u15-10 llc-0b14 1 15 0 15 0
l1d_u15-10 llc-0b15 1 15 0 15 0
l1d_u15-11 llc-0b0 1 15 0 15 0
l1d_u15-11 llc-0b1 1 15 0 15 0
l1d_u15-11 llc-0b2 1 15 0 15 0
l1d_u15-11 llc-0b3 1 15 0 15 0
l1d_u15-11 llc-0b4 1 15 0 15 0
l1d_u15-11 llc-0b5 1 15 0 15 0
l1d_u15-11 llc-0b6 1 15 0 15 0
l1d_u15-11 llc-0b7 1 15 0 15 0
l1d_u15-11 llc-0b8 1 15 0 15 0
l1d_u15-11 llc-0b9 1 15 0 15 0
l1d_u15-11 llc-0b10 1 15 0 15 0
l1d_u15-11 llc-0b11 1 15 0 15 0
l1d_u15-11 llc-0b12 1 15 0 15 0
l1d_u15-11 llc-0b13 1 15 0 15 0
l1d_u15-11 llc-0b14 1 15 0 15 0
l1d_u15-11 llc-0b15 1 15 0 15 0
l1d_u15-12 llc-0b0 1 15 0 15 0
l1d_u15-12 llc-0b1 1 15 0 15 0
l1d_u15-12 llc-0b2 1 15 0 15 0
l1d_u15-12 llc-0b3 1 15 0 15 0
l1d_u15-12 llc-0b4 1 15 0 15 0
l1d_u15-12 llc-0b5 1 15 0 15 0
l1d_u15-12 llc-0b6 1 15 0 15 0
l1d_u15-12 llc-0b7 1 15 0 15 0
l1d_u15-12 llc-0b8 1 15 0 15 0
l1d_u15-12 llc-0b9 1 15 0 15 0
l1d_u15-12 llc-0b10 1 15 0 15 0
l1d_u15-12 llc-0b11 1 15 0 15 0
l1d_u15-12 llc-0b12 1 15 0 15 0
l1d_u15-12 llc-0b13 1 15 0 15 0
l1d_u15-12 llc-0b14 1 15 0 15 0
l1d_u15-12 llc-0b15 1 15 0 15 0
l1d_u15-13 llc-0b0 1 15 0 15 0
l1d_u15-13 llc-0b1 1 15 0 15 0
l1d_u15-13 llc-0b2 1 15 0 15 0
l1d_u15-13 llc-0b3 1 15 0 15 0
l1d_u15-13 llc-0b4 1 15 0 15 0
l1d_u15-13 llc-0b5 1 15 0 15 0
l1d_u15-13 llc-0b6 1 15 0 15 0
l1d_u15-13 llc-0b7 1 15 0 15 0
l1d_u15-13 llc-0b8 1 15 0 15 0
l1d_u15-13 llc-0b9 1 15 0 15 0
l1d_u15-13 llc-0b10 1 15 0 15 0
l1d_u15-13 llc-0b11 1 15 0 15 0
l1d_u15-13 llc-0b12 1 15 0 15 0
l1d_u15-13 llc-0b13 1 15 0 15 0
l1d_u15-13 llc-0b14 1 15 0 15 0
l1d_u15-13 llc-0b15 1 15 0 15 0
l1d_u15-14 llc-0b0 1 15 0 15 0
l1d_u15-14 llc-0b1 1 15 0 15 0
l1d_u15-14 llc-0b2 1 15 0 15 0
l1d_u15-14 llc-0b3 1 15 0 15 0
l1d_u15-14 llc-0b4 1 15 0 15 0
l1d_u15-14 llc-0b5 1 15 0 15 0
l1d_u15-14 llc-0b6 1 15 0 15 0
l1d_u15-14 llc-0b7 1 15 0 15 0
l1d_u15-14 llc-0b8 1 15 0 15 0
l1d_u15-14 llc-0b9 1 15 0 15 0
l1d_u15-14 llc-0b10 1 15 0 15 0
l1d_u15-14 llc-0b11 1 15 0 15 0
l1d_u15-14 llc-0b12 1 15 0 15 0
l1d_u15-14 llc-0b13 1 15 0 15 0
l1d_u15-14 llc-0b14 1 15 0 15 0
l1d_u15-14 llc-0b15 1 15 0 15 0
l1d_u15-15 llc-0b0 1 15 0 15 0
l1d_u15-15 llc-0b1 1 15 0 15 0
l1d_u15-15 llc-0b2 1 15 0 15 0
l1d_u15-15 llc-0b3 1 15 0 15 0
l1d_u15-15 llc-0b4 1 15 0 15 0
l1d_u15-15 llc-0b5 1 15 0 15 0
l1d_u15-15 llc-0b6 1 15 0 15 0
l1d_u15-15 llc-0b7 1 15 0 15 0
l1d_u15-15 llc-0b8 1 15 0 15 0
l1d_u15-15 llc-0b9 1 15 0 15 0
l1d_u15-15 llc-0b10 1 15 0 15 0
l1d_u15-15 llc-0b11 1 15 0 15 0
l1d_u15-15 llc-0b12 1 15 0 15 0
l1d_u15-15 llc-0b13 1 15 0 15 0
l1d_u15-15 llc-0b14 1 15 0 15 0
l1d_u15-15 llc-0b15 1 15 0 15 0
llc-0b0 mem-0 0 0
llc-0b1 mem-0 0 0
llc-0b2 mem-0 0 0
llc-0b3 mem-0 0 0
llc-0b4 mem-0 0 0
llc-0b5 mem-0 0 0
llc-0b6 mem-0 0 0
llc-0b7 mem-0 0 0
llc-0b8 mem-0 0 0
llc-0b9 mem-0 0 0
llc-0b10 mem-0 0 0
llc-0b11 mem-0 0 0
llc-0b12 mem-0 0 0
llc-0b13 mem-0 0 0
llc-0b14 mem-0 0 0
llc-0b15 mem-0 0 0
